trial,target,scale,infeasible,true_relative_residual,ejar_residual_score,static_residual_score,action_norm_score,condition_score,clipped
0,asym_3link,0.35,0,0.017268314125593782,0.0005950016131008103,0.0007127717299761707,0.13938066177704808,87.19988685756924,0
1,large_6link,0.7,0,0.0008448991687213446,6.725868188230413e-05,0.13712860543426672,0.22833092809598787,2.9086159261613336,0
2,redundant_4link,1.0,0,0.0010247829653644727,0.00012633973636019355,0.11910528766381748,0.4828535435421087,5.029817357360113,0
3,short_2link,1.35,0,0.010329803569985438,0.0006348418307318827,0.03344666888079799,0.9440451414832394,4.881641668978156,0
4,soft_5link,1.75,1,0.14138606464483675,0.010251624897404558,0.026857939947500784,0.6626564099176758,12.528176242571853,1
5,wide_2link,2.25,1,0.5172801012606127,0.08167488013083353,0.08033245978062445,0.5878963576313806,2.1619308257365453,1
6,snake_6link,0.35,0,0.004244824454180125,7.422547677539549e-05,0.020281127773482992,0.1411359703533458,1.4244152170651512,0
7,heavy_3link,0.7,0,0.0019415020038911748,0.00013322339900477165,0.015086750309953701,0.31920507062606807,4.466109462478859,0
8,teacher_2link,1.0,0,0.009194825067479687,0.0003958793800115063,0.023821009619775055,0.6861909900042374,5.767112413564844,0
9,long_4link,1.35,0,0.1151310724620772,0.0034421250689263207,0.005178325159488497,0.37823854994353523,62.85359685214504,0
10,long_2link,1.75,1,0.25490004985363934,0.04635425928047777,0.06717191411340713,0.9291861797157319,2.8489896454984702,1
11,needle_5link,2.25,1,0.4262369150062994,0.026254229759572763,0.08204751561410652,0.653272633784025,3.7574145807953796,1
12,asym_3link,0.35,0,0.011607049158450029,0.00012613007504695749,0.009538378063322923,0.17913022010273413,3.7799013601770555,0
13,large_6link,0.7,0,0.006354132339596784,0.00018379407496535351,0.028325766027865986,0.26797605870905206,3.1269227985123464,0
14,redundant_4link,1.0,0,0.009672940678908124,0.00035952499009491063,0.059669896857038295,0.4669866061416357,4.359858883765864,0
15,short_2link,1.35,0,0.04268180202081975,0.003496918932679579,0.07602668334394688,0.5906195865115466,258.29539868728256,0
16,soft_5link,1.75,1,0.29688608443667275,0.04101273451389261,0.06698463879908616,0.5750553727113564,6.679165599908948,1
17,wide_2link,2.25,1,0.30350920159317124,0.019441451586367734,0.03518360888048529,0.932953530803104,18.52722971234517,1
18,snake_6link,0.35,1,0.1505026579953969,0.0010375652697169496,0.0011654875920611844,0.04829629125802666,147.0372557737539,0
19,heavy_3link,0.7,0,0.003653626335120248,0.0001428162453910032,0.048299385172495664,0.41014432516403465,1.9112179142782428,0
20,teacher_2link,1.0,0,0.0018237820697405308,0.00018569829903178746,0.042216156598267995,0.741344851169758,3.639635143050652,0
21,long_4link,1.35,1,0.10044502857756005,0.00899788456617112,0.054795065408607534,0.6564102416383947,1.9575220551899377,1
22,long_2link,1.75,1,0.3257511327114589,0.054283010013574585,0.08706361700584031,0.8177742289556679,3.370285493064747,1
23,needle_5link,2.25,1,0.20489652257379917,0.033677755740463715,0.062372519455953845,0.6802866352118416,3.3212569172162345,1
24,asym_3link,0.35,0,0.00445460292938703,0.0001012387727697041,0.00877965220962509,0.19767852231328598,3.552108795975326,0
25,large_6link,0.7,0,0.008603839294564744,0.00021043618786054387,0.025922665655323023,0.2907427245889363,2.218338598066626,0
26,redundant_4link,1.0,0,0.011134477417674794,0.00043500660979478876,0.03069609769673716,0.5078595794900006,5.999498752871876,0
27,short_2link,1.35,1,0.21920206243360993,0.03091373960509745,0.028383401216980103,0.8170457202405357,108.15405823462716,1
28,soft_5link,1.75,1,0.06866986394078976,0.006461535492057641,0.11756963211718728,0.7262025068284844,2.053369010311023,1
29,wide_2link,2.25,1,0.4660971081108747,0.08703207589900899,0.09362609333275097,0.7451780582235324,4.8746074785609474,1
30,snake_6link,0.35,0,0.00411572212979405,0.0001211190724708709,0.011719582850470558,0.152129581819549,5.835992315138048,0
31,heavy_3link,0.7,0,0.003480754138199686,0.00015678507939406467,0.019738900535535443,0.335374627886537,2.4881848908031277,0
32,teacher_2link,1.0,0,0.003963166190120388,0.00022449066479054993,0.05201707324934885,0.6603913702765959,2.5922953823466215,0
33,long_4link,1.35,1,0.024514410314850466,0.0023989084560169815,0.12034268806902082,0.5331772783350721,1.527879969253285,1
34,long_2link,1.75,1,0.40430593094843,0.08592713793536225,0.05660692333307482,0.7491383521874334,18.98277013115591,1
35,needle_5link,2.25,1,0.31541931430466874,0.017153661357682697,0.04826475288567429,0.6616456987272001,5.590316710657822,1
36,asym_3link,0.35,0,0.0066699584400620095,0.00027480338713557154,0.0002875668328622927,0.1740539548796891,212.77110270869017,0
37,large_6link,0.7,0,0.004481585659412632,0.00018581732312803988,0.02224269973653525,0.24266079228675724,3.6218306980927246,0
38,redundant_4link,1.0,0,0.0005420326593762243,7.546675685430415e-05,0.082378074835108,0.48309012850758276,7.351358676879966,0
39,short_2link,1.35,1,0.07503503885213783,0.003579677571893498,0.031015698224269698,0.8454796931283872,3.4924898299492315,1
40,soft_5link,1.75,0,0.03185313045414819,0.0012871426833617927,0.02458676781842944,0.7719640825585151,11.372032867359556,0
41,wide_2link,2.25,1,0.4890179684001962,0.06802316804845727,0.042261887264990854,0.9133607755494555,15.291043905079725,1
42,snake_6link,0.35,0,0.010227527935866636,0.00013394204166807962,0.008699241035149468,0.15815568714428682,4.669972913668806,0
43,heavy_3link,0.7,0,0.0022141439757572662,0.00011337166727510326,0.021312169146192925,0.37218162426641527,1.8778717090553179,0
44,teacher_2link,1.0,0,0.006830344678212783,0.00037261663438675036,0.023490077203061916,0.6570493877560022,5.563444032537866,0
45,long_4link,1.35,0,0.021382265906644965,0.00291288614288363,0.003047617592475298,0.39488955067111214,207.2232701909475,0
46,long_2link,1.75,0,0.09215115948302628,0.00457165892245442,0.009108228332951896,0.6925610060105588,72.6406467404037,0
47,needle_5link,2.25,1,0.41302145948429786,0.030267561897899895,0.05206299779012354,0.5494553416705523,1.7159778396833003,1
48,asym_3link,0.35,0,0.003956635083189715,0.00010629150948077429,0.03122189530321602,0.21898583820961448,4.479874678427069,0
49,large_6link,0.7,0,0.0066175597636453625,0.00023003287124626306,0.018954939490055906,0.24051005911868376,4.39567406517764,0
50,redundant_4link,1.0,0,0.0023728636045804927,0.00018372580520393573,0.06699322074176102,0.4791948576700815,2.499031709981055,0
51,short_2link,1.35,1,0.2533085160750157,0.008665928343417633,0.03175004183708465,0.6094422109385705,3.4268725251338803,1
52,soft_5link,1.75,1,0.313141828514162,0.03285665940696936,0.13593304287636002,0.5816908261840708,1.494078751932698,1
53,wide_2link,2.25,1,0.4064804458243901,0.0367933947595858,0.06173475073555635,0.9082372364687568,3.199304523516529,1
54,snake_6link,0.35,0,0.018198749942503475,0.0006813135193540045,0.0010200313904623315,0.11572566026848682,73.1178406624548,0
55,heavy_3link,0.7,0,0.007336528561855374,0.0001896335825128776,0.02742256402170536,0.32673841476175036,2.6226668825087396,0
56,teacher_2link,1.0,0,0.008864677634709123,0.00046627243468637934,0.048197889178930746,0.6916666303271058,7.238200361260007,0
57,long_4link,1.35,0,0.0032370648417722426,0.00041700441720222075,0.1010747009906764,0.6478608087258675,5.912159453548844,0
58,long_2link,1.75,1,0.3664842248938585,0.06369139863526896,0.053818012383265335,0.7577359479820129,6.9358326230533915,1
59,needle_5link,2.25,1,0.3577864952532246,0.06898323103619346,0.06782609795751558,0.44132954892982257,7.162257887474652,1
60,asym_3link,0.35,0,0.016310495187199243,0.00014230547467775328,0.011982587824230076,0.2140925388610384,3.889372434401463,0
61,large_6link,0.7,0,0.002092873202640498,0.00018865938198971228,0.0352953160158094,0.24378034369150278,9.618677516336167,0
62,redundant_4link,1.0,0,0.000680873987077824,8.626257794115143e-05,0.1976199062278309,0.4872135913819803,3.9075822760202037,0
63,short_2link,1.35,1,0.029458231957521782,0.0034706060771595975,0.00567253597730237,0.8387224447274578,331.7408126959253,1
64,soft_5link,1.75,1,0.005124759638082764,0.0004532091038851513,0.09002467444556955,0.7879814004658696,1.5245453698111944,1
65,wide_2link,2.25,1,0.5217365660632476,0.03842857955821936,0.09116026181588481,0.9131049708423259,2.1673340791994855,1
66,snake_6link,0.35,0,0.013589776556858552,0.000251486382802081,0.016913923127474653,0.1320506764567507,11.204440715170897,0
67,heavy_3link,0.7,0,0.0018111302384970608,0.00011401561667406533,0.014818387286239309,0.2668631202381909,2.8906872956448826,0
68,teacher_2link,1.0,0,0.0011773647350678128,0.00013527707844637808,0.02593137700501845,0.7104841222229195,3.60336661271294,0
69,long_4link,1.35,1,0.12873892727326905,0.0171504002980865,0.15403950530465177,0.4731080431473349,2.4454158292593062,1
70,long_2link,1.75,1,0.4142841632454679,0.0992353643067324,0.13333682997098278,0.7526975563337119,6.861366884981165,1
71,needle_5link,2.25,1,0.27219840726459543,0.038740501109780424,0.061779519370651854,0.7392274962799844,3.2641582606453596,1
72,asym_3link,0.35,1,0.9152305734559828,0.001092465683387494,0.0011212635841413975,0.03094575614928612,236.981845920264,0
73,large_6link,0.7,0,0.006405667534403054,0.0001998663064490364,0.02400753282433163,0.30067023683470423,3.455198007890753,0
74,redundant_4link,1.0,0,0.0035485736953166846,0.00024350264198444167,0.1138302306648628,0.4760666491902063,3.251336058885506,0
75,short_2link,1.35,1,0.15643982927748726,0.014707635336808593,0.08595081319168435,0.7132377097753105,9.882968756937567,1
76,soft_5link,1.75,1,0.18656022907421985,0.016262531137490804,0.0893842605376257,0.6583970069893447,1.6245820405486724,1
77,wide_2link,2.25,1,0.47160244251699096,0.09247547205979571,0.09850213061520845,0.7269668979766181,13.297350240787866,1
78,snake_6link,0.35,0,0.002610140233005323,6.315695205952492e-05,0.02976657765471404,0.14350313776034676,2.006773738516863,0
79,heavy_3link,0.7,0,0.0024600695362320306,0.00015580312297804933,0.01305654360540824,0.37494172068625675,4.276888139774444,0
80,teacher_2link,1.0,0,0.009921490612633262,0.000318710497739178,0.04630911664609716,0.6656348841962579,4.161981477828719,0
81,long_4link,1.35,0,0.01223120723121021,0.0018110771914550841,0.004913152021342425,0.5862890333954789,40.860538816677646,0
82,long_2link,1.75,1,0.37828649912166556,0.08686949166428284,0.23770874457906643,0.79220667533993,5.018627792854627,1
83,needle_5link,2.25,1,0.4265971448554615,0.04990485412091899,0.033136911050955134,0.5416100820435934,7.343728225454151,1
84,asym_3link,0.35,0,0.0012995373054602982,4.51778771569963e-05,0.030158776368878083,0.1695722234427369,4.200717246394745,0
85,large_6link,0.7,0,0.0018299611783874356,0.00010702524542892722,0.0863510767153418,0.2632552214584008,2.216729094360979,0
86,redundant_4link,1.0,0,0.0076619948738607365,0.0005311885058789465,0.016200859442876612,0.43778124761589327,8.392571095724689,0
87,short_2link,1.35,1,0.1914889347040258,0.02739600189711132,0.03196772382858504,0.8445190771955864,26.280133127179266,1
88,soft_5link,1.75,1,0.25459293186665755,0.04772584002512646,0.07873962834407436,0.6119462240511014,8.30651656034601,1
89,wide_2link,2.25,1,0.5431331632367493,0.08861810572417401,0.10770913369428384,0.4600751824985765,10.895135958444014,1
90,snake_6link,0.35,0,0.003216342159074406,0.00017983499102816293,0.00020587002202300672,0.15605794956964,151.6170388275159,0
91,heavy_3link,0.7,0,0.007443715334954441,0.00025295703092585356,0.017038849422364548,0.48767099031026434,4.159245865498294,0
92,teacher_2link,1.0,0,0.005122215487918812,0.0005918264268930537,0.07367469613995824,0.7277499585384744,14.392392708663694,0
93,long_4link,1.35,0,0.0444969531111143,0.0013981307922189936,0.024917086538480616,0.7149478445579547,15.349386853364098,0
94,long_2link,1.75,1,0.3431487909866088,0.08435297342935201,0.15143608711856268,0.8305628030335829,9.248917207548123,1
95,needle_5link,2.25,1,0.3398279009888992,0.026933887313862283,0.0622639222348049,0.6092755938114534,3.650607268673677,1
96,asym_3link,0.35,0,0.037455977023667486,0.00023038156143843433,0.005502508342753661,0.1872258047265571,7.822910344132083,0
97,large_6link,0.7,0,0.0031412512894085157,0.00012803051463748986,0.040291140198655616,0.24593633344627497,1.433581742742442,0
98,redundant_4link,1.0,0,0.0019312507913575546,0.0002444099220455296,0.06609126946243603,0.48378509998639935,8.24472952012282,0
99,short_2link,1.35,1,0.22095201936001865,0.03201840008465817,0.03220941461528659,0.8271013601100284,417.63559158353917,1
100,soft_5link,1.75,1,0.35848221688915993,0.015939081972233496,0.0444911235752543,0.4867838813874223,5.482824539732489,1
101,wide_2link,2.25,1,0.398719753419355,0.02028231455564745,0.024428327406187774,0.9700804702837792,9.862787569713495,1
102,snake_6link,0.35,0,0.0018950897157160567,5.0022515378691705e-05,0.029859814566876135,0.14860180460158037,2.3255457765646512,0
103,heavy_3link,0.7,0,0.0016129231712335302,9.057653961189576e-05,0.024621600040499007,0.27671863345513753,1.7586490662385912,0
104,teacher_2link,1.0,0,0.03138121042467685,0.0026390254917981093,0.07157352044258791,0.40341500282369885,579.6918186678109,0
105,long_4link,1.35,1,0.04650953508682829,0.0028035705550742964,0.03433530226347903,0.6499260688909801,4.7754511705741605,1
106,long_2link,1.75,1,0.3180439438945475,0.04209659917052632,0.11014588511292261,0.8577305267961322,3.4375523434888318,1
107,needle_5link,2.25,1,0.4010056417127773,0.044395882591964926,0.04584709779387465,0.5718678764022053,5.026466625907888,1
108,asym_3link,0.35,0,0.01972133565333633,0.0006677167633926078,0.0006784420750642672,0.14462616463930558,369.13787370144087,0
109,large_6link,0.7,0,0.004348366487650773,0.0002918839050771394,0.016436236934002202,0.24639636618227329,8.014900979128216,0
110,redundant_4link,1.0,0,0.006249839769344347,0.00042551361765856777,0.019590819699786228,0.49409216021728125,6.454642778886959,0
111,short_2link,1.35,1,0.2382665405547179,0.013756342540721814,0.01730411748477085,0.6025579799824299,7.947331388280416,1
112,soft_5link,1.75,1,0.1668098577034592,0.015223884420287277,0.12795560936808473,0.6786416585005695,3.3248887331545465,1
113,wide_2link,2.25,1,0.4237450309301567,0.06926394774693145,0.06520125495458172,0.5600768644447388,217.09261488887947,1
114,snake_6link,0.35,0,0.004013289352322294,8.2079705938728e-05,0.0196911487223396,0.15534354511219942,2.961982090283711,0
115,heavy_3link,0.7,0,0.005425377317284087,0.0002584341611616166,0.013117810064512028,0.4201408526070357,5.039613342472352,0
116,teacher_2link,1.0,0,0.0025232307904309646,0.0002232189870884358,0.04258598620325494,0.7299014577852766,3.702466042086237,0
117,long_4link,1.35,1,0.036034563047469235,0.006802110391733264,0.008595259304815939,0.5380137748034952,141.43595670870494,1
118,long_2link,1.75,1,0.291167249958999,0.021234344864143804,0.03765768040370337,0.8620475490927806,6.2219202860709,1
119,needle_5link,2.25,1,0.33376321465814457,0.032342312631890156,0.10004868194820354,0.6282795935055581,1.7825159729336,1
120,asym_3link,0.35,0,0.06753377204600089,0.000654986127523333,0.0017755740707269742,0.19232149176337013,29.245466917250692,0
121,large_6link,0.7,0,0.004940198406547537,0.0001648598819298725,0.04606607448557695,0.2749566633942915,2.810864342418907,0
122,redundant_4link,1.0,0,0.0007692021097667103,8.7793721011318e-05,0.19211598731351837,0.4848092417201697,2.750320337564511,0
123,short_2link,1.35,0,0.062130055063055904,0.002689445483072484,0.010968112945670192,0.7214564559391753,29.68570150948439,0
124,soft_5link,1.75,1,0.2020248446933082,0.036656933036487184,0.09862766246466562,0.6715539403517244,2.765460106832199,1
125,wide_2link,2.25,1,0.5442642919382397,0.08749657957823198,0.13956450980956167,0.46640706777889995,8.842957773395604,1
126,snake_6link,0.35,0,0.020922109800844472,0.0007412046491156104,0.0010093175651860976,0.11872285697036813,85.24417104969807,0
127,heavy_3link,0.7,0,0.0018018029900892674,0.00011815410033995625,0.08474922763960024,0.3664600773461622,3.4825297839822773,0
128,teacher_2link,1.0,0,0.0005102499692196729,7.149318641921661e-05,0.06551470086865911,0.740618151063057,5.8531183346205875,0
129,long_4link,1.35,1,0.015407095411912023,0.001669584239568989,0.10095420765970901,0.6784464574426327,6.183146240829765,1
130,long_2link,1.75,1,0.4256985164866687,0.09511550001396804,0.10905507194201741,0.7387087728269077,8.135562359332834,1
131,needle_5link,2.25,1,0.36148945790711456,0.07059237667734412,0.06925904875030925,0.45429251732392745,5.689522496409278,1
132,asym_3link,0.35,0,0.013647212108316781,0.00020692934303957085,0.0052165295942082765,0.2083319058207828,7.2364867267782556,0
133,large_6link,0.7,0,0.006758988786100593,0.00023019148616565331,0.022341223824470652,0.2741647051095567,3.9987332634518262,0
134,redundant_4link,1.0,0,0.0011614347172415407,0.00012839843476040915,0.19011132369584968,0.48463178605924545,3.608166607952079,0
135,short_2link,1.35,0,0.1242113238047265,0.004114019141613647,0.0042047724154885896,0.28593655903294735,230.62105918159628,0
136,soft_5link,1.75,1,0.27040857649341143,0.05161851246146685,0.06320043448242389,0.6053218695120818,4.551263938438676,1
137,wide_2link,2.25,1,0.4074595397833935,0.05723888626437967,0.06881254050303239,0.9080805890750355,1.9177390385756012,1
138,snake_6link,0.35,0,0.0009109616072279815,3.374201605522181e-05,0.06064281328641558,0.1557984265472197,3.4715463409670813,0
139,heavy_3link,0.7,0,0.01389229941264332,0.00038014910316678375,0.01170364729733033,0.3048906100150154,6.801982789065292,0
140,teacher_2link,1.0,0,0.0066564097977773705,0.0008367082122479,0.023017136208864825,0.7198437041307865,25.262814115515,0
141,long_4link,1.35,1,0.2684518757226238,0.005736117852264212,0.027700604370395954,0.6058498949675228,8.319391312945012,1
142,long_2link,1.75,1,0.3888350304516178,0.06412968557528081,0.048291910112509606,0.7797052224361427,3.769363563045657,1
143,needle_5link,2.25,1,0.5108722185884343,0.05503752459597937,0.05991558581841049,0.30831340042367644,2.068322762169819,1
144,asym_3link,0.35,0,0.010025730025180453,0.0003975553120820109,0.0004103291911935383,0.16809570299783522,229.61897962433113,0
145,large_6link,0.7,0,0.0035025980561766007,0.00013547595262003564,0.034357098606173274,0.27380772725963975,1.7927770592875079,0
146,redundant_4link,1.0,0,0.001987255674038947,0.00014103919268962996,0.07632184280635135,0.48699583599544627,1.4512780113509198,0
147,short_2link,1.35,1,0.2575284888449727,0.01138600042598005,0.02544380044814233,0.5932482062350114,4.591927802026106,1
148,soft_5link,1.75,1,0.21119789471277112,0.009679343424592089,0.036395394824281946,0.5980713067560998,6.7939446082547095,1
149,wide_2link,2.25,1,0.555045250702843,0.08653115967373648,0.13531167017052242,0.4496901072214422,2.671159498006586,1
150,snake_6link,0.35,0,0.003872928887026188,8.819347446175908e-05,0.012881079970238608,0.1514886190949331,2.9988817321904744,0
151,heavy_3link,0.7,0,0.005284722917151173,0.0002749599345786594,0.01203948948039253,0.4141807021916523,5.793529215198592,0
152,teacher_2link,1.0,0,0.01090640822163409,0.0004657491001192891,0.02056035328139632,0.6549729353896141,7.019820101247229,0
153,long_4link,1.35,1,0.035721314742434764,0.006705984061698919,0.007635665748338829,0.5464072313175031,99.32307551295568,1
154,long_2link,1.75,1,0.41773801089616214,0.08378293029972747,0.29124470946272435,0.7491037327387114,3.265108146898974,1
155,needle_5link,2.25,1,0.34783260598153387,0.03985598667114039,0.06230293317771492,0.4393768319376544,1.582430318848366,1
156,asym_3link,0.35,0,0.003560556772522771,9.404101476178617e-05,0.0073229638257464105,0.19347747308615637,3.860672085447175,0
157,large_6link,0.7,0,0.006235242970135002,0.00019367871634373693,0.027242460779746104,0.2669386596853207,3.314160160997843,0
158,redundant_4link,1.0,0,0.001009456557458437,0.00012388145646921082,0.02368001150509543,0.48252928877475276,5.027630736970287,0
159,short_2link,1.35,1,0.25889316065762535,0.030601445760408,0.05093774921434667,0.8050559789580908,4.932353992741112,1
160,soft_5link,1.75,1,0.17242535936903194,0.016508815768483488,0.1270256540192951,0.6661895429827983,1.3633498708442493,1
161,wide_2link,2.25,1,0.5347467909346424,0.0658564435316206,0.05046437390846152,0.9044909941094175,3.49048037006276,1
162,snake_6link,0.35,1,0.7653363702495324,0.0010038477397108798,0.0012243039665911198,0.05822929045314362,110.38996641791074,0
163,heavy_3link,0.7,0,0.004825239219081757,0.00018397270568917633,0.02367757956133269,0.4386483353392915,2.8292802256057485,0
164,teacher_2link,1.0,0,0.006859216566868416,0.00037579842827661496,0.04164103996425481,0.6569779755371403,5.628213575989362,0
165,long_4link,1.35,1,0.1665016652412507,0.0034329151025920667,0.02181898861283669,0.47690220787628496,10.00184427248068,1
166,long_2link,1.75,1,0.4243224362017081,0.09401682559572772,0.11532442493286395,0.7417426087780048,4.806540685001263,1
167,needle_5link,2.25,1,0.41594487051243517,0.05621144419081972,0.06846504352004565,0.4775008801243146,3.8079650054692897,1
168,asym_3link,0.35,0,0.005723618664812597,0.0001202369211279902,0.012108581999488876,0.17133055986258539,4.397767013342568,0
169,large_6link,0.7,0,0.0020705224516888113,0.00017191483491399285,0.022956447305771,0.26372113575741085,6.754593367441429,0
170,redundant_4link,1.0,0,0.003136912011670514,0.0002612582554542726,0.0384429763110913,0.49350932096734124,4.175367637661884,0
171,short_2link,1.35,0,0.02423315434896063,0.0027038525912773453,0.0027671293634138473,0.8069949531471966,221.92944163415427,0
172,soft_5link,1.75,1,0.2435481902668698,0.044372858065936924,0.09781376061103841,0.6202038984853959,4.584272736649242,1
173,wide_2link,2.25,1,0.4531013352152623,0.04588245399842485,0.04879410703344909,0.7765500120986507,3.852807747889797,1
174,snake_6link,0.35,0,0.005451743595835979,8.479502457075757e-05,0.02143809289084846,0.13728610073091974,2.4278325175191147,0
175,heavy_3link,0.7,0,0.00537735023592902,0.0002631373520777395,0.031831031433854386,0.3449655842756787,5.269579320431774,0
176,teacher_2link,1.0,0,0.005821417809428222,0.0003796741877010449,0.05344277327287628,0.6579955891484288,5.9702560125386075,0
177,long_4link,1.35,0,0.007613444176760765,0.0003787130327427768,0.0619119880584494,0.6208802993704894,3.260695968272183,0
178,long_2link,1.75,1,0.3718156547878662,0.06907617318238933,0.031708965968110056,0.7814029463887537,16.27063214001082,1
179,needle_5link,2.25,1,0.42457035622285466,0.0630419109660826,0.06631566573416448,0.3713982830210033,2.2929954030285185,1
180,asym_3link,0.35,0,0.009650461153089537,0.0003844923277979017,0.0004000350012890427,0.16878996745642738,220.29558064168688,0
181,large_6link,0.7,0,0.00641191032266133,0.0002839618908562422,0.02577324449977515,0.3017965970647176,5.6403828403111484,0
182,redundant_4link,1.0,0,0.003778222392934517,0.00032800664191696966,0.1319592718989442,0.5311282930031115,5.653616057375632,0
183,short_2link,1.35,1,0.07610495298387407,0.003037471840980624,0.028964507891134424,0.8027864035836242,11.438258539500449,1
184,soft_5link,1.75,1,0.09048386146248562,0.014045600299110427,0.2276100755420944,0.734561837454097,1.9957544829104905,1
185,wide_2link,2.25,1,0.5442058750258091,0.10182716185429187,0.09282647811617471,0.4909349337535258,5.670811470758454,1
186,snake_6link,0.35,0,0.0022177831617615994,7.606983821384689e-05,0.033856746433968334,0.16034462118335616,4.103483041476102,0
187,heavy_3link,0.7,0,0.016868546437539114,0.00036415053184004324,0.012955478503494924,0.42684005125838254,6.077670130402253,0
188,teacher_2link,1.0,0,0.01275431705301115,0.0007205030646693279,0.012033435602136244,0.6841644763515679,11.989380528361758,0
189,long_4link,1.35,1,0.017583936055101012,0.0033160738895634785,0.008431900593217256,0.5570816173623039,110.40178040445758,1
190,long_2link,1.75,1,0.4277183418414229,0.0969750646362916,0.107341821027993,0.7376626194179422,6.22097499666898,1
191,needle_5link,2.25,1,0.34933448319091137,0.0176767659133387,0.056585719237600196,0.6183193958547578,3.294880478711159,1
192,asym_3link,0.35,0,0.0027166739510235283,5.849919890269389e-05,0.02762508549283852,0.19232855230105286,1.385684131434682,0
193,large_6link,0.7,0,0.0029252315108415886,0.00012067676295401967,0.03963151865336861,0.2739800462760112,1.2377055972852131,0
194,redundant_4link,1.0,0,0.00528525815918005,0.0003554010697413106,0.023736193713683528,0.5151807080819347,5.318269553354066,0
195,short_2link,1.35,0,0.04469885144817688,0.0031432524112506347,0.0624683223841668,0.7000863494197083,52.826424078439686,0
196,soft_5link,1.75,1,0.19635722457854604,0.04691835606877323,0.11359991155416227,0.6758182641235448,4.658250456971289,1
197,wide_2link,2.25,1,0.4146277408544638,0.0366681756478227,0.06075030612915153,0.8815257727113915,4.153102634089107,1
198,snake_6link,0.35,0,0.0030224022802216315,0.00016913112000090127,0.00022204509009957389,0.15594032886575404,123.9996806266245,0
199,heavy_3link,0.7,0,0.002202124473074722,0.0001396590373856399,0.021221085517854836,0.3494540934947473,3.649747060007835,0
200,teacher_2link,1.0,0,0.007038884917942023,0.00028575432664919965,0.03393366117365627,0.6612366792587164,3.613274619680981,0
201,long_4link,1.35,1,0.09225046240757893,0.007053061726071891,0.03235178505210697,0.5404975116852371,4.8223743685779406,1
202,long_2link,1.75,1,0.2104019393112302,0.035751223904213855,0.06643952122962252,0.9792577157090263,2.578122097843762,1
203,needle_5link,2.25,1,0.5197911672698158,0.05650644104300848,0.05549227677624123,0.29535562068148913,2.2998868055195447,1
204,asym_3link,0.35,0,0.0052758010111764835,0.00012944805486136266,0.006627738335389999,0.1706327084379652,5.236770404803674,0
205,large_6link,0.7,0,0.0017798021804928297,0.00012069048904760478,0.033707263141650026,0.2259968623769091,3.2621408310653277,0
206,redundant_4link,1.0,0,0.006583351483955803,0.00025663627122164944,0.045157269871769816,0.494296412732712,2.9643235133448087,0
207,short_2link,1.35,0,0.03252763315840962,0.0031602383308354793,0.0031915827346241537,0.724381261871795,344.38993582566144,0
208,soft_5link,1.75,1,0.3084300000385393,0.05674478336272319,0.08452785248149713,0.5948768904457138,2.6938536280045655,1
209,wide_2link,2.25,1,0.5438626936689933,0.10371469218699686,0.0940599342726607,0.4893949764043096,8.939081200738949,1
210,snake_6link,0.35,0,0.0061084241083149545,9.398026562887753e-05,0.01997317537527722,0.14567025331547415,2.009917494175818,0
211,heavy_3link,0.7,0,0.003138526563038946,0.0001250209611536118,0.036631078013492496,0.316692238933439,1.2045466777628284,0
212,teacher_2link,1.0,0,0.0008505421818256738,9.852551948915679e-05,0.02938528238973624,0.7275446493039022,3.1630816575551255,0
213,long_4link,1.35,0,0.0011955126684957559,0.00016243075762296185,0.11834622207642004,0.6049558455790739,2.8242798431185636,0
214,long_2link,1.75,1,0.2584569823259312,0.02259755204806227,0.051400455470749215,0.9094108671060522,4.0549343968742315,1
215,needle_5link,2.25,1,0.3684430984346478,0.016118350852541694,0.030686751174486555,0.45343593906166096,7.127996380241503,1
216,asym_3link,0.35,0,0.01576454295456808,0.0005640515645303668,0.0006439104757224679,0.14513937730016307,106.03707777054076,0
217,large_6link,0.7,0,0.0018572941601674414,0.00014530104796486274,0.020010137520381395,0.22652356047451752,4.727396578179727,0
218,redundant_4link,1.0,0,0.0023338128839538027,0.00023011984358105498,0.04402504898865296,0.4704145127211733,4.379920120117333,0
219,short_2link,1.35,1,0.24523198150099862,0.03030959844552756,0.017432048689369716,0.8100593444164135,9.548934479374129,1
220,soft_5link,1.75,0,0.0018379135147405985,0.0003777984672660961,0.05764192593227388,0.8056845188607271,5.373630595498066,0
221,wide_2link,2.25,1,0.549378002639184,0.08739306213415755,0.06818005871909619,0.46564616561670946,4.834595312923548,1
222,snake_6link,0.35,0,0.0012737836550627398,6.358731838974193e-05,0.02880670080140805,0.16087208089441846,7.956379557698667,0
223,heavy_3link,0.7,0,0.001204792430802611,7.68424241299771e-05,0.024946226205457247,0.2936108414567601,2.1334499136228113,0
224,teacher_2link,1.0,0,0.001989276296215594,0.00023963933921879586,0.015211657428726565,0.7440390931587139,6.231423743618678,0
225,long_4link,1.35,1,0.055082522779842574,0.010470760077047466,0.00988162310155952,0.5321612044507816,126.09400599589027,1
226,long_2link,1.75,1,0.3697995268875898,0.01367915095777871,0.0418319328858389,0.7631049678212487,8.234349055139145,1
227,needle_5link,2.25,1,0.4965956713562577,0.06819750353285219,0.04541400038940342,0.34139545505965024,3.0933265246323813,1
228,asym_3link,0.35,0,0.002671903039818178,5.7839459969152034e-05,0.011437544264178432,0.18209179519543092,1.416725521625768,0
229,large_6link,0.7,0,0.007025043382641323,0.00020773546400140475,0.026232352718195892,0.2641509241771159,3.1868657050039264,0
230,redundant_4link,1.0,0,0.002290642500166688,0.00022903980041321886,0.1532535384013225,0.47143198959443233,4.396809577988633,0
231,short_2link,1.35,1,0.02938478892458124,0.0036802875208482287,0.06526581748119442,0.946363849187853,8.223069889327453,1
232,soft_5link,1.75,1,0.19785634364772772,0.015935076872326096,0.10824066878633049,0.6409024023588396,2.8932106530562534,1
233,wide_2link,2.25,1,0.530987405064909,0.08531220686655577,0.08197617480622785,0.5409598806790469,2.256329632856017,1
234,snake_6link,0.35,0,0.0008050228200482581,4.561429954863465e-05,0.00012795971126460914,0.15767043242091075,66.47741946029377,0
235,heavy_3link,0.7,0,0.0009061136363687726,6.744222692967938e-05,0.11015944463307405,0.30934732720602426,4.139258631725803,0
236,teacher_2link,1.0,0,0.001023096982452886,0.00015234609784715132,0.01056556616620102,0.7293971319357945,13.396882093146408,0
237,long_4link,1.35,1,0.1636472430478318,0.0074267042552608,0.06138159704059446,0.6261446727109014,3.486457450029036,1
238,long_2link,1.75,1,0.4276596709410508,0.0885330633078486,0.07180364563595047,0.7378311011592141,4.512511865077551,1
239,needle_5link,2.25,1,0.3957490626345148,0.06461399259259391,0.05828597968924483,0.41404050118237057,2.5794215768163276,1
240,asym_3link,0.35,0,0.015539396609629776,0.00013797460972102285,0.0114205739006822,0.18592107120120063,4.16103217570787,0
241,large_6link,0.7,0,0.001455049155124224,9.212021756319742e-05,0.03233750664971525,0.2197906254938559,2.0340155151938784,0
242,redundant_4link,1.0,0,0.0009532725848941313,0.00012476146134636964,0.034542273991805025,0.48256441941632233,6.1161993470032625,0
243,short_2link,1.35,1,0.1922981025022348,0.02725152520329212,0.029045585124763313,0.8343701180779537,148.28164071643855,1
244,soft_5link,1.75,1,0.33547800840251674,0.04961633271596538,0.19604639345805366,0.5664022589663968,2.4521167235030847,1
245,wide_2link,2.25,1,0.48190715507488585,0.09247032941278695,0.09804067830934096,0.6985990749487586,6.264772978825459,1
246,snake_6link,0.35,0,0.016408337373830986,0.0001449997094619382,0.00958856382122977,0.15072085816658218,5.687376984322056,0
247,heavy_3link,0.7,0,0.02137063264016805,0.0009523539295974376,0.04540316769310418,0.38139940011936063,22.477554088026206,0
248,teacher_2link,1.0,0,0.0063394764316342615,0.0002538694503589868,0.039307274232735084,0.6740173833304568,2.8968857320678016,0
249,long_4link,1.35,1,0.028720325048351845,0.0035749122530026045,0.1550371103081046,0.5393218807088942,1.9853212117241534,1
250,long_2link,1.75,1,0.3065372225375315,0.014986939408956568,0.06326336615021023,0.8132054566017172,14.820247612612459,1
251,needle_5link,2.25,1,0.3719742165069613,0.04222172132527693,0.09299073827054537,0.5500664782194984,1.7049591874277195,1
252,asym_3link,0.35,0,0.015071485688950566,0.0005539358695670092,0.0005660584990040294,0.15035356737529235,285.97170704816625,0
253,large_6link,0.7,0,0.012976935307730631,0.00045073919557608877,0.033213925933875496,0.27312806602543566,9.465043571631552,0
254,redundant_4link,1.0,0,0.0018887347447556697,0.00015561910778019676,0.037836137280631905,0.47736775021206823,2.126272003572857,0
255,short_2link,1.35,1,0.25263644342352326,0.01332231727750753,0.028645120317779556,0.6011534803100357,3.669351618562801,1
256,soft_5link,1.75,0,0.006473995113164952,0.0009588679304564136,0.13265997367632248,0.7543295838845394,9.83595125070708,0
257,wide_2link,2.25,1,0.5316409946858576,0.06678996650926315,0.05071100717717394,0.906124782331745,3.4768555548677056,1
258,snake_6link,0.35,0,0.004270958968854616,7.518902167035427e-05,0.01598722087323582,0.1455877338389196,1.5207604541367346,0
259,heavy_3link,0.7,0,0.0017247917419582527,0.00011188944331236334,0.07296730982932954,0.2640498596544394,3.007881672448262,0
260,teacher_2link,1.0,0,0.00769760140805864,0.00028021806417616584,0.046424128445951285,0.6658443049449879,3.430742152482399,0
261,long_4link,1.35,1,0.050200112833641765,0.00950903911486486,0.009204082630053694,0.5329364951455301,374.4115062817426,1
262,long_2link,1.75,1,0.2809199710383736,0.05912940330255044,0.058393134796945134,0.8726848843324193,10.46810925695823,1
263,needle_5link,2.25,1,0.413703660234842,0.05320287756938689,0.061801992629015264,0.43770969545635385,2.256724570216436,1
264,asym_3link,0.35,0,0.0037339508585418854,0.0001285232191786421,0.026461872106000924,0.16941931630267462,8.042537385135821,0
265,large_6link,0.7,0,0.0035580060088200843,0.00014765840475064332,0.06141093885971997,0.2663342545925184,2.480235548002646,0
266,redundant_4link,1.0,0,0.006199389878530112,0.00029470261105538087,0.06238428037701191,0.4747083231213064,3.668833227464679,0
267,short_2link,1.35,0,0.06538754056037487,0.0034259415064817013,0.004659847371683143,0.5000414303716599,57.240589498287854,0
268,soft_5link,1.75,1,0.20732507037048492,0.021033686577235266,0.14646464732360337,0.6185864023145068,2.1848246668301643,1
269,wide_2link,2.25,1,0.5479012928471265,0.08767549632348719,0.07162833867221653,0.4668245824074953,6.001391703212219,1
270,snake_6link,0.35,0,0.01792275967888563,0.0006387945383526523,0.0011618427388272793,0.12874295998373106,56.64168357649336,0
271,heavy_3link,0.7,0,0.0010673180132461124,7.777823876082994e-05,0.054119664592460266,0.28196442363156143,4.254525729458147,0
272,teacher_2link,1.0,0,0.0016409032308271983,0.00024068974688802545,0.012347500103263905,0.7217556299435676,14.82896407733172,0
273,long_4link,1.35,1,0.17782211807939702,0.023165871146403696,0.13302083769207923,0.43627602552014233,2.5652122153941486,1
274,long_2link,1.75,1,0.27255863259928215,0.03237356961900363,0.05797701551622545,0.9085604545373996,3.330288521742243,1
275,needle_5link,2.25,1,0.4752898719422018,0.02885662159542422,0.08736398418933108,0.6327976322778285,2.9419859172886795,1
276,asym_3link,0.35,0,0.02467606973454003,0.0005703892994118972,0.0016643077764502193,0.1737738249255769,29.771425776428767,0
277,large_6link,0.7,0,0.005643917695756414,0.00033082437425597226,0.02172740859732931,0.2660832084801003,8.230402157894144,0
278,redundant_4link,1.0,0,0.0026233265332340295,0.00026152336735719815,0.028421949410980803,0.47128371808885167,5.049323927021097,0
279,short_2link,1.35,0,0.06326674424971547,0.0038717009813257317,0.0038758006461183285,0.4438540006777787,1080.3979261356833,0
280,soft_5link,1.75,1,0.08544029190031088,0.007320541296467502,0.08900939341911479,0.7214467486618656,1.8648790866391645,1
281,wide_2link,2.25,1,0.3942034485560528,0.06224926046106956,0.07524519014888663,0.985743182004347,2.7932865620120757,1
282,snake_6link,0.35,0,0.002268126158972473,0.00010107052571968798,0.014361328242844754,0.1500124448330804,9.168552227946668,0
283,heavy_3link,0.7,0,0.003882387017840226,0.00014111305597942322,0.03555824342272092,0.376055463676303,1.6473361514113671,0
284,teacher_2link,1.0,0,0.0040248956468608476,0.0005176379631585236,0.11611013165835125,0.7368237381673101,15.447945700106457,0
285,long_4link,1.35,1,0.015692435299247298,0.0012946759765079658,0.08552636569243224,0.6288701497271019,1.357922935506555,1
286,long_2link,1.75,1,0.4135991111319498,0.07420496524259916,0.22274789314702637,0.752993709315984,3.65922475485795,1
287,needle_5link,2.25,1,0.2937171601354966,0.03539277012278576,0.028076868002943803,0.5499485346131783,17.269353559996706,1
288,asym_3link,0.35,0,0.005980475200396382,0.000246969995727407,0.00031052250614249427,0.16832562677291896,89.28892954651012,0
289,large_6link,0.7,0,0.0039255416971837554,0.00014676689217198063,0.05205915379677144,0.29308239533466873,2.0773736361251736,0
290,redundant_4link,1.0,0,0.0019725651737913263,0.0002276358344632492,0.02160135272347917,0.47502788102088145,6.366442186218009,0
291,short_2link,1.35,1,0.2591035896372831,0.029496556146168425,0.048156546469944196,0.8050975952217886,4.281312573813093,1
292,soft_5link,1.75,1,0.27818946304770525,0.05881920450908335,0.3399546737967983,0.6195850737757858,3.229316298830426,1
293,wide_2link,2.25,1,0.3181548581076285,0.029705097991325233,0.007774955921690836,0.5782041844273984,38.584130689563466,1
294,snake_6link,0.35,0,0.0013851792548538388,4.2713382228409326e-05,0.023228788122554696,0.15911302110076642,2.3826864623427593,0
295,heavy_3link,0.7,0,0.0010307499890072243,7.679554742393241e-05,0.06966773377389175,0.2814647803383647,4.490346927617256,0
296,teacher_2link,1.0,0,0.0977586691699559,0.0017881144765853996,0.008922018338664744,0.5490577290750952,33.54793486063371,0
297,long_4link,1.35,0,0.018558159386180002,0.00261850984140088,0.0031301412205604695,0.5086048541206714,100.80376675578802,0
298,long_2link,1.75,1,0.3814251716161927,0.09827929269836791,0.10011639364072836,0.7884117839008891,46.98822454050461,1
299,needle_5link,2.25,1,0.44957840929326975,0.07351868286841362,0.11808124404637933,0.32917497633364806,2.4237502541072167,1
300,asym_3link,0.35,0,0.015909717133177126,0.00029682286671565077,0.017698482608819194,0.2238548696690957,11.67456455821125,0
301,large_6link,0.7,0,0.003660196140150422,0.0002576646449303675,0.017756980521400314,0.21131224720322603,7.370951366765428,0
302,redundant_4link,1.0,0,0.004813836265310586,0.0002693307036663551,0.07023784350299936,0.47434501244344757,3.337778879627838,0
303,short_2link,1.35,1,0.20821612787814325,0.02377936076573967,0.08370513534586302,0.8251608379491672,12.815434983009185,1
304,soft_5link,1.75,1,0.3424615390045088,0.07312826569748239,0.2903537798987668,0.5458491814818105,8.418755144467104,1
305,wide_2link,2.25,1,0.5508611141206153,0.0369890761818283,0.04888220342928821,0.8971143819830815,3.759276399462743,1
306,snake_6link,0.35,0,0.011822976893759135,0.0005562544559017265,0.0006900158013204708,0.13835241677923843,104.70661353157092,0
307,heavy_3link,0.7,0,0.003129882380467228,0.0002460169705125835,0.024873205538923512,0.2660261122447737,11.659897571721043,0
308,teacher_2link,1.0,0,0.006390690174844565,0.00035600667998716035,0.036697151966662636,0.6575028181981115,5.277139213622653,0
309,long_4link,1.35,0,0.020248535829268176,0.0007868877572706043,0.02283090549823827,0.7280741293369501,8.017969852172763,0
310,long_2link,1.75,1,0.3332734161994702,0.05805030045453062,0.06557332982485783,0.8068800931575419,4.126973338688947,1
311,needle_5link,2.25,1,0.34425716945175366,0.058292846622092456,0.2303082711468734,0.4884332471105378,4.21054762924447,1
312,asym_3link,0.35,0,0.001618849944830347,5.1405219945583265e-05,0.02971960406267597,0.16406936574339215,2.7766623274276916,0
313,large_6link,0.7,0,0.003946556251247757,0.00026197286425052387,0.0163232944355934,0.23715265492223914,7.067832122332761,0
314,redundant_4link,1.0,0,0.0011459276914984088,0.00011890879458491773,0.041487022792170494,0.47804184329152294,3.313736271557276,0
315,short_2link,1.35,0,0.06911887254166596,0.0038867948132430613,0.003989711975394875,0.4491189620460625,208.65790448032467,0
316,soft_5link,1.75,1,0.19641931493971487,0.013678326329608692,0.05572759057255224,0.633171861836181,3.2962943430833116,1
317,wide_2link,2.25,1,0.5110814731360454,0.06792375890675843,0.05730219287717048,0.9174147163844372,2.861015743340406,1
318,snake_6link,0.35,0,0.006803317590793592,0.0001093198758900643,0.018827768575543757,0.14182427730312094,2.7272058256211067,0
319,heavy_3link,0.7,0,0.0025184030113706286,0.00011153885904811596,0.054359898839728645,0.29760078731640116,1.3266371293618548,0
320,teacher_2link,1.0,0,0.0038863209492780485,0.000239110890777971,0.04782862391320019,0.7056670804671012,3.070864381351865,0
321,long_4link,1.35,0,0.010100077030628736,0.0004685209788260714,0.038326769316262346,0.6374489281774148,4.323714503701995,0
322,long_2link,1.75,1,0.354701871490453,0.06589448734373604,0.029452931338210805,0.7717147548532973,28.02067923590175,1
323,needle_5link,2.25,1,0.3560052412515876,0.029714061741317972,0.08193669248885524,0.5255414767356107,1.5337754997295798,1
324,asym_3link,0.35,0,0.1072103942528472,0.0010639253536845724,0.0010903765133217448,0.04587219781316569,247.464326023063,0
325,large_6link,0.7,0,0.0042345626250033875,0.00018498725250841694,0.0683564356767107,0.2613816922117017,3.58576112948145,0
326,redundant_4link,1.0,0,0.0006725054224613872,0.00010177928792415739,0.14926303937168492,0.48481752625538793,22.98243397461188,0
327,short_2link,1.35,1,0.2587559334044875,0.026332571446084856,0.11738852590557967,0.8054093585274291,3.3248306492286837,1
328,soft_5link,1.75,1,0.15763924394435214,0.017646397629794433,0.17800054680218994,0.6830609631608305,5.634228981765485,1
329,wide_2link,2.25,1,0.4776546268180927,0.054741317345821765,0.04409235245099834,0.643163087698233,10.896248065735456,1
330,snake_6link,0.35,0,0.006583711271950032,0.00013084188397745935,0.00894906638260933,0.15101097351437393,5.31906534232928,0
331,heavy_3link,0.7,0,0.003646372072260705,0.0001817332716182135,0.04176790663473672,0.3935477662111247,3.4935213355742207,0
332,teacher_2link,1.0,0,0.004094832292653436,0.00023863382108068413,0.051213471230607197,0.6603400513672509,2.9685038222455056,0
333,long_4link,1.35,1,0.024525567289534124,0.004146163476643267,0.0020164643836061745,0.4801329377170869,178.53213599725717,1
334,long_2link,1.75,1,0.4000389804234127,0.08223012287609074,0.055076868119433665,0.7565633848353769,15.654268067282251,1
335,needle_5link,2.25,1,0.49040899701894486,0.07364984172975192,0.17568477795008894,0.413436320166915,4.640490948808469,1
336,asym_3link,0.35,0,0.004550439612883934,8.265688501530077e-05,0.027408867611424966,0.2074244574711843,2.292207234165229,0
337,large_6link,0.7,0,0.0068033903704615315,0.00038346528842515137,0.013183764526541998,0.266510004963075,9.580141576116072,0
338,redundant_4link,1.0,0,0.0037932322198185706,0.00021446270473799936,0.04098037379765979,0.4891710510263232,2.386504784635288,0
339,short_2link,1.35,1,0.25528724313644635,0.008394450579429388,0.023734781648972487,0.5997066096961712,5.627834696516834,1
340,soft_5link,1.75,1,0.1994044509125409,0.04780838329470336,0.1736103005136168,0.6498737292857074,9.335761494250725,1
341,wide_2link,2.25,1,0.3865012824509218,0.06942034346214439,0.0847439515931027,0.9894600951549123,6.413772110132613,1
342,snake_6link,0.35,0,0.07830199583981105,0.0010035501093618817,0.001159037207426691,0.06468228969322165,130.28403842194615,0
343,heavy_3link,0.7,0,0.002525371718910147,0.00018232300487497553,0.006772458183066936,0.4058326921809048,6.26323160294349,0
344,teacher_2link,1.0,0,0.0018032125322162906,0.00021663808743569877,0.10633978306401688,0.696931980405613,5.667736010941579,0
345,long_4link,1.35,1,0.1856986791956474,0.028546406136880583,0.04860721718435071,0.43237051677745536,5.468615365851997,1
346,long_2link,1.75,1,0.32039026761644746,0.021861957901769,0.04910673231126798,0.8264315686890144,4.506503266254121,1
347,needle_5link,2.25,1,0.3067308698194313,0.05323172198413889,0.06234011635128592,0.504555000726833,2.607305585750739,1
348,asym_3link,0.35,0,0.0009042957016036884,3.4709676458056734e-05,0.010025985156194506,0.18292236985116897,4.99700312700882,0
349,large_6link,0.7,0,0.004900312425426906,0.00016279110304768114,0.028997973021701144,0.2571808762717084,2.528147348833978,0
350,redundant_4link,1.0,0,0.0007976345335678453,9.117401718695895e-05,0.10326124354484009,0.48105341647400673,3.149735259588687,0
351,short_2link,1.35,0,0.027806143969484873,0.00292031672338575,0.00300123228636129,0.7877228392724714,233.50220127179216,0
352,soft_5link,1.75,1,0.15031903342825081,0.022011857099155215,0.08163285417782229,0.6796039416619721,2.3515637023671254,1
353,wide_2link,2.25,1,0.4620462492049672,0.08850678705306678,0.20206996524649223,0.7562403805854155,6.930429706206093,1
354,snake_6link,0.35,0,0.016050074908027522,0.000141955667028003,0.01150798218275683,0.14815195773188178,4.426886356496935,0
355,heavy_3link,0.7,0,0.007625330878713512,0.00047676955267489656,0.01769364818077875,0.29855507422290406,12.775368582665717,0
356,teacher_2link,1.0,0,0.0013634911242102637,0.0001585408046784667,0.12882823476059932,0.7476231742718272,4.110729456374062,0
357,long_4link,1.35,0,0.003924527424629571,0.0003134560697021721,0.06215873720988403,0.674641707451984,2.559906000072824,0
358,long_2link,1.75,1,0.33256318884646546,0.052672020939412936,0.047392241441449316,0.8322062022542503,10.287008362682224,1
359,needle_5link,2.25,1,0.39960482567616845,0.029729914957184723,0.0779744896433058,0.5624061836731197,4.933516861258908,1
360,asym_3link,0.35,0,0.030234244466922067,0.0007421122548803824,0.001102363416372068,0.11920521975945432,55.11547513217031,0
361,large_6link,0.7,0,0.0010874362047556309,8.520178447590459e-05,0.03468572163731902,0.22639437634020695,3.8066189242049795,0
362,redundant_4link,1.0,0,0.002917432839059017,0.0002616695696593738,0.10826916145069745,0.5003476052981839,4.530501074566433,0
363,short_2link,1.35,1,0.1627327560403563,0.017342676478320048,0.043757885074173684,0.8638689855658671,3.4206272192897833,1
364,soft_5link,1.75,1,0.2578079608701076,0.0586151243296384,0.18937390609821053,0.6338443577315509,6.919257234536346,1
365,wide_2link,2.25,1,0.3562016518283601,0.057122028758661576,0.14292536563009903,0.7074400315152471,204.4616137382303,1
366,snake_6link,0.35,0,0.0018888495616708808,5.2132451433786696e-05,0.025843964437849015,0.15285149831896785,2.038594329419594,0
367,heavy_3link,0.7,0,0.0037513352214097254,0.0001749077757074102,0.0208882191265149,0.3695296846593167,3.1120155638669305,0
368,teacher_2link,1.0,0,0.0006562036962919234,9.337331256225464e-05,0.08179956228091265,0.745731710235649,6.882207637192555,0
369,long_4link,1.35,0,0.016864601492406612,0.0024573617547863427,0.00306502552011301,0.42791722359936873,89.71439712281932,0
370,long_2link,1.75,1,0.380841724975332,0.026706316119101108,0.0239858576058211,0.677415202179811,20.865285642887507,1
371,needle_5link,2.25,1,0.300063860542389,0.02748513473655584,0.16121180118732908,0.6748414616225578,3.942456478285908,1
372,asym_3link,0.35,0,0.002629314988730828,0.0001055927309649088,0.02116784345061645,0.1794564022139768,14.08518064050003,0
373,large_6link,0.7,0,0.006964008884846766,0.0002006193701663381,0.02206786143781202,0.2366788361796599,2.624271897952582,0
374,redundant_4link,1.0,0,0.007456569052408137,0.0003367468332448737,0.027110006432875165,0.5297350984629202,4.147241497247598,0
375,short_2link,1.35,1,0.20266637411367838,0.024273620298996785,0.12165802223948313,0.8392800692974451,4.487270952042095,1
376,soft_5link,1.75,1,0.1428755321358104,0.010029330532302351,0.0688727415446498,0.6892860955524618,1.2346995532000011,1
377,wide_2link,2.25,1,0.5483248148485158,0.035098691901937894,0.09481634589973448,0.8989141051997668,3.457528668022375,1
378,snake_6link,0.35,0,0.0008199531023894138,4.651512644189969e-05,6.287292892967234e-05,0.1572341904668725,353.96733198319305,0
379,heavy_3link,0.7,0,0.00581887187156113,0.00019323507355801598,0.023834506388922698,0.44160272701921927,2.922773984551267,0
380,teacher_2link,1.0,0,0.020537857158628568,0.0004874250960455257,0.02037407951231208,0.6598698899447004,7.136775273831638,0
381,long_4link,1.35,1,0.05422273997480884,0.006512332893639524,0.04567463553998089,0.5225287049868926,2.047813717675887,1
382,long_2link,1.75,1,0.28365270330150316,0.024509920951486353,0.06793451537442238,0.8770983418564594,2.6338050520635656,1
383,needle_5link,2.25,1,0.32503955628211334,0.022103850143391033,0.08365753361529293,0.5852140612074248,1.6809392448544942,1
384,asym_3link,0.35,0,0.006614958491668814,0.00013551993873909477,0.01467767554057749,0.20512773100989387,4.685880056527811,0
385,large_6link,0.7,0,0.0018366531145637612,0.00011999688648893979,0.032968010967014405,0.22425866835952787,2.8557475998240567,0
386,redundant_4link,1.0,0,0.010845159294652797,0.0012008848687870073,0.13859858914458775,0.4633435244090136,31.622596536893514,0
387,short_2link,1.35,1,0.03831687955889369,0.004413863412406311,0.00358126302165331,0.8219424268241767,825.4130009678925,1
388,soft_5link,1.75,1,0.1405185373034444,0.028563619596817368,0.3096102013509599,0.7083337031644852,3.3261629927460845,1
389,wide_2link,2.25,1,0.4859618152691491,0.07029289219082877,0.09837745016400452,0.687376559533905,1.853421644423096,1
390,snake_6link,0.35,0,0.0030739845358713318,9.079686671086493e-05,0.041120855585377376,0.14500793423123637,4.275766540043799,0
391,heavy_3link,0.7,0,0.00992993042728437,0.00025834681771787573,0.040665945302951916,0.4492758755423833,3.881222421469428,0
392,teacher_2link,1.0,0,0.009028433059503894,0.0005525114398140209,0.05883760630577708,0.6519349606942855,9.058236309243506,0
393,long_4link,1.35,0,0.002016945806166937,0.00019844986734916082,0.09250933464323978,0.5439070965117622,1.5766855154850996,0
394,long_2link,1.75,1,0.2626827835770967,0.029685822506250344,0.11929544726092535,0.9202139133134586,2.774433823069232,1
395,needle_5link,2.25,1,0.3358767653767303,0.035722088599962044,0.0509766266019025,0.7273432872693284,4.1130127030240615,1
396,asym_3link,0.35,0,0.07954771988441935,0.0009561720796535696,0.0011803301378384083,0.10271764768128153,79.42284042112193,0
397,large_6link,0.7,0,0.001537734204897255,8.864847026645743e-05,0.0636485264207476,0.24943487337270337,1.8437226622598857,0
398,redundant_4link,1.0,0,0.00225823635690408,0.00017923227563408273,0.06549322384256924,0.48388331958046493,2.4465947112745607,0
399,short_2link,1.35,1,0.24818505561954596,0.006517426266040069,0.039180096226359935,0.6227626319488839,5.0471414882062415,1
400,soft_5link,1.75,1,0.27036706330228255,0.05241775141543447,0.053790255370526875,0.604883013130079,5.726046609214184,1
401,wide_2link,2.25,1,0.3016303666619788,0.019012576072212524,0.049862939463786345,0.9458411064334082,18.12231386034191,1
402,snake_6link,0.35,0,0.00287051316302182,7.778078235561953e-05,0.033362196486112494,0.14248276224547002,3.257360600228671,0
403,heavy_3link,0.7,0,0.0035994941272221317,0.0002146450358926044,0.017381438131585675,0.3355110043472368,5.157725369949516,0
404,teacher_2link,1.0,0,0.0025863426845310874,0.0002590629425627042,0.024329959985759122,0.6781533890241515,5.026811946698956,0
405,long_4link,1.35,0,0.019638050606443243,0.002790049394519609,0.0028889412293017095,0.4345241128065934,237.93527037644296,0
406,long_2link,1.75,1,0.3038998309122551,0.023109335964335245,0.07434417370143856,0.8489494095010691,3.8593457770673205,1
407,needle_5link,2.25,1,0.3637190006138647,0.05532841167580931,0.0768437692917944,0.5644772878731705,3.2902357478446516,1
408,asym_3link,0.35,0,0.0022788351012401524,5.548981718546589e-05,0.03109761406771799,0.16766282007489822,1.7100581434683952,0
409,large_6link,0.7,0,0.002188863611229721,0.00017195747411176835,0.056036847308671534,0.27653927447491244,5.480052204263802,0
410,redundant_4link,1.0,0,0.014104039597741577,0.0005519117027431402,0.0380478223494756,0.4791797523393146,8.331805717775682,0
411,short_2link,1.35,1,0.14973792972673772,0.015811799273338662,0.01329389970452108,0.8347395552166245,22.131974869866028,1
412,soft_5link,1.75,1,0.18562513225375035,0.02618436933068062,0.2017062129179355,0.6914856122079904,2.05047549099842,1
413,wide_2link,2.25,1,0.41208999804882235,0.038213369591429534,0.09540614433018103,0.7387307130420872,15.851449201538623,1
414,snake_6link,0.35,0,0.02275357022629903,0.0008349212379559143,0.0008546749804227349,0.10369939165253243,333.06297892486106,0
415,heavy_3link,0.7,0,0.0010642027588983578,8.188011913296166e-05,0.027598129751425133,0.3228804681206486,4.878551551855057,0
416,teacher_2link,1.0,0,0.005740013656185327,0.0002596787301290194,0.0484392673289825,0.6604787452711226,3.1324207031637297,0
417,long_4link,1.35,0,0.0032841762844423423,0.0002479016937469695,0.07140356340698265,0.6621120406059672,1.4961863485192166,0
418,long_2link,1.75,1,0.22448876105158047,0.0248271633164683,0.056713688392345855,0.9614084032939897,4.296726661130675,1
419,needle_5link,2.25,1,0.35265069802532023,0.06504876956428139,0.06323228894936575,0.4564272723849698,5.672813351813438,1
420,asym_3link,0.35,0,0.010282050933327075,0.0002884594724773922,0.009167772240299372,0.21792276871191701,14.095015901382299,0
421,large_6link,0.7,0,0.0047285833129781405,0.0001627468326055573,0.0338331574835523,0.261087638308023,1.7629986871969299,0
422,redundant_4link,1.0,0,0.03034317004646347,0.001096701237485931,0.014161630961713769,0.4807459071895839,18.431410127562526,0
423,short_2link,1.35,1,0.20923164170604683,0.0300484612159438,0.03092543660226729,0.8300907370477443,204.5131615030504,1
424,soft_5link,1.75,1,0.31675801806722836,0.031962811949875825,0.06513976575906122,0.5715123010313825,2.5455389123342145,1
425,wide_2link,2.25,1,0.5496429358058785,0.09656781937108663,0.08708327259950242,0.4710983212564592,3.5618413258685293,1
426,snake_6link,0.35,0,0.00305310619683764,8.440134933257747e-05,0.024033372754606378,0.1463199478440843,3.5791301984285884,0
427,heavy_3link,0.7,0,0.010356545218641032,0.00033727276539492204,0.01405375241450392,0.39943604352541406,6.132656264198625,0
428,teacher_2link,1.0,0,0.0702581281545962,0.0016840823886548353,0.015834275269388604,0.5622192510399103,30.980679412868394,0
429,long_4link,1.35,1,0.13566137847837137,0.009818851847323834,0.09358190686540437,0.515644787600817,1.1513723979333612,1
430,long_2link,1.75,1,0.42120159475173,0.04087128808570753,0.03625298418637775,0.6761180310308035,8.617260268674642,1
431,needle_5link,2.25,1,0.2968481110721095,0.034280546172888754,0.15986266462076465,0.6232857192197985,1.3921897855175764,1
432,asym_3link,0.35,0,0.06038015100001605,0.000978793305149135,0.0010708221322095013,0.07569910865720449,125.31431199167574,0
433,large_6link,0.7,0,0.005919924149460206,0.00019019858904779547,0.02609560344591784,0.28142168574699133,2.8388741723930804,0
434,redundant_4link,1.0,0,0.0009714453636353174,0.00012066530269897999,0.02898527181872083,0.4885001815379947,6.3941349046902225,0
435,short_2link,1.35,0,0.038006922202222335,0.0027812922519204106,0.03206973981181122,0.7730958690500147,38.94454517047664,0
436,soft_5link,1.75,1,0.16166682404919525,0.022599809549645265,0.06343859757142517,0.6442219456807929,3.3051862727293155,1
437,wide_2link,2.25,0,0.14746630896725357,0.006276181474508746,0.007712822360155246,0.6911473737719328,58.54641530721953,0
438,snake_6link,0.35,0,0.008785061457186834,0.0001815760588915709,0.037564524499381316,0.14662483098009005,8.26906067937876,0
439,heavy_3link,0.7,0,0.00764099018839464,0.0002691934391354391,0.015636429298446074,0.4399544389834272,4.514464397823033,0
440,teacher_2link,1.0,0,0.003584378568386706,0.00023004480503855705,0.035166905423161816,0.709149967931079,2.9504954063581303,0
441,long_4link,1.35,1,0.258506058954679,0.003988785342823042,0.004549824962311922,0.2066916770542596,119.57853219292825,0
442,long_2link,1.75,1,0.2125242266812379,0.047484239911680645,0.07173314917399763,0.9680647991740233,9.565898448312918,1
443,needle_5link,2.25,1,0.4179104030204775,0.028501121058708417,0.10180948003183447,0.6410237145895077,2.716533069091835,1
444,asym_3link,0.35,0,0.0070142221664798955,0.00024999799639656575,0.004628208307387538,0.20229583780910285,17.54016116383908,0
445,large_6link,0.7,0,0.002167689360718966,0.00010523689766042555,0.045152364306157475,0.24914084444320364,1.5379105285895907,0
446,redundant_4link,1.0,0,0.0009351489000840211,0.0001091818123947998,0.19941156734478863,0.48495732856872725,3.755341099511736,0
447,short_2link,1.35,0,0.006127013330170385,0.000761911911784786,0.052809205130149035,0.942856396146221,13.14220387682066,0
448,soft_5link,1.75,1,0.1393530958873808,0.012742713229530609,0.05035741159971246,0.6916910193270392,4.366980961269885,1
449,wide_2link,2.25,1,0.36575400172899636,0.039495306421862136,0.046246727362315644,0.5155715706796669,39.95047011094816,1
450,snake_6link,0.35,0,0.01149409227991683,0.0005343690894649915,0.0007855380643316628,0.13217708875541878,79.94089830976418,0
451,heavy_3link,0.7,0,0.0047153635444228265,0.00015529093130924515,0.031272878025537396,0.3757381433127368,1.9787473113484668,0
452,teacher_2link,1.0,0,0.005678787194836595,0.00024033234376727553,0.0465717278907618,0.6652543108606942,2.6079222413179775,0
453,long_4link,1.35,0,0.003979332851335042,0.0002703274191055169,0.07176130163796053,0.6834696031806223,1.966022391277199,0
454,long_2link,1.75,1,0.35965875263660285,0.07390179921588233,0.08131863628661579,0.8127310332557426,3.4310798319724416,1
455,needle_5link,2.25,1,0.3208139614551169,0.024536980921842682,0.045544567694065036,0.5412107649956611,3.9525905565916584,1
456,asym_3link,0.35,0,0.006957968025937595,0.00012116268911548759,0.00884013610748441,0.20864785392874063,4.124711023043339,0
457,large_6link,0.7,0,0.002491225943410612,0.00014816899891072276,0.02679365184477481,0.2863131457806429,3.3692011675538382,0
458,redundant_4link,1.0,0,0.006052092961551747,0.00039394614942624156,0.02026049766483362,0.53573125341705,6.102322163130176,0
459,short_2link,1.35,0,0.056806030328766674,0.0037930549165229007,0.003798740286342024,0.48720822528161084,3765.8512486359555,0
460,soft_5link,1.75,1,0.08131804592530882,0.008274755907956156,0.13540862646705348,0.7156554270212155,1.9645878319826666,1
461,wide_2link,2.25,1,0.5431565188099288,0.10027714218580089,0.08675980886905338,0.4614554983324105,18.00287029401003,1
462,snake_6link,0.35,0,0.003158753646526615,8.324539091941212e-05,0.011458029535487881,0.15673096240245876,3.2962168819772244,0
463,heavy_3link,0.7,0,0.0009459647255304946,7.109917641953847e-05,0.035498618378798925,0.3139222132708396,4.432364450130641,0
464,teacher_2link,1.0,0,0.0021111257399823815,0.0003087938824697432,0.07010508766832012,0.7456418477236104,17.832877581616692,0
465,long_4link,1.35,0,0.0010939736361489062,0.00015877627941933043,0.17819165032746906,0.5892565021088593,3.4352090692970707,0
466,long_2link,1.75,1,0.3774178386975903,0.061714456439226406,0.19091883398559073,0.7918057476945842,4.250703309102563,1
467,needle_5link,2.25,1,0.2707537898552822,0.032180506237759504,0.03948143919725711,0.5940253700751968,6.488722569200041,1
468,asym_3link,0.35,1,0.4691631643154499,0.0010247359711963932,0.001193242063382415,0.08997109242055072,94.7680359101236,0
469,large_6link,0.7,0,0.01113087258169323,0.00023837764253260016,0.019905549534610874,0.28760116435731825,3.1221586999676023,0
470,redundant_4link,1.0,0,0.004837017388781822,0.0003676746092116715,0.040685677512641884,0.48477957960284135,5.909673239253327,0
471,short_2link,1.35,1,0.25257089060160254,0.006917033687257982,0.023836978127094177,0.6068351208883808,6.5835695196049,1
472,soft_5link,1.75,1,0.0820249115067427,0.020569890700607916,0.4323090855252988,0.7674433383128524,4.993687747442768,1
473,wide_2link,2.25,1,0.5381524350729903,0.07926756242262045,0.07537367459124544,0.5048267916466636,5.034349560348356,1
474,snake_6link,0.35,0,0.0031288039743640255,0.00014420899206243394,0.034867896996432175,0.1542015465806017,13.158232080734596,0
475,heavy_3link,0.7,0,0.0016787498563313194,9.53520164037861e-05,0.02031334754018019,0.2702004599830287,1.8694892325863248,0
476,teacher_2link,1.0,0,0.00483854176818686,0.0005381903843697758,0.03154576362331902,0.7277063035669129,12.326350042392727,0
477,long_4link,1.35,0,0.023680258162222693,0.0030588300972896492,0.0032103368128445667,0.38776183656736335,199.751579780297,0
478,long_2link,1.75,1,0.36832607134419293,0.06999376397732485,0.03400904547173187,0.7704383952044624,23.58791125810027,1
479,needle_5link,2.25,1,0.30677514855332605,0.03792140532662906,0.12455129508499452,0.5828382076254495,2.0177646761992496,1
480,asym_3link,0.35,0,0.00634753041297233,0.0001605574294684073,0.009569064691448607,0.17265417090178295,6.73396143934886,0
481,large_6link,0.7,0,0.000876789471999883,8.053633051241654e-05,0.11824322388676758,0.24505435799146874,6.2493902198983,0
482,redundant_4link,1.0,0,0.0017836296258575883,0.00015079780900783586,0.0509494859605511,0.4925759659186404,2.1932540055017227,0
483,short_2link,1.35,1,0.11383892699202845,0.011095793129302318,0.035283970005568356,0.7885781801290683,5.3965249424010855,1
484,soft_5link,1.75,1,0.06054253712488048,0.005193588369544302,0.07780411201778464,0.7423001067372763,2.4880207678577966,1
485,wide_2link,2.25,1,0.3948796821582531,0.07132733939270186,0.08365186055751966,0.9817519474978877,10.600925169006366,1
486,snake_6link,0.35,0,0.007027317455955004,0.0003660769606114775,0.000577770963097196,0.14580070074575616,77.33182919949796,0
487,heavy_3link,0.7,0,0.004375891645448173,0.00014739616751167204,0.032103540138067994,0.3484037758274987,1.7476197136188028,0
488,teacher_2link,1.0,0,0.0012107456155333954,0.00014935584963386218,0.09230342332129238,0.7487808515275832,4.585966460068317,0
489,long_4link,1.35,1,0.1580831661648326,0.01970773173035879,0.048782498976879106,0.44499291075501723,2.0785178415019576,1
490,long_2link,1.75,1,0.39266504293180243,0.10083357729894837,0.22832172960106215,0.7763936358914881,24.101410991326876,1
491,needle_5link,2.25,1,0.41157538253256604,0.06369799893587319,0.05715024757296845,0.3756269890627952,2.808667464445303,1
492,asym_3link,0.35,0,0.007755867592333372,0.0002805496846797717,0.014229315316794928,0.16331454887580235,21.325898607933336,0
493,large_6link,0.7,0,0.0012511025011188003,0.00010113757137165488,0.10931453185149137,0.24438377226762534,4.294276547663224,0
494,redundant_4link,1.0,0,0.004771484872514126,0.0002212578620013518,0.04590732634903257,0.4836284656560164,1.7081595195079813,0
495,short_2link,1.35,0,0.0392389719579168,0.0034070731238325805,0.003453189690338603,0.6505590935864007,337.17955846185635,0
496,soft_5link,1.75,1,0.3858586416173903,0.04306373094701101,0.09823176460096664,0.5212445737685139,6.907434767168187,1
497,wide_2link,2.25,1,0.5328841091592825,0.09139326424184904,0.07358330812562239,0.4473990130949341,21.729158268703745,1
498,snake_6link,0.35,0,0.001999791282963381,6.794189822430465e-05,0.013720678307429712,0.14640072994028333,3.8319743094059473,0
499,heavy_3link,0.7,0,0.0029992470143375936,0.00021350390450091222,0.009458395306983284,0.3408964656880099,7.05115998344389,0
500,teacher_2link,1.0,0,0.004952450845075398,0.00045279747956583746,0.017701222497284015,0.7190868834063884,8.540194591454462,0
501,long_4link,1.35,0,0.0014707002893045407,0.0002470686174214042,0.015902611097267517,0.5480510175232922,7.5348435996090295,0
502,long_2link,1.75,1,0.38526520624623145,0.09131743801186974,0.268028490196919,0.7845456942474138,5.943850721243912,1
503,needle_5link,2.25,1,0.4702188066935004,0.058992673254655105,0.07804959584458078,0.3326825292997385,1.751280988087742,1
504,asym_3link,0.35,0,0.10204718257624083,0.001010685451184643,0.001148173242334908,0.07817876599462316,104.52974927880314,0
505,large_6link,0.7,0,0.007333470393316433,0.00019272828874772072,0.02432556367639264,0.30252972343030293,2.3407395740581207,0
506,redundant_4link,1.0,0,0.003987351427476869,0.00020434308392467245,0.06787846185300356,0.47708137096936193,1.4720599536390706,0
507,short_2link,1.35,1,0.2397716453068325,0.006459585025365881,0.014071967033630749,0.6023473629088897,10.229964404093893,1
508,soft_5link,1.75,1,0.3354278984694788,0.03300333054391456,0.07215413612796204,0.561178812336499,1.7942881840909772,1
509,wide_2link,2.25,1,0.5415728487491195,0.03419643177771077,0.059429693900867185,0.9029008342863617,2.9342835885017147,1
510,snake_6link,0.35,0,0.0040053289295584925,0.00010200202245949974,0.009462490848709508,0.15831656839598027,4.5445192129653496,0
511,heavy_3link,0.7,0,0.004153930024538116,0.00015809876143561488,0.027918344030404052,0.4034272794250944,2.2201178580778067,0
512,teacher_2link,1.0,0,0.015133547425649261,0.0004215214031001693,0.03338245317807974,0.6608683583688902,6.019915469513193,0
513,long_4link,1.35,0,0.08932514897490015,0.003479788311296476,0.005024429135734304,0.4452564439640363,66.86596105922494,0
514,long_2link,1.75,1,0.3580433824067827,0.06826767165071854,0.07369655415828484,0.8145584654373044,2.854549570996802,1
515,needle_5link,2.25,1,0.3152791472325314,0.020131144411753357,0.04227907038988638,0.5831508278026369,4.00712951547154,1
516,asym_3link,0.35,0,0.007731704562103071,0.00011838749999657113,0.01934824098956206,0.23176247970473057,3.6371187315802964,0
517,large_6link,0.7,0,0.0013642173376710084,0.00011057318113092668,0.02242242063971815,0.24818333423347752,5.261463844097887,0
518,redundant_4link,1.0,0,0.013674981901203389,0.001112651577354401,0.04375538752811618,0.5115302962758815,22.032242347141075,0
519,short_2link,1.35,0,0.0031033826025260547,0.00034816680085709203,0.051278970544477144,0.9613042095011505,5.057809560376684,0
520,soft_5link,1.75,1,0.30189942720574486,0.037131573623011824,0.03550377809493958,0.575826257994217,7.653415132872877,1
521,wide_2link,2.25,1,0.5380164498716112,0.07994948475497532,0.05680070395207943,0.5018429813479892,5.79376152963095,1
522,snake_6link,0.35,0,0.039755356076866984,0.0009101829684759338,0.0011342993978226026,0.0809177939511262,104.92161038486124,0
523,heavy_3link,0.7,0,0.0010949333953548597,7.716368529358706e-05,0.04283758845673788,0.3301030117163328,2.866642419048329,0
524,teacher_2link,1.0,0,0.019556487808300667,0.0005084039679052691,0.020346075329992417,0.6576388628342379,7.524951293600154,0
525,long_4link,1.35,1,0.14214919958088662,0.01714215543942301,0.06692417314064758,0.4713434357677686,2.6834361231022066,1
526,long_2link,1.75,1,0.4264245156693181,0.08544341442635231,0.16821296240905628,0.7391753966823411,4.187099912918695,1
527,needle_5link,2.25,1,0.3013014447387279,0.023116472398685382,0.044651164400220676,0.7478015568506103,3.5567757621838165,1
528,asym_3link,0.35,0,0.0035320737683706927,6.89620883599013e-05,0.026260070133904845,0.21164750510254254,1.5762113801514526,0
529,large_6link,0.7,0,0.002302453574615639,0.00010831060432135271,0.04885162846403,0.27975992906696673,1.3820582826785777,0
530,redundant_4link,1.0,0,0.0012962909593823883,0.0001642916948588115,0.026862510992680565,0.48325809645677015,6.372092271697184,0
531,short_2link,1.35,1,0.2236525529771552,0.03247849462116329,0.03251639189649291,0.8264590026437191,387.2741964882303,1
532,soft_5link,1.75,1,0.22607993457471706,0.019162633869585798,0.10195539210606364,0.6437060103839503,1.7250002288387856,1
533,wide_2link,2.25,1,0.5486002127036436,0.0447588608402619,0.08481829123250713,0.8988218190524695,1.800118082448533,1
534,snake_6link,0.35,0,0.0013917865099853507,5.505411353345019e-05,0.015709965875769637,0.15115714686202136,4.568606169957613,0
535,heavy_3link,0.7,0,0.001446201296435305,8.990190566535047e-05,0.048118118682051535,0.2719992283457137,2.2093494466846124,0
536,teacher_2link,1.0,0,0.00422688334972083,0.0002931504446148141,0.027774228762563663,0.6613797230343217,4.414169626723666,0
537,long_4link,1.35,0,0.0031865676095806533,0.00027201454980532047,0.051236209177830304,0.6598331458811356,2.1142467597580183,0
538,long_2link,1.75,1,0.3448010399114425,0.0862457740589717,0.09239859865161995,0.8098778607030852,111.32161226319269,1
539,needle_5link,2.25,1,0.43715029143343254,0.06120523925582482,0.14172257752420925,0.34276303180294093,2.2039120299383845,1
540,asym_3link,0.35,0,0.024040590189629698,0.00064589347538816,0.0011762134205522202,0.16931141658647403,43.8350305250226,0
541,large_6link,0.7,0,0.0039905440579052365,0.00018659200125728027,0.030379507867078683,0.3013627034028091,3.740693476591081,0
542,redundant_4link,1.0,0,0.014148384859583304,0.0003830505212693445,0.02965629200517327,0.4886423566616653,4.82647221649862,0
543,short_2link,1.35,1,0.2547294144200066,0.024578724556223362,0.1353360140379747,0.8077378982450389,3.115022513580827,1
544,soft_5link,1.75,1,0.3191307197492929,0.04524037435121385,0.19805761714881776,0.5679599379595127,7.465342065235113,1
545,wide_2link,2.25,1,0.5551883254239262,0.04681951655373004,0.048400673638104325,0.8944633109402823,3.4070466110117557,1
546,snake_6link,0.35,0,0.005483693274364251,9.447831181525967e-05,0.013109314429679131,0.14658653722820855,2.3829864165820998,0
547,heavy_3link,0.7,0,0.004296181539131809,0.00022296486069252406,0.026502698194267375,0.398934699672891,4.55296153783181,0
548,teacher_2link,1.0,0,0.0005379335207415966,7.349771078958273e-05,0.04146069914833131,0.7410847766190742,5.1278262066386135,0
549,long_4link,1.35,0,0.03253719658491659,0.0033629718295755968,0.0038230264505477686,0.32979476037561434,120.72249609302155,0
550,long_2link,1.75,1,0.3933259545629298,0.05673223611034351,0.18823525446453834,0.7031738291710712,13.420896554549138,1
551,needle_5link,2.25,1,0.44487138617111405,0.07815534952027238,0.11008876672849645,0.3570290757822522,4.416789330721489,1
552,asym_3link,0.35,0,0.01572272000437437,0.00040245067019412063,0.001957242457423169,0.21163643175885513,19.543688661331526,0
553,large_6link,0.7,0,0.012840569263541135,0.00039935197607799094,0.019405270769184753,0.2730231726736776,7.763888673171497,0
554,redundant_4link,1.0,0,0.0015226274593385237,0.00019989414012187086,0.09625753104145886,0.4984584086211683,7.778872962984078,0
555,short_2link,1.35,1,0.05730399180282847,0.002830983482769959,0.035584121483150995,0.8687368157803416,3.20048465990584,1
556,soft_5link,1.75,0,0.0010863058264151916,0.0002107973097913017,0.2577752131665652,0.8151584522518556,3.0629989510871294,0
557,wide_2link,2.25,1,0.529935232466744,0.0982422140586345,0.08722245405403667,0.4800467021528912,31.095108976254142,1
558,snake_6link,0.35,0,0.010968451579253182,0.0005219380874549802,0.0007052375874245507,0.14125740793555053,88.45936151538062,0
559,heavy_3link,0.7,0,0.004314645109700712,0.0003249100991049504,0.006450764125463022,0.2677864525987782,12.656554741649005,0
560,teacher_2link,1.0,0,0.005225034768696906,0.0003829726493828125,0.02082775754889382,0.6597258114158128,6.293552595463474,0
561,long_4link,1.35,1,0.019967459383444682,0.001538666545642939,0.08382034821229124,0.6854054827811569,1.1872419789476654,1
562,long_2link,1.75,1,0.4178240629762271,0.10422810791895519,0.09458936821319912,0.7481885112747572,13.284388723920214,1
563,needle_5link,2.25,1,0.32628440196837877,0.034134210593330896,0.12808202128414364,0.6084134876747063,1.2727922844425128,1
564,asym_3link,0.35,0,0.008811758195102035,0.00014766546643911097,0.013136480227629203,0.21966246499957306,4.773985136225962,0
565,large_6link,0.7,0,0.0021545573996818715,0.00010302857731830059,0.06533288826386405,0.2631781476087958,1.209628418965033,0
566,redundant_4link,1.0,0,0.0010487501274999242,0.0001333318394276869,0.03399812304273485,0.4857622508353464,4.96563015178669,0
567,short_2link,1.35,1,0.6162812240795605,0.004265510331391718,0.004269418458185863,0.039840102578190636,2097.814555178366,0
568,soft_5link,1.75,1,0.18319376489567096,0.043640364290724744,0.1340258195986789,0.6929581930515496,6.902583939203521,1
569,wide_2link,2.25,1,0.5542879175450884,0.08911145303541312,0.14972163309883163,0.45127191724540733,3.386114777317237,1
570,snake_6link,0.35,0,0.014171037404935886,0.0001408922108870662,0.00914505837037966,0.14524633856598065,5.725420087810805,0
571,heavy_3link,0.7,0,0.017664598073271462,0.00029540885747737306,0.01811858847357314,0.39789318397581547,4.876903522271076,0
572,teacher_2link,1.0,0,0.033199877868514985,0.0015139581679898863,0.006764803617764733,0.5808719877232261,28.02354939475737,0
573,long_4link,1.35,0,0.002495067823903545,0.0004452161613726156,0.05640548850479437,0.6167060518384406,15.996391853067127,0
574,long_2link,1.75,1,0.2610119251507957,0.05151650930818013,0.07075102992715922,0.7443009911297815,178.10060021355994,1
575,needle_5link,2.25,1,0.4458922329092877,0.05267418121977899,0.040406704504461474,0.47381743609431326,4.92621875643333,1
576,asym_3link,0.35,1,0.23953861688059655,0.0010810214788224551,0.0011215109709718386,0.045518889765928806,199.2954117292871,0
577,large_6link,0.7,0,0.004867597587856407,0.00023356279060391126,0.023681007714249604,0.26651491932811017,5.2761093076518,0
578,redundant_4link,1.0,0,0.015167590963670081,0.0004294098425660284,0.04081381301165069,0.5097572318732905,5.789551324402211,0
579,short_2link,1.35,1,0.13927703131324884,0.004888414999318921,0.022101610853435483,0.7552163131271836,6.55336079329485,1
580,soft_5link,1.75,1,0.2236045197129535,0.030443741465736533,0.17597092258034183,0.5994102212820106,2.993551023336265,1
581,wide_2link,2.25,1,0.3733079050742499,0.05966309217518871,0.2124618895344207,0.9957451481288764,2.762340081142221,1
582,snake_6link,0.35,0,0.0005992166511638215,2.8966846079300174e-05,0.013629163661980569,0.1568346078670011,8.781721994995479,0
583,heavy_3link,0.7,0,0.0015844157792482454,9.040406827094227e-05,0.07179772663289341,0.28271849929499004,1.8005101918253599,0
584,teacher_2link,1.0,0,0.14640899560637866,0.0014940775940593992,0.008129740626914123,0.5958900350337684,25.970839379810425,0
585,long_4link,1.35,1,0.2545342662403496,0.004248908696046558,0.004263630433844863,0.058385552896730586,940.0344371720738,0
586,long_2link,1.75,1,0.37046564500759155,0.06832895017804637,0.07907896806704037,0.7836607986024288,15.727420490829777,1
587,needle_5link,2.25,1,0.3425372743955425,0.0344988243709834,0.13018517400932092,0.6185598428956811,1.0872714426120798,1
588,asym_3link,0.35,0,0.0016275821240326687,4.485374688046515e-05,0.016650002853551202,0.17357904482593414,1.9960852686885582,0
589,large_6link,0.7,0,0.0006157210465491521,5.584952776092653e-05,0.01784784242067934,0.24721528836532325,3.9638862248828093,0
590,redundant_4link,1.0,0,0.0032241973966435707,0.00022397819125497372,0.058134651588128625,0.47700432305932966,3.0332075782966488,0
591,short_2link,1.35,1,0.03336418681335833,0.0030732756065493666,0.1142169607264434,0.8973608544367982,3.4269083982808795,1
592,soft_5link,1.75,1,0.2232275517898228,0.02448728072428352,0.15400522697068547,0.5978409754595071,1.9748706647146486,1
593,wide_2link,2.25,1,0.5483039690644659,0.08941657592788374,0.08267007731165936,0.4771536755113013,2.4594660856167003,1
594,snake_6link,0.35,0,0.0036428389856088678,0.00020195750454680324,0.0002832683545133746,0.15602714043464697,85.44928561185719,0
595,heavy_3link,0.7,0,0.002765129985215812,0.00020102527795626794,0.09436431927821717,0.2944203454753987,7.172131125051751,0
596,teacher_2link,1.0,0,0.0004381844024916527,6.634139343980677e-05,0.046499109245392606,0.7396104201865471,14.89426153132014,0
597,long_4link,1.35,1,0.11044066235221948,0.007312871177470501,0.06963915647978204,0.5383470877410893,1.8098623889113343,1
598,long_2link,1.75,1,0.4209557830206395,0.08705666010958986,0.06456330679792992,0.7443276520692189,5.859941120136463,1
599,needle_5link,2.25,1,0.4719743012775268,0.02893147367069991,0.07228871161443469,0.4885755021193772,3.8652991307776023,1
600,asym_3link,0.35,0,0.038798283361241644,0.0003810616012209365,0.010210371426208502,0.18818367984781434,14.217948207347659,0
601,large_6link,0.7,0,0.0010396743378394168,8.150552091158297e-05,0.09087860235488189,0.2575668135193606,3.286660326192565,0
602,redundant_4link,1.0,0,0.014049150296380245,0.0004564828980941324,0.02145429357645196,0.5253435682269769,6.301843659007063,0
603,short_2link,1.35,0,0.05766559910375719,0.0037847636359381875,0.0038560383440731766,0.5020748106921347,292.088955831702,0
604,soft_5link,1.75,1,0.10723765647291092,0.01780278656095403,0.07794222565101415,0.748715368814169,4.384353788957852,1
605,wide_2link,2.25,1,0.5268520719567407,0.06610939451691222,0.053015360468461815,0.9089492673589973,2.9425186911628476,1
606,snake_6link,0.35,0,0.0016763331668278587,7.562115822110369e-05,0.03107348628355226,0.1611464410188709,7.06569835168081,0
607,heavy_3link,0.7,0,0.0018505292210274583,0.00010586621400720579,0.0707278200265557,0.26968686802534747,2.1815002657258207,0
608,teacher_2link,1.0,0,0.005026242203674766,0.0006249313872823968,0.006221572957597347,0.6804118423399383,17.463061153231514,0
609,long_4link,1.35,1,0.23069230651123476,0.02835107798186723,0.09642626234739861,0.4083340873587002,3.9662042612714337,1
610,long_2link,1.75,1,0.2776584090980155,0.06018949053058166,0.19843445419533137,0.9034056226427027,4.68923079653523,1
611,needle_5link,2.25,1,0.30403721993398064,0.03281871849821798,0.16091471855632594,0.6752992700912698,1.6398411020433017,1
612,asym_3link,0.35,0,0.010691370893546371,0.00041023086095285033,0.0005757316711075887,0.17659418780425173,63.63215044977527,0
613,large_6link,0.7,0,0.012196934328713157,0.0003396370449090271,0.028901149495224425,0.25030013712798277,7.00374245118892,0
614,redundant_4link,1.0,0,0.001514973548939584,0.00018340423086205408,0.17450585834056664,0.5035251653300685,5.276150298140915,0
615,short_2link,1.35,1,0.0797791207120273,0.003675142148803666,0.025206642341785143,0.8323034250281681,5.561252619692927,1
616,soft_5link,1.75,1,0.13637159817000158,0.007848001506448848,0.04119670274672364,0.6951118236189271,5.847993241074433,1
617,wide_2link,2.25,1,0.5120355311304112,0.10163701377668816,0.14636262214493537,0.604477753550069,18.027698456515367,1
618,snake_6link,0.35,0,0.001309632993476652,5.221659795449393e-05,0.04763443061671909,0.15150295249033588,4.9268286686975005,0
619,heavy_3link,0.7,0,0.015638634011985852,0.0002930429762165149,0.017851196787996872,0.5186862907695803,4.744217354385422,0
620,teacher_2link,1.0,0,0.005952684438042302,0.0002946801337619219,0.030928554310947338,0.6588441158876256,3.9563777206102104,0
621,long_4link,1.35,0,0.055893016435645,0.003343273685380607,0.0049156975383263316,0.4485394602049165,64.90397746650665,0
622,long_2link,1.75,1,0.3660411472655971,0.06466940061461236,0.19541457021760353,0.7966685718213945,10.693412975519013,1
623,needle_5link,2.25,1,0.36128034195118724,0.03908397178041723,0.11836780074121393,0.6839238973024395,2.692267332106481,1
624,asym_3link,0.35,0,0.005486195692250034,0.00010312954456001025,0.012995538822380968,0.1874810169034153,3.3779244395374595,0
625,large_6link,0.7,0,0.0034138182344095928,0.00012943793352365726,0.031091685363278436,0.2391226038655379,1.5297711999111567,0
626,redundant_4link,1.0,0,0.004457957820374924,0.0003203071543519131,0.029266572369358684,0.48288479960094804,5.120013011584153,0
627,short_2link,1.35,1,0.24977240513335347,0.029079882908531595,0.1419892453789989,0.809549211513313,5.846400526507507,1
628,soft_5link,1.75,1,0.1666142773048988,0.035003202159268894,0.04488953301494681,0.6666723998875936,9.36329969262941,1
629,wide_2link,2.25,1,0.5389606792349876,0.05590578073179666,0.0640843323809112,0.9032497359184202,1.8838132314931064,1
630,snake_6link,0.35,0,0.008273119590330455,0.000405391576711529,0.0007835948852833564,0.15011594956199886,54.23591042262066,0
631,heavy_3link,0.7,0,0.0016404595191393426,0.00011407406190824251,0.025356954549585937,0.2872903179713023,3.7915202365752716,0
632,teacher_2link,1.0,0,0.030555647854558086,0.0007971524218519954,0.029723475828633952,0.6434617172721179,12.548904880871403,0
633,long_4link,1.35,0,0.0011498043235380658,0.0002038107600107473,0.14255406172139282,0.5814187705970266,8.876232402633914,0
634,long_2link,1.75,1,0.40944153479273876,0.07906484864976172,0.25140716786161765,0.758192751209244,2.921600542562852,1
635,needle_5link,2.25,1,0.25245226473265603,0.027635300982755646,0.14845662112767846,0.7166229808957366,2.667165091151421,1
636,asym_3link,0.35,0,0.0036061405693121685,0.00013758801427852016,0.027867160133244567,0.17570361117107325,12.282453183977578,0
637,large_6link,0.7,0,0.00920736104248433,0.0002553224498935692,0.024667223076346893,0.24932141722315582,5.3321491722716114,0
638,redundant_4link,1.0,0,0.0030866825652551993,0.00033875700919762706,0.0252597422997509,0.46226950974996767,7.968452783228286,0
639,short_2link,1.35,1,0.202598707707627,0.02833344890855634,0.027170845535565882,0.8217348806963932,284.4396622390114,1
640,soft_5link,1.75,1,0.1501572239001806,0.013543303040503505,0.06689266246464486,0.6854939866102622,3.0199644821548004,1
641,wide_2link,2.25,1,0.5348570809099313,0.09053218953194062,0.08595561043116041,0.5270148245877103,2.679150069912752,1
642,snake_6link,0.35,0,0.001782790800913513,5.1192782764797384e-05,0.03462362097853541,0.15875479720301786,2.326932279560671,0
643,heavy_3link,0.7,0,0.002262814645156349,0.0001070173195670361,0.02653622613973378,0.2990835950557338,1.5188745116210747,0
644,teacher_2link,1.0,0,0.0005711402375063419,7.574371943700481e-05,0.0733195417316126,0.7389559888555005,4.512622248252652,0
645,long_4link,1.35,1,0.041088570520729034,0.0032128851207483262,0.07977004452596499,0.6850390231995798,1.8472492351854588,1
646,long_2link,1.75,1,0.4185506854324496,0.09325822951963107,0.15535012609761129,0.7418596333458379,14.199247041972322,1
647,needle_5link,2.25,1,0.49996017059448605,0.06977041676972832,0.10855055783883495,0.3250460780739613,3.2335917031249055,1
648,asym_3link,0.35,0,0.021986654350848445,0.0007077082874403594,0.0007460225230850706,0.13049895892964394,174.33170786279447,0
649,large_6link,0.7,0,0.0020186846616660507,0.00013444844955488584,0.023091898545885253,0.2766927970737065,3.3691907150866283,0
650,redundant_4link,1.0,0,0.0015878049712331965,0.0001991712758654137,0.019673340302789666,0.4779384771385562,6.252283040039612,0
651,short_2link,1.35,1,0.20563620288748613,0.015175404284832912,0.01734105105252693,0.6332189652741049,10.79270946900926,1
652,soft_5link,1.75,1,0.27024815910062955,0.021244081657652413,0.030690668081100568,0.5512564047895734,8.349149183848834,1
653,wide_2link,2.25,1,0.5552301375115902,0.05131974831733404,0.1339891691362986,0.8948903052354121,2.3969256160712344,1
654,snake_6link,0.35,0,0.0009282738856674294,4.071083765817898e-05,0.02573965372376747,0.16053922277698982,3.759368315780346,0
655,heavy_3link,0.7,0,0.0072096361562512794,0.0005524748873500263,0.05806255315888579,0.2586325978398247,26.073333447984794,0
656,teacher_2link,1.0,0,0.004603072253553307,0.0005918493323744944,0.0063427397827502,0.7337334766392258,17.85743810414891,0
657,long_4link,1.35,0,0.058919705129029526,0.0036382902715585514,0.004496669101760039,0.32821592146515305,92.34369023614575,0
658,long_2link,1.75,1,0.3751444043898818,0.06279973526462629,0.19754498824326097,0.74634394263013,6.350355023012191,1
659,needle_5link,2.25,1,0.331266793379328,0.03563039446627492,0.06865692805882827,0.5836720221838251,2.3804971114548983,1
660,asym_3link,0.35,0,0.006148476016118305,0.000123680348435695,0.014089346180055966,0.20761916487187324,4.1904584442781765,0
661,large_6link,0.7,0,0.001294615777970085,8.660268210218038e-05,0.07366686789293185,0.24115492025298849,2.7263541052069318,0
662,redundant_4link,1.0,0,0.0017835778440331335,0.00015051487182348269,0.03796866896337973,0.4822060892384295,2.152712115880054,0
663,short_2link,1.35,1,0.056263552455568175,0.00744312093949396,0.08687005593139077,0.924226650720267,15.542806870765988,1
664,soft_5link,1.75,1,0.02395366436499638,0.004475147934310028,0.16129479529836213,0.7919752145848794,8.995777399385018,1
665,wide_2link,2.25,1,0.5256286798021736,0.07053224438569962,0.04467968934208444,0.9075970238172699,5.746500381986209,1
666,snake_6link,0.35,0,0.02166872491211899,0.0007798194760698598,0.0009530776811261948,0.11395779922509801,113.17641080680032,0
667,heavy_3link,0.7,0,0.0063057793885922244,0.000444338687686178,0.04390683257171639,0.38123882278693505,14.603211479359354,0
668,teacher_2link,1.0,0,0.005861960951730315,0.000799267359378479,0.08643753723538275,0.6868847938774447,32.05442685632581,0
669,long_4link,1.35,0,0.0041078209246151465,0.000350455806341883,0.03987674699116292,0.6888825354993272,3.3436116882227296,0
670,long_2link,1.75,1,0.23720630527472836,0.05387279030368651,0.07937531785257887,0.9478184521823624,7.107117021343746,1
671,needle_5link,2.25,1,0.4556873848273721,0.07920802008610849,0.11184457413308553,0.3236896810862322,3.1121272300535887,1
672,asym_3link,0.35,0,0.0013772048721491254,4.135444358788691e-05,0.014288382907407964,0.1845822714706622,2.1089845113071806,0
673,large_6link,0.7,0,0.0009204218803577366,7.296795248664153e-05,0.04116499755004691,0.2350653349953176,4.114617422303125,0
674,redundant_4link,1.0,0,0.0038676463993507,0.0003127985477417114,0.057773447185476695,0.48003195791220954,4.954724450950023,0
675,short_2link,1.35,1,0.1428721333487008,0.019329799288690934,0.022661960218920252,0.8422823420823149,140.64842234249957,1
676,soft_5link,1.75,1,0.23651417047821804,0.04553694776371894,0.3081975394945728,0.6547391231628094,3.3247424204015688,1
677,wide_2link,2.25,1,0.5558446775087237,0.05008866470088342,0.14790528212172144,0.8945745822965502,2.5053834538988897,1
678,snake_6link,0.35,0,0.0031878307311561035,0.00014135836706801833,0.029094000872733648,0.15263403423553648,11.960308296819827,0
679,heavy_3link,0.7,0,0.007816190065526678,0.0002011609684678108,0.024302091901128597,0.38338753846538204,3.0175982677523354,0
680,teacher_2link,1.0,0,0.00743625635677866,0.0005684302237452507,0.044055881157900094,0.7043823747440826,10.000026633510219,0
681,long_4link,1.35,1,0.186161812554498,0.01623370868744671,0.04418470259586852,0.49354041486201955,3.6788488780299393,1
682,long_2link,1.75,1,0.36451755200961566,0.05724014062379227,0.1603994898131654,0.7640602023673013,3.6164475555257827,1
683,needle_5link,2.25,1,0.3532274504161976,0.019913655056422366,0.08082592558738075,0.6264521856449904,2.9926135264745657,1
684,asym_3link,0.35,0,0.09596601778962208,0.0008484875617702478,0.001385387625809756,0.11516325365203785,48.39750894971449,0
685,large_6link,0.7,0,0.0016516121644364094,0.00011155671560041524,0.03669327936082853,0.22208562473846513,3.1990943621512953,0
686,redundant_4link,1.0,0,0.0017407526211822833,0.00020466855606398357,0.03531794164778779,0.5053598558974862,6.419508633595677,0
687,short_2link,1.35,1,0.18217321898135916,0.015250522856576224,0.05476410320181071,0.6961012346201169,5.023209108140137,1
688,soft_5link,1.75,1,0.24798342002218068,0.028753000835149648,0.1454315451058803,0.6342893825399879,1.7109416406653082,1
689,wide_2link,2.25,1,0.5404652608220651,0.09769468020644569,0.09077787832878167,0.5061198653248064,3.801033242820954,1
690,snake_6link,0.35,0,0.002873164200319007,0.00011590768949916099,0.011122282708628075,0.14866794121371243,8.0320191182393,0
691,heavy_3link,0.7,0,0.027830109425461456,0.0016052291392041702,0.04418015221866139,0.2098329181466622,188.53890327239156,0
692,teacher_2link,1.0,0,0.0006190854031672965,7.916432511944133e-05,0.18398986506030873,0.7423614186920882,3.9728770008776437,0
693,long_4link,1.35,1,0.0814595511130328,0.015401786194062718,0.008922177973471772,0.5101806767745338,82.68517783731869,1
694,long_2link,1.75,1,0.1181226229855683,0.01704737074697065,0.11823960503210482,0.7489376430908165,101.45507993267307,1
695,needle_5link,2.25,1,0.2302550603471141,0.017525833061733605,0.12874955980477787,0.5968033950669205,3.3515552616164164,1
696,asym_3link,0.35,0,0.0030937655586842925,0.00010943307062238799,0.01304264472617934,0.18973889354318205,7.502335072356663,0
697,large_6link,0.7,0,0.003145876749309739,0.0001257298504721185,0.037402936338330334,0.2436316942290738,1.886355012942556,0
698,redundant_4link,1.0,0,0.00081478809412204,0.00010470606050464757,0.10627607236762794,0.48908500248083836,4.8525435537828265,0
699,short_2link,1.35,1,0.24976217605338943,0.008665141683686078,0.04267315648214939,0.6150149449444399,3.113712796758011,1
700,soft_5link,1.75,1,0.09070318431144785,0.008470621408258236,0.09288351740140902,0.7011988296961124,2.299292455018697,1
701,wide_2link,2.25,1,0.42309476940026197,0.024910776433378707,0.03684884232489108,0.9669645601961651,5.254952464356419,1
702,snake_6link,0.35,0,0.05243089007539609,0.0009792548101994487,0.0011190129178128665,0.06575116745428937,137.1863928294712,0
703,heavy_3link,0.7,0,0.004322569234992323,0.00022455192502975082,0.02455498963953909,0.47510030287150173,4.642218555853836,0
704,teacher_2link,1.0,0,0.0022174012192570456,0.00032127980999558243,0.05089910585596021,0.745675628803826,16.842579860695643,0
705,long_4link,1.35,1,0.15532438354032577,0.019770167114038954,0.09284960610216719,0.46018448990110333,3.5381560667903127,1
706,long_2link,1.75,1,0.4255207975163244,0.0734032091592054,0.062346008141725535,0.7404950818248325,2.766409014482736,1
707,needle_5link,2.25,1,0.41619726134566837,0.051029464851798705,0.1356295026837682,0.4802085277516878,1.6995376380988099,1
708,asym_3link,0.35,0,0.0037937085633356475,6.872596694668685e-05,0.024026314593529982,0.17523247655604013,1.2008856768971383,0
709,large_6link,0.7,0,0.0015254413058075512,0.0001381922792995409,0.0249827466665093,0.26596418999591676,6.60914245714461,0
710,redundant_4link,1.0,0,0.009485448888324317,0.0007465233347098094,0.10611789075155675,0.4916339314209572,13.782939344481276,0
711,short_2link,1.35,1,0.09592611699940423,0.011614965946390466,0.008693254278609161,0.8155834589686094,255.0876571312867,1
712,soft_5link,1.75,1,0.27036985324830487,0.04721650760226744,0.038574075256213786,0.5975262406638248,9.20540027658837,1
713,wide_2link,2.25,1,0.47690289841686345,0.082105747072634,0.08652726736644897,0.7139939622392247,2.952117327735069,1
714,snake_6link,0.35,0,0.0018943758899732496,6.617100553769402e-05,0.033535323365987274,0.1515403011666997,4.556853605208146,0
715,heavy_3link,0.7,0,0.006284565066808002,0.00020252354497235313,0.022154045211645105,0.36481414198549766,3.167003254637774,0
716,teacher_2link,1.0,0,0.0007854231814689096,0.00011666054902469148,0.008648608118726912,0.7318124736029021,11.395534132631896,0
717,long_4link,1.35,1,0.05757850339227753,0.004262598949077912,0.056877245445752435,0.5891913250804891,3.285571953582263,1
718,long_2link,1.75,1,0.38136040807136495,0.025909735869414446,0.07615481390712998,0.7445096801923483,2.858704033216182,1
719,needle_5link,2.25,1,0.5227462110974435,0.06294693573049534,0.18056851522337758,0.28344034033342935,2.677159676801311,1
720,asym_3link,0.35,0,0.0025646234646050474,0.00010862300101084488,0.0001200788596755744,0.1753545115697767,141.22546670136626,0
721,large_6link,0.7,0,0.017162516640763025,0.0003700476013953363,0.012955128337312887,0.26490665924380125,7.621514938363455,0
722,redundant_4link,1.0,0,0.0021920627837659344,0.00027924211467360836,0.028704253520845872,0.4712609822045816,8.087518759100481,0
723,short_2link,1.35,1,0.15771777862164532,0.008776024280962847,0.050793684436939684,0.60504774224248,20.08483827150914,1
724,soft_5link,1.75,1,0.24069509415090118,0.02005558584299314,0.1200959209669291,0.5771995959133084,3.2545772053483426,1
725,wide_2link,2.25,1,0.4779025434207888,0.08294995719114803,0.08727887659206753,0.7110034641495697,3.0452282758815628,1
726,snake_6link,0.35,0,0.004278630760259706,9.141354240357286e-05,0.011274203753282827,0.15373593081499598,3.0610422556597787,0
727,heavy_3link,0.7,0,0.04279807797998317,0.0006732424019623863,0.0072971911404949,0.5148571548460807,12.299598402006216,0
728,teacher_2link,1.0,0,0.0007865848370497878,0.00011880262318635052,0.12046246722435514,0.744006963316452,16.196559476350583,0
729,long_4link,1.35,0,0.01620754883068788,0.0024729754703596623,0.00262643082489115,0.48159195747100103,179.21794539091673,0
730,long_2link,1.75,1,0.3751452431307883,0.06556627989249163,0.07580019125584585,0.7921736260558119,6.7263407528563555,1
731,needle_5link,2.25,1,0.4364359983050907,0.06879199349807423,0.1331678353393888,0.34757084821207146,2.166578871153216,1
732,asym_3link,0.35,0,0.02708408445914384,0.00040931919142219185,0.003110469360062466,0.1750387606099466,16.40603620059728,0
733,large_6link,0.7,0,0.004963012076785655,0.000185551363844613,0.03176281498250049,0.24905171001212384,2.4796770001951765,0
734,redundant_4link,1.0,0,0.0031975764249658435,0.0002987922925564414,0.04601920571515273,0.485760455812988,5.44433894315858,0
735,short_2link,1.35,1,0.10939272711952491,0.009560843434869825,0.0953633929149307,0.798195403902213,3.606311078045791,1
736,soft_5link,1.75,1,0.013215365482656756,0.0012154456680871734,0.12417044294178825,0.7877316734676075,4.006851116889929,1
737,wide_2link,2.25,1,0.5247070683271027,0.06816377600504823,0.1058704523281783,0.5617460554516284,2.226340161983151,1
738,snake_6link,0.35,0,0.017492134977846498,0.000725062547079745,0.000789585795060186,0.12104768937754036,172.3371980267384,0
739,heavy_3link,0.7,0,0.005082526345814805,0.00020364013168767974,0.018611019970492193,0.40074305015501344,3.248402761798136,0
740,teacher_2link,1.0,0,0.025520564559987212,0.0015223537729160768,0.00558168521548984,0.5808973691085672,29.65141835815433,0
741,long_4link,1.35,0,0.010691233496129557,0.0005308510618002715,0.07244903423902493,0.6623402078269903,4.820967309287059,0
742,long_2link,1.75,1,0.3964143775950268,0.0847630352342435,0.0831845836870823,0.7723800568024978,3.7986605274969008,1
743,needle_5link,2.25,1,0.36977050242410203,0.0485427120400734,0.05715572919207786,0.49369790267088215,3.3130753298591054,1
744,asym_3link,0.35,0,0.005141177424338483,8.862047251966648e-05,0.012732271507311058,0.205156474147204,2.5395056256747797,0
745,large_6link,0.7,0,0.0014724786812217788,0.00011142933162303617,0.04414649659087668,0.2667876847070861,3.7711894237172694,0
746,redundant_4link,1.0,0,0.003486802791702295,0.00025624966347281717,0.04825023000658263,0.49935976252854775,3.546146674980809,0
747,short_2link,1.35,0,0.030433034487543198,0.0030493063232269737,0.0031363838320162527,0.7229585372726897,200.85187118287374,0
748,soft_5link,1.75,1,0.2781294100425338,0.04341074274451581,0.24236017367382062,0.596106796479219,5.014595174221222,1
749,wide_2link,2.25,1,0.45834470851462045,0.04693779350239733,0.08616114455204339,0.7292559814253174,7.904165265539177,1
750,snake_6link,0.35,0,0.0012226910356927922,5.4262595737345966e-05,0.008249715579644165,0.15171179319505398,5.117864930419961,0
751,heavy_3link,0.7,0,0.005302239425324358,0.00027316298691025515,0.017040675464507545,0.45659737808023376,5.702792851870513,0
752,teacher_2link,1.0,0,0.000564094612570839,7.716121699190349e-05,0.13250589552960193,0.736179857859604,5.20781508372429,0
753,long_4link,1.35,0,0.0030199250359999666,0.00030239512819946434,0.04239049921868535,0.6711241520044094,3.0617955090030238,0
754,long_2link,1.75,1,0.4146500356419024,0.019678949507270126,0.03544489857666007,0.6961807347174626,7.101161652891894,1
755,needle_5link,2.25,1,0.4458161688304267,0.03674282051348231,0.05080477330922681,0.44780159157958194,2.8615722476262753,1
756,asym_3link,0.35,1,0.2084515050950103,0.0009834140307597421,0.0012314941300277096,0.08418019003217196,76.529385569635,0
757,large_6link,0.7,0,0.0007974881100778516,7.365538088478374e-05,0.03659429355724361,0.2262133423646045,4.8069232714687375,0
758,redundant_4link,1.0,0,0.007196367073808257,0.0003485110287847032,0.026363432408411703,0.533888641008093,4.791736568505462,0
759,short_2link,1.35,0,0.01791678008773019,0.00120451756008595,0.01574701670182115,0.9245803459877245,11.064498965529529,0
760,soft_5link,1.75,1,0.16962417528321833,0.01117693066700518,0.06547560637322405,0.6717650435653229,1.5497514223783861,1
761,wide_2link,2.25,1,0.5165669317769542,0.06686425105915503,0.05027332303158538,0.5838859932738321,3.7496600760676806,1
762,snake_6link,0.35,0,0.001250505197119361,4.352540498574937e-05,0.05433467559170908,0.1514105321444123,3.1039761217022868,0
763,heavy_3link,0.7,0,0.001206166778278262,7.88230751937517e-05,0.07142780930540404,0.2861659422327189,2.2963646710138725,0
764,teacher_2link,1.0,0,0.006169443390219405,0.0002484851018987747,0.04811400882451999,0.6705011189488136,2.770550332445204,0
765,long_4link,1.35,0,0.045201133319327076,0.0036383864302940187,0.004119065881638195,0.3029497326388601,123.15809483170509,0
766,long_2link,1.75,1,0.3805724261211158,0.009039115832911893,0.018598226813425565,0.752633953866245,14.296985530782184,1
767,needle_5link,2.25,1,0.4525502117177344,0.035991048578747846,0.085499397350254,0.46555688318111466,1.537028911129132,1
768,asym_3link,0.35,0,0.0014116412530367371,4.5637591715890665e-05,0.04197351034842063,0.17685465810010173,3.8195579427531747,0
769,large_6link,0.7,0,0.001682569110362788,0.00012155247980631601,0.035740096966199446,0.27088651903394306,3.6326951443235957,0
770,redundant_4link,1.0,0,0.0026694901459588965,0.00027658958737230167,0.030647554639338898,0.49806078791223185,5.740284229760784,0
771,short_2link,1.35,1,0.24891775546430706,0.027657170193788824,0.03450315795090604,0.8114502735686553,3.681552467836657,1
772,soft_5link,1.75,1,0.21911953056819156,0.03203426759616511,0.21680281348586705,0.6701517232096982,2.1251833236989137,1
773,wide_2link,2.25,1,0.5233840889179157,0.09353185364481797,0.1754643234725282,0.5669647542343755,3.336525192345512,1
774,snake_6link,0.35,0,0.03484883650575688,0.0009495000892679476,0.0009932617717535014,0.07998081466908193,238.65682787723742,0
775,heavy_3link,0.7,0,0.01799140887930469,0.000297026446722732,0.02221277649504353,0.5374896076422856,4.586738356007426,0
776,teacher_2link,1.0,0,0.08423907308885718,0.0009402911752575234,0.0108790041036784,0.6434316675838526,14.912216400006288,0
777,long_4link,1.35,0,0.0016912806866412492,0.0002401685932088772,0.03586358613183965,0.6468775747916676,3.797188736519214,0
778,long_2link,1.75,1,0.3969583873512957,0.10101609774849736,0.1354651335399721,0.7716767318781437,15.164837263309684,1
779,needle_5link,2.25,1,0.2639839006879092,0.015357656439993334,0.08186987318265451,0.5856184436753897,3.6947541344825656,1
780,asym_3link,0.35,0,0.036362302062228305,0.0002135708468000418,0.006812529883617193,0.22720197691757635,6.905754857201426,0
781,large_6link,0.7,0,0.004516905509250766,0.00015006605351829878,0.033353104838179305,0.2522687310613267,1.802009489215141,0
782,redundant_4link,1.0,0,0.027424245610778452,0.0007131619589014473,0.018895243354140633,0.5148495009140677,10.950971729152343,0
783,short_2link,1.35,1,0.18764024649097366,0.025484061148195163,0.023164721814888437,0.8177113368016061,188.7493445831141,1
784,soft_5link,1.75,1,0.2920400350334633,0.02151721505463283,0.09805560175443541,0.5893699773262027,2.7841983358795312,1
785,wide_2link,2.25,1,0.5361249675433666,0.08391060525077945,0.08699661846399198,0.5227595206670995,2.1079636435309026,1
786,snake_6link,0.35,0,0.0080636205012779,0.00010763757089400565,0.011465238549247076,0.14407605873897605,2.243076015300366,0
787,heavy_3link,0.7,0,0.0051540153653140235,0.00027826278948559765,0.01008609583512379,0.47950597055858385,6.107046369796028,0
788,teacher_2link,1.0,0,0.0015130400386875037,0.0002319100557219813,0.003924042094990722,0.7363597941014325,110.19315422333949,0
789,long_4link,1.35,0,0.005953852707921485,0.00033108683843829874,0.057226463461819595,0.6765117413283801,2.741848203037115,0
790,long_2link,1.75,1,0.3552026763066064,0.02099484870753267,0.054394562542941664,0.7807899450010972,4.256877884702067,1
791,needle_5link,2.25,1,0.2575991132821154,0.010920624523618656,0.03309483533123301,0.8669556175409421,5.640666852621276,1
792,asym_3link,0.35,0,0.01339883533302461,0.0005006457304567904,0.0005631781518030603,0.16671835903009766,109.38168354827552,0
793,large_6link,0.7,0,0.003989445432871993,0.00014944942422505454,0.038862207828212786,0.2484066222992274,1.7023540249758795,0
794,redundant_4link,1.0,0,0.0009098719304923151,0.0001223135696208789,0.0520201855566584,0.47780858243566526,6.764259974470532,0
795,short_2link,1.35,1,0.06887086381327844,0.00884717570829732,0.09905423747476097,0.9211682241868252,8.584533164313791,1
796,soft_5link,1.75,1,0.3706097108291574,0.09073017851224419,0.3561624023294124,0.5422423627301771,6.193612370456065,1
797,wide_2link,2.25,1,0.48673642682069085,0.020145190516986027,0.041189540578973775,0.934146205709391,5.324327611718713,1
798,snake_6link,0.35,0,0.0007790118432916964,3.320047096510598e-05,0.011492194661074307,0.15936188604190976,3.5479546196922254,0
799,heavy_3link,0.7,0,0.0020047601544311085,0.00010614505472264091,0.04352809854906498,0.34161486499686855,1.8793769962153906,0
800,teacher_2link,1.0,0,0.0036138749069283727,0.0003109829361388559,0.0336761846748185,0.7215876152234117,5.37699652862349,0
801,long_4link,1.35,1,0.6341511735333312,0.0034288760708769644,0.005315017571134034,0.417728238852348,60.0023441113931,0
802,long_2link,1.75,1,0.4046228097454592,0.0764599665156936,0.05162433528547535,0.7617495114997492,5.423430579977248,1
803,needle_5link,2.25,1,0.27807346691683044,0.021791467793813482,0.10260452078492405,0.6462022138780571,2.312634368449732,1
804,asym_3link,0.35,0,0.003921966479556839,7.45077080668508e-05,0.01576582392526778,0.18339258932829197,1.883700346526839,0
805,large_6link,0.7,0,0.003927816648611258,0.0002277544514714873,0.07836059274458754,0.2947181030754174,5.305433639663534,0
806,redundant_4link,1.0,0,0.013909178122385811,0.0004191606126766686,0.024435908520067766,0.49440765897470795,6.001352319236938,0
807,short_2link,1.35,1,0.2550170792064744,0.02723100383356586,0.1441390307866853,0.8078099707838297,3.414905834858224,1
808,soft_5link,1.75,1,0.05707201853443067,0.006494446284900213,0.17494489658034304,0.7532669771867125,3.7812616753313293,1
809,wide_2link,2.25,1,0.5159350853417792,0.031195495318473522,0.06293613532552526,0.9168225020560395,2.8900898509107114,1
810,snake_6link,0.35,0,0.010329993823240718,0.000515848651869359,0.0005409817621722892,0.13792620388094193,247.5854103184233,0
811,heavy_3link,0.7,0,0.001461127154488763,0.00010249462387047515,0.012267273082426668,0.2929912648247668,4.297733355343601,0
812,teacher_2link,1.0,0,0.013185415429455958,0.001697936837507603,0.04612628264507269,0.6290808266509414,251.32921117505057,0
813,long_4link,1.35,1,0.20207653652428417,0.031476468537534004,0.030948544370912573,0.4217313573624166,4.157781761932216,1
814,long_2link,1.75,1,0.4255277405672453,0.07331162627377318,0.18197384039118591,0.7404900617933224,2.7579446355922332,1
815,needle_5link,2.25,1,0.30156694644791965,0.0567332384184394,0.15511873549291388,0.5473291053558598,4.402153987800414,1
816,asym_3link,0.35,0,0.004456046088044434,8.445592227325092e-05,0.01797212152501988,0.18468483300953,2.468022378855824,0
817,large_6link,0.7,0,0.0014801901884763386,8.522113364675878e-05,0.05824995467565755,0.25242039471602984,1.418575330024774,0
818,redundant_4link,1.0,0,0.003889475354653172,0.00031904541221233946,0.09649146215675551,0.5136812296263373,5.280565110311831,0
819,short_2link,1.35,1,0.3278514956157388,0.004156519137221302,0.004355222088463061,0.18298585819121518,155.49748718525586,0
820,soft_5link,1.75,1,0.29027047858100374,0.03337375993523966,0.04481471364822312,0.5325368249318337,5.080638974127444,1
821,wide_2link,2.25,1,0.45059631894418944,0.06808651637741561,0.18398711582374702,0.951542722863889,2.896926192235965,1
822,snake_6link,0.35,0,0.0011728920622097127,4.6268802950825416e-05,0.011009037254416675,0.15133604981547094,3.919002899767105,0
823,heavy_3link,0.7,0,0.009460974120966659,0.00026305570516963356,0.023025796618935924,0.3404227786224723,4.261333628740542,0
824,teacher_2link,1.0,0,0.0037441788109625613,0.0004926123252365194,0.005707438575038353,0.7388032918274372,15.662619716930312,0
825,long_4link,1.35,1,0.101771217180508,0.0161732896521574,0.029272150841913588,0.49090122563975663,4.4245638303645,1
826,long_2link,1.75,1,0.4269398318405786,0.043147980420867586,0.06366608331845686,0.6777539380461014,3.2634496444594987,1
827,needle_5link,2.25,1,0.5211719509963302,0.04563794305461454,0.033418751590738226,0.28323811773290364,5.521160625058758,1
828,asym_3link,0.35,0,0.011389727527199493,0.0004432931080427716,0.0004549572324089325,0.1651530258695013,241.325960615825,0
829,large_6link,0.7,0,0.001024047315370878,9.032585653176526e-05,0.057339993707109134,0.24742421211980664,5.565776492348675,0
830,redundant_4link,1.0,0,0.00240478122863631,0.00035985177661047884,0.0028906663937651052,0.47906511543429703,27.23988697908691,0
831,short_2link,1.35,1,0.18859481445839457,0.026893077512954014,0.03002267556578521,0.8411722553246113,65.69720425418694,1
832,soft_5link,1.75,1,0.32477001532554933,0.0736836941653516,0.0986194681960335,0.5803598781156286,6.984413621932427,1
833,wide_2link,2.25,1,0.5551013755548609,0.08909048568783605,0.07651610162649554,0.44878675052956435,3.0859497818322765,1
834,snake_6link,0.35,0,0.022434046473138253,0.00016579573220561574,0.00929741509102056,0.1312857085085179,6.069479426491443,0
835,heavy_3link,0.7,0,0.01028885551504181,0.00025829378205073183,0.029204001770051627,0.38006096288802543,3.9206749966412984,0
836,teacher_2link,1.0,0,0.0005951275742955903,8.565169452558789e-05,0.11808521610935802,0.7446363455905061,7.339182638209946,0
837,long_4link,1.35,0,0.04290583044117452,0.0032287156495296957,0.0047638384396287555,0.34910682265574217,64.54356665264086,0
838,long_2link,1.75,1,0.39884583432745924,0.08587502670624672,0.08371909485975618,0.7697165704325529,3.88964606513597,1
839,needle_5link,2.25,1,0.4077488268829699,0.062016345083896786,0.11912069166547107,0.5584830214506935,4.5448640255435055,1
840,asym_3link,0.35,0,0.003677972461108072,0.00011355018617965112,0.005795841820080952,0.1716535159998957,5.796473678624593,0
841,large_6link,0.7,0,0.0005703790121857963,5.287030752733179e-05,0.11922548626028882,0.24068373578774627,4.756504178793369,0
842,redundant_4link,1.0,0,0.0009564895553825432,0.00010252161412322978,0.047379472864444626,0.47771778905482576,3.608829865731374,0
843,short_2link,1.35,0,0.03325946979003846,0.0025628406676933848,0.005361743609355879,0.8149519793301476,34.0022838598476,0
844,soft_5link,1.75,1,0.3440849157715803,0.061928136367244244,0.15312247213063993,0.55099641538636,4.236409673526861,1
845,wide_2link,2.25,1,0.5168014660903668,0.10260261574234107,0.13860203607883753,0.5877371349789806,23.27867450875734,1
846,snake_6link,0.35,0,0.01056948999123377,0.0005235053790531854,0.0005597762608311575,0.14040878783721797,195.23787175171583,0
847,heavy_3link,0.7,0,0.0029165139538889517,0.00013195675576045012,0.03488738400198247,0.2810081565121696,1.9492592101647788,0
848,teacher_2link,1.0,0,0.0027503081475692727,0.00021557552597520506,0.04120564816425723,0.7238429665072768,3.1336568325637337,0
849,long_4link,1.35,1,0.07570173347610494,0.007404256121592471,0.11018040460102528,0.5812430388028142,1.6759417135571324,1
850,long_2link,1.75,1,0.41448285072914653,0.053063429072217984,0.17432224004125238,0.6928757503822073,4.907021500514253,1
851,needle_5link,2.25,1,0.35235420140796664,0.033343078340309945,0.10316292126297863,0.557897938536582,1.8265581732700846,1
852,asym_3link,0.35,0,0.003888960788269371,8.119431447651615e-05,0.016470322386308835,0.2083589600993892,2.498111400157708,0
853,large_6link,0.7,0,0.01355463112436619,0.0002658446383662913,0.02048869895436096,0.2841555525652265,4.610617400364714,0
854,redundant_4link,1.0,0,0.0011191606626328608,0.00016442434147539045,0.05786803226655468,0.48422971749109484,11.187757371779218,0
855,short_2link,1.35,0,0.057472101793285976,0.0037153776701621326,0.003941533054897139,0.47495825386829627,139.06774641912298,0
856,soft_5link,1.75,1,0.1630994209198835,0.023315978565535776,0.12528601305657694,0.6374819272485881,3.6308005005278305,1
857,wide_2link,2.25,1,0.5554636151465846,0.04481398699550763,0.09688586547610742,0.8951134476463799,2.3699054081030804,1
858,snake_6link,0.35,0,0.0027569917182164944,7.661972829347574e-05,0.013609131739159112,0.15333799542435747,3.2024856415071894,0
859,heavy_3link,0.7,0,0.019128560136354212,0.00031277213880232955,0.021429561722626573,0.3707182084293549,4.937354663969068,0
860,teacher_2link,1.0,0,0.0012265521482280458,0.00015161978564971597,0.02022724587088459,0.7100845049913548,4.656013942203953,0
861,long_4link,1.35,0,0.00333708952803622,0.0002575008528890236,0.06427282773195811,0.6402914209127883,1.6089739835060524,0
862,long_2link,1.75,1,0.41443103748467147,0.047494073196512096,0.022483763829057812,0.6809750136901496,10.363031958528698,1
863,needle_5link,2.25,1,0.3977272275119881,0.029866616942599455,0.07479105089108633,0.4672500878659746,2.170437079483746,1
864,asym_3link,0.35,0,0.08410521673048534,0.0009069796493029524,0.001265838028476445,0.12284900222002013,61.14590552387908,0
865,large_6link,0.7,0,0.0013106271394208308,0.00011679808250626614,0.014926356339909727,0.227079652261036,5.862174420570203,0
866,redundant_4link,1.0,0,0.006442774082890691,0.0003851922108608143,0.06484439366230807,0.5223758674524063,5.6322673218422326,0
867,short_2link,1.35,0,0.06311043021506,0.002601806819552991,0.016938831625356768,0.7301590791155517,27.799454614002936,0
868,soft_5link,1.75,1,0.3248780359476103,0.08699779844647708,0.12896217620920405,0.5767981425675904,8.29971230337157,1
869,wide_2link,2.25,1,0.5209383015285347,0.06080403392062178,0.07960743351824595,0.912514924348251,2.099023302674228,1
870,snake_6link,0.35,0,0.003938906166192994,0.00010504097951910981,0.03594856890412635,0.13831066680742984,4.426894040827608,0
871,heavy_3link,0.7,0,0.003862125297351775,0.0001381781898211216,0.035677148981976006,0.3941280026226596,1.1896814013948724,0
872,teacher_2link,1.0,0,0.0009094945780739255,0.00013617049526793508,0.0901198563773025,0.7314118786386558,13.963844409205972,0
873,long_4link,1.35,0,0.011122371963844588,0.0018822184012854167,0.002029982564861462,0.505492308821583,168.57907318799238,0
874,long_2link,1.75,1,0.3892274569204592,0.053164310551732444,0.056703963500476205,0.7303037037830228,2.948765153652758,1
875,needle_5link,2.25,1,0.39262104158606204,0.0423367999573772,0.08635431700869847,0.5195468380216317,1.4745415541163769,1
876,asym_3link,0.35,0,0.004921910537272003,0.0001065518791371431,0.02217387690208014,0.16376573534553182,3.7603262054606073,0
877,large_6link,0.7,0,0.002339351303886023,0.00010763121948582253,0.05170803420209947,0.23326719055391545,1.265281186181846,0
878,redundant_4link,1.0,0,0.0020198414772835288,0.0001562040497429703,0.08715146063975103,0.48627460181885573,2.0694428044096944,0
879,short_2link,1.35,0,0.023756152206947195,0.0016870837786432018,0.05011767106133382,0.8985884084792544,17.058539627773598,0
880,soft_5link,1.75,1,0.163704452047464,0.01708151704639285,0.07554825193332522,0.6749510101066698,9.492388217934051,1
881,wide_2link,2.25,1,0.5525014727001688,0.09918063301313237,0.12356525362078946,0.44924541503086424,8.287516214968907,1
882,snake_6link,0.35,0,0.0794845574515688,0.0007486962089806009,0.0016003651314906021,0.10309360410907728,48.23189123614412,0
883,heavy_3link,0.7,0,0.006218637376537891,0.00021473357099501903,0.021519740949352002,0.4394578990517901,3.492755520202112,0
884,teacher_2link,1.0,0,0.002602314775810179,0.00026953122586463444,0.020683383232377922,0.734936131781611,5.458912072409072,0
885,long_4link,1.35,0,0.01185255168148558,0.000542261396017277,0.05427321690895306,0.7177539885357712,4.728107120050713,0
886,long_2link,1.75,1,0.34031972027279567,0.05497952527766375,0.1470490730166944,0.825034437859572,9.743670998959544,1
887,needle_5link,2.25,1,0.43999691899075555,0.07386101491449049,0.06507237145300544,0.4322490684782644,4.033931126678277,1
888,asym_3link,0.35,0,0.0008356652322859676,3.202463133555115e-05,0.007423743341092245,0.17465772160180715,5.317370265656651,0
889,large_6link,0.7,0,0.001512784328129886,0.00011638152809281161,0.02568650260346081,0.23679312226015256,4.065482612780042,0
890,redundant_4link,1.0,0,0.0023460346782476537,0.0001804489280128141,0.0597975845760668,0.47547579521998884,2.3673966246994453,0
891,short_2link,1.35,0,0.06168717019661597,0.003848226926455603,0.0038673675113598,0.44999283416107094,496.95111203576965,0
892,soft_5link,1.75,1,0.08873900575671435,0.010166454366338201,0.04378449925947634,0.7363650528631415,6.068301257924947,1
893,wide_2link,2.25,1,0.4100114985083296,0.023873881235553118,0.030851523808238756,0.9725915208719,6.321778692722978,1
894,snake_6link,0.35,0,0.002363976899784472,0.00011206622180756508,0.01146114864437303,0.15187216543130685,14.253677647481188,0
895,heavy_3link,0.7,0,0.01217762373897642,0.0002443444903021144,0.02582962348993519,0.40493675277552826,3.416608635005234,0
896,teacher_2link,1.0,0,0.002931726821113956,0.00041585370400491544,0.058524141185619855,0.7085525715846275,18.447200243103318,0
897,long_4link,1.35,0,0.000800272536981826,0.00012151747409623529,0.14064849177430194,0.5667001871613818,2.899262909378272,0
898,long_2link,1.75,1,0.39869913876646007,0.09542251772167185,0.14671923003770812,0.7413054543288289,58.390026351754166,1
899,needle_5link,2.25,1,0.4266102883649155,0.022448896134823947,0.05633115504024139,0.40978461711958725,3.5377637505167794,1
900,asym_3link,0.35,0,0.13044711868938935,0.0010010323076379893,0.0011855319587446762,0.08588087129594597,89.67021772342744,0
901,large_6link,0.7,0,0.002869603783486642,0.00011871675080368965,0.04640590078703105,0.2419875585116294,1.0707179914546576,0
902,redundant_4link,1.0,0,0.0034804324577470233,0.00023991199611455517,0.03235967852667433,0.4711519932834988,3.3878006609261924,0
903,short_2link,1.35,1,0.2291955288598046,0.015074209774659439,0.08555975966426574,0.615491164287021,8.01729407131132,1
904,soft_5link,1.75,1,0.2747262306565277,0.009004262397193704,0.0466126386171573,0.5805885484610562,8.138682110162163,1
905,wide_2link,2.25,1,0.35551331926183055,0.059324083560127173,0.11101686395931518,0.7872222311438641,98.49358446026251,1
906,snake_6link,0.35,0,0.0020380412983534804,6.908418266457415e-05,0.010808187854080543,0.14505868594210639,3.720073834034361,0
907,heavy_3link,0.7,0,0.016337426990179423,0.00030112689638410825,0.021485389578808536,0.3950286757991101,5.016735011747621,0
908,teacher_2link,1.0,0,0.0010704361900660477,0.0001320237007135122,0.062184077044541604,0.7491830472697038,4.2696386161862145,0
909,long_4link,1.35,0,0.029388731162633196,0.0026424415612279267,0.005357177308440517,0.45014940922187974,43.86599879894741,0
910,long_2link,1.75,1,0.41448903428357303,0.021987124844654853,0.03741414329395543,0.687749173537445,9.410764860369719,1
911,needle_5link,2.25,1,0.3618748912412441,0.027234864336736997,0.06723183977791185,0.684550465574561,2.330911155866885,1
912,asym_3link,0.35,0,0.005390166925585794,0.00013519739310954233,0.006469887887413085,0.18958227860057533,5.523555910054,0
913,large_6link,0.7,0,0.0023315980290822217,0.00011303983261681072,0.0569175301200645,0.23770807031275584,1.6754596680765363,0
914,redundant_4link,1.0,0,0.005041201830169112,0.0002293161753082624,0.04126479369614853,0.4976906462116572,1.7782269283754457,0
915,short_2link,1.35,1,0.0726030767642991,0.005550812265344972,0.05629956052274942,0.9166044218560921,5.261922408087446,1
916,soft_5link,1.75,1,0.29004810785185464,0.03331168177960274,0.08706932472702067,0.5906123986582851,2.4367541758617444,1
917,wide_2link,2.25,1,0.4894535697659421,0.09452950425334504,0.09480500878189667,0.6261100894148125,1241.757226397258,1
918,snake_6link,0.35,0,0.0076464236610315215,0.00039171876696472523,0.0006511062524604274,0.15055004682427028,73.99183731996254,0
919,heavy_3link,0.7,0,0.004075827316025623,0.00026669233100030953,0.03212177972087379,0.3467989167614113,7.33975754342193,0
920,teacher_2link,1.0,0,0.0013990393003363532,0.00013825027402754604,0.05650760235223161,0.7045710860664925,2.667655411138102,0
921,long_4link,1.35,1,0.13886317733719283,0.017718916244959665,0.033366547281318305,0.5320002991527663,5.08082507107873,1
922,long_2link,1.75,1,0.38431781820532074,0.07354915238567471,0.12428053636607589,0.7742194662524061,13.432647318775217,1
923,needle_5link,2.25,1,0.3837235160560723,0.07252864024673482,0.06615248256701137,0.3860262694365987,10.971308799522275,1
924,asym_3link,0.35,0,0.0007739138358454626,3.2656478055849234e-05,0.034479368775646994,0.1779793090522007,22.906071334692992,0
925,large_6link,0.7,0,0.004606186216172104,0.00019121906532622426,0.03600231457591328,0.29327053931675745,3.351733170465926,0
926,redundant_4link,1.0,0,0.012633002919723848,0.00047695930469518054,0.024674570063622156,0.4905537964668763,6.989655770054958,0
927,short_2link,1.35,1,0.15611791658946386,0.01974608123706503,0.013979457469375109,0.8088822341429668,104.72258381305387,1
928,soft_5link,1.75,1,0.1744761216145235,0.017145755086137155,0.022284203333358704,0.6538600140009538,12.844773361623927,1
929,wide_2link,2.25,1,0.44340028977680407,0.042713099832937786,0.028363516006156976,0.7665648649940245,8.26094113761929,1
930,snake_6link,0.35,0,0.0043705674240589985,8.198896165291899e-05,0.012998887305559953,0.15558123429613083,2.4789553064670558,0
931,heavy_3link,0.7,0,0.0027684656441856205,0.00013644707999548622,0.03700555263041728,0.395651882721294,2.319795843050435,0
932,teacher_2link,1.0,0,0.00098197104913775,0.00013768371983525208,0.012897943117989826,0.7231022540993657,7.243986045733189,0
933,long_4link,1.35,0,0.0017454205063848697,0.00019287364285098908,0.16795301230940043,0.6534072074256699,1.859390102371824,0
934,long_2link,1.75,1,0.271186992576207,0.05393883612830737,0.04226682972760889,0.839692608097628,27.680262385985568,1
935,needle_5link,2.25,1,0.28553974963529305,0.051602083983699455,0.11525175517174523,0.5842753407860513,10.134109440265629,1
936,asym_3link,0.35,0,0.018799298670003628,0.0006395864296415286,0.0006925420684122449,0.13809300284585463,133.4269676488151,0
937,large_6link,0.7,0,0.0035651991080953736,0.00013249939090198603,0.03285207329215731,0.24244658447833625,1.1078667720932773,0
938,redundant_4link,1.0,0,0.011934516163522948,0.0003513143730111458,0.03143177173568574,0.5021323088086358,4.169519747784293,0
939,short_2link,1.35,1,0.10668083980062251,0.010858834856196192,0.008279142607435857,0.7608807040905475,14.190995968071325,1
940,soft_5link,1.75,1,0.3457049629383363,0.04833438087686993,0.05177255559107115,0.5422216796676871,11.168980054448289,1
941,wide_2link,2.25,1,0.5033255071523262,0.07731566053181722,0.11152922157722554,0.6333398369790345,2.050297336538243,1
942,snake_6link,0.35,0,0.0030806045418011966,0.00010889145279097978,0.010495341080725775,0.1463575501924865,6.184215799649864,0
943,heavy_3link,0.7,0,0.0009561960925947403,7.489408478426182e-05,0.03218923852952076,0.3039611722780716,5.481739473887138,0
944,teacher_2link,1.0,0,0.0028360620358094555,0.0003477624015963873,0.0728963170187071,0.6898076630056493,9.202917496904766,0
945,long_4link,1.35,1,0.17343948094286815,0.004085213066237431,0.004400278694715437,0.19867713392171063,161.61321724045004,0
946,long_2link,1.75,1,0.3214557472746665,0.06160797024465473,0.2035811744340577,0.8213277273271486,6.3006950999904525,1
947,needle_5link,2.25,1,0.4571369846349649,0.04302871951841316,0.06499060255100854,0.3835707337219227,9.512870311526559,1
948,asym_3link,0.35,0,0.00843178817275821,0.0002589500613999464,0.03492578098526954,0.18851805067265978,13.801501932298699,0
949,large_6link,0.7,0,0.0010669933419418184,9.535304128299133e-05,0.037920836547284835,0.2501450790964448,6.086326618088863,0
950,redundant_4link,1.0,0,0.0029681624364805157,0.00017715228652488607,0.0635178238605769,0.48552214234061875,1.4057213905776276,0
951,short_2link,1.35,1,0.1702172945257924,0.02078979040643331,0.12512160709801987,0.8590688258718899,4.976741355512877,1
952,soft_5link,1.75,1,0.13616938210767776,0.010417454789204778,0.0721047641034621,0.701030578400072,1.6323822965691215,1
953,wide_2link,2.25,1,0.5301192543020817,0.07418173705063302,0.05265052084134764,0.5342440226690611,4.668434243530053,1
954,snake_6link,0.35,0,0.004235184456437013,0.00023257041499969908,0.00034246157324023714,0.1514931297297406,76.88587860521791,0
955,heavy_3link,0.7,0,0.0023325718988154854,0.00010707438831127637,0.06287303027157691,0.2936008213729518,1.353120714082019,0
956,teacher_2link,1.0,0,0.0008921799724069534,0.00011480297185726226,0.01910598004384807,0.7488008569566467,4.566448275790793,0
957,long_4link,1.35,1,0.057891761866633515,0.007387165649851339,0.1281125214699968,0.6923603833271695,8.829620531478081,1
958,long_2link,1.75,1,0.426625017485032,0.09212767003818258,0.07261969162940846,0.7385225777681894,5.905812008544757,1
959,needle_5link,2.25,1,0.5195110727251326,0.04005384521184358,0.058124342057478906,0.2810059856780548,2.551835506347759,1
960,asym_3link,0.35,0,0.0017707691485852573,5.48744769729604e-05,0.012416447297289914,0.17834115612513218,3.498058643371698,0
961,large_6link,0.7,0,0.0020306577202780472,0.00011659510928911982,0.05107808422739001,0.2940071528472793,2.3015375238996447,0
962,redundant_4link,1.0,0,0.001086738352941029,0.00010553911867553645,0.15134086307607522,0.4915870648184653,2.68952633699529,0
963,short_2link,1.35,1,0.10458552907082842,0.013575185560584017,0.017209481282681162,0.8440258144733239,167.10746841964382,1
964,soft_5link,1.75,1,0.23673255707590984,0.06435736828988584,0.10267041429520388,0.6511536422905941,13.473816283332505,1
965,wide_2link,2.25,1,0.5078295181853075,0.09670036745772487,0.09651277985447042,0.6183903542379395,5.286671966271961,1
966,snake_6link,0.35,0,0.006067369161228294,0.00010625424732354451,0.02433911105295435,0.1387381219836836,4.258788551031075,0
967,heavy_3link,0.7,0,0.015599003727024855,0.00028519364676332393,0.027872400901796875,0.48171235548473706,4.64891352662168,0
968,teacher_2link,1.0,0,0.0005338831835228746,7.340153597224198e-05,0.1820804451860249,0.7386297823846777,5.290961612328081,0
969,long_4link,1.35,0,0.0008063609783332056,0.0001352316743323477,0.03197130236851867,0.5941297156850409,4.320508896287592,0
970,long_2link,1.75,1,0.30244080418052943,0.00995899125347362,0.009251309296371068,0.6935222132917013,34.78146941190868,1
971,needle_5link,2.25,1,0.24021969017529984,0.037191906691518443,0.16700363820624298,0.6293088459658105,2.882304246964867,1
972,asym_3link,0.35,0,0.04875154672824256,0.0007571259563859287,0.0014041985136415648,0.16802703973252903,41.529514750384244,0
973,large_6link,0.7,0,0.0005058776263674102,5.01325595981609e-05,0.01764725898868039,0.23892807678801317,8.752888978482783,0
974,redundant_4link,1.0,0,0.007188687544903355,0.000722656558533989,0.1088915202170042,0.4874205595744437,15.255985704078853,0
975,short_2link,1.35,1,0.09808187762769917,0.009955117083297943,0.029919214006644775,0.8082458465568299,5.982063959215185,1
976,soft_5link,1.75,1,0.05854817544591768,0.0072887575895577055,0.07461409598761162,0.7300796133557312,10.625797575186255,1
977,wide_2link,2.25,1,0.5469701615019595,0.08637330873000038,0.10799200400004243,0.471490837420718,5.618005408702144,1
978,snake_6link,0.35,0,0.009665601466842979,0.0001494779009212218,0.007582841606483796,0.1371751597583842,6.332594177814629,0
979,heavy_3link,0.7,0,0.004345813842076636,0.000295246865494605,0.010227683026224253,0.41839736076058914,8.849563627827733,0
980,teacher_2link,1.0,0,0.005558854700158725,0.00030212609888802066,0.03349777297875279,0.6967612632301572,4.206040469822122,0
981,long_4link,1.35,1,0.10231731921084525,0.017971545952404633,0.0020151581568046617,0.45101831014949495,79.24117531018747,1
982,long_2link,1.75,1,0.42328174787898637,0.028860687917159202,0.06090907378019084,0.6832863798152691,4.8161498407482775,1
983,needle_5link,2.25,1,0.42606219256812106,0.027297888701878204,0.04338710519515443,0.507208964481941,3.945047308548299,1
984,asym_3link,0.35,0,0.0025269020741596135,6.832250658503328e-05,0.01111669317727664,0.21019792178830132,2.6920007557889916,0
985,large_6link,0.7,0,0.003902173462897355,0.0001389754047920652,0.029285267517311264,0.2337675152616082,1.4789875896719484,0
986,redundant_4link,1.0,0,0.021689071857112885,0.0004956429842847341,0.02194378910603641,0.5050948085231473,6.868279679423732,0
987,short_2link,1.35,1,0.2579046217450428,0.03321347446729469,0.02465685327374045,0.8050634068668321,7.605623914038443,1
988,soft_5link,1.75,0,0.010139618758085861,0.0006011545355755089,0.07485180795701077,0.7973763632746842,4.98700902416971,0
989,wide_2link,2.25,1,0.5560798654861785,0.07798563718481936,0.09041599655708972,0.4472758349912365,1.7208148653296804,1
990,snake_6link,0.35,0,0.0605291153480752,0.0009119395018920282,0.0012568273405241946,0.0836386980914165,84.27774963487805,0
991,heavy_3link,0.7,0,0.011289757065199366,0.0003117116915534651,0.016902288163228675,0.4974925584768384,5.208451461985892,0
992,teacher_2link,1.0,0,0.015622006306614292,0.0012778003912440336,0.005622493417155155,0.6114717843190228,26.289534746048677,0
993,long_4link,1.35,1,0.1048865913335836,0.015102822864376949,0.15737177723292836,0.5403993547937287,5.632065122340963,1
994,long_2link,1.75,1,0.4253041381298084,0.10133964170335044,0.18787705365937157,0.740148994607154,8.368487117548005,1
995,needle_5link,2.25,1,0.40407791731129494,0.05074845111177996,0.08137275212476018,0.5262897330862213,2.6775883723918312,1
996,asym_3link,0.35,0,0.003930153569786195,8.487545941774949e-05,0.010331414533317353,0.1738147133983453,2.7808138546242436,0
997,large_6link,0.7,0,0.0008353848898621308,6.452372413807117e-05,0.1207903460903677,0.23968589178726815,3.625758076734494,0
998,redundant_4link,1.0,0,0.008076677661471793,0.0003090947744371053,0.03052245601236682,0.47344749035877876,3.722427255232682,0
999,short_2link,1.35,0,0.03317162884822109,0.003184202420299813,0.003228493037193536,0.7190274814790074,290.0342741268542,0
1000,soft_5link,1.75,1,0.08913003949772934,0.0025519033554850506,0.034135837734300664,0.6916677071083159,9.288708023918314,1
1001,wide_2link,2.25,1,0.5388035868094415,0.07593542352519937,0.06421037939046181,0.510334517110655,2.853340484626709,1
1002,snake_6link,0.35,0,0.005594400718380973,0.00010103027542891211,0.01760727961637165,0.13499237087724164,2.688299116003621,0
1003,heavy_3link,0.7,0,0.009220120485375316,0.0002382086634960892,0.019625635277030602,0.31643554785394995,3.6418811443807777,0
1004,teacher_2link,1.0,0,0.0005142497166217111,7.541512958262334e-05,0.04446088861840654,0.7427689787166345,8.540828615029245,0
1005,long_4link,1.35,1,0.07236733670896986,0.0070153297134093314,0.043090230437598964,0.5677932792278116,5.064003288748719,1
1006,long_2link,1.75,1,0.4128323816240813,0.054234446849889616,0.034346231776461365,0.6928748552334028,6.406782196524169,1
1007,needle_5link,2.25,1,0.35838126945998083,0.0374742251705533,0.09003140937082425,0.6559988277468732,1.7779772565093388,1
1008,asym_3link,0.35,0,0.01162992696044331,0.00044100128811222126,0.000585211324702163,0.1755174017534666,70.19599615925168,0
1009,large_6link,0.7,0,0.00874521150747657,0.00022374307542259012,0.023390434236467198,0.2739578669655855,4.239471664000457,0
1010,redundant_4link,1.0,0,0.006337453308481542,0.0002873005029655915,0.03830700846651462,0.4785859151329664,3.240085476226622,0
1011,short_2link,1.35,1,0.22618397334895346,0.032801250554802236,0.03245882237434717,0.8249008930672816,60.15850368877924,1
1012,soft_5link,1.75,1,0.17560163312115434,0.016210799905091593,0.04363185103032928,0.6545942943634598,6.248475926618818,1
1013,wide_2link,2.25,1,0.5380288105933384,0.06569543621485054,0.11650726345595955,0.9020334366992728,4.523119133105978,1
1014,snake_6link,0.35,0,0.002332166294823247,7.946937339245193e-05,0.040339194806317355,0.16050085770439165,4.376374424125466,0
1015,heavy_3link,0.7,0,0.007043207045455574,0.00020928041912112211,0.03005969501096127,0.47607868010331783,3.1142528365926316,0
1016,teacher_2link,1.0,0,0.0023404455597724055,0.0003557945926039242,0.050983246587551836,0.7397761792684715,58.45194604360011,0
1017,long_4link,1.35,1,0.2295861335488086,0.00418984627377501,0.00431199303919749,0.13114486653183036,260.776300098373,0
1018,long_2link,1.75,1,0.33480362910822,0.08112782496059524,0.22429837374033,0.8397954592574723,8.098517433888201,1
1019,needle_5link,2.25,1,0.2916978692727425,0.024344678804444676,0.08548567091529011,0.6994525776103536,1.8843674890772533,1
1020,asym_3link,0.35,0,0.010570930865090778,0.00021580994876062342,0.0197472149910085,0.2071931137711177,8.335749473279439,0
1021,large_6link,0.7,0,0.001995298843080793,0.0001396923441517673,0.02456911101417221,0.229218979369035,3.7597017272849342,0
1022,redundant_4link,1.0,0,0.00195615381675574,0.00024173772820296826,0.03841515609167634,0.48114067407255223,7.270788766918487,0
1023,short_2link,1.35,1,0.228931614293992,0.026425699228393162,0.06644665133936938,0.8234318917191081,3.988544085145528,1
1024,soft_5link,1.75,1,0.2786642785665603,0.04021606924626936,0.09237657466174573,0.5423131799598575,5.427778526759428,1
1025,wide_2link,2.25,1,0.3711833785996841,0.02715414539613669,0.08160572740743027,0.9979215250335186,4.977230138124738,1
1026,snake_6link,0.35,1,0.23668586529827482,0.0010762646877792788,0.0011313460131566941,0.03463577652343388,226.65889232207232,0
1027,heavy_3link,0.7,0,0.001774803230075917,0.00013002013549972703,0.008611980180044443,0.3666134061746587,4.745721591523652,0
1028,teacher_2link,1.0,0,0.012503664161483744,0.0006169290632293878,0.01696402613270241,0.6841554400161433,9.865196956988266,0
1029,long_4link,1.35,1,0.10015277046530914,0.013297648404635905,0.025118267053784556,0.6280850532540453,5.3024720701854635,1
1030,long_2link,1.75,1,0.32473767663163866,0.051996844085613045,0.06107424609904778,0.8261772137366153,16.322052296658192,1
1031,needle_5link,2.25,1,0.34586620985939803,0.050846495524637006,0.1943638716253535,0.43322924809191354,2.058741278986588,1
1032,asym_3link,0.35,0,0.002582265773712807,9.579450969614411e-05,0.006474855709647452,0.20119407580458068,7.480824305795572,0
1033,large_6link,0.7,0,0.0023302997798780507,0.00016734760214424734,0.11854929057670714,0.24640034513829592,4.909359919982671,0
1034,redundant_4link,1.0,0,0.024346070673104982,0.00109723943864692,0.04452670695870893,0.47502671301217025,18.476029896748944,0
1035,short_2link,1.35,1,0.5436232804755499,0.004233877283392516,0.004296354606226273,0.11776472876227212,280.8068428903159,0
1036,soft_5link,1.75,1,0.3257913734696909,0.06488063552572415,0.18638384644858272,0.5807231953024753,3.115985274902925,1
1037,wide_2link,2.25,1,0.536535921860084,0.02486135890799816,0.047224101876982075,0.9008038545099637,7.924997682302078,1
1038,snake_6link,0.35,0,0.007027603391321472,0.00015706907722765734,0.0067092032188495075,0.15303863292759318,6.896528549636627,0
1039,heavy_3link,0.7,0,0.011456716301976713,0.0003160480438360699,0.014166748167842292,0.35339406111432353,5.314679257726468,0
1040,teacher_2link,1.0,0,0.005971043046385562,0.0003191018202076982,0.028193423223843484,0.6957018868025455,4.520329786988224,0
1041,long_4link,1.35,0,0.004819918852283445,0.00031919686282572775,0.10316171196756484,0.6557794738912328,2.6873169827648464,0
1042,long_2link,1.75,1,0.2075382567769333,0.023595654144046907,0.018193936026599286,0.9572142540172243,13.039825932137212,1
1043,needle_5link,2.25,1,0.34811274139309306,0.02643263295990034,0.10808869618779371,0.6928141295321952,2.092723721745034,1
1044,asym_3link,0.35,0,0.035869810337267126,0.0008894854757789274,0.0009106065166821262,0.10325843900635745,249.27188640854234,0
1045,large_6link,0.7,0,0.008198998088120992,0.00022229233777167605,0.02110748643803966,0.29108106166916875,3.957320541131718,0
1046,redundant_4link,1.0,0,0.0006863536162873427,9.551552178064743e-05,0.0204215356120127,0.4887587055578917,5.480826207369879,0
1047,short_2link,1.35,0,0.1100977450860615,0.004053828760222702,0.004459475869783322,0.2852665100691015,172.8192396387963,0
1048,soft_5link,1.75,1,0.22526942229329902,0.03471357311803042,0.0574770461730356,0.6221985444998089,9.290023126468634,1
1049,wide_2link,2.25,1,0.4537257505697205,0.08290706465569196,0.09113278355583776,0.7806122967476999,4.268779298438105,1
1050,snake_6link,0.35,0,0.008175171761067015,0.0001025613068302112,0.013063044773285366,0.1326825446337016,2.414451498069609,0
1051,heavy_3link,0.7,0,0.011735620496641824,0.0002406390017871401,0.02496383081750186,0.4462128754832622,3.2865630739275846,0
1052,teacher_2link,1.0,0,0.000688854846315719,8.52303699102442e-05,0.11815039650728097,0.744877516885586,3.6344315086945707,0
1053,long_4link,1.35,0,0.011444453372976829,0.0019340437426183055,0.0020509649754523102,0.49245201199105887,279.72281987059307,0
1054,long_2link,1.75,1,0.4268702346726467,0.08017114781408866,0.06622697953721063,0.7389093126299178,3.347600984508592,1
1055,needle_5link,2.25,1,0.3237346043495452,0.03772355728825025,0.06773654825677998,0.7208692824337671,2.897174149675491,1
1056,asym_3link,0.35,0,0.0026081333011931944,8.638999441700057e-05,0.00881908059768047,0.1767145076817827,5.310614297132451,0
1057,large_6link,0.7,0,0.003944285370473888,0.0002332603581466271,0.01570561317732502,0.291972594002021,5.6428746456433325,0
1058,redundant_4link,1.0,0,0.0010957590962923354,0.0001512817002928688,0.020276417989126754,0.4885264430825318,7.893871165818712,0
1059,short_2link,1.35,1,0.145331677154572,0.012892080366829168,0.028287571053670777,0.8708153723617786,5.54862262766392,1
1060,soft_5link,1.75,1,0.28646277036145656,0.07418312867138138,0.08417874745081899,0.6115408561554361,8.571827149007804,1
1061,wide_2link,2.25,1,0.5382905662311557,0.02741390178064066,0.08146209339602396,0.9051177404941058,4.064980022782413,1
1062,snake_6link,0.35,0,0.07873264020820354,0.0010694243752005126,0.0010804093286231027,0.039707265389047675,507.71596652964007,0
1063,heavy_3link,0.7,0,0.0030809287819235144,0.0002000847383053953,0.050650190428034494,0.31508447545730106,5.369459577166514,0
1064,teacher_2link,1.0,0,0.0007563041283021581,0.00010113298695705113,0.14647823126742096,0.7274096294385636,5.043916632459719,0
1065,long_4link,1.35,1,0.19523568988318743,0.025705371806163297,0.03958032051834599,0.42175304161966093,2.5914143707997255,1
1066,long_2link,1.75,1,0.2890832719294067,0.023257918964800683,0.07932131183445994,0.8688638307544162,3.743488707575724,1
1067,needle_5link,2.25,1,0.3997750093610484,0.06321162293093865,0.05684059295968523,0.3982157870269636,2.8057908806635075,1
1068,asym_3link,0.35,0,0.0014535093371318211,4.311652854307609e-05,0.014444156362498364,0.16809169543413022,2.2350092810658713,0
1069,large_6link,0.7,0,0.0013150439516133544,8.042235806906185e-05,0.02906218452465873,0.2469053008648716,1.6786282589856838,0
1070,redundant_4link,1.0,0,0.0020120626397821507,0.0001590340920219947,0.0424639014900015,0.4865527563148117,2.1011750185579343,0
1071,short_2link,1.35,1,0.08710209201984034,0.010577441347353162,0.009022116969854908,0.8201465746851238,483.96328349870896,1
1072,soft_5link,1.75,1,0.3813876662725289,0.0497609977249582,0.03766704288387443,0.5235473437362403,7.587059371888689,1
1073,wide_2link,2.25,1,0.5388491863921827,0.03423251699363826,0.022871703137026196,0.8961380054474879,8.608265237764828,1
1074,snake_6link,0.35,0,0.0022487400864309426,8.311520324997315e-05,0.016625042773108438,0.1478824500422959,5.078232138456954,0
1075,heavy_3link,0.7,0,0.0037772120886007806,0.0001554643422206987,0.03689984735933729,0.4221211119939851,2.2688649734834163,0
1076,teacher_2link,1.0,0,0.0011794081781973,0.00013931256140638595,0.0644504892692607,0.7104819049625931,3.9215678027787733,0
1077,long_4link,1.35,0,0.002121726323471973,0.0001982622564052096,0.06788812291119321,0.6477570822800465,1.3164899108859485,0
1078,long_2link,1.75,1,0.3464793897819177,0.06274319594389197,0.1164283793737147,0.7778447668732034,27.894141726409167,1
1079,needle_5link,2.25,1,0.41073536341602473,0.035705185093919435,0.07684220304976455,0.4340819329527228,1.2524991394884726,1
1080,asym_3link,0.35,0,0.021832580993106407,0.0007003991639746517,0.0007621739367499614,0.1422611865879658,136.00691624614873,0
1081,large_6link,0.7,0,0.0042226875658612105,0.00016174490851265233,0.05769301691052749,0.27391106405923277,2.597847125857923,0
1082,redundant_4link,1.0,0,0.0032364597911825003,0.0002418693665927851,0.04046712532634118,0.49187205628291336,3.533720625792428,0
1083,short_2link,1.35,1,0.2578690574822146,0.028448144674078586,0.03128572559787996,0.8060104382732826,3.7781721381678373,1
1084,soft_5link,1.75,1,0.22225146495443432,0.05104301868054202,0.05463935356460847,0.6619415670446612,5.542379460902842,1
1085,wide_2link,2.25,1,0.2371186805324595,0.03436133556525029,0.06182104584888528,0.8490133160337366,110.1149690114604,1
1086,snake_6link,0.35,0,0.004389877778945198,0.00014019615998030145,0.010608864264887479,0.1542547702555246,7.2935757810042565,0
1087,heavy_3link,0.7,0,0.051352568579949166,0.0011084632967786182,0.005381573114852497,0.2987370239326521,23.264882432870447,0
1088,teacher_2link,1.0,0,0.0007206380671045562,8.57734859448646e-05,0.14779442693517086,0.7437377748096357,3.253624552419909,0
1089,long_4link,1.35,0,0.009220609254757237,0.001618231259245294,0.0020873893510042385,0.5309953103250985,245.9923086470376,0
1090,long_2link,1.75,1,0.3184679939639679,0.07951025363013692,0.09224983930971334,0.8488024062308344,38.42258601508471,1
1091,needle_5link,2.25,1,0.3660774893580364,0.04370051889027146,0.1314939084447586,0.5349068037211613,1.9687622436720444,1
1092,asym_3link,0.35,0,0.006239584835866203,0.00014731167144396072,0.007819229630355959,0.2280137389250641,5.818923240306872,0
1093,large_6link,0.7,0,0.004977772055611343,0.00016682744210148932,0.029927654786801608,0.28696326959762936,2.6299156091145064,0
1094,redundant_4link,1.0,0,0.0017545230765755385,0.00024076374066567228,0.20808679060019414,0.47073311508890625,10.041157083801467,0
1095,short_2link,1.35,1,0.06608697778742822,0.003195154407910564,0.02414634464059738,0.8520029753368706,4.940675183798901,1
1096,soft_5link,1.75,1,0.2807463486268891,0.02688310154510136,0.08163844196923513,0.5962572125492879,1.7038885030554587,1
1097,wide_2link,2.25,1,0.4822658867874378,0.09342007083354296,0.09772186038939454,0.6973898789683699,7.399422539993903,1
1098,snake_6link,0.35,0,0.02187766699080503,0.0008199639120601191,0.0008436472063945415,0.10487765322551251,304.07416857322903,0
1099,heavy_3link,0.7,0,0.001898683755910582,0.00013506468925029674,0.014464275142707038,0.3574405247948692,4.551833052072976,0
1100,teacher_2link,1.0,0,0.007703585898286973,0.0004044038805324131,0.02192364117953681,0.6561895518338006,6.107239051858207,0
1101,long_4link,1.35,0,0.007889921023033483,0.0006172828614506376,0.08786288652179844,0.6925571768101089,6.353308195232254,0
1102,long_2link,1.75,1,0.2827029302166616,0.036450634946762074,0.05206549389839598,0.8952039542214096,5.025931777781134,1
1103,needle_5link,2.25,1,0.34056555990766213,0.04572012897674099,0.18684693855399598,0.6070680823753771,2.6944745698794956,1
1104,asym_3link,0.35,0,0.00261303476131111,8.213744817929892e-05,0.030111263520261843,0.19289005236307535,4.720814256212372,0
1105,large_6link,0.7,0,0.005890114297163798,0.0002190588829844448,0.047262296649166514,0.2746900185328132,4.226030214254503,0
1106,redundant_4link,1.0,0,0.0037725553660083937,0.0002610556761367878,0.09352343098321289,0.5201752719468792,3.641351764909535,0
1107,short_2link,1.35,0,0.051924514914390756,0.0037150947748091794,0.0037227968978444225,0.5281930164426961,1008.2723336234731,0
1108,soft_5link,1.75,1,0.19210849897926144,0.008386095771747907,0.03403998903068143,0.6437227481679666,8.367268141242024,1
1109,wide_2link,2.25,1,0.47110797327466014,0.06679997958504566,0.06475990498874726,0.9397751519258661,2.5823172698931134,1
1110,snake_6link,0.35,0,0.005727496467646262,0.00015607163729405152,0.02514849520615283,0.1501603960407941,7.625642575945375,0
1111,heavy_3link,0.7,0,0.0033233429085687645,0.00012871250230324152,0.034883926857823024,0.34708083097980846,1.2470583570914424,0
1112,teacher_2link,1.0,0,0.017205054385470958,0.0016268612489310633,0.021512458599503532,0.5825507534915451,41.794723373590394,0
1113,long_4link,1.35,1,0.18952327614607362,0.017056058232176458,0.10895287756811588,0.45901534124156396,2.4430555101472806,1
1114,long_2link,1.75,1,0.3359087226062679,0.06432199949445155,0.0733510586231005,0.8389838247172408,2.9370520220216645,1
1115,needle_5link,2.25,1,0.4114630842031827,0.03812379658884219,0.05408220774524059,0.47970946455557334,3.23372664118379,1
1116,asym_3link,0.35,1,0.5486410231075556,0.001074173733196687,0.001140081871808313,0.04781612066964605,156.6895606957386,0
1117,large_6link,0.7,0,0.0016585181221108439,0.00012838820371696043,0.02089543737587012,0.2408204706307577,4.649858040244736,0
1118,redundant_4link,1.0,0,0.004283842025575288,0.0003824498157622074,0.05361958202025801,0.5027320121573995,6.988798978281482,0
1119,short_2link,1.35,1,0.1425262733872777,0.013196330537807482,0.02137528731975354,0.7501208072852518,5.273593778029878,1
1120,soft_5link,1.75,1,0.1353129415510911,0.016427047128157703,0.14521876202340916,0.6723183573873411,3.784212885077985,1
1121,wide_2link,2.25,1,0.5281829242038952,0.06088555571078649,0.05838888591492285,0.9086470991753864,2.192167275115303,1
1122,snake_6link,0.35,0,0.008713004990090728,0.00010348482836266296,0.012369211426130265,0.14654744672151837,1.3018532873045277,0
1123,heavy_3link,0.7,0,0.017000027056569878,0.0005254134232729114,0.03675162976788882,0.4802318749244309,9.967547748795385,0
1124,teacher_2link,1.0,0,0.0030851196066369138,0.0002278854681470663,0.06067018311952865,0.666350346301359,3.223579656092323,0
1125,long_4link,1.35,0,0.026470881447992353,0.00319067999790363,0.003418948703600885,0.3483162977563036,166.40586054269443,0
1126,long_2link,1.75,1,0.392358595346903,0.07706100987943994,0.04335054049598998,0.7674370619099705,12.697972185862772,1
1127,needle_5link,2.25,1,0.4368201105731058,0.06939787177608729,0.1487348423094538,0.42186328085287295,3.2661186512156175,1
1128,asym_3link,0.35,0,0.0322060897415564,0.0002066086673370565,0.006813296108603549,0.1965800945896987,7.041447200333408,0
1129,large_6link,0.7,0,0.002728609505746329,0.00020403443406673348,0.015741397507278366,0.238132415928496,6.423134539088016,0
1130,redundant_4link,1.0,0,0.0018696340199326309,0.00017821341468863452,0.1251055133520728,0.49148822808094705,3.578208603617461,0
1131,short_2link,1.35,0,0.009794930122108499,0.0006404185535250608,0.027757283767865647,0.9542398698683092,5.078918574252262,0
1132,soft_5link,1.75,1,0.3511141991187421,0.07537751352417602,0.29103692807125287,0.5525147872277363,5.893962153044891,1
1133,wide_2link,2.25,1,0.5531135706306289,0.048565609958651196,0.12860924777579552,0.8944417531611891,4.521203836033477,1
1134,snake_6link,0.35,0,0.012767986501716592,0.0005834847785298566,0.0007397320685029722,0.13667628764997522,99.35117743253832,0
1135,heavy_3link,0.7,0,0.0046690725320068,0.00019575535679188725,0.02404915548807766,0.412783025890157,3.3551906280125516,0
1136,teacher_2link,1.0,0,0.001542973091926435,0.0001839356653025301,0.028069839565437526,0.7465886319676462,4.865442111698566,0
1137,long_4link,1.35,0,0.02057739882871152,0.0009536214913692677,0.022118742893837987,0.6693322253357283,10.04118237456717,0
1138,long_2link,1.75,1,0.38705648645421403,0.08123171478246934,0.14306836717416155,0.7826343187942925,3.5849361459384728,1
1139,needle_5link,2.25,1,0.35929878370661317,0.0616892874258881,0.11909945884692696,0.4718849664335776,5.6138416795310215,1
1140,asym_3link,0.35,0,0.001424344583067764,5.472304738965618e-05,0.004066042025875502,0.17106664897775997,6.170342680638577,0
1141,large_6link,0.7,0,0.000919570568887478,6.722967296971751e-05,0.121622922341266,0.24603249837513516,3.0396602843257465,0
1142,redundant_4link,1.0,0,0.004021872702395043,0.00036606545929925304,0.0481561812723266,0.527476054108535,6.596755039074377,0
1143,short_2link,1.35,0,0.06781090194597378,0.003899518081723902,0.003944623572361726,0.4139065582581794,315.0551211852807,0
1144,soft_5link,1.75,1,0.22334771720508428,0.012795073889634145,0.05816901637372587,0.6453804662474865,3.5144495681980796,1
1145,wide_2link,2.25,1,0.5553749215423509,0.0896109543847306,0.07734144842161512,0.4478300043208313,3.0636890550034668,1
1146,snake_6link,0.35,0,0.004437228373111121,8.278822638594148e-05,0.017725113478475264,0.15224203515485185,2.054819225412181,0
1147,heavy_3link,0.7,0,0.007375121149860536,0.00019886627520303646,0.02585350125063829,0.3366761444393752,2.829992943493785,0
1148,teacher_2link,1.0,0,0.002526328296368197,0.0003076134040871659,0.02708074253446109,0.7417117961435585,8.047338907638649,0
1149,long_4link,1.35,0,0.0019268724897873923,0.00021276783397167125,0.04730023458315277,0.6906639244418662,2.1229372697934155,0
1150,long_2link,1.75,1,0.40134091972402347,0.08798135065367046,0.06222766217356657,0.7415938233415721,28.95139851136303,1
1151,needle_5link,2.25,1,0.36009831624745037,0.05260583305250194,0.07095318718487369,0.5312682725794594,2.228160123450894,1
1152,asym_3link,0.35,0,0.12466317115941339,0.001044059592314289,0.0011297532105241275,0.0608734891521462,134.982850932995,0
1153,large_6link,0.7,0,0.0035180702592680145,0.00013592682379874013,0.03321117237833719,0.24245053389657714,2.042449157188392,0
1154,redundant_4link,1.0,0,0.0008198950082428132,9.464774899043601e-05,0.18225669212728524,0.4845845855671901,3.1809540471821336,0
1155,short_2link,1.35,0,0.0037437652633102903,0.0004335835278114324,0.016779124349340677,0.9487896156920511,6.421554752157673,0
1156,soft_5link,1.75,1,0.24810773809450723,0.041306967497108674,0.26415245841910945,0.6246362210299337,3.208332435060018,1
1157,wide_2link,2.25,1,0.5361002737997782,0.07447806781157772,0.06331836551110612,0.5201632096310109,2.820487815648936,1
1158,snake_6link,0.35,0,0.006202511442337162,0.00021027007384157904,0.018678710353487213,0.14227318760460658,11.977724421454951,0
1159,heavy_3link,0.7,0,0.0009832532017416836,7.341810411861173e-05,0.09542259985614882,0.30408448899172347,4.100804000614488,0
1160,teacher_2link,1.0,0,0.002118447826658773,0.0002424865525443397,0.1280814034497475,0.7416980094438169,5.6998654936609965,0
1161,long_4link,1.35,0,0.09647227711876313,0.004106011530502189,0.004218424683241604,0.15440235754231837,269.027186779533,0
1162,long_2link,1.75,1,0.21079660163267575,0.037761974074681556,0.09422533891161676,0.827479521974134,46.33098939305773,1
1163,needle_5link,2.25,1,0.46811424602525314,0.07847150336702545,0.046211123202167886,0.36377380098760975,7.101575610287898,1
1164,asym_3link,0.35,0,0.04531616676458581,0.00039704327844316726,0.003209437694925302,0.20890779229628406,14.88348296212839,0
1165,large_6link,0.7,0,0.0016428376063126128,9.210050367107185e-05,0.07461605859976268,0.2680829122335429,1.7744012810148713,0
1166,redundant_4link,1.0,0,0.017667899581649174,0.0007676659561563084,0.012280036759475385,0.4595993572710664,11.908910534063203,0
1167,short_2link,1.35,1,0.19904169168896463,0.019146785201728633,0.0245783371452514,0.8393779409418487,4.7659204543124085,1
1168,soft_5link,1.75,1,0.34750808659806953,0.07926499339813438,0.36072137999134496,0.5627575008819522,4.145979371478856,1
1169,wide_2link,2.25,1,0.48049252751794047,0.09459363300435947,0.10386905926896929,0.7014666499099148,13.78720601885717,1
1170,snake_6link,0.35,0,0.022870486460738245,0.0006892577444680188,0.0012798870133796858,0.12498133749302838,55.49515762629786,0
1171,heavy_3link,0.7,0,0.02326921605956489,0.0008685688813431572,0.007194286031614419,0.38483926238793603,18.63526514187824,0
1172,teacher_2link,1.0,0,0.003727111485488754,0.0002707167086130679,0.11433398387661678,0.6632679492438952,4.06521816959614,0
1173,long_4link,1.35,1,0.0703665261145453,0.012121552928600076,0.08220442921529592,0.5174343650960481,8.690486013348975,1
1174,long_2link,1.75,1,0.2621865899402528,0.004813055623448118,0.006338849579149181,0.5863986370821551,82.95307275572064,0
1175,needle_5link,2.25,1,0.3096220735744668,0.03653868741558116,0.1455566150896707,0.6474142374498292,1.4590444600055321,1
1176,asym_3link,0.35,1,0.17549967689667426,0.00046432683999022846,0.0035422805467702923,0.18889531125214973,17.516802904362887,0
1177,large_6link,0.7,0,0.025997775668673888,0.0003697976721189935,0.014207966885534242,0.3085331444892703,7.186652795795341,0
1178,redundant_4link,1.0,0,0.013256077411866424,0.00042627423222389667,0.04927778313423093,0.4444525093010654,5.720969463078488,0
1179,short_2link,1.35,0,0.08158593487139584,0.0038692435535589978,0.004211842135219901,0.3780816387667623,114.20525509071199,0
1180,soft_5link,1.75,1,0.24618073961713038,0.03353302998916285,0.06786392403923049,0.5730634381060739,4.5532828054658,1
1181,wide_2link,2.25,1,0.5148244913566593,0.03967951516909411,0.08766428085480782,0.9166985395130782,2.0466575648915977,1
1182,snake_6link,0.35,0,0.001638920191538395,6.794978323971398e-05,0.0695884991533116,0.16117839319970875,4.789880187878463,0
1183,heavy_3link,0.7,0,0.0009971212634715422,7.214755376946493e-05,0.023822900690041917,0.30190957911934313,4.202158788027402,0
1184,teacher_2link,1.0,0,0.007086689666296535,0.0010136225739843655,0.0857928154455298,0.6893367874425785,87.27759479145926,0
1185,long_4link,1.35,0,0.0017000387781146789,0.00017931680396008565,0.04886661822643755,0.6139097872121333,1.484655260655046,0
1186,long_2link,1.75,1,0.25665932503973554,0.05676124172031684,0.06342624040826536,0.812668194480737,258.7415133703966,1
1187,needle_5link,2.25,1,0.5049705686488168,0.040961067590841914,0.07820424993190286,0.3719891174381795,1.209255890198744,1
1188,asym_3link,0.35,0,0.04380878081678637,0.0009296308575315918,0.0009910700208800643,0.10966446350821611,149.53552147995833,0
1189,large_6link,0.7,0,0.0008855589865330107,7.953590065806641e-05,0.020170435339331473,0.23865682612857,6.668017115442471,0
1190,redundant_4link,1.0,0,0.00215511215839192,0.0001583258827830662,0.04502769712492221,0.4815409076050328,1.8405299302346572,0
1191,short_2link,1.35,1,0.23668041711329876,0.02258090914917915,0.07753426532362179,0.8180491566665916,3.482970432505477,1
1192,soft_5link,1.75,1,0.22096527537313768,0.055071775091219057,0.38253223630932226,0.6631449516293543,4.59151417561519,1
1193,wide_2link,2.25,1,0.43898932819575537,0.05688210352528358,0.06279294851982123,0.9587646520999503,1.892808211042144,1
1194,snake_6link,0.35,0,0.0027118478653050068,6.744019633193624e-05,0.02091355132009304,0.1592190648445366,2.3866253643221143,0
1195,heavy_3link,0.7,0,0.0011172388277603607,9.099857820916174e-05,0.10556330486579589,0.3117889295656599,8.198913153536946,0
1196,teacher_2link,1.0,0,0.013775227031703838,0.0006555533350747869,0.015733873004359966,0.6813891727748094,10.510528570762027,0
1197,long_4link,1.35,0,0.012389635698115931,0.0020522443617552585,0.0021659706495192163,0.4875221644570533,210.93030320897503,0
1198,long_2link,1.75,1,0.4165212406652264,0.09059239580136023,0.20441186821126447,0.7451394800128757,12.037722171983441,1
1199,needle_5link,2.25,1,0.34305001388195505,0.020680100103463245,0.041876283693056085,0.7269808197958876,5.2907869750247505,1
1200,asym_3link,0.35,0,0.004354415565269537,7.792722950099852e-05,0.01385418523804338,0.19580566126701923,1.8941813910087557,0
1201,large_6link,0.7,0,0.0019478415598731434,0.00016926945742030318,0.011953383558376853,0.25058652033805523,7.755489876949771,0
1202,redundant_4link,1.0,0,0.0032286168540815344,0.00021376069707832796,0.037304200996966984,0.4808525989968782,2.713822416727159,0
1203,short_2link,1.35,1,0.12877333685710438,0.00522947954624116,0.02761976874888359,0.7757917819731166,4.155365477989917,1
1204,soft_5link,1.75,1,0.29863974533589843,0.06474639653443262,0.19005776100448124,0.6032282197017893,4.008284377452397,1
1205,wide_2link,2.25,1,0.5214938163977257,0.07000057336197431,0.047177317794079014,0.5616471676431137,4.998088159610199,1
1206,snake_6link,0.35,0,0.011331796124304499,0.0005330856417764857,0.0007215299684073742,0.14092631888824605,86.6259326953569,0
1207,heavy_3link,0.7,0,0.024884534048287107,0.0003794718125882393,0.02161423524080878,0.31257087760501995,6.4239991392615705,0
1208,teacher_2link,1.0,0,0.006924486895634217,0.0003836104866127545,0.024215668887167172,0.6959634651044436,5.7879714243059945,0
1209,long_4link,1.35,0,0.0011105103760677844,0.0001723314296024894,0.058131858481265467,0.6170112671083572,3.772032156747287,0
1210,long_2link,1.75,1,0.38987991331848465,0.09652566526195354,0.09634133105922252,0.7794761759598205,8.646868921621806,1
1211,needle_5link,2.25,1,0.3655961401250911,0.02738956741199224,0.08752612890466589,0.6793842391668194,1.8573249467126853,1
1212,asym_3link,0.35,0,0.005117634178541278,9.015061870972956e-05,0.01893331585460603,0.22298833204047608,2.5680025334624292,0
1213,large_6link,0.7,0,0.0011089835475584543,0.00010995959769853167,0.11839330876977136,0.24566100195243795,10.401855734496241,0
1214,redundant_4link,1.0,0,0.0009354378968932594,0.00010140623735290907,0.03344865558597977,0.48111011609066767,3.7062566545197693,0
1215,short_2link,1.35,0,0.09097204975315154,0.004064003448434633,0.0040658998270979105,0.3253288444205763,8260.071442887333,0
1216,soft_5link,1.75,1,0.319437973466879,0.06861303207346887,0.26367514616025634,0.585431972558113,3.976376786095378,1
1217,wide_2link,2.25,1,0.4822502586235962,0.011454946906305358,0.013350106710236162,0.9067482457683903,20.281917300778215,1
1218,snake_6link,0.35,0,0.0050786351176954165,0.0001258331707044223,0.01982932281218731,0.1510839686498551,5.158534835090281,0
1219,heavy_3link,0.7,0,0.0050105620108976505,0.00027687429171148985,0.012314392418841098,0.34426611315351724,6.176641491785081,0
1220,teacher_2link,1.0,0,0.010114118792621129,0.0003268234875115438,0.030540832042818402,0.6739332451218414,4.322656244840156,0
1221,long_4link,1.35,1,0.11886952272712308,0.01996668845639169,0.08704480888239695,0.47690985664086827,4.63015969383797,1
1222,long_2link,1.75,1,0.38687801694583623,0.0232328321591386,0.07370086007991242,0.7376415062098935,3.48890833628102,1
1223,needle_5link,2.25,1,0.36189179510151237,0.025383615577785616,0.0793094785964878,0.6730296741211031,2.260834782445261,1
1224,asym_3link,0.35,0,0.011914389661295302,0.00046018068454332624,0.0004716275406756875,0.16495799482794082,243.29938120022322,0
1225,large_6link,0.7,0,0.012544935753679093,0.0002928421197261604,0.016451542351272202,0.277840921228526,6.187604037844885,0
1226,redundant_4link,1.0,0,0.0005498995847719826,7.583783127974969e-05,0.05659148661960336,0.4838150908067284,6.655509129612645,0
1227,short_2link,1.35,1,0.045959060181393174,0.005506180870451959,0.021127841889812243,0.9369748853002563,5.8862147182087154,1
1228,soft_5link,1.75,1,0.17466282415742848,0.01199209897973502,0.07491943391560538,0.6686682993458827,2.5652113902992166,1
1229,wide_2link,2.25,1,0.5293329174862671,0.022680264215024892,0.0489368608500482,0.9111830736884862,4.590054520691076,1
1230,snake_6link,0.35,0,0.009062876845394724,0.00013018333723890455,0.009904663891444924,0.14382053955457583,2.958938647255738,0
1231,heavy_3link,0.7,0,0.018196509420212923,0.0007851153530873394,0.016163349805053864,0.39602137403380594,17.288123848317237,0
1232,teacher_2link,1.0,0,0.0033481800200885147,0.00047354543821295596,0.11489608358880221,0.7413779823270471,20.78968894878109,0
1233,long_4link,1.35,0,0.013714791049159474,0.00206544661803736,0.0032972844481691005,0.5772871504001295,57.83601337724412,0
1234,long_2link,1.75,1,0.35509105607679364,0.05768078661719159,0.018321546353094513,0.7330348152217199,20.750567577292156,1
1235,needle_5link,2.25,1,0.40347616545696213,0.016604683388615215,0.041242495470234605,0.6682586883165226,5.419500712672346,1
1236,asym_3link,0.35,0,0.0038130685926375117,8.41719982035479e-05,0.017941378526440562,0.1833890195928005,2.761321511965305,0
1237,large_6link,0.7,0,0.0014213196628475695,0.00012515403063363822,0.014003620086190969,0.26274457157164377,5.632998458771622,0
1238,redundant_4link,1.0,0,0.0036152988978152252,0.0002393017683301231,0.056994036168629095,0.49220539133129465,2.838743343061621,0
1239,short_2link,1.35,1,0.10560248983176504,0.014121813409259254,0.09991507869225699,0.8651332136881108,67.87096032976909,1
1240,soft_5link,1.75,1,0.22900672435529776,0.060751726150848256,0.06202045209340497,0.6554953897768583,13.14733478421411,1
1241,wide_2link,2.25,1,0.49674452409894126,0.06531195784995183,0.060278253578455794,0.9254555385198467,2.398031141204362,1
1242,snake_6link,0.35,0,0.06753658829165839,0.0009502439835386763,0.001222338691639506,0.07572743494511697,97.94441863458026,0
1243,heavy_3link,0.7,0,0.004526461669475281,0.0001636366009931709,0.026826211510651378,0.4080080437267338,2.3928301357904003,0
1244,teacher_2link,1.0,0,0.005664573354586225,0.00025077064514732975,0.03878734854246322,0.6613727197520215,2.9075326315453167,0
1245,long_4link,1.35,1,0.2025883159434331,0.008152916083487637,0.034798303060352594,0.598873773863966,4.649582376725012,1
1246,long_2link,1.75,1,0.35398038390277814,0.06304646056465547,0.023667219080863076,0.7906380532935795,19.666659574382432,1
1247,needle_5link,2.25,1,0.4417836209593724,0.06648094339818389,0.07866405138870937,0.3273880713034192,24.918448164048336,1
1248,asym_3link,0.35,0,0.0009461487772391741,3.6100845977095305e-05,0.008092044600353742,0.1713014223286513,4.3498557045648605,0
1249,large_6link,0.7,0,0.007081967926324621,0.00021207411729905245,0.027509377853308176,0.24552798240061943,2.142131873663777,0
1250,redundant_4link,1.0,0,0.0011484724266100134,0.0001455746012185915,0.09898322798136303,0.48470411917470246,5.392703618478989,0
1251,short_2link,1.35,1,0.22634316493890577,0.032709201341188404,0.03183947271950978,0.82283723885191,129.11340520125788,1
1252,soft_5link,1.75,1,0.1400009035305491,0.018769124987623696,0.1727096770995007,0.6919790117431867,3.5124749836278113,1
1253,wide_2link,2.25,1,0.11693343267370598,0.006609403000834173,0.008424996118367563,0.8987134350443308,65.99031370096671,1
1254,snake_6link,0.35,0,0.011808591966034699,0.00021069232875513762,0.009088463222597607,0.15206180753653523,8.926778716874553,0
1255,heavy_3link,0.7,0,0.0013002766355682356,9.087381435570853e-05,0.015539804495824856,0.3231466842036392,4.006737008371824,0
1256,teacher_2link,1.0,0,0.004444226121597367,0.0003710136500859555,0.06100179001541074,0.7170333614869107,6.465881334527963,0
1257,long_4link,1.35,0,0.0015813937210794832,0.00020165407437480097,0.19027500979583942,0.6629990835748433,2.585270157442218,0
1258,long_2link,1.75,1,0.21804721202521718,0.04902433037680177,0.06967142140561322,0.9539479551732639,14.993993518870164,1
1259,needle_5link,2.25,1,0.4622718757710022,0.037280949496987556,0.0897028966008273,0.4278123484822534,1.7731107188888375,1
1260,asym_3link,0.35,0,0.005241294436037175,0.0002163315072970549,0.0003909681679161378,0.16723367674931847,51.71913622739614,0
1261,large_6link,0.7,0,0.0015777938531503252,0.00011011891469889355,0.11457743411391164,0.26551461918129576,2.9911032481647717,0
1262,redundant_4link,1.0,0,0.001373864460607502,0.0001600523805491765,0.09513207576887485,0.4796481558771256,4.362704551404116,0
1263,short_2link,1.35,1,0.11909311315898362,0.015974059741160816,0.02155397464499577,0.8553923225232071,87.05361948079053,1
1264,soft_5link,1.75,1,0.35230413127648436,0.04448125637542999,0.03616718598051448,0.4951219315242215,8.774677221024048,1
1265,wide_2link,2.25,1,0.5456553638991869,0.09550861288085341,0.08769895438495406,0.4867953003590129,3.279655175049138,1
1266,snake_6link,0.35,0,0.0034406323445803954,7.06036560640912e-05,0.013491789710754928,0.1417074884626512,1.9024683028680232,0
1267,heavy_3link,0.7,0,0.0031481656781278617,0.00013417655537999848,0.03028403058409456,0.2761823142457548,1.8376030493527675,0
1268,teacher_2link,1.0,0,0.0007421037417514991,8.640303232597856e-05,0.1593855655468549,0.7382751319698824,3.072956264747477,0
1269,long_4link,1.35,1,0.09777888469088787,0.014482713384618469,0.0032005979634021605,0.4030970218420894,68.22586114110098,1
1270,long_2link,1.75,1,0.411951896701533,0.09455436576888958,0.15932622333961313,0.7378489302672491,28.01246968105867,1
1271,needle_5link,2.25,1,0.3420427677502509,0.0498699583192532,0.026634733639166214,0.4563877155417514,7.0382005857325405,1
1272,asym_3link,0.35,0,0.0021336619088481393,7.535868210701514e-05,0.015406170719862146,0.17824383392200516,6.014267949033542,0
1273,large_6link,0.7,0,0.0015905587561954376,0.0001323194336311982,0.09141066627138804,0.22054015149924297,5.231699105630526,0
1274,redundant_4link,1.0,0,0.0047463431189842,0.00024858972723910093,0.03562954695075773,0.5120438523433478,2.9167803144383346,0
1275,short_2link,1.35,1,0.04476181558355791,0.0034894758759958814,0.013846384548905757,0.9264484979117883,8.782060658274638,1
1276,soft_5link,1.75,1,0.2428827927007773,0.031383968165963595,0.1108136095961972,0.5916152058452249,2.2358682232766594,1
1277,wide_2link,2.25,1,0.5390806449928993,0.05731331151337014,0.06936304005400261,0.9031030377865958,2.0220903754666146,1
1278,snake_6link,0.35,0,0.12184243627530233,0.00107754555248835,0.001109931653391091,0.03516925449321249,296.86741173019846,0
1279,heavy_3link,0.7,0,0.0007930421538625745,6.244362630210254e-05,0.040611081656521664,0.3043161096991683,4.355526802589709,0
1280,teacher_2link,1.0,0,0.000930432517725527,0.00011243811134340707,0.1322757551830838,0.7490660156031055,3.7304743398055504,0
1281,long_4link,1.35,1,0.013923307769433488,0.0018463835800269963,0.133990951466405,0.5526124169066126,2.706090583364086,1
1282,long_2link,1.75,1,0.3620136881022867,0.0630579665903818,0.20067064892468564,0.7651061106040035,6.084123499979697,1
1283,needle_5link,2.25,1,0.35406264541859234,0.04931309124508571,0.08148037258881295,0.5252721182935397,1.7470130339513128,1
1284,asym_3link,0.35,0,0.001044297434899514,4.098087347950527e-05,0.044786446167532405,0.17422049311380308,6.326456451092872,0
1285,large_6link,0.7,0,0.0017853322324023176,0.0001457459727708223,0.020273465283808717,0.22888942812553761,5.639896034682267,0
1286,redundant_4link,1.0,0,0.019190473315372575,0.0005105952681451225,0.021731476887865364,0.5073817183209758,6.651845478336152,0
1287,short_2link,1.35,0,0.0650218141482429,0.003853822270945288,0.003946412696497411,0.46749107790058075,220.44688761265084,0
1288,soft_5link,1.75,1,0.31042638939503225,0.059033024167887714,0.050730839306176265,0.5701002792472616,6.513582446050467,1
1289,wide_2link,2.25,1,0.48130206006196385,0.024133570510643475,0.04793609767636479,0.9363041346248496,4.207517331656701,1
1290,snake_6link,0.35,0,0.0024763298045945206,8.931685330121961e-05,0.014443289700678008,0.14252263989812392,5.09609667160103,0
1291,heavy_3link,0.7,0,0.004575393025480612,0.00038076526276338443,0.03483555595483809,0.31278330960976697,41.400336727408856,0
1292,teacher_2link,1.0,0,0.0008820281426921974,0.00013521356670120028,0.04259336356956418,0.7414332654026928,46.37097570008294,0
1293,long_4link,1.35,1,0.1678396478434628,0.0134345926784868,0.05969056046516642,0.48120736562846145,2.4739616909728457,1
1294,long_2link,1.75,1,0.2891079081201979,0.06096779130573716,0.05318350870914204,0.7532620138543686,235.69780708859497,1
1295,needle_5link,2.25,1,0.324602379945788,0.05358127848791154,0.0357623009528886,0.6536728816129299,8.276717631855908,1
1296,asym_3link,0.35,0,0.043777399617558596,0.0009510773804327314,0.0009539997842129528,0.08910736177201245,791.3701924995474,0
1297,large_6link,0.7,0,0.0009061521911766233,7.449940786685798e-05,0.11901866119177092,0.2443663124318343,4.163944892222936,0
1298,redundant_4link,1.0,0,0.0035979068127296636,0.0003233384519867899,0.025186894898979077,0.47165308323331445,5.693510068542704,0
1299,short_2link,1.35,0,0.02909538129613535,0.002911312612760055,0.013870778835366632,0.7257719063093284,94.03950337245175,0
1300,soft_5link,1.75,1,0.09130619385488294,0.02101231765435551,0.2031811965668482,0.7418427278411064,9.685023779100062,1
1301,wide_2link,2.25,1,0.5166608909173153,0.07670867611035616,0.09539500493691487,0.4824325959638821,17.336708986457346,1
1302,snake_6link,0.35,0,0.002967879205726298,7.224424554871092e-05,0.03257323247200007,0.15939286015178006,2.4796038594417404,0
1303,heavy_3link,0.7,0,0.0015525614747641035,8.930437482559631e-05,0.020078587640375296,0.30185011281382745,1.9515414898694525,0
1304,teacher_2link,1.0,0,0.008154234792962602,0.00029564281846301447,0.033756279465534444,0.6634885438872133,3.7524920172781036,0
1305,long_4link,1.35,1,0.21105488615435233,0.003977602530144566,0.004540258750624258,0.22658519217953546,118.44100110020744,0
1306,long_2link,1.75,1,0.23947603245360052,0.022271758086735614,0.059166523894815574,0.9359748415269539,3.198333591793554,1
1307,needle_5link,2.25,1,0.395919617285013,0.06553745185367789,0.13596597566154311,0.39531600609525835,3.9766108964786233,1
1308,asym_3link,0.35,0,0.009295071576515537,0.0001313280191677547,0.02232417220872041,0.19494425670236987,4.145257248847366,0
1309,large_6link,0.7,0,0.002913595816718025,0.00021144832741518853,0.020889869667953115,0.24401288273770946,6.2090501311963155,0
1310,redundant_4link,1.0,0,0.006664756401193016,0.00026425024715929455,0.0381068417470044,0.4711300709235244,3.194470949846936,0
1311,short_2link,1.35,1,0.24715932605594063,0.008099874032083936,0.031865091686412196,0.6198818031817195,3.4272167316741466,1
1312,soft_5link,1.75,1,0.09384688058328734,0.0034828284627655024,0.03839997700023122,0.6984566376450166,7.355844868202998,1
1313,wide_2link,2.25,1,0.5431201137152094,0.07691947646937966,0.06816203798724858,0.4954658569637802,2.497727637222246,1
1314,snake_6link,0.35,0,0.036126202838951314,0.0009575381817511313,0.001004050771852202,0.07763305519383264,241.0149810888204,0
1315,heavy_3link,0.7,0,0.005818566308516691,0.00018196966728186047,0.027272352142378126,0.29528879456783347,2.5962122591658763,0
1316,teacher_2link,1.0,0,0.000678067508824457,8.279614585063078e-05,0.026683338014116067,0.7377274895217678,3.4668678234895474,0
1317,long_4link,1.35,1,0.16699682010725275,0.012280340883284783,0.052214050888589526,0.6241863840755953,2.6103408720477588,1
1318,long_2link,1.75,1,0.3155910780032716,0.05223690867021377,0.01586685284967126,0.80128273740866,27.751420840381698,1
1319,needle_5link,2.25,1,0.3855388893035392,0.019948304373956685,0.06023813910515428,0.667564301039649,4.394918588315482,1
1320,asym_3link,0.35,0,0.02418925296294463,0.0001809112947797116,0.010562401808460046,0.21466354621644007,5.98575834470658,0
1321,large_6link,0.7,0,0.0027128613659897875,0.0001971594480958161,0.0856659040071325,0.26880388452538984,5.78504994114908,0
1322,redundant_4link,1.0,0,0.0011052318352196015,0.0001580378981140561,0.01338293964034556,0.48965183071961754,9.24983087281567,0
1323,short_2link,1.35,1,0.19185299966237748,0.02701961180475344,0.02815229074419186,0.8312531597001059,267.8453142112462,1
1324,soft_5link,1.75,1,0.3541423954094203,0.056766740709914235,0.25302126158232363,0.5478870434990897,5.378229872643787,1
1325,wide_2link,2.25,1,0.4205169125157489,0.05887408048028252,0.0823942011547923,0.9697486247865448,2.1276288441773525,1
1326,snake_6link,0.35,0,0.0017461942941424953,7.062304187720329e-05,0.010837906268393198,0.14883400386750953,5.929018085775308,0
1327,heavy_3link,0.7,0,0.0014405238074284585,8.934280954674e-05,0.041878943002519875,0.27079702285573665,2.181033655227926,0
1328,teacher_2link,1.0,0,0.0008711689052211582,0.00011132524311142728,0.06605368674267396,0.7487083914753888,4.403977349500196,0
1329,long_4link,1.35,1,0.20467364503032967,0.012570577980230568,0.08787040016937696,0.5906276488378377,3.6973264320481025,1
1330,long_2link,1.75,1,0.391304017381037,0.060944241180420446,0.02138822213767136,0.7175992107170148,9.524180692005991,1
1331,needle_5link,2.25,1,0.3152219590439818,0.03376850614412579,0.11803860568812767,0.6621697238678843,1.5460912174486428,1
1332,asym_3link,0.35,0,0.007692388578577542,0.00031096979389989236,0.0004004306453024342,0.17753277365290393,78.54495566574192,0
1333,large_6link,0.7,0,0.002555479935724457,0.0001484738227797852,0.08035656161205289,0.2613483476856941,3.223032502038194,0
1334,redundant_4link,1.0,0,0.007172783282930733,0.00029000732515915736,0.03247653871844301,0.5025001488093302,2.959753627234831,0
1335,short_2link,1.35,1,0.24219140902750602,0.02698237548208508,0.029167315581105913,0.8154891714587675,3.66642108312609,1
1336,soft_5link,1.75,1,0.2087154063105543,0.0098012255984579,0.03953928196502383,0.6339577284561471,6.2466247768895,1
1337,wide_2link,2.25,1,0.4652944136939395,0.05979541471685872,0.0878158634775842,0.9433552690498201,1.9789600255012871,1
1338,snake_6link,0.35,0,0.005638290087690123,8.427263121098066e-05,0.018203253636300782,0.14956811872461687,1.37571775622695,0
1339,heavy_3link,0.7,0,0.0018458588205584566,0.0001524361380281225,0.008049232884136103,0.32527577042378963,13.45417775920519,0
1340,teacher_2link,1.0,0,0.0026421792949700208,0.0003568108033066154,0.05047647501231747,0.7442806405907371,12.37965201417432,0
1341,long_4link,1.35,1,0.15181932303439621,0.0029479163328164026,0.006131366483783295,0.5264201101289694,42.84728409419621,0
1342,long_2link,1.75,1,0.4282061400614879,0.09221288446104312,0.11265672991729729,0.7371969023916101,5.094361136465464,1
1343,needle_5link,2.25,1,0.4318974604034492,0.04693452130472517,0.07083900100791654,0.4511432392984839,1.498987696370364,1
1344,asym_3link,0.35,0,0.014804696553632393,0.00043596287949114725,0.019675728712675516,0.20153745977824103,24.97794997793551,0
1345,large_6link,0.7,0,0.0007049342236392945,6.343571067550569e-05,0.015329623782740697,0.23406491429264156,4.955169736695146,0
1346,redundant_4link,1.0,0,0.0011275557669167807,0.00013902125648203957,0.05400490929063115,0.49257301381630414,4.39405360924421,0
1347,short_2link,1.35,0,0.031560549963523025,0.0028870185391657675,0.0038096536642938618,0.6898020858944058,60.09064187873352,0
1348,soft_5link,1.75,1,0.21338809157807273,0.01759429733011848,0.11861278705023201,0.6232097418932256,2.9176397712192594,1
1349,wide_2link,2.25,1,0.4215848729467708,0.0731397412052339,0.07946901717978597,0.9677747282148648,5.882768200484309,1
1350,snake_6link,0.35,0,0.015513290760890855,0.0006787991463590474,0.0007336932656015077,0.12313537182401577,182.3500300229729,0
1351,heavy_3link,0.7,0,0.002538754974384104,0.00015303577280347105,0.07580177191496427,0.3264060935985097,3.754429864176013,0
1352,teacher_2link,1.0,0,0.0035970833481540595,0.00048093759798163753,0.022215187220297125,0.7398635066278376,16.122398333554603,0
1353,long_4link,1.35,1,0.049534512834996165,0.0035810666494686984,0.09959407287018804,0.6851178974901164,6.774985581265922,1
1354,long_2link,1.75,1,0.24460853868967716,0.028673242529564307,0.11365933579980883,0.9378323954672332,4.947869475904495,1
1355,needle_5link,2.25,1,0.30892835262695245,0.023566529570745582,0.05372772792965925,0.6727901996956058,9.502850989479233,1
1356,asym_3link,0.35,0,0.004286655453805235,0.0001050106446669769,0.00942752886673205,0.19794962765816443,4.001361381812965,0
1357,large_6link,0.7,0,0.0012209817940478408,9.279570011028322e-05,0.0626652279969101,0.26792776841743315,2.9500225603704875,0
1358,redundant_4link,1.0,0,0.0013293473036610768,0.0001275763859813068,0.036738784235842856,0.4826355577771916,2.403300254679767,0
1359,short_2link,1.35,1,0.17276402816301237,0.023689723341262216,0.024451335468733217,0.8295799535806148,553.5450298621514,1
1360,soft_5link,1.75,1,0.3336418466617925,0.026510085433972,0.04886267578558117,0.4955110564688548,6.169031420850729,1
1361,wide_2link,2.25,1,0.2947902590982116,0.03376908104130095,0.10079619048413037,0.925775143025776,47.04193737898155,1
1362,snake_6link,0.35,0,0.004808271119578944,0.00012397971445004714,0.030750772338913268,0.15088961766229742,5.080776188645866,0
1363,heavy_3link,0.7,0,0.0020891880636210234,0.00010645710831687378,0.07167543632090777,0.3663920563109285,1.6774070363522466,0
1364,teacher_2link,1.0,0,0.0031526687824257275,0.0004699893571146341,0.0681670621085413,0.719750587849857,38.662025475178766,0
1365,long_4link,1.35,1,0.2008289676988407,0.025057293620621757,0.03741610149424818,0.43750348258556315,3.733560349819668,1
1366,long_2link,1.75,1,0.3768305383673626,0.06460777110789999,0.056768807555766375,0.7914274832605837,5.571874244292892,1
1367,needle_5link,2.25,1,0.3245184238640886,0.05547689606305545,0.07863036371783545,0.47804450110142993,7.272189302487037,1
1368,asym_3link,0.35,0,0.03994596617220458,0.000785467649998673,0.001228934201476272,0.1502651278192898,51.18529839766807,0
1369,large_6link,0.7,0,0.00048387614776004373,4.8999975288694866e-05,0.014287802267501848,0.23708590690147313,9.205042178020982,0
1370,redundant_4link,1.0,0,0.004387557298066041,0.00046653718248569165,0.06430235061254706,0.5277819047343675,10.086979485384461,0
1371,short_2link,1.35,1,0.1603754881666319,0.019002876197993502,0.006706537913184025,0.8067334258410166,47.017536724836596,1
1372,soft_5link,1.75,1,0.32215160746678495,0.07094837689690317,0.0398991634033463,0.5692554954398156,7.348096740692191,1
1373,wide_2link,2.25,1,0.5510439575956008,0.08779460766261675,0.07027397115297096,0.46141952771089684,4.2063602100912405,1
1374,snake_6link,0.35,0,0.0017377208437921422,7.186869601970945e-05,0.04841318365916312,0.1502844885974463,5.773308255011855,0
1375,heavy_3link,0.7,0,0.0030068217241578476,0.00020566496014515264,0.018686808127273222,0.4010779862082231,6.37448267414934,0
1376,teacher_2link,1.0,0,0.004019635871274675,0.0006024991869422945,0.0032882695567057188,0.7195329990279696,80.73734673915033,0
1377,long_4link,1.35,0,0.005812687428542888,0.0010688655850191876,0.00381768754394961,0.5545958584180622,227.4724723555096,0
1378,long_2link,1.75,1,0.24425235034098394,0.01668690063584947,0.017030584457815048,0.8730859632608484,17.79007567520247,1
1379,needle_5link,2.25,1,0.34275995039223867,0.05237132574475113,0.06171065392115519,0.4564377805079771,2.208195889490799,1
1380,asym_3link,0.35,0,0.005328142191597634,8.995263168886175e-05,0.026856047770396997,0.20007033579426406,2.533663421472852,0
1381,large_6link,0.7,0,0.004825890707133966,0.0002360815823819526,0.06274243593087817,0.2287497759471306,5.089758547002235,0
1382,redundant_4link,1.0,0,0.015881733536719383,0.0004975376355640474,0.022580930563264864,0.4854949705225227,7.153961779374945,0
1383,short_2link,1.35,1,0.24954467769189637,0.03462358168091917,0.09445548879188179,0.8104388911045081,11.542659296981892,1
1384,soft_5link,1.75,1,0.3592811513838462,0.08041024911259717,0.14591762672092665,0.5530924314853825,4.544721894324534,1
1385,wide_2link,2.25,1,0.5393779675282749,0.07606740902047428,0.06478948394763162,0.5084090696833059,2.797249341008409,1
1386,snake_6link,0.35,1,0.17582602200200784,0.0010101287581448324,0.0012008443631878153,0.061224528085829476,117.9890636164869,0
1387,heavy_3link,0.7,0,0.0007641428748427994,6.373282946816476e-05,0.03503063212328358,0.31340045711200337,8.246153584695797,0
1388,teacher_2link,1.0,0,0.010970020849871509,0.00035574188522188486,0.03559576699114959,0.6763293460716152,4.874043015235898,0
1389,long_4link,1.35,0,0.0175622391172528,0.0006337859295429813,0.028376701707648944,0.6169453558739577,5.996921714832593,0
1390,long_2link,1.75,1,0.3370298695435019,0.02422281043265477,0.0732358721100482,0.8049208794590127,3.198258185433562,1
1391,needle_5link,2.25,1,0.3508577898444415,0.0651331904373728,0.08095132800340071,0.4544061412820307,4.212753135319384,1
1392,asym_3link,0.35,0,0.02994684788029837,0.00019971111283539179,0.00612520283270668,0.20316260989855595,6.76459011988198,0
1393,large_6link,0.7,0,0.0647803722746975,0.0006159096450357555,0.010868220215658714,0.343351141415699,13.186602411413999,0
1394,redundant_4link,1.0,0,0.003130040380725801,0.00018392032131478073,0.0659360892695416,0.4810350392417648,1.5812651617179514,0
1395,short_2link,1.35,0,0.03760583905693579,0.0032446873248789306,0.0036431406331412773,0.6316365067414085,97.6254010824556,0
1396,soft_5link,1.75,1,0.31384941532679983,0.026655719270989045,0.05699293676138078,0.5725909759039279,3.5841292700846066,1
1397,wide_2link,2.25,1,0.5507947907292337,0.09758642232446385,0.19172938171265874,0.46620729164821995,3.9050714838456573,1
1398,snake_6link,0.35,0,0.0027578405196647077,7.200652426354682e-05,0.04115277121589546,0.15906441893465934,2.710245538780973,0
1399,heavy_3link,0.7,0,0.0038250217338070486,0.00018248940373170194,0.0786130347194311,0.36196485851998905,3.3478995437699743,0
1400,teacher_2link,1.0,0,0.0009459950878187373,0.00012019136748127236,0.027925923032217973,0.7198186340653073,4.464256280021175,0
1401,long_4link,1.35,1,0.1157025035245583,0.018562161964741256,0.020220101952707313,0.4761026766448583,6.0770979538307355,1
1402,long_2link,1.75,1,0.4135431411196549,0.10054336288780706,0.13735180586236256,0.7534724739595043,7.814421287559893,1
1403,needle_5link,2.25,1,0.446672704305756,0.011508275388525956,0.03328044920445025,0.3829294067915381,10.206896766258101,1
1404,asym_3link,0.35,0,0.027213733829178872,0.0007369811265688243,0.0009898948647660076,0.12349391246361777,65.58096876893264,0
1405,large_6link,0.7,0,0.004431473112773219,0.0001555112525940414,0.035551590988187325,0.26252990567482565,2.2124728587246487,0
1406,redundant_4link,1.0,0,0.006401210557593117,0.0002565247453261747,0.045537442124609445,0.46665114247986883,2.9644370599780085,0
1407,short_2link,1.35,1,0.24122866909981314,0.03077218541110369,0.06907583502154782,0.8159599557467471,5.672295664697114,1
1408,soft_5link,1.75,1,0.3433685090263087,0.02829007904129786,0.06386094808402974,0.5516644437018299,3.52091239317989,1
1409,wide_2link,2.25,1,0.47343577736741255,0.051434322981047984,0.030062685625319063,0.6966369712107958,6.831433142187934,1
1410,snake_6link,0.35,0,0.010469802111092873,0.00014780815002552022,0.008433546819267,0.1383863590759685,5.217356699827071,0
1411,heavy_3link,0.7,0,0.006249278247240293,0.00023098821761414662,0.02057386896377784,0.34772237653255456,3.8229666335842913,0
1412,teacher_2link,1.0,0,0.007722812981064024,0.0010770961793723063,0.016520523221264818,0.6786478270737979,67.1331737997561,0
1413,long_4link,1.35,0,0.014199259438621964,0.002131824027642196,0.003230161415196073,0.5699139951071451,62.3293007807756,0
1414,long_2link,1.75,1,0.20993668381851413,0.04389273255266741,0.07236648579021002,0.9791143956148043,4.695112935676358,1
1415,needle_5link,2.25,1,0.4543887579233189,0.07481919941198252,0.09660842832320744,0.3391871317450438,3.221335619536367,1
1416,asym_3link,0.35,0,0.011150990135704116,0.00016457581980805708,0.01658545075066097,0.205138561514817,5.3907670248699855,0
1417,large_6link,0.7,0,0.004920728539255127,0.00016481053127421656,0.02988099348749877,0.2865864472854922,2.8392391079683406,0
1418,redundant_4link,1.0,0,0.014379772635130966,0.0006023513834103591,0.027986421598953547,0.5068899196473046,8.773705902016161,0
1419,short_2link,1.35,1,0.21100408778527402,0.026338034114229383,0.014758223130707387,0.8077510168989184,29.461406521369753,1
1420,soft_5link,1.75,1,0.33162735902676693,0.07587955243238784,0.04993637386764803,0.5729921844817051,5.97289292017582,1
1421,wide_2link,2.25,1,0.55126905174097,0.006636017021039257,0.0076323968791323004,0.698579315573975,72.99816049597419,0
1422,snake_6link,0.35,0,0.0886257669463629,0.0009808260458286848,0.0012031549456871956,0.07505686184765234,107.95458560581936,0
1423,heavy_3link,0.7,0,0.004590620260079265,0.00018410314874869394,0.021392896286958566,0.3464140336035365,3.0749852194967495,0
1424,teacher_2link,1.0,0,0.008846572977164582,0.0009753465276882082,0.07602032845907025,0.7032413360951936,23.967114255671753,0
1425,long_4link,1.35,1,0.009819431382454101,0.0011414104628219427,0.09249885671480543,0.644607919980634,7.759746875908251,1
1426,long_2link,1.75,1,0.3379557141326549,0.04991174867979508,0.23117077115535098,0.8015385147300208,2.57174629779644,1
1427,needle_5link,2.25,1,0.4520957549147674,0.05832129740327534,0.10825835550194625,0.349292051340317,2.53453888640682,1
1428,asym_3link,0.35,0,0.008451762094702255,0.00019842384921389949,0.004266802010229881,0.2279008935137401,8.134806105204568,0
1429,large_6link,0.7,0,0.007321728841044562,0.00023050442535755742,0.053366234911666234,0.25959447622229026,4.260188427857464,0
1430,redundant_4link,1.0,0,0.014298924305003693,0.0006506246462205929,0.014667745685745168,0.5269920590771923,9.713243505759817,0
1431,short_2link,1.35,1,0.16231489592984302,0.021472310295782296,0.01965677924461743,0.8193846453487516,292.1528482269223,1
1432,soft_5link,1.75,1,0.2036208755014307,0.004908483845776851,0.032262240916363365,0.6351999153204814,11.826767100745089,1
1433,wide_2link,2.25,1,0.5511428336611787,0.09655799841284383,0.2089971300407371,0.46505634291708126,3.629575325854971,1
1434,snake_6link,0.35,0,0.0017478846058245157,5.009237263502314e-05,0.027237301675111233,0.15851893415622711,2.2633697992012514,0
1435,heavy_3link,0.7,0,0.005968271202921403,0.00027550747279695374,0.051312197849605876,0.49571500900108373,5.4282306925047425,0
1436,teacher_2link,1.0,0,0.07011092473821547,0.0011528512522870737,0.008627763900911434,0.6213962636267354,18.943457747950912,0
1437,long_4link,1.35,1,0.07665063924090641,0.007695909456918107,0.04958900269484762,0.5544128128772233,6.601830257863206,1
1438,long_2link,1.75,1,0.39076392835404355,0.06117981774937136,0.03639972560808778,0.7237978349937061,6.684047861769852,1
1439,needle_5link,2.25,1,0.31651662339029507,0.02875143471962268,0.07818502012881273,0.6174528607461286,1.1077619712757918,1
1440,asym_3link,0.35,0,0.013940509761142077,0.0005120162022624218,0.0006133289672756115,0.14838416197033344,86.98020474547197,0
1441,large_6link,0.7,0,0.0018092937074540856,0.00010250178881959321,0.04364252877860544,0.2833880613649996,1.8392959175379728,0
1442,redundant_4link,1.0,0,0.004623526608110533,0.0002488157363361607,0.06316132204257706,0.4661865832656707,3.0095519452541555,0
1443,short_2link,1.35,1,0.2553987938558922,0.03276942072629794,0.05074252407399128,0.8072233362984008,6.35693258290568,1
1444,soft_5link,1.75,1,0.25063503589043257,0.04648041588874455,0.07377569270374601,0.5686833398323831,33.94761097233756,1
1445,wide_2link,2.25,1,0.5230285568918038,0.06773881951837873,0.06993253743509581,0.5672671133932704,2.303838290628367,1
1446,snake_6link,0.35,0,0.001266281924330555,5.1908823154210266e-05,0.07221177356492507,0.14960097176154297,4.112980826535797,0
1447,heavy_3link,0.7,0,0.0034127797686460946,0.00021963260741527307,0.022355990045386354,0.2929997798167806,5.792133434944174,0
1448,teacher_2link,1.0,0,0.0022192169754212767,0.00026512770513952293,0.03490461979926463,0.7425355794874907,6.720896415652556,0
1449,long_4link,1.35,0,0.004018360789103937,0.0007484431240517258,0.00616807230057909,0.5748847205632766,79.98003553981457,0
1450,long_2link,1.75,1,0.309181496082897,0.04224707558663229,0.0415593413013661,0.8663190700666115,4.6448693020824114,1
1451,needle_5link,2.25,1,0.3491983355662982,0.03375758744662381,0.09943865769465465,0.49712538574666154,1.1354453370934927,1
1452,asym_3link,0.35,0,0.0027195006780934223,6.42570719085285e-05,0.03347444439781958,0.20990688756922612,1.9845307472208134,0
1453,large_6link,0.7,0,0.0046768679281076276,0.00015837578731545636,0.032913786438073814,0.23695528830165302,2.1136946672489993,0
1454,redundant_4link,1.0,0,0.0047011587345426615,0.0005426502805539234,0.011568623012457646,0.49494388183055077,13.13230567519132,0
1455,short_2link,1.35,1,0.1431526808569214,0.01779502757307023,0.03675202186115333,0.8757024422157145,5.594224167058513,1
1456,soft_5link,1.75,1,0.02738764808528517,0.006003090811429401,0.11998535520432971,0.7919540632257983,4.2098274399344815,1
1457,wide_2link,2.25,1,0.3758040131301005,0.05623673713603584,0.0913610436358467,0.9974620896596142,2.303377548271137,1
1458,snake_6link,0.35,0,0.00791165853847056,0.00040860644249025006,0.0005307292282444081,0.1432529453544896,99.69997446515342,0
1459,heavy_3link,0.7,0,0.0034196834224642326,0.0001445664908400619,0.037474092986176995,0.3056050586520188,2.143177792147424,0
1460,teacher_2link,1.0,0,0.0008639219791768813,0.00010096701250045534,0.04533574507411674,0.7482870367791967,3.2655143061956133,0
1461,long_4link,1.35,0,0.003395503349815745,0.00031405024040346083,0.0439037216559291,0.5996350444102349,2.8527193008321645,0
1462,long_2link,1.75,1,0.24030712468298407,0.05442038339993641,0.11467766623741128,0.9444623629296917,6.8318442025324995,1
1463,needle_5link,2.25,1,0.45073606737765176,0.055009095684665194,0.17595173486929272,0.44051270604370835,2.7424551587108352,1
1464,asym_3link,0.35,0,0.0016466562366581686,6.724117771745729e-05,0.024778551174480738,0.1758321587408974,13.042593833183894,0
1465,large_6link,0.7,0,0.011160629404541081,0.000548087876493959,0.007152048291606907,0.2663921954594768,13.810236373524408,0
1466,redundant_4link,1.0,0,0.001952664949791701,0.00017604420519528794,0.1468634197399615,0.48410817356388597,3.0047380557651038,0
1467,short_2link,1.35,0,0.051728900368432355,0.003646353090331513,0.0038243803689768973,0.5121682612692432,153.68014040438186,0
1468,soft_5link,1.75,1,0.2154797242674803,0.04689251808835837,0.3519092632873123,0.6447673739859439,4.414922298361416,1
1469,wide_2link,2.25,1,0.530359702271305,0.10309487792198134,0.12932028137107535,0.5232350624982405,28.06219591915221,1
1470,snake_6link,0.35,0,0.008663463990159099,0.00011079522699117239,0.012647346230038624,0.15590538051075667,3.8944244942193142,0
1471,heavy_3link,0.7,0,0.0064974313827680374,0.0002292437244928088,0.0182729049312439,0.3461964282590013,3.941068653183104,0
1472,teacher_2link,1.0,0,0.041199001075446905,0.0007361172830959946,0.01361735785808267,0.6497981600353846,11.370382112748882,0
1473,long_4link,1.35,0,0.009030274363226808,0.00043356119085048717,0.04084549872431127,0.6487415361654049,3.62143464817561,0
1474,long_2link,1.75,1,0.2556130115387779,0.05386791908894769,0.14230478451686615,0.8799580734582249,23.599347532825636,1
1475,needle_5link,2.25,1,0.4648541473333926,0.07973003972292873,0.2243446026910274,0.4178302651223377,7.296063025120186,1
1476,asym_3link,0.35,0,0.011613598807278278,0.00044267477778723956,0.0005489832975108664,0.15457819826821886,78.55000828212155,0
1477,large_6link,0.7,0,0.0027473323100231702,0.00015099919097464262,0.023086388140309354,0.29564088644528136,3.1052252213622644,0
1478,redundant_4link,1.0,0,0.012506796108325903,0.000410124757629903,0.023926299077564838,0.5059528387762255,5.353918113095492,0
1479,short_2link,1.35,1,0.2274215297921235,0.02834465239207286,0.02723656057984185,0.8105451585659562,18.952930539759997,1
1480,soft_5link,1.75,1,0.13636531471812327,0.004603424669880111,0.030310473021391518,0.725902321173821,9.205001974954936,1
1481,wide_2link,2.25,1,0.4987467340547029,0.06910046937282781,0.14946830907043682,0.9241211777038867,2.922413713006346,1
1482,snake_6link,0.35,0,0.002959859062630522,0.00011775076978071343,0.011301882369659368,0.14783462008956613,8.498939890946666,0
1483,heavy_3link,0.7,0,0.014911086555366184,0.00028249011978058485,0.017609417174287864,0.5140946727708399,4.262607521285768,0
1484,teacher_2link,1.0,0,0.0005942947547235785,8.831130416156932e-05,0.00478640854190757,0.7350076717599866,10.50773910247532,0
1485,long_4link,1.35,0,0.005701288959448755,0.0010496993026360756,0.004040035001416777,0.5443502149435844,233.02989452037235,0
1486,long_2link,1.75,1,0.3795392514341815,0.0714013425865362,0.24318863725623655,0.7909341006800246,2.7394054039744935,1
1487,needle_5link,2.25,1,0.2733785295359564,0.04818854233953865,0.05768637323400604,0.6024654895791082,4.469507358427916,1
1488,asym_3link,0.35,0,0.006424325830501853,0.00010393091696134623,0.010141621778103065,0.22480417060410732,3.1485434407601316,0
1489,large_6link,0.7,0,0.0007739639605140209,7.576006735936442e-05,0.011407919796125123,0.23533941080081797,11.51984133132753,0
1490,redundant_4link,1.0,0,0.0029299364192782004,0.0002627672600442514,0.02502827067865334,0.4722048799294338,4.520677241794059,0
1491,short_2link,1.35,1,0.19195574937464396,0.01613594497779437,0.027285039598707855,0.6763274216449988,6.757105299349433,1
1492,soft_5link,1.75,0,0.016940186771337247,0.0008457565595573251,0.048213818197727736,0.7739425718334615,7.283783596769809,0
1493,wide_2link,2.25,1,0.5000561394631753,0.013017177641837062,0.024791065334294145,0.9303919779178549,9.405432927506741,1
1494,snake_6link,0.35,0,0.008707565864563947,0.0004102297112504755,0.0009519988670864737,0.13916286538873396,45.663944901796775,0
1495,heavy_3link,0.7,0,0.0020656116964124596,0.00011427845761230239,0.038212537658643894,0.39096172340527874,2.1841725788083384,0
1496,teacher_2link,1.0,0,0.005919850112427576,0.0006217798192844563,0.008547950403007067,0.7204740562341847,13.500615467662994,0
1497,long_4link,1.35,1,0.14682274316400787,0.008092713278484877,0.05353238730321159,0.6319119730123153,2.3194719402070465,1
1498,long_2link,1.75,1,0.39069390064022996,0.023327284004410403,0.07211878034780982,0.7323783362156928,3.503381877243508,1
1499,needle_5link,2.25,1,0.434625749223995,0.03142949144455248,0.05547483278566259,0.4764924415632509,3.2452963339945153,1
1500,asym_3link,0.35,0,0.0018773160868137235,4.8527263015697287e-05,0.010291260713282119,0.17474629082284007,1.6858526332224375,0
1501,large_6link,0.7,0,0.0017727902784373136,0.0001535401023020651,0.024037955600910082,0.23691006366539147,7.39154026827013,0
1502,redundant_4link,1.0,0,0.01284375335726159,0.00039552420623766075,0.025760278181263942,0.4990735960741258,5.233615093329078,0
1503,short_2link,1.35,1,0.16235541482582408,0.021602686290242746,0.0204163237735911,0.8216358836135994,436.1530068657092,1
1504,soft_5link,1.75,1,0.2840079250937485,0.030492905187899353,0.062418382324887424,0.5922409427323286,3.729049617377618,1
1505,wide_2link,2.25,1,0.5056889837000608,0.06279266171591491,0.12887347057291676,0.6140999460347578,4.756461600392652,1
1506,snake_6link,0.35,0,0.01168599696042342,0.00012288797393819563,0.010485379089829982,0.13467533462918324,1.614953947955551,0
1507,heavy_3link,0.7,0,0.007545160928082968,0.00023791095356421915,0.022464085431333707,0.4984633124702983,3.7376946421752297,0
1508,teacher_2link,1.0,0,0.0022468726998779204,0.00019753063952194765,0.1412858171730385,0.6782679489016717,3.1666752300513825,0
1509,long_4link,1.35,1,0.20291744106823345,0.024788257557405095,0.04630461072942424,0.4266208819019394,2.6829051762990423,1
1510,long_2link,1.75,1,0.3878942262060996,0.052733146612083864,0.05679068449211888,0.7322379095401533,2.8581429114013486,1
1511,needle_5link,2.25,1,0.5195149998172656,0.05726092675230596,0.15458850723779935,0.29587087201044343,2.2506873271881824,1
1512,asym_3link,0.35,1,0.19359108778389103,0.0010068703222036815,0.0012016575685668566,0.08376619864680013,87.88019852934066,0
1513,large_6link,0.7,0,0.005278248622011243,0.00016456611542591172,0.02895959260597827,0.28891952241978364,2.4169214984434926,0
1514,redundant_4link,1.0,0,0.001543564728698219,0.00013961813172417306,0.13622154437900696,0.48344982333424447,2.4273853399694216,0
1515,short_2link,1.35,1,0.24673783339619904,0.029326342726334383,0.03775218212977133,0.8106996656274928,6.925419777371738,1
1516,soft_5link,1.75,1,0.30776585542436835,0.05077853972753981,0.06168049919199891,0.5808607950226365,3.457808852197638,1
1517,wide_2link,2.25,1,0.3844721843433586,0.033666160784314086,0.062083269517136136,0.9672365808792731,2.9709545235315575,1
1518,snake_6link,0.35,0,0.00203936155570741,5.236601008632661e-05,0.015119227693346669,0.15979653500283883,1.812900304201039,0
1519,heavy_3link,0.7,0,0.0035655476282193247,0.0002542504067499356,0.06078896905167881,0.31799899933499165,8.509000957178205,0
1520,teacher_2link,1.0,0,0.003919536214842443,0.00025701294518013645,0.04447828044102215,0.7086270190868285,3.5690157996207144,0
1521,long_4link,1.35,0,0.008537296782708353,0.001509303716039993,0.0017829951076930638,0.5434524695094988,151.9984174755501,0
1522,long_2link,1.75,1,0.41929145308624854,0.024816109279533802,0.03412896695918328,0.685595952775234,7.2199215440583435,1
1523,needle_5link,2.25,1,0.5150958874376069,0.07862072074464299,0.12680748833010272,0.29299761622000653,3.670189149648481,1
1524,asym_3link,0.35,0,0.015378599659386935,0.00022373970682798577,0.0048351186715863215,0.22413377971975923,7.884658451328517,0
1525,large_6link,0.7,0,0.0014496218946873736,9.609012021685333e-05,0.03377431403685105,0.22767188450245063,2.874334696071994,0
1526,redundant_4link,1.0,0,0.0030046844594619304,0.00024311101790878175,0.028779660312548843,0.47875118916749976,3.842125173064698,0
1527,short_2link,1.35,1,0.23725084464909324,0.02832982729219509,0.04049625978402382,0.8144420531612337,8.976092732766677,1
1528,soft_5link,1.75,1,0.2774649425858035,0.048606314742726815,0.08527699322944286,0.6128149548951264,3.293297980727869,1
1529,wide_2link,2.25,1,0.4941853442054111,0.029285481552535773,0.08161505044312976,0.9287196500702374,3.1386744363661285,1
1530,snake_6link,0.35,0,0.01107653948374321,0.000533487651357916,0.0006463955341044124,0.14073201867298243,112.84170894000695,0
1531,heavy_3link,0.7,0,0.015008219775403715,0.0006794106163430669,0.008207514166637198,0.3302462053325084,14.843259224270135,0
1532,teacher_2link,1.0,0,0.0023939570693411005,0.00023382794837923003,0.05144239374391406,0.6789233458630062,4.365378351323623,0
1533,long_4link,1.35,1,0.12386286121614322,0.019850561216489218,0.06377957631612921,0.4703679836932321,4.402148006118212,1
1534,long_2link,1.75,1,0.2555406756742672,0.020616354943833688,0.032334971904253176,0.9001920732969739,9.251183821686881,1
1535,needle_5link,2.25,1,0.3772081593536828,0.031215520329783492,0.03647829239549264,0.6063338663032851,5.903456548929092,1
1536,asym_3link,0.35,0,0.0035882433283844395,6.772163493511457e-05,0.023318795044911318,0.20960818190126898,1.3469039260296045,0
1537,large_6link,0.7,0,0.0013041219307148462,0.00011125241889758506,0.056736084270825146,0.24127085397788817,5.3212571964088164,0
1538,redundant_4link,1.0,0,0.00133760318244848,0.00011571460896300637,0.10689398762824004,0.48973454501510744,2.047919948016007,0
1539,short_2link,1.35,0,0.04527132225255442,0.003556883032005028,0.003627965254768705,0.5661395822175306,239.43704546261458,0
1540,soft_5link,1.75,1,0.2987689686772107,0.07780460136255624,0.08607062130343039,0.59623924417588,7.230198198646006,1
1541,wide_2link,2.25,1,0.43521267258273677,0.058165151697239896,0.14758362504124448,0.9609661590687603,1.9899766057237829,1
1542,snake_6link,0.35,0,0.0043428338075293576,0.0001357830515988069,0.008865455655207351,0.14988088079896048,6.884208193552059,0
1543,heavy_3link,0.7,0,0.005496169725783779,0.0003402673501006043,0.010145737974021608,0.35015286084147224,8.74502899282572,0
1544,teacher_2link,1.0,0,0.0040206562313011346,0.0002397736814567837,0.09534295606968946,0.6605888830684474,3.0318122930863,0
1545,long_4link,1.35,1,0.09194590672814258,0.008622035831903465,0.08109739066580893,0.5569152791203985,2.2190408045277996,1
1546,long_2link,1.75,1,0.2577218700989135,0.0550019096856017,0.07686733275249144,0.9256491402689181,4.589355523340045,1
1547,needle_5link,2.25,1,0.31827767641309535,0.04436283916555988,0.09689792699724532,0.6942615789294222,3.9784198997186526,1
1548,asym_3link,0.35,1,0.30012161659427694,0.0010953940245956937,0.0011110756102943378,0.032978764856814335,323.50063287300003,0
1549,large_6link,0.7,0,0.0037619566221634626,0.00013690175534750978,0.038706543312360765,0.2656974775956622,1.5586114183532997,0
1550,redundant_4link,1.0,0,0.0011906495611056684,0.00013913190378921038,0.030093091041966773,0.48784243045298503,3.640143924005155,0
1551,short_2link,1.35,1,0.10414494142134073,0.009298209141260566,0.026143304990502058,0.8852902396710368,10.705772139661748,1
1552,soft_5link,1.75,1,0.12785578058219993,0.01189495677068031,0.08247807817052513,0.6844604200642206,3.900551529327551,1
1553,wide_2link,2.25,1,0.5378375347351708,0.08371759838179801,0.059417791286815895,0.47806628884810143,10.209651419889774,1
1554,snake_6link,0.35,0,0.011289873981210811,0.0002786578704828177,0.004708715206368103,0.14139697875461085,14.18192376316331,0
1555,heavy_3link,0.7,0,0.001957080598200983,0.00011805350052279651,0.03133706968097065,0.2631055483010649,2.6780363731337173,0
1556,teacher_2link,1.0,0,0.0007727974472416613,0.00010861233931792467,0.0544309123005355,0.7471661925975738,6.652052904826985,0
1557,long_4link,1.35,1,0.07949142957016363,0.015000169388324339,0.008566193583729776,0.5082067078252843,84.07656963110033,1
1558,long_2link,1.75,1,0.16767691175511798,0.017058434833886728,0.07819346910605024,0.9971083640175744,13.646644461770276,1
1559,needle_5link,2.25,1,0.32735540964495813,0.02487667164497753,0.08995361207714468,0.7149715429057242,2.0462556326996513,1
1560,asym_3link,0.35,0,0.007443114643870205,0.00011322001590955861,0.012291320433447316,0.18001621433693546,3.621055905546261,0
1561,large_6link,0.7,0,0.009994622449751137,0.0002512045283249521,0.02407743948354991,0.25668084241259237,4.643229544482465,0
1562,redundant_4link,1.0,0,0.001625500607433898,0.00023373195376867319,0.12684848277015615,0.48698677969224136,12.562378928157285,0
1563,short_2link,1.35,1,0.2585928614925102,0.030823639171969456,0.05604906890207136,0.8051212498880383,5.200071904688318,1
1564,soft_5link,1.75,1,0.20903470868586246,0.05407322357754273,0.11945586052960488,0.6720142353214513,7.179588599047771,1
1565,wide_2link,2.25,1,0.5553851144637943,0.050731994686734,0.11336366359994568,0.894655002349792,2.727519140738237,1
1566,snake_6link,0.35,0,0.029146084860897682,0.0009022180587967098,0.0009773275721722792,0.08779584314629116,212.87075906742885,0
1567,heavy_3link,0.7,0,0.005147755469925803,0.0001878368177057306,0.021603440130059055,0.2902016587049207,2.870628764818374,0
1568,teacher_2link,1.0,0,0.0017788085522970323,0.00018212660452669274,0.028422362946901817,0.6902960595590522,3.604723059161211,0
1569,long_4link,1.35,0,0.0026292371132020566,0.0003232644395819613,0.04920200168793245,0.5751139027449956,4.2619917816703605,0
1570,long_2link,1.75,1,0.3505026767288393,0.055127584890423346,0.18054454272610004,0.7837490858826661,3.246167864027435,1
1571,needle_5link,2.25,1,0.4629554873025202,0.068128188451734,0.05130047667023822,0.39200792984298916,3.2438273562779623,1
1572,asym_3link,0.35,0,0.0021370748335228862,6.47712599410221e-05,0.008942677941835139,0.20001075206226723,3.315328020509016,0
1573,large_6link,0.7,0,0.0031038666781649463,0.00022793249197058943,0.013918455170060974,0.22827215925621167,7.001622012735556,0
1574,redundant_4link,1.0,0,0.0030073963908300396,0.00028180024938840025,0.023790698578518232,0.501891460119179,5.12993376985374,0
1575,short_2link,1.35,1,0.22211174442538295,0.031315624639601705,0.02836462710616445,0.8157528019148685,90.8176111431113,1
1576,soft_5link,1.75,1,0.14199896665920425,0.00883286233209174,0.07790408039886473,0.6577038318467686,3.3330010216345234,1
1577,wide_2link,2.25,1,0.4744251474847898,0.08984906929810363,0.15033163874543556,0.7208416687310715,5.454506761948106,1
1578,snake_6link,0.35,0,0.0015169477118728003,4.9017992797039174e-05,0.04950819251642172,0.15509934303195674,3.405259814283542,0
1579,heavy_3link,0.7,0,0.001806975614802305,0.0001268047766412295,0.045350994966098644,0.31852199009350224,4.594779907617208,0
1580,teacher_2link,1.0,0,0.000481164239637372,6.967071366578614e-05,0.03540750893950287,0.7409773350503558,7.4107399277868184,0
1581,long_4link,1.35,1,0.18487942234477497,0.00995184520164283,0.03215613917145455,0.489704366129537,4.450864460964248,1
1582,long_2link,1.75,1,0.4143395851571045,0.027363418291599502,0.06295954534691886,0.6982321339942054,3.3176794805591827,1
1583,needle_5link,2.25,1,0.4565483211203551,0.06761812807721038,0.02741770215494379,0.46025182590728825,6.647399968639054,1
1584,asym_3link,0.35,0,0.005982841883956171,0.0002451641359858707,0.00037765055854698806,0.16625604451899387,55.33565433969419,0
1585,large_6link,0.7,0,0.008163577320268615,0.00036858751781539687,0.011382025641512953,0.2361233603521075,8.569956345036918,0
1586,redundant_4link,1.0,0,0.01086072436744683,0.0003457344968407797,0.04695609411394425,0.45623522549570894,4.513764346496753,0
1587,short_2link,1.35,0,0.024753072220688167,0.0027415434207012468,0.01602635183085017,0.8019782300682866,264.11834520748727,0
1588,soft_5link,1.75,1,0.13705066297849094,0.03505431889329415,0.1431751224078156,0.7132778264723738,10.020940520398627,1
1589,wide_2link,2.25,1,0.5479904340732799,0.03520905789245956,0.06976512736255205,0.8991633353352964,3.3441106657941697,1
1590,snake_6link,0.35,0,0.005213272476282593,8.573454147999703e-05,0.013715839192199061,0.1491061804588359,2.1945941144225634,0
1591,heavy_3link,0.7,0,0.011052238489297277,0.0002830185262763261,0.016571761571573824,0.4846250411626437,4.677123074266479,0
1592,teacher_2link,1.0,0,0.01650923026437184,0.000480943530975237,0.04621244987216154,0.6575694335912076,7.08253111813821,0
1593,long_4link,1.35,0,0.014587710787061507,0.0023101944462527737,0.002419067019329834,0.45797094860390064,204.9943931694831,0
1594,long_2link,1.75,1,0.3978287013892555,0.059808085333476015,0.029488896805319142,0.7126562375525709,7.331692535811983,1
1595,needle_5link,2.25,1,0.35494243203548226,0.04823316449817012,0.1557835780691282,0.6013029626528945,3.6505844918377752,1
1596,asym_3link,0.35,0,0.002957139516573383,0.00010106602218916264,0.00465356738146354,0.1632875347879776,6.191500427421186,0
1597,large_6link,0.7,0,0.002840789543431441,0.00020578552091777595,0.013839745893149262,0.28830361113209846,6.040315277353876,0
1598,redundant_4link,1.0,0,0.0024738538741907916,0.0002926862234587469,0.018082931976984438,0.4678809693618184,8.261224591012034,0
1599,short_2link,1.35,1,0.2564878852841836,0.008932139804696218,0.030964670206749808,0.603393140254535,3.7090060593242606,1
1600,soft_5link,1.75,1,0.13717806578298683,0.016978875220891854,0.12880294577754403,0.6938692886969309,3.6578588008019444,1
1601,wide_2link,2.25,1,0.406924249669429,0.03378646025763496,0.047392434774217736,0.8878268275934988,6.040408404200139,1
1602,snake_6link,0.35,0,0.04372531742273555,0.0009976485641597268,0.0010348375169144356,0.06609235402229353,284.9212217141115,0
1603,heavy_3link,0.7,0,0.004515975604321142,0.00021857673898783694,0.03536931605728177,0.3933848632077597,4.2512962694278205,0
1604,teacher_2link,1.0,0,0.003471359577381537,0.00032242576277824545,0.05398886493676486,0.7255809751236773,5.939143093044207,0
1605,long_4link,1.35,1,0.19748448139669744,0.02358529222958596,0.06324481365261451,0.42539200318934123,2.248072533841406,1
1606,long_2link,1.75,1,0.3884628188627256,0.029576469652235666,0.09083869500011695,0.676428275237027,19.28852935160768,1
1607,needle_5link,2.25,1,0.39493046926476905,0.07211813814098626,0.056815757993169055,0.46931043242644793,8.084247793843026,1
1608,asym_3link,0.35,0,0.018103538572403113,0.00014927252444347234,0.010311076842588116,0.21801407505186352,4.184028780072853,0
1609,large_6link,0.7,0,0.0019290332309353981,0.00015537417790407288,0.05482062268364147,0.23804143055811128,5.476121310512134,0
1610,redundant_4link,1.0,0,0.000694344496388307,8.346901679596795e-05,0.1794855198994261,0.48428852633691744,3.259486960590688,0
1611,short_2link,1.35,1,0.21062230235056995,0.02991623634832755,0.029345130307683053,0.8239931722819461,445.6135854956262,1
1612,soft_5link,1.75,1,0.12734682634429625,0.01120606522995292,0.024422153856850724,0.6846159272060784,10.819550872627381,1
1613,wide_2link,2.25,1,0.5537028529540922,0.09538291818352304,0.08401247590746706,0.45464749668585386,3.570597946310148,1
1614,snake_6link,0.35,0,0.007042538272750458,0.00019043267853780711,0.03249447748704038,0.15400618096176272,9.303741263529469,0
1615,heavy_3link,0.7,0,0.003973682571753866,0.00020145758914142647,0.016644229896507552,0.3562315367551228,3.990834651792947,0
1616,teacher_2link,1.0,0,0.0014366274389795495,0.00019870389559421503,0.009603907648365701,0.7145824390179564,8.374283571805007,0
1617,long_4link,1.35,0,0.001694094491486259,0.00018335812320598936,0.16044921454847377,0.6675915294805467,1.8217551895688073,0
1618,long_2link,1.75,1,0.4031166070904374,0.08026713694744828,0.07738148530674412,0.7650858300933329,3.1241924505143004,1
1619,needle_5link,2.25,1,0.41851628984487654,0.05891481422032911,0.04740101240060424,0.4634814767253506,2.485903977212535,1
1620,asym_3link,0.35,0,0.03680106687412301,0.0008006254868604141,0.0011437303139249801,0.14378060836163242,59.78175343486598,0
1621,large_6link,0.7,0,0.0027823635901510976,0.00018544797769856698,0.016485910266761414,0.2721470022164563,4.894507041154196,0
1622,redundant_4link,1.0,0,0.0046803115711359505,0.00024399791004748445,0.07930566904521523,0.4967987005023716,2.9590350570523887,0
1623,short_2link,1.35,1,0.12565591786403993,0.016965278971959635,0.08679601793208647,0.8852749551327891,10.884668041428105,1
1624,soft_5link,1.75,1,0.11990345750874003,0.02891979568129852,0.3517513185598359,0.7408711730958523,4.645707704095566,1
1625,wide_2link,2.25,1,0.26359749501823937,0.03321367074979302,0.05704515786018329,0.5445881358759758,295.7172677830961,1
1626,snake_6link,0.35,0,0.004814738307364925,0.00015425127330830063,0.008694943036778528,0.1613539342717856,8.38549545216354,0
1627,heavy_3link,0.7,0,0.0015173512539554245,0.00010651608515900239,0.0982285717100157,0.35264820426722326,3.6401010141690704,0
1628,teacher_2link,1.0,0,0.005056411103141325,0.0005831583444881067,0.04576875455994114,0.6741372401664536,14.125272361799015,0
1629,long_4link,1.35,0,0.0051755870916254144,0.0009548763843918861,0.004468667521376634,0.5422909293657486,109.78043069070577,0
1630,long_2link,1.75,1,0.4268691772084626,0.03471127978382705,0.10374113670934408,0.6770699253614154,4.6820543081158155,1
1631,needle_5link,2.25,1,0.4229146553081915,0.025348493384418195,0.03966940004165643,0.5223903127441659,4.3975820723657,1
1632,asym_3link,0.35,0,0.005523241828320829,8.289620676522338e-05,0.014326690241195102,0.1886881807333197,1.9778706518227647,0
1633,large_6link,0.7,0,0.003727542375686082,0.000242191054383022,0.015223531496807014,0.2613371259293975,6.351807771658431,0
1634,redundant_4link,1.0,0,0.004358965369828745,0.00035730548965994414,0.02056925581051208,0.4760122710416268,5.948854399482152,0
1635,short_2link,1.35,1,0.09381958120033285,0.0038702501038162646,0.02035771637844459,0.8026904863902852,8.040246844417137,1
1636,soft_5link,1.75,1,0.23952460752133836,0.04066975840396927,0.2887806194525633,0.6010812041778306,4.297538526812406,1
1637,wide_2link,2.25,1,0.5247197056382593,0.04019015792738482,0.08717103630469483,0.9114226219731332,2.029300419719399,1
1638,snake_6link,0.35,0,0.03718872876233537,0.0009601901870564926,0.001012303124927013,0.07915668690940668,220.02395499001082,0
1639,heavy_3link,0.7,0,0.004440500091041512,0.0001509668837307073,0.03177255175367402,0.4088417616885402,1.8103252942800696,0
1640,teacher_2link,1.0,0,0.014311507154740633,0.0006661911767227978,0.014457503443809099,0.6802516634565152,10.672840836410037,0
1641,long_4link,1.35,1,0.0483398005640489,0.007738268826043408,0.06380033393449516,0.530426179521657,3.1592061688806923,1
1642,long_2link,1.75,1,0.34417420899843,0.01882156033168816,0.0431250868581769,0.7944855090648962,5.744513080343044,1
1643,needle_5link,2.25,1,0.20806288779268958,0.03237380060716429,0.15989470391461622,0.6775616322948455,2.990441375441959,1
1644,asym_3link,0.35,0,0.0022684431866831,8.339919253442648e-05,0.02611241730699787,0.1888556029849137,7.304454704442029,0
1645,large_6link,0.7,0,0.005406711851179777,0.00020858663362295816,0.0621542536261629,0.24804287795508023,3.9898828943438294,0
1646,redundant_4link,1.0,0,0.0013535163649427509,0.0001257357913392659,0.042501630605048656,0.4796916646423659,2.1703975942768734,0
1647,short_2link,1.35,1,0.4924773573497051,0.0042047855528173665,0.004329437740020325,0.13845810267040584,202.5997171731248,0
1648,soft_5link,1.75,1,0.3572222213129825,0.07673622812479158,0.052997506582255244,0.5530553061950836,5.618626647516421,1
1649,wide_2link,2.25,1,0.5563598081874839,0.048349230648493446,0.10328743985520827,0.8944273989026524,2.443135941569439,1
1650,snake_6link,0.35,0,0.003959957882046822,8.61255296157721e-05,0.01261231588182656,0.15353644070811695,2.9378417386060693,0
1651,heavy_3link,0.7,0,0.0020449044894092785,0.00010705229449150714,0.02179888610828484,0.26571518861707494,1.788817898451453,0
1652,teacher_2link,1.0,0,0.001838363476518751,0.0002450002227900659,0.09990061677308416,0.7058845678836485,8.39853437369919,0
1653,long_4link,1.35,0,0.005528787151816548,0.0005088066658196318,0.049273248395723286,0.7640617129270262,5.547232337928241,0
1654,long_2link,1.75,1,0.3090469697495813,0.021010332339155623,0.04150028190230868,0.8397847518191184,5.6327591281759055,1
1655,needle_5link,2.25,1,0.19405934794281934,0.02926060662621954,0.05746021013439779,0.6812662722226691,2.050804240610563,1
1656,asym_3link,0.35,0,0.006734809681665921,0.00027671159558543136,0.0003071188274584765,0.17466100519141067,124.9177843676236,0
1657,large_6link,0.7,0,0.008698419883233449,0.0002079413411317002,0.029521900304184754,0.2992134713996289,3.3323214197886237,0
1658,redundant_4link,1.0,0,0.015705551807209544,0.0006761650741515859,0.01495645471228407,0.47735071855408,10.125227190536862,0
1659,short_2link,1.35,1,0.032041211776015,0.0029234278667602848,0.13919715692393714,0.9473167547631538,2.8165722053937285,1
1660,soft_5link,1.75,1,0.31697494860716424,0.05196894757143927,0.15632565967922882,0.586528761933649,3.072385922935531,1
1661,wide_2link,2.25,1,0.5447544023916716,0.061455286667659724,0.03594225776486529,0.8983308366087375,4.747573404020053,1
1662,snake_6link,0.35,0,0.0041735030579925355,0.00010036593093569697,0.02218081964947086,0.14617656267530255,3.6992908290447315,0
1663,heavy_3link,0.7,0,0.004068960655916211,0.00014574812108197557,0.04862746801660002,0.42586381879326174,1.7428405788200663,0
1664,teacher_2link,1.0,0,0.023427929416256318,0.001671493773015863,0.005283428040132793,0.6105977697399821,36.051258282698974,0
1665,long_4link,1.35,1,0.01908395529437169,0.002649856017415207,0.0032948598363580937,0.4098026335756122,84.96188015860577,1
1666,long_2link,1.75,1,0.40058740530298226,0.07981367193086857,0.09386122141449932,0.7624111401545923,9.937821289708074,1
1667,needle_5link,2.25,1,0.5147871791869439,0.06185621005301261,0.06050106733104806,0.32776178885020996,3.9812766431278366,1
1668,asym_3link,0.35,0,0.001195463494786461,3.8745511840607905e-05,0.01952552500318421,0.17858737044116857,3.3988803749266907,0
1669,large_6link,0.7,0,0.0013944223929430973,9.723657360741486e-05,0.02467342238314824,0.22810757397527573,2.869745330445658,0
1670,redundant_4link,1.0,0,0.0021263578610799965,0.0002715526712043095,0.023443732899516675,0.4901274594404043,8.804546859244615,0
1671,short_2link,1.35,1,0.13227389796841119,0.003690259726916768,0.0169837647553303,0.7348546972942054,12.246507220294063,1
1672,soft_5link,1.75,1,0.4109382130530983,0.08979996841492532,0.035220339455903006,0.5033345542299529,8.716751418867496,1
1673,wide_2link,2.25,1,0.37308988976760155,0.03103632576188069,0.06857291910307427,0.9990713599032475,3.1763038569732966,1
1674,snake_6link,0.35,0,0.015378899701266805,0.0006806952480304488,0.0007079764401721444,0.12553948135097717,264.4830738672721,0
1675,heavy_3link,0.7,0,0.003207851510757273,0.00012662478440549681,0.0559136014757519,0.3148252232214777,1.2345107476672885,0
1676,teacher_2link,1.0,0,0.0061227241311023264,0.0008540701845622384,0.004624745350424008,0.721961504145319,41.07086659277454,0
1677,long_4link,1.35,1,0.06225990300467045,0.005279519104521606,0.06458223055638124,0.5847202359556845,1.6255832105804966,1
1678,long_2link,1.75,1,0.4092673158032749,0.07717434906420213,0.05468149102832556,0.7571197519074083,4.828029640136731,1
1679,needle_5link,2.25,1,0.4472054617168754,0.04353040070780142,0.04474004023317724,0.6470166941916786,4.249513866066622,1
1680,asym_3link,0.35,0,0.005610811448036694,0.00011768269084439377,0.015868756376484643,0.19725304956818648,3.9671770406752884,0
1681,large_6link,0.7,0,0.001893351001725282,0.00010280200812421115,0.050453522190567916,0.2811646478140045,1.6999398099763543,0
1682,redundant_4link,1.0,0,0.008302316562223595,0.00029489039655893013,0.034602355508561326,0.46235372819322257,3.6852124108383255,0
1683,short_2link,1.35,0,0.057039197456992215,0.0037820068000691395,0.003823294737314799,0.4776282870759067,345.7122824631269,0
1684,soft_5link,1.75,1,0.39241515441416,0.0566760626287996,0.05504368924987481,0.5196410697978374,3.553333975670522,1
1685,wide_2link,2.25,1,0.5107245239686005,0.06650675707038747,0.1043539980990233,0.9177160767067841,2.632590808996159,1
1686,snake_6link,0.35,0,0.0053805706729102435,9.934670294804227e-05,0.018136544780498635,0.14552780332211387,3.1240893828243075,0
1687,heavy_3link,0.7,0,0.0038121478369932,0.00019291264127279002,0.02630723756183504,0.41705666050036644,3.7403430426526363,0
1688,teacher_2link,1.0,0,0.01758810667991741,0.00045467307944898033,0.04242083261783536,0.6603061031320964,6.585421007243316,0
1689,long_4link,1.35,0,0.0011773705796222574,0.00015311612616049054,0.04337644691872516,0.6237796793828857,2.0643156628501127,0
1690,long_2link,1.75,1,0.41365626615642376,0.07995869418822676,0.14321322988063342,0.753589114158602,2.9479560226214985,1
1691,needle_5link,2.25,1,0.4228119103966878,0.0657398571581019,0.0541757961015822,0.43268198200713914,5.7085801308344655,1
1692,asym_3link,0.35,0,0.0022719686117390527,9.636626037516385e-05,9.941826268226804e-05,0.17662313458718992,564.3546996838976,0
1693,large_6link,0.7,0,0.0007859232821023456,7.101048968395467e-05,0.033720494442568576,0.2567005342912654,3.6068486247218376,0
1694,redundant_4link,1.0,0,0.0019069380219225553,0.00016508009631017678,0.04294809732554959,0.49946001464551265,2.5587065293141094,0
1695,short_2link,1.35,1,0.07116586095920957,0.008811437407209887,0.011320858986792491,0.8382301197613936,291.9272046602228,1
1696,soft_5link,1.75,1,0.36554298499120186,0.03596383014553523,0.03567881343808863,0.5441211550547703,6.905230393479445,1
1697,wide_2link,2.25,1,0.4457281684194137,0.08454098303107956,0.09427551250918385,0.802002604093294,6.664817018065363,1
1698,snake_6link,0.35,0,0.007799267233917018,0.00010750731145919016,0.010040560010273465,0.14306122462887574,2.199878831912756,0
1699,heavy_3link,0.7,0,0.004813423140275349,0.0001716899339938739,0.026468386921734862,0.3480118255676174,2.593576955690587,0
1700,teacher_2link,1.0,0,0.016839673607482796,0.002003766014494197,0.0021627902026441605,0.5731898935459397,2559.1352986875154,0
1701,long_4link,1.35,1,0.07260927489758393,0.011435163316549781,0.002734389241503132,0.42496191270305955,80.60646346532907,1
1702,long_2link,1.75,1,0.4280407139128995,0.03987503080266931,0.05371075653305298,0.675777906559054,3.9165119769971426,1
1703,needle_5link,2.25,1,0.25248713968449005,0.01061491229944414,0.02963112661729513,0.8114010736418767,7.390056043949411,1
1704,asym_3link,0.35,0,0.001426792246209098,5.2959247890333144e-05,0.014231285695201504,0.1756605414896278,5.76030304116517,0
1705,large_6link,0.7,0,0.0009695271931870102,7.418982345314496e-05,0.10069959839566481,0.24850286097339433,2.784422522823968,0
1706,redundant_4link,1.0,0,0.0014619810214296341,0.00015066102878965917,0.1708185384279512,0.5007319881547828,3.2946042151358745,0
1707,short_2link,1.35,1,0.21752210983639797,0.016169134766978545,0.018738146003038036,0.641197797312537,6.310568177967151,1
1708,soft_5link,1.75,1,0.23297199066800814,0.015942160318952764,0.0478323500076609,0.6362858640892819,4.974059154113756,1
1709,wide_2link,2.25,1,0.40913450516443256,0.0721892613430175,0.07892966583745992,0.9690308482974946,14.235419757077374,1
1710,snake_6link,0.35,0,0.01251164613504485,0.0005927210869191215,0.0006438637284216144,0.13090796132513127,210.00971047077027,0
1711,heavy_3link,0.7,0,0.0018307613751212982,0.00012203367817993379,0.01705954511160007,0.3113228550685965,3.9335036185000285,0
1712,teacher_2link,1.0,0,0.0032535061192721835,0.00021428853203768274,0.037307692548171206,0.6639967057588804,2.6539170081027197,0
1713,long_4link,1.35,0,0.008354987661824284,0.00048137334373619717,0.06346388114138335,0.7289980577561518,4.246711903297051,0
1714,long_2link,1.75,1,0.414878698784195,0.10427331828741337,0.20822414783965543,0.7474010989726869,31.839254651481053,1
1715,needle_5link,2.25,1,0.47088621213755094,0.0616750761824621,0.0681553494697639,0.32778177119176627,1.6393577364080665,1
1716,asym_3link,0.35,0,0.0030841388821962207,0.00011679153037494301,0.04283603831413187,0.17685795131850698,10.44286053205782,0
1717,large_6link,0.7,0,0.0019160112278318931,0.00010887641367621497,0.0833695998774391,0.2257430635156545,2.069084128076481,0
1718,redundant_4link,1.0,0,0.0005776812999404505,7.681371547097916e-05,0.06606924513970377,0.4863973468914035,4.328984701788566,0
1719,short_2link,1.35,1,0.15699997970522486,0.004167288060699615,0.004238949958332999,0.2004745290745318,274.8113069126678,0
1720,soft_5link,1.75,1,0.40243104025389737,0.08851998068257012,0.07856649724072295,0.508184908067147,9.156278028447929,1
1721,wide_2link,2.25,1,0.5395802219267457,0.044307536226268006,0.09768731576993474,0.9034695955869405,1.7649171444996672,1
1722,snake_6link,0.35,0,0.0007632563645029297,3.147431250366835e-05,0.021713190662477764,0.15769755104968683,4.457037676805031,0
1723,heavy_3link,0.7,0,0.0016361839051187894,0.0001048948028991882,0.02146766556408278,0.28358635799748483,2.7893779728112085,0
1724,teacher_2link,1.0,0,0.00465794057060891,0.00024273165720801193,0.038537554051756226,0.6942549947029217,2.8995341608076455,0
1725,long_4link,1.35,0,0.002515665970370598,0.0003646256313514688,0.04610417794691211,0.6455817875799492,6.266533910536261,0
1726,long_2link,1.75,1,0.41074960621961026,0.0545507994045095,0.18527499408097198,0.6982408314202743,4.814849191242379,1
1727,needle_5link,2.25,1,0.44722666657875126,0.07940284470298682,0.060137680687482986,0.35206212318978003,4.277067009323319,1
1728,asym_3link,0.35,0,0.006059931467076559,0.00024990292122146807,0.00038144060357416464,0.17847401204836114,84.71050611530626,0
1729,large_6link,0.7,0,0.00778095155181481,0.00021663694539842787,0.029730906561930098,0.28849643046291684,2.5980054789024094,0
1730,redundant_4link,1.0,0,0.0008035897226424481,9.520214119698905e-05,0.028297053367691137,0.48301215627938543,3.269417748670421,0
1731,short_2link,1.35,1,0.19866243329519473,0.02278863176666805,0.04630927663931013,0.8417475306883575,3.970004515671201,1
1732,soft_5link,1.75,1,0.13455585939840434,0.025973486045006815,0.10117123556339673,0.7249996454563442,2.710441491326835,1
1733,wide_2link,2.25,1,0.4726274700035795,0.05193254465232443,0.050723743319651175,0.72362599681545,3.0519772831751864,1
1734,snake_6link,0.35,0,0.004289406588982302,0.00012789933968558335,0.04031090112069038,0.15465315580423564,6.266904307422268,0
1735,heavy_3link,0.7,0,0.0035953210412516556,0.00017325603546976902,0.06983245797061363,0.3395644054186565,3.103308004282901,0
1736,teacher_2link,1.0,0,0.0006501187893219244,9.138804506018525e-05,0.015449079598381309,0.7317124469575904,6.309787597561139,0
1737,long_4link,1.35,0,0.06245190187462403,0.003253772346049584,0.0051870809685725374,0.3655241409415423,57.76358132452139,0
1738,long_2link,1.75,1,0.42683081652750576,0.0758357315321692,0.13175081093607288,0.739060904930516,2.8981064777002117,1
1739,needle_5link,2.25,1,0.20240796469446487,0.018901509618610323,0.08756977217729316,0.769656847573059,1.5730708223425143,1
1740,asym_3link,0.35,0,0.0029880214606386553,9.337988999531922e-05,0.016145852742287477,0.20869303279804832,4.944137115429696,0
1741,large_6link,0.7,0,0.006017256694878222,0.000381731461694784,0.04499600399501259,0.2730376116728497,10.19516451346258,0
1742,redundant_4link,1.0,0,0.004573846571991326,0.00021410846917243207,0.054439728152197935,0.4806996162552416,2.070959109904123,0
1743,short_2link,1.35,0,0.027229621020985924,0.0027521683405190875,0.0041379384181972866,0.7414305095638325,69.18429758063802,0
1744,soft_5link,1.75,1,0.16820308076146684,0.018695150354486618,0.06969272122867484,0.6464441100648104,2.231842369455496,1
1745,wide_2link,2.25,1,0.5022526774398304,0.025856112947604162,0.014479697907610611,0.8974435979485772,15.19004507587307,1
1746,snake_6link,0.35,0,0.023867219284715385,0.0006970682353063777,0.0013157115533617319,0.10882658992143737,55.42114792377993,0
1747,heavy_3link,0.7,0,0.026813759891401428,0.00036711623297254004,0.01631501096134824,0.5371397075574498,6.042977465369557,0
1748,teacher_2link,1.0,0,0.0029734186164790503,0.00020985370278039982,0.05523465855965263,0.6666749015375146,2.7230324538514408,0
1749,long_4link,1.35,1,0.00640883060290081,0.0007291825842478614,0.040308361140800615,0.6859833755092015,3.5879422785834194,1
1750,long_2link,1.75,1,0.2021007784093876,0.04195698587329398,0.10649284104234107,0.9879337864263175,4.636361551210308,1
1751,needle_5link,2.25,1,0.39119411389694503,0.05317475899011951,0.11408410981589855,0.4096290951293879,3.120796598618632,1
1752,asym_3link,0.35,0,0.003089573118419461,6.355591424263419e-05,0.02719758264804871,0.20133830502314573,1.4559369727360705,0
1753,large_6link,0.7,0,0.009432858891498298,0.00025568476223357433,0.01814452189010276,0.3013020059826648,4.8738360297246865,0
1754,redundant_4link,1.0,0,0.001488415690133741,0.00013923888083239362,0.052707009627743016,0.4834664114188403,2.449774656528707,0
1755,short_2link,1.35,1,0.024837793442613488,0.003015574367301462,0.009050682596161623,0.8626564208455405,119.76055954962057,1
1756,soft_5link,1.75,1,0.28668937852849796,0.016164388336958376,0.040592775058826906,0.5499554248973924,6.367104642880121,1
1757,wide_2link,2.25,1,0.54224822369191,0.07744619958440363,0.06632762603928176,0.4980359221206928,2.750798951071444,1
1758,snake_6link,0.35,0,0.0027943130063418087,7.786728066670184e-05,0.04215010637051247,0.1456747162685515,3.2598334048876962,0
1759,heavy_3link,0.7,0,0.0011524877657267474,9.466541803214136e-05,0.005567190861492805,0.2877945132166151,9.270965638128832,0
1760,teacher_2link,1.0,0,0.0036402133130689148,0.0004247838649734776,0.059769800449895695,0.735069473630805,10.288560874395312,0
1761,long_4link,1.35,1,0.034101296246064734,0.006007103981338967,0.05403720709319532,0.545625665245524,9.954462384344895,1
1762,long_2link,1.75,1,0.4238912084122005,0.09136627229830806,0.07342808645299483,0.74094574811786,6.832828397319128,1
1763,needle_5link,2.25,1,0.4369309678161741,0.05957374931063419,0.07274118033394779,0.4422173291586947,5.608613207357037,1
1764,asym_3link,0.35,0,0.008275220912507628,0.00033550938672353525,0.00034056535316835505,0.17069186206057266,313.1574186872067,0
1765,large_6link,0.7,0,0.007499888003661659,0.0001923123447559915,0.028945710680313222,0.2938798530365753,2.9689462505038002,0
1766,redundant_4link,1.0,0,0.0024450267119371567,0.0001893547383990819,0.03482861884227154,0.48154956078866445,2.571043982632587,0
1767,short_2link,1.35,1,0.21433107372766247,0.028391612476601026,0.0630042821917503,0.8321524060618838,6.806128557553138,1
1768,soft_5link,1.75,1,0.10203258398793923,0.009466044664598973,0.10012438683008452,0.7269257177943834,6.764771554134877,1
1769,wide_2link,2.25,1,0.5344921682593887,0.04434010788726414,0.08524353285542682,0.9061010494154387,1.7447747344177096,1
1770,snake_6link,0.35,0,0.003027476650333277,7.018308546867107e-05,0.033618289153292465,0.1451889191539121,2.2177286002529897,0
1771,heavy_3link,0.7,0,0.10825346522347676,0.0016404111483181748,0.006584310648760121,0.3019020080427801,44.194962725202146,0
1772,teacher_2link,1.0,0,0.004716591090836817,0.00031670870931571333,0.02534606118851309,0.6601041905769109,4.814767389195252,0
1773,long_4link,1.35,0,0.03191784605622639,0.0034448728028763447,0.003589541957838938,0.3409716556040125,218.2787994689611,0
1774,long_2link,1.75,1,0.4069706831830815,0.0813139607558392,0.05290907963971204,0.7578437762620611,7.629299172804288,1
1775,needle_5link,2.25,1,0.24439881242513625,0.022986249936404798,0.09734804825820574,0.7189718257150335,1.7231595652325913,1
1776,asym_3link,0.35,0,0.0045993502102043594,9.346324655335404e-05,0.03486789367677792,0.20942337316969753,3.0784681093179636,0
1777,large_6link,0.7,0,0.0012086647770291684,8.59585244187652e-05,0.02986428917138482,0.218534874304475,2.4045567916943864,0
1778,redundant_4link,1.0,0,0.008246438752796056,0.0003561688014756144,0.025644457679213348,0.5302511110574116,4.531038636358021,0
1779,short_2link,1.35,1,0.2563054560965011,0.00890466891857311,0.03584512953947823,0.6037840802893814,3.692709537783992,1
1780,soft_5link,1.75,1,0.2647213610445657,0.06810457653973193,0.09943831530228403,0.6244080545938148,11.135664366457393,1
1781,wide_2link,2.25,1,0.5431429787118062,0.03411595606923094,0.05967226868599503,0.9020357054424801,3.037891103721279,1
1782,snake_6link,0.35,0,0.03537627463210813,0.0009214807851858282,0.0010498025887391402,0.08995896796823204,137.33219901884468,0
1783,heavy_3link,0.7,0,0.0015020337057718197,8.650303069619933e-05,0.04823326299128234,0.3053722886419122,1.810077655801104,0
1784,teacher_2link,1.0,0,0.0010919442350557154,0.00011527578810266238,0.0486449587792652,0.7493152595132726,2.7235726230828847,0
1785,long_4link,1.35,0,0.0037640653844563613,0.0002917295994756756,0.07330306839456323,0.6778730801899244,2.3104331184853346,0
1786,long_2link,1.75,1,0.40487479704505125,0.09837630019053176,0.2380331579040923,0.7630404140019131,7.322212760175259,1
1787,needle_5link,2.25,1,0.3546438696429592,0.05361418054575665,0.04808037543614222,0.5936482942306318,5.590941670789309,1
1788,asym_3link,0.35,0,0.002421524775184574,8.222772833827234e-05,0.01553075309763973,0.17916715479925843,5.645689723399654,0
1789,large_6link,0.7,0,0.00486522898798442,0.0001555918027779233,0.038277344788869,0.25563983738094426,1.744120431752111,0
1790,redundant_4link,1.0,0,0.004002487385810071,0.0003515652918785727,0.03135608711678487,0.5253937846872003,6.166507121541841,0
1791,short_2link,1.35,1,0.22435638781581155,0.03255843737950769,0.03241872147710555,0.8257252570504127,331.1380049866302,1
1792,soft_5link,1.75,1,0.15954827902553406,0.010525407549894351,0.03160173595577026,0.6919545350913753,8.639723467358781,1
1793,wide_2link,2.25,1,0.4560481518842503,0.041279409846816245,0.08248594013178265,0.9492779793117709,1.8451391066655523,1
1794,snake_6link,0.35,0,0.003334988675284349,0.00013637496336179944,0.012669164580475274,0.15689452805602974,9.808676098061392,0
1795,heavy_3link,0.7,0,0.004787540808252126,0.00025008592237647765,0.03388602233408545,0.3681283972987354,5.280852151356574,0
1796,teacher_2link,1.0,0,0.0021388451752517596,0.0002968324308984806,0.00615004447788313,0.7089310527050471,11.767218431436667,0
1797,long_4link,1.35,1,0.06376271367400721,0.006062771260439049,0.1137020318495236,0.6550884366901555,2.6496324264825786,1
1798,long_2link,1.75,1,0.28270895058266493,0.034251143923629525,0.054415324473635805,0.8972315825583667,3.2976929172693428,1
1799,needle_5link,2.25,1,0.187543163896575,0.029487265545318907,0.0505065599255573,0.7071664206575576,2.694234181766373,1
1800,asym_3link,0.35,1,0.23657941833982912,0.001052088221156963,0.0011536217469742844,0.06246803998760411,124.42079077316743,0
1801,large_6link,0.7,0,0.0010160777425589098,7.575720332513644e-05,0.0730701686972574,0.22403666864605457,3.2207277695156047,0
1802,redundant_4link,1.0,0,0.004642831869256545,0.00024674884172294794,0.03676627258122143,0.4763313773607115,3.0659182585483635,0
1803,short_2link,1.35,1,0.17413796582783803,0.00258481248538733,0.014437494538135084,0.6878482930866402,21.79413394263275,1
1804,soft_5link,1.75,1,0.14766129628292665,0.012199395613310071,0.08170634039223837,0.6763112596530721,1.2380218226332593,1
1805,wide_2link,2.25,1,0.542506659386779,0.07431850281826073,0.10822610703050294,0.498817072260601,2.054094470827045,1
1806,snake_6link,0.35,0,0.005542514105487946,8.392846806541036e-05,0.01648903006743833,0.150388581235982,1.47659904319569,0
1807,heavy_3link,0.7,0,0.0018344148567780091,0.00011937867743267358,0.016249961858852895,0.29502554201485215,3.4492557410658393,0
1808,teacher_2link,1.0,0,0.006406069509725507,0.0004599567311937146,0.06556186425681156,0.6569350150990667,7.710599899716313,0
1809,long_4link,1.35,0,0.12358266537888551,0.0036344508375781596,0.004903070224392519,0.3976680070450123,75.48660085159158,0
1810,long_2link,1.75,1,0.16238557372824752,0.015771411466259256,0.01514240783109787,0.9836285455559228,17.15973758918234,1
1811,needle_5link,2.25,1,0.3773790446192927,0.05926406444376628,0.07829454576867328,0.5391525618247007,8.852089655597418,1
1812,asym_3link,0.35,0,0.010570976849508796,0.00011412690394791611,0.012491242954157761,0.1851036831463423,3.3764620019773623,0
1813,large_6link,0.7,0,0.003381881529924946,0.00015004994074223902,0.053696362924230925,0.2831195879859868,2.53189735780227,0
1814,redundant_4link,1.0,0,0.0019824281202054568,0.00014669977303031478,0.1031071650143074,0.48897004305712854,1.731018212020676,0
1815,short_2link,1.35,1,0.10140709050927509,0.0042519069362077855,0.020233563140152604,0.8019300263438953,6.350439628477699,1
1816,soft_5link,1.75,1,0.2030320662054265,0.012737752035345586,0.034069534632733926,0.6057629022755892,7.430101956287082,1
1817,wide_2link,2.25,1,0.5073370660294273,0.07140282580709685,0.057481051985856284,0.9190839316051137,3.5961726299762007,1
1818,snake_6link,0.35,0,0.06049920364086712,0.0010431424466080597,0.0010664586988787287,0.05374951699136958,342.96931056627653,0
1819,heavy_3link,0.7,0,0.001439025661843173,9.018710452655891e-05,0.02488345809207288,0.27989858861515904,2.314525662150693,0
1820,teacher_2link,1.0,0,0.003212752583000979,0.000487311494716265,0.001562349907496992,0.7279251302874762,128.96527213351277,0
1821,long_4link,1.35,0,0.005528363603180694,0.00032706497299120086,0.06372380897807592,0.6580948782663039,2.804691514230478,0
1822,long_2link,1.75,1,0.427080542082884,0.03539342813608748,0.11857144851333619,0.6766787809503365,4.669219593107394,1
1823,needle_5link,2.25,1,0.4089191351320919,0.03708739404231469,0.06759065021613735,0.3911151499985479,1.3254640197068215,1
1824,asym_3link,0.35,0,0.001978970704325476,5.2547103316528174e-05,0.025997430565818696,0.20282486057136082,1.920016515870808,0
1825,large_6link,0.7,0,0.007520401790946252,0.0002464165730269202,0.03450876880259965,0.24729039404979752,4.69133477344464,0
1826,redundant_4link,1.0,0,0.0026397644379218357,0.00023369299760128275,0.04013900629570163,0.5093633951107818,3.941441225532593,0
1827,short_2link,1.35,0,0.020785900210745202,0.002441792373457913,0.005420875950959306,0.8480349084190058,140.31781716654814,0
1828,soft_5link,1.75,1,0.19715165383301733,0.017916828848453806,0.059709889829790044,0.5963222297307068,5.208742745655837,1
1829,wide_2link,2.25,1,0.5001611773025818,0.06930271923486533,0.05987361815169561,0.9233209364141418,2.9703292185212145,1
1830,snake_6link,0.35,0,0.0037093963403987385,6.80719010755784e-05,0.013101566994987698,0.15900971384488893,1.2480707662393076,0
1831,heavy_3link,0.7,0,0.0050767017306978315,0.00029898402232182497,0.00926101305890118,0.35961112268888634,7.17222158839888,0
1832,teacher_2link,1.0,0,0.001145362565253679,0.00012051513517585533,0.08061044749883754,0.749260496590818,2.7698287334740246,0
1833,long_4link,1.35,1,0.24759693476368927,0.018965459535687245,0.02870519954295969,0.4223843462642759,6.142930840187401,1
1834,long_2link,1.75,1,0.3039304325681184,0.06832195298625243,0.0882536466365675,0.8741475043785698,5.221848251953667,1
1835,needle_5link,2.25,1,0.4398465668677214,0.02774199508280638,0.0357013071482665,0.507815041006164,10.731326984513514,1
1836,asym_3link,0.35,0,0.04446512464270491,0.0008992348317268322,0.0010555770122067213,0.09363996964447062,92.14761553182488,0
1837,large_6link,0.7,0,0.0023414048902610585,0.00016412024898591025,0.01759397138107466,0.2223771586704926,4.560942045406933,0
1838,redundant_4link,1.0,0,0.00334138725400538,0.0003572129296024435,0.028594807890067957,0.46151110998267647,7.812892296916873,0
1839,short_2link,1.35,1,0.2348018807972427,0.007944868856046861,0.04174478607244702,0.6376326503849928,3.068476381384489,1
1840,soft_5link,1.75,1,0.40809188966204785,0.08746188313600695,0.028169810648612154,0.5039110912940789,11.962184293842649,1
1841,wide_2link,2.25,1,0.25149418952410946,0.028515175006042726,0.01605957809750415,0.4654852959049069,125.29119159106129,1
1842,snake_6link,0.35,0,0.005665706673586124,0.00015631012579774323,0.011683874588274332,0.1439423568488632,7.24022418942755,0
1843,heavy_3link,0.7,0,0.0027712572505488482,0.00018978279392117811,0.010132137504517141,0.31890222966856246,5.971857605812536,0
1844,teacher_2link,1.0,0,0.042457936958001964,0.002763089419088943,0.055271071105960974,0.3635406001946723,176.606442984361,0
1845,long_4link,1.35,0,0.06047911617622688,0.003765217447095103,0.004323950510878705,0.2580618338992592,115.55748719094765,0
1846,long_2link,1.75,0,0.055196494564322365,0.003870101122540466,0.015378687233205896,0.8817699689261406,49.24565575774265,0
1847,needle_5link,2.25,1,0.29605953362897036,0.033011156883143024,0.09566479024270623,0.6343622581366593,1.405217308198593,1
1848,asym_3link,0.35,0,0.0010958170098594288,3.887434971651556e-05,0.042920354783948206,0.1827390091596425,4.200229555162617,0
1849,large_6link,0.7,0,0.0037036797459177855,0.0003575025877777847,0.0763215501291614,0.23151390842243755,19.96041623653316,0
1850,redundant_4link,1.0,0,0.0034522617617203403,0.00022029882328880785,0.09427061254265251,0.4771515409748006,2.4328570100958635,0
1851,short_2link,1.35,1,0.2518254488685339,0.033087959540839075,0.06344262618017041,0.8094142928071482,6.989976088186919,1
1852,soft_5link,1.75,1,0.3375776000792349,0.060608300926827965,0.09657615022829469,0.5576415395246569,4.458047267751959,1
1853,wide_2link,2.25,1,0.40719091059450807,0.030198771505458365,0.052084178120027254,0.9779779342348928,3.4433378350990984,1
1854,snake_6link,0.35,0,0.02196192406956272,0.0007994575440837659,0.0009044088499326264,0.11112795930435786,142.71498130219172,0
1855,heavy_3link,0.7,0,0.0014251589997072696,9.144428272897795e-05,0.035786723480499376,0.32008620516645997,3.1303273547665884,0
1856,teacher_2link,1.0,0,0.007282775791619123,0.000989584637397455,0.002956792946034965,0.7121346098296502,43.95430371945032,0
1857,long_4link,1.35,0,0.00409016755539093,0.00028025126837019366,0.06861719972755453,0.6686556635333686,1.402423989051193,0
1858,long_2link,1.75,1,0.24186295395264112,0.028635986908630992,0.06942327575698491,0.9390543696766852,6.063199762166428,1
1859,needle_5link,2.25,1,0.3859711802767526,0.04686922025987594,0.10403411152277578,0.5152240071066303,4.2917755661168595,1
1860,asym_3link,0.35,0,0.004660392794511033,0.0001551952432623541,0.027850586329044556,0.17017932342904787,8.942518262957979,0
1861,large_6link,0.7,0,0.0011495972941048356,0.00011143305637080314,0.015079797233858152,0.2514845577093723,7.662318594819805,0
1862,redundant_4link,1.0,0,0.0005990807929967642,7.849567476634314e-05,0.0970854594791534,0.48589491285642483,4.860753604428187,0
1863,short_2link,1.35,0,0.09027979937209638,0.004051573584411424,0.0040736859691841995,0.3419122707587683,471.6840198733839,0
1864,soft_5link,1.75,1,0.21884627305685136,0.015608333401559255,0.06991935013582361,0.6363341408504387,2.204175055476608,1
1865,wide_2link,2.25,1,0.5172162837491471,0.07491798151805873,0.08266166687711875,0.5883747369586143,1.8015006042576753,1
1866,snake_6link,0.35,0,0.0012934870064496334,4.3868800931483056e-05,0.03831551854913651,0.15306658673676032,2.8411265239461185,0
1867,heavy_3link,0.7,0,0.0021613585853141404,0.00014458537356884038,0.021060862243748705,0.3336176225013217,4.493262443068814,0
1868,teacher_2link,1.0,0,0.020921145720304266,0.0016636033764802487,0.010656912695032043,0.569870181528189,37.797295647866214,0
1869,long_4link,1.35,1,0.04387930410730198,0.005931731862805787,0.02830080467291374,0.6579036216081133,4.752891878145868,1
1870,long_2link,1.75,1,0.3818749203483551,0.06211664507957477,0.01975745750134829,0.7274999555461095,11.13322172411964,1
1871,needle_5link,2.25,1,0.23419658349257136,0.036622647660796044,0.1137409325816115,0.7560310235224567,3.9714273168164063,1
1872,asym_3link,0.35,0,0.00850421623165585,0.0003409819731357898,0.0004161742305062787,0.1624924919581114,88.17997007970715,0
1873,large_6link,0.7,0,0.0006210103023939007,5.846800187338792e-05,0.04956526135711903,0.2373703992973024,6.30870474421191,0
1874,redundant_4link,1.0,0,0.005272630358431302,0.0006638606896702652,0.0556329423920816,0.48741197816047577,19.203168752851408,0
1875,short_2link,1.35,1,0.08138324147165633,0.007391459352292681,0.006720930861402666,0.8716062796751424,19.38366552085677,1
1876,soft_5link,1.75,1,0.2462986107411006,0.05830162227143375,0.0644569997333263,0.6413205146973017,4.152108027029251,1
1877,wide_2link,2.25,1,0.4153613281078122,0.035701421159495234,0.035468812314378824,0.8680327396083395,5.7199525931469335,1
1878,snake_6link,0.35,0,0.0032088249726460053,0.00015474500515925372,0.015129710752047595,0.1537527264709202,15.623440343106417,0
1879,heavy_3link,0.7,0,0.001873531935297753,0.00010075817440039094,0.05581065857958099,0.3683410628412232,1.7523684251424607,0
1880,teacher_2link,1.0,0,0.0011564152564032758,0.00012732288893567013,0.13172829246117831,0.7490511085309662,3.154218852705228,0
1881,long_4link,1.35,0,0.05124651915818131,0.0038302891998575174,0.004025194174084381,0.23234858257032698,197.33123119421458,0
1882,long_2link,1.75,1,0.35321652107309087,0.016413080513047726,0.053261049498049176,0.7822243217729947,7.073876586739086,1
1883,needle_5link,2.25,1,0.3760754022199607,0.04227687588524724,0.04657649952805887,0.6277237239670923,8.095440430225057,1
1884,asym_3link,0.35,0,0.0028848201190987753,6.707528619546993e-05,0.037312654241403544,0.21026277172776126,2.0665720404872365,0
1885,large_6link,0.7,0,0.0042320883686886935,0.00016875813815499528,0.03274982373164609,0.2599047448551282,2.558640995312279,0
1886,redundant_4link,1.0,0,0.00840459787907272,0.0006956632579917278,0.015963810624195825,0.48469508944607154,12.657876853861582,0
1887,short_2link,1.35,1,0.24568012023315153,0.0072849071987525155,0.01610651226545926,0.60019408835901,8.69590388803828,1
1888,soft_5link,1.75,1,0.32115265573028734,0.01303008541248131,0.04757645141212105,0.5085770483965047,5.051076435669935,1
1889,wide_2link,2.25,1,0.3792037811272966,0.05033633629255407,0.06483393264924465,0.9818630791542892,1.794853785384881,1
1890,snake_6link,0.35,0,0.06054406357596279,0.000979304440393007,0.0011501257612091262,0.0759214256272566,122.85766690189536,0
1891,heavy_3link,0.7,0,0.028016125329637466,0.000519717597444064,0.009096921901998553,0.400621961442349,9.358113449565879,0
1892,teacher_2link,1.0,0,0.0058620193340661805,0.0004386153235731515,0.019130749417275564,0.7083482737517457,7.421047593654127,0
1893,long_4link,1.35,1,0.026654713819598965,0.002984912484909076,0.03010106813135766,0.6819698982394965,8.456894183816436,1
1894,long_2link,1.75,1,0.4093174685498291,0.05403005983829625,0.04564704630604538,0.6915750772055664,9.35513379130586,1
1895,needle_5link,2.25,1,0.26782475244442044,0.02448863658899717,0.07926919900837089,0.6865494720634101,1.7338452992766922,1
1896,asym_3link,0.35,0,0.0028407136495808573,7.729619531962966e-05,0.04729619630930527,0.20696898379864356,3.1365897509890064,0
1897,large_6link,0.7,0,0.009524430411965748,0.0002616753820038565,0.02148060251779574,0.2670485711199764,4.893047681183886,0
1898,redundant_4link,1.0,0,0.0032713619796272677,0.0004293446431318316,0.06956573286274882,0.48760842543042987,13.58516229957334,0
1899,short_2link,1.35,0,0.045772637952038245,0.003380428460957309,0.004028813253391685,0.5642913347578008,79.32680882017652,0
1900,soft_5link,1.75,1,0.20386076497837644,0.020873713422114575,0.0562363376455012,0.6436643228016116,3.6564822640790737,1
1901,wide_2link,2.25,1,0.5277726571389828,0.013854235451615647,0.032232624034113005,0.9185079077326633,7.721386804824201,1
1902,snake_6link,0.35,0,0.002288161428306768,9.968940948585228e-05,0.04081138836218532,0.15681312609618,8.50333543802947,0
1903,heavy_3link,0.7,0,0.0010444363692037916,7.241817625362923e-05,0.015352713890855964,0.30715772832536586,2.79040131431506,0
1904,teacher_2link,1.0,0,0.0017106809332329955,0.00023874205975099073,0.007759127645977231,0.7476978325867614,10.076013714748605,0
1905,long_4link,1.35,1,0.07486075574692982,0.008915848010350863,0.19868383598636263,0.5919694545258717,3.1967477792148573,1
1906,long_2link,1.75,1,0.22586271946285935,0.04917543271894525,0.19246684105751405,0.9514974357531699,7.594946902453689,1
1907,needle_5link,2.25,1,0.45766503879285736,0.06854582901496874,0.05196180950581898,0.40107285757697114,3.3005082873141007,1
1908,asym_3link,0.35,0,0.03386314947200172,0.000862191514358126,0.0009155476668107048,0.11474591847745197,157.98955349061384,0
1909,large_6link,0.7,0,0.0010055706591462527,8.01345115804727e-05,0.10375667447847771,0.2261508398699346,3.407942613474028,0
1910,redundant_4link,1.0,0,0.0008584224850293926,9.816959579228499e-05,0.03719441210245236,0.47934581042473234,3.632219868548382,0
1911,short_2link,1.35,0,0.021825397282239655,0.002537021025940098,0.004364411646414494,0.8420062722296919,241.3351830456028,0
1912,soft_5link,1.75,1,0.15649814802497916,0.010115121597437724,0.07383701877952205,0.670956488555555,4.615646490698642,1
1913,wide_2link,2.25,1,0.43777157337946326,0.043366921643272986,0.07704211260643937,0.7180836833331614,13.144012489011901,1
1914,snake_6link,0.35,0,0.0016818987767841542,5.2589874453750744e-05,0.048007964353451,0.14584421699693034,2.463153145622061,0
1915,heavy_3link,0.7,0,0.0013248788828103182,9.438333272882424e-05,0.060516955251448706,0.28626568389652485,4.059048193604861,0
1916,teacher_2link,1.0,0,0.007073847019862779,0.0004978228223569991,0.020300546276946156,0.6553464990945619,8.373453881007283,0
1917,long_4link,1.35,0,0.10230400554029333,0.0038876928466421326,0.0045388349412573735,0.31809919918697155,111.87504588093014,0
1918,long_2link,1.75,1,0.21553065021678572,0.04212052026080665,0.11611860293270895,0.9676632825715656,3.951762676203997,1
1919,needle_5link,2.25,1,0.3760152556751466,0.05820908380435703,0.12983903060112392,0.4745766723122877,2.658614593406439,1
1920,asym_3link,0.35,0,0.002058928379739434,6.737311000490516e-05,0.011316699281524133,0.20433315752409117,3.7272173151059667,0
1921,large_6link,0.7,0,0.0037567634595751477,0.00014475646448101225,0.040808398996558776,0.26644713391127944,1.6953084654894097,0
1922,redundant_4link,1.0,0,0.0017292369026349846,0.00022155557856082416,0.021967082940730454,0.48869356594905045,7.853428342659261,0
1923,short_2link,1.35,1,0.07331367298544088,0.009749923382820432,0.020729338806685465,0.8939327057833834,38.92855662720448,1
1924,soft_5link,1.75,1,0.32861094441289246,0.047254567925440256,0.033906164955732065,0.5541507833339615,8.152456921611089,1
1925,wide_2link,2.25,1,0.4339488961134476,0.041558341357284284,0.021693900926001656,0.7477985477118404,11.725208480778956,1
1926,snake_6link,0.35,0,0.007600338495667256,0.00037956654652070485,0.0008846698549541895,0.142718105051243,53.56301961563807,0
1927,heavy_3link,0.7,0,0.004395493916332501,0.0002445638598177131,0.011392129071337371,0.36632092282591644,5.440754126551436,0
1928,teacher_2link,1.0,0,0.001357211132619626,0.00016059929209608445,0.029944738800545358,0.7049264482900378,4.321707450189873,0
1929,long_4link,1.35,1,0.09878829772469487,0.016315372114825973,0.048363588855891294,0.49760575332352885,7.925075691591845,1
1930,long_2link,1.75,1,0.2640560553890956,0.06391877267967368,0.0853832623316525,0.910422553520254,22.358926513682725,1
1931,needle_5link,2.25,1,0.3783080386982215,0.06146177515132917,0.11883610117236452,0.530623062815006,2.6839363680567487,1
1932,asym_3link,0.35,0,0.0024434473468443003,9.603485469016201e-05,0.018052188206707,0.19353761820878293,9.646473840122471,0
1933,large_6link,0.7,0,0.0030486614365260742,0.00016742363425744475,0.03997874039810353,0.2499863072792743,3.5497682263597374,0
1934,redundant_4link,1.0,0,0.007463436500632477,0.00045088655585135654,0.01911854417637219,0.525041867879431,6.97279844725283,0
1935,short_2link,1.35,0,0.09610074144651513,0.004063226729416991,0.004110361430065707,0.3050302114957468,320.05242837988925,0
1936,soft_5link,1.75,1,0.31894072526454503,0.054829671941574995,0.10646436413340064,0.5816722972353573,3.14995282045124,1
1937,wide_2link,2.25,1,0.5396838859352373,0.06158782506263277,0.05214476183432354,0.9024127269212395,2.6936845992109477,1
1938,snake_6link,0.35,0,0.01022892916191528,0.0002657149698063017,0.027597585591138698,0.14698936184421105,13.813538400815393,0
1939,heavy_3link,0.7,0,0.003680843265193229,0.00014739003182293972,0.03754094566374695,0.315837727572961,2.107414075842856,0
1940,teacher_2link,1.0,0,0.003047642790341567,0.0003321304593613974,0.01914179656065995,0.6795831556027554,7.2367109673898575,0
1941,long_4link,1.35,1,0.01009387481764676,0.0008590668994170991,0.044004116931395235,0.624306198611579,3.2970708432517633,1
1942,long_2link,1.75,1,0.34117302374758224,0.07386974193204009,0.08283606504573104,0.8330618593486425,4.131734280320214,1
1943,needle_5link,2.25,1,0.38047337974331974,0.05037658920861416,0.06450692773395893,0.3985793790980224,1.5498155551051565,1
1944,asym_3link,0.35,0,0.0104420156159959,0.0004102732480380424,0.0004558785723217981,0.1696770227468987,135.8091827825235,0
1945,large_6link,0.7,0,0.000992999645182536,8.265492376914744e-05,0.022483103671653425,0.24694074493133178,4.8452481280842035,0
1946,redundant_4link,1.0,0,0.0015394270525999243,0.00017521791589781988,0.024739664712448095,0.4939085097299499,4.768525574772989,0
1947,short_2link,1.35,0,0.041357563751855356,0.0030109179711576084,0.019311232385504605,0.7317051777921114,47.719043950089024,0
1948,soft_5link,1.75,1,0.1522924532458712,0.03642452667069029,0.056308460232875564,0.7204874725006116,5.783576934921557,1
1949,wide_2link,2.25,1,0.5244038484491206,0.07086383390593705,0.04496038230547559,0.9080728272388581,5.949584036357029,1
1950,snake_6link,0.35,0,0.0011176295937519367,5.196230823603276e-05,0.010132560188733658,0.16023894133949204,7.167326082215717,0
1951,heavy_3link,0.7,0,0.0015327246006307694,0.00010993138782626413,0.04204857653836554,0.293622524861207,4.73631157576394,0
1952,teacher_2link,1.0,0,0.0010271030229392333,0.00011994580364178713,0.04265769506005106,0.716872410653149,3.5109955699738347,0
1953,long_4link,1.35,0,0.061295529168328776,0.003901738836035592,0.004150810127259824,0.20739523746840885,176.54620568524115,0
1954,long_2link,1.75,1,0.37087043097217237,0.016464973120290438,0.04052974300752583,0.7615016196684509,6.018308318718325,1
1955,needle_5link,2.25,1,0.2819130322296495,0.03671815597631719,0.13902418304379469,0.5360356295905746,1.478289365584362,1
1956,asym_3link,0.35,0,0.003167366449290896,6.288173304937901e-05,0.025651887748861575,0.20651626167800188,1.2612292345586062,0
1957,large_6link,0.7,0,0.006381379406100548,0.0001891132850117499,0.02576119102588918,0.291900717475628,2.547744225562959,0
1958,redundant_4link,1.0,0,0.0013437888205915592,0.00013369604754679274,0.15287763292777848,0.48682452813091215,2.5780222855562283,0
1959,short_2link,1.35,1,0.03492543901510334,0.0018280939787578988,0.033998130029483084,0.8914197396754149,5.020917637359679,1
1960,soft_5link,1.75,1,0.38230396727137417,0.08399097282045065,0.24132175906962666,0.5327507016466945,4.685212160254767,1
1961,wide_2link,2.25,1,0.5499623225016754,0.05752451261765518,0.13354042212195794,0.8967509008657665,3.44290520031214,1
1962,snake_6link,0.35,0,0.036231160319726764,0.0008552041188314518,0.001205437575588834,0.09074682381607165,82.50024915475939,0
1963,heavy_3link,0.7,0,0.003743756212627629,0.00016049436211392574,0.025172120087182847,0.2834074679743447,2.5919428739907886,0
1964,teacher_2link,1.0,0,0.016360371339120203,0.000915550315403765,0.011199208093912406,0.6334413289026102,15.670383836132014,0
1965,long_4link,1.35,1,0.044289774452459726,0.004766075250356736,0.048375182312394925,0.5377538965974554,2.8631303537097406,1
1966,long_2link,1.75,1,0.34580888601422827,0.08698633947934567,0.11830140704779876,0.8136673128375846,86.30538247525924,1
1967,needle_5link,2.25,1,0.35733112135781153,0.05635430526853624,0.07963117646745753,0.47756599011117906,2.2493635998745267,1
1968,asym_3link,0.35,0,0.0044936831074851805,0.0001113291129555587,0.018626050514477816,0.1954202683153704,4.308022539942026,0
1969,large_6link,0.7,0,0.020054024846917998,0.00039575647452193394,0.018484689658833386,0.2703434447659276,8.716544681417735,0
1970,redundant_4link,1.0,0,0.002972158737087033,0.00020690782166473093,0.05595461618572759,0.48578896728344567,2.592915354062594,0
1971,short_2link,1.35,0,0.1491300443230543,0.004126338954193407,0.004273826994905738,0.22567613313346735,188.67985304532374,0
1972,soft_5link,1.75,1,0.28063294181758397,0.0409428830523454,0.1588080531330308,0.6169372254012129,1.7517158067347882,1
1973,wide_2link,2.25,1,0.5437684233992738,0.062418651093463694,0.16351226366919888,0.8992954624827746,4.217616971405822,1
1974,snake_6link,0.35,0,0.003416860435793585,0.0001134554464735954,0.04281432435934105,0.14907208139015304,6.070994225401927,0
1975,heavy_3link,0.7,0,0.0067596185535878945,0.0005414327101871192,0.06124577421393072,0.3536941943398179,36.930196818565676,0
1976,teacher_2link,1.0,0,0.0008430907856536956,9.257391493060134e-05,0.04159948668026362,0.7442569005747403,2.7146139301496777,0
1977,long_4link,1.35,1,0.051777168380841586,0.0022794303135621214,0.01935561939295183,0.596043050723667,9.450054218253587,1
1978,long_2link,1.75,1,0.4256870794706987,0.03277218739803026,0.059052278585270596,0.6807772774920237,3.414891962721079,1
1979,needle_5link,2.25,1,0.41387853488169124,0.07486536232424036,0.061524869730080055,0.41680522828754213,5.719875853047275,1
1980,asym_3link,0.35,0,0.02175592178153205,0.0007080581956578366,0.0007201156803365192,0.1399300894177565,300.15474138655924,0
1981,large_6link,0.7,0,0.001534253775470781,0.00014515798995170975,0.07927519569329666,0.23968551573488445,8.459321971693795,0
1982,redundant_4link,1.0,0,0.0008600820748614396,9.566524894368557e-05,0.05258826962367872,0.4814773950688474,3.851790312143662,0
1983,short_2link,1.35,1,0.17530443862966544,0.022827162069539466,0.02807521361089657,0.8558183973905219,6.580251663422347,1
1984,soft_5link,1.75,1,0.31056617848416723,0.03873748613238078,0.03922639497982588,0.52198415738493,6.00689454268637,1
1985,wide_2link,2.25,1,0.3968047363868793,0.040712176577045636,0.07465674657970908,0.9371081299806184,1.886703995605536,1
1986,snake_6link,0.35,0,0.039001248911150754,0.00022179729047404754,0.005783692182200544,0.13204728300869029,9.553891827608096,0
1987,heavy_3link,0.7,0,0.0011539153137807552,9.5174338156021e-05,0.0060237166260478795,0.3321039172168048,8.052367163549999,0
1988,teacher_2link,1.0,0,0.008351334623931402,0.00029307826004386605,0.040831899648321096,0.6736004097469805,3.6833663439337037,0
1989,long_4link,1.35,0,0.00755870835880188,0.0013568845507135076,0.0014630692340277896,0.5423936290557506,161.8043554006202,0
1990,long_2link,1.75,0,0.03421076542252201,0.004506852789421874,0.0513912222222277,0.7134121274807419,136.88825819286063,0
1991,needle_5link,2.25,1,0.5088503512552086,0.05272374634759432,0.08754108357776726,0.3163342832167024,2.2593548099208367,1
1992,asym_3link,0.35,0,0.01900914326272413,0.00018387228088092598,0.006549202979930773,0.2355592141547665,5.9904590501895685,0
1993,large_6link,0.7,0,0.0035751934243475375,0.000163320193345856,0.057599478591485107,0.2705459886063798,2.708815984685331,0
1994,redundant_4link,1.0,0,0.0012308228438719531,0.0001712583085802557,0.07494542695636593,0.47625981047732413,7.352408392872387,0
1995,short_2link,1.35,0,0.04635122810797479,0.003468039011221584,0.039418539811671864,0.6288098135440667,100.56935531960694,0
1996,soft_5link,1.75,1,0.23564164602498877,0.020224408929504764,0.09561485213289411,0.6445340697363054,1.037491032799388,1
1997,wide_2link,2.25,1,0.41230359358898555,0.03645439096062457,0.04320353345283411,0.8889370855005074,3.95778524638136,1
1998,snake_6link,0.35,0,0.013321963631157544,0.0006185908950616345,0.0006623270075291764,0.12862334220685256,208.38216394827512,0
1999,heavy_3link,0.7,0,0.003776070153660905,0.00030175913880950243,0.0034619768064952866,0.36619570279479335,16.13524930356354,0
2000,teacher_2link,1.0,0,0.0027025345722467165,0.0002006504775453269,0.04370475314090567,0.6699968594764791,2.664323714310749,0
2001,long_4link,1.35,1,0.17381033708439855,0.017238827908601997,0.06131876310670362,0.4634473190943742,1.673399065745435,1
2002,long_2link,1.75,1,0.4204447148151504,0.04947438404763546,0.11509075153734477,0.6838082537851693,5.3970718161242255,1
2003,needle_5link,2.25,1,0.42676242844453155,0.06703602925152194,0.09821230191401253,0.3543717307154119,2.023857980427845,1
2004,asym_3link,0.35,0,0.007777685640867443,0.00010708494569820023,0.01620949418970617,0.1955129624901058,3.178051121290954,0
2005,large_6link,0.7,0,0.003448860783019631,0.00013062486476962624,0.03647286748603987,0.26147575917716814,1.4467272940516704,0
2006,redundant_4link,1.0,0,0.0016209964147227474,0.00018346986848141175,0.04524289491082429,0.5021108838813414,5.402690842566171,0
2007,short_2link,1.35,0,0.03634203747133355,0.0033206614182884836,0.0033274804211919358,0.6684186720949595,8278.93587952063,0
2008,soft_5link,1.75,1,0.2828705346651179,0.029142616409771286,0.0774941685646572,0.5891655625461745,3.0188842839449657,1
2009,wide_2link,2.25,1,0.4708773161866314,0.05073131819760448,0.07804710823275314,0.6994568664677578,7.335535099783821,1
2010,snake_6link,0.35,0,0.0018441504800637224,5.606164796686484e-05,0.0335693110243103,0.1494053035856229,2.698828100558558,0
2011,heavy_3link,0.7,0,0.0022232180773750438,0.00011491863164903956,0.044370171193112276,0.34105159676124736,2.0212488187854434,0
2012,teacher_2link,1.0,0,0.0014811909404614976,0.00021803870052884998,0.012943599319707445,0.7235211807935957,14.32910159546627,0
2013,long_4link,1.35,0,0.008814677173968955,0.00046731910418938954,0.045233432279148895,0.6800610018363059,4.497750740482117,0
2014,long_2link,1.75,1,0.33187785128430564,0.009820584243701351,0.014206973515037271,0.7733743501860756,19.460915995291373,1
2015,needle_5link,2.25,1,0.2835575047927503,0.019701552765144674,0.09695033910640899,0.6709018111252664,2.519787354636852,1
2016,asym_3link,0.35,0,0.017472267158689884,0.0006124704171914939,0.0006458388812817235,0.14238887159106747,167.48970274838695,0
2017,large_6link,0.7,0,0.003204310399568029,0.00016725973178816238,0.06789311925129904,0.28782387830701756,3.605204821379028,0
2018,redundant_4link,1.0,0,0.004798552372903924,0.00041180958382544677,0.02448203750007004,0.4735634595449369,7.2597628379111425,0
2019,short_2link,1.35,1,0.2761476123992564,0.0032995798601528833,0.012486064469622995,0.6426673430205063,12.67239979566665,1
2020,soft_5link,1.75,1,0.33251817201907774,0.04138760420789767,0.15034003861670106,0.5123868588966817,5.034664762183169,1
2021,wide_2link,2.25,1,0.524102781504579,0.02229834053269446,0.024806593625309646,0.9009959103020224,10.925906311351975,1
2022,snake_6link,0.35,0,0.008822638149468324,0.0001111233628326172,0.01649173677179558,0.15077988558796349,2.9464250320085617,0
2023,heavy_3link,0.7,0,0.0038000315190152866,0.00014141794359527485,0.030580063694234487,0.3440150313856824,1.746455732289771,0
2024,teacher_2link,1.0,0,0.0013333933524105146,0.00014017203876517313,0.08482400018092263,0.705210858904736,3.041736913065658,0
2025,long_4link,1.35,0,0.016200594690017556,0.002455283424663462,0.0027099124152631005,0.5019708206879104,138.31932585904707,0
2026,long_2link,1.75,1,0.37959295215273026,0.045600738382819646,0.05069918968420938,0.6864547182726175,20.940812052131736,1
2027,needle_5link,2.25,1,0.15413325588718926,0.015001418019591529,0.04075274297019338,0.8771178359294003,8.072449010872328,1
2028,asym_3link,0.35,0,0.013555255708100351,0.00034688103878622076,0.002254756810942196,0.1630568271603909,16.25877456443714,0
2029,large_6link,0.7,0,0.0008766027761010385,7.380751244609763e-05,0.14001093150144456,0.22922837705160667,4.1755423876547635,0
2030,redundant_4link,1.0,0,0.0032215650162948192,0.00018827824455238906,0.057065358547809614,0.48997656861487765,1.568277176585843,0
2031,short_2link,1.35,1,0.25011331760937383,0.012935437338490091,0.07102918201864324,0.5969160628754275,5.838965573349827,1
2032,soft_5link,1.75,1,0.30016360948702436,0.047337126787299774,0.10134271707912246,0.5831585732382857,5.158639534712362,1
2033,wide_2link,2.25,1,0.5479781645375068,0.08426769324393145,0.08312841201249263,0.473801615725917,3.832396728389816,1
2034,snake_6link,0.35,1,0.15960232844015948,0.0010355319143093207,0.0011698115479642564,0.05236748478145705,143.34567058447018,0
2035,heavy_3link,0.7,0,0.013197252556723073,0.00031398986841687425,0.014669408371380492,0.4621532748903536,5.063222615460054,0
2036,teacher_2link,1.0,0,0.0005234143769017387,7.635934580303645e-05,0.05839363980112798,0.7430229664779315,8.09774618589364,0
2037,long_4link,1.35,0,0.004432148260621128,0.00032687640577865393,0.11753039049112692,0.6316891362837825,2.681652528619273,0
2038,long_2link,1.75,1,0.273156740820634,0.019472002765325343,0.060828189950484134,0.8709768851015872,10.911640232772568,1
2039,needle_5link,2.25,1,0.16090004670170488,0.011236049138294535,0.06999956861721683,0.9281738724975068,3.564097829516318,1
2040,asym_3link,0.35,0,0.002233903357048137,6.531247259240798e-05,0.030516270771504907,0.2076245896899602,2.8942616211851804,0
2041,large_6link,0.7,0,0.0020882712091564314,0.00010325122255403789,0.043063023244748214,0.23139471869854683,1.4750107717645744,0
2042,redundant_4link,1.0,0,0.0014570929916698228,0.0001992524965790762,0.044982562479186694,0.4764936387369622,8.921642678950443,0
2043,short_2link,1.35,1,0.1669053502692341,0.022474132908190676,0.021995662250771444,0.8243548211989193,1009.1874803884085,1
2044,soft_5link,1.75,1,0.32082809091253667,0.06093067875630272,0.05424075181867441,0.5676357715886982,8.36671069103681,1
2045,wide_2link,2.25,1,0.38232571357298933,0.03272337268783762,0.06490761861544846,0.9935751448571729,2.7666787994693713,1
2046,snake_6link,0.35,0,0.0010353762430296354,4.180915029922095e-05,0.05368240562376027,0.1520575284279024,3.3769965944414024,0
2047,heavy_3link,0.7,0,0.0009408936002281465,7.609102290008835e-05,0.011191714571749809,0.3133044227801149,7.898446353838608,0
2048,teacher_2link,1.0,0,0.003939908473453318,0.0004975238978315932,0.1560004389535967,0.6872732895679502,14.140099272438558,0
2049,long_4link,1.35,0,0.0011062305135854963,0.0001846555640531635,0.20837110434890133,0.6123557318934866,5.101290942379723,0
2050,long_2link,1.75,1,0.4163486449792975,0.05091577375684105,0.14913365747598295,0.6916158789584577,3.833973886110445,1
2051,needle_5link,2.25,1,0.4628002787937809,0.05374519283530639,0.08380879329267796,0.3835202650075904,2.188703587752001,1
2052,asym_3link,0.35,0,0.0011295467301096669,4.802848809959373e-05,0.00010437218462475367,0.17809611579049087,88.37884001131255,0
2053,large_6link,0.7,0,0.0015555540164275362,0.00012085859315492087,0.07502781386884727,0.2685624424758099,3.9734187946419275,0
2054,redundant_4link,1.0,0,0.0007721688090501661,0.00010087213943284527,0.0327340738056025,0.48143639471411115,4.763087040396322,0
2055,short_2link,1.35,1,0.25771581433116536,0.03331610326764592,0.06139497911598158,0.8054938621116764,7.203402043901465,1
2056,soft_5link,1.75,1,0.1886449881866623,0.04702275434617983,0.23365931106093157,0.6802088246880964,8.534260614601921,1
2057,wide_2link,2.25,1,0.5375694259263609,0.03891907618994791,0.09921228720032486,0.9047703463573075,2.2303176264727815,1
2058,snake_6link,0.35,0,0.019348642294073938,0.00015581604758987947,0.009181358612810905,0.1434336277414309,2.6401005390601644,0
2059,heavy_3link,0.7,0,0.0030024143964455284,0.00012730421424009828,0.06459531152717927,0.4095835077110842,1.5972139222709576,0
2060,teacher_2link,1.0,0,0.0023882056064562646,0.0002582137300564001,0.02058840934017355,0.7379619314307896,5.532007869341092,0
2061,long_4link,1.35,1,0.03478120404146597,0.0058403387902983194,0.0021183477215748966,0.4816679314027035,134.64172187881002,1
2062,long_2link,1.75,1,0.1980848220314925,0.018695040163310063,0.0791462368518509,0.9613844364886547,12.743383838746595,1
2063,needle_5link,2.25,1,0.34213385670145313,0.038654871366191085,0.1401233451467964,0.44748177010108464,1.1564870258900564,1
2064,asym_3link,0.35,0,0.0037896164354601883,0.00010545228614801816,0.006909543169829733,0.1881122413690075,4.655519657615563,0
2065,large_6link,0.7,0,0.004487674153000425,0.0001582902056364314,0.038127986447451766,0.27017883670996534,2.592757312586975,0
2066,redundant_4link,1.0,0,0.0028168700404097025,0.00026422979882707935,0.09870574280563103,0.4795190095340909,4.860960639834821,0
2067,short_2link,1.35,1,0.24711280955971546,0.03323689672507405,0.14592005728958504,0.8050669326979514,20.39075614899781,1
2068,soft_5link,1.75,1,0.2949717517171077,0.07014914176595896,0.08219607513415311,0.604052847338751,7.44006871944011,1
2069,wide_2link,2.25,1,0.46563876789838954,0.08797184134665627,0.09472810219810034,0.746347560290045,5.529307053831536,1
2070,snake_6link,0.35,0,0.002788941161936082,0.00015659439375984656,0.00017382740972658387,0.15548422065230166,178.49466207362394,0
2071,heavy_3link,0.7,0,0.005591480854247498,0.00018544274776919375,0.025382125995484082,0.4528343333422663,2.6303014519620334,0
2072,teacher_2link,1.0,0,0.002023029735730354,0.000203202233825093,0.1003933503497458,0.7387386317617766,3.900916152407051,0
2073,long_4link,1.35,0,0.0006336976168122509,0.0001076806344161023,0.15197503802915135,0.5756575452710476,5.049684410475059,0
2074,long_2link,1.75,1,0.36026546709363866,0.08412971946377906,0.09013627072115091,0.8119702835646264,5.614923605392848,1
2075,needle_5link,2.25,1,0.3682462720373428,0.03410802221809266,0.017462397656979357,0.522014566046442,17.294824995064015,1
2076,asym_3link,0.35,0,0.0024380893657853083,5.8750903800746454e-05,0.01747464190002464,0.16573219718050328,1.795189390518217,0
2077,large_6link,0.7,0,0.012135910019640855,0.0002724336846829491,0.018491515627568775,0.28096926102676795,5.273965018347994,0
2078,redundant_4link,1.0,0,0.007928693410576114,0.0006018908185198181,0.06366017780534604,0.47012396439468257,10.242375063978205,0
2079,short_2link,1.35,1,0.0864664125672656,0.01062150930777244,0.010366518726064387,0.8252302377717822,2899.6825934051412,1
2080,soft_5link,1.75,1,0.2658537756533049,0.023615364047878302,0.06547210293501814,0.5706544594487034,8.644151271264835,1
2081,wide_2link,2.25,1,0.46514549459103216,0.07347154235362043,0.0727694237093807,0.9426311510820994,4.0331989370319885,1
2082,snake_6link,0.35,0,0.002328996927374645,8.919634086122788e-05,0.010104029057103375,0.14869034677439052,6.031618520137793,0
2083,heavy_3link,0.7,0,0.008846785419780262,0.0004828526831907387,0.011193686693912285,0.4122305841504446,11.292289158859386,0
2084,teacher_2link,1.0,0,0.001249315241446299,0.00015152864107712395,0.024813380369151285,0.7087765038390824,4.421005782510819,0
2085,long_4link,1.35,1,0.0719399131782618,0.005878434157287901,0.05637954918288484,0.5644429318746095,1.1505519371634965,1
2086,long_2link,1.75,1,0.395408265106269,0.016119806483378633,0.04640117206292293,0.7300173433873242,5.853599780720659,1
2087,needle_5link,2.25,1,0.35654400406292075,0.04738258623803127,0.05949374850583123,0.6174139982497482,5.491103058776018,1
2088,asym_3link,0.35,0,0.0021980544946250007,9.325425850526205e-05,0.00010451772400007008,0.17693830184735168,628.1667141030496,0
2089,large_6link,0.7,0,0.002649977494475757,0.00016077400412718436,0.049663197291612456,0.29184410929600924,3.7292811666032035,0
2090,redundant_4link,1.0,0,0.001927050699425965,0.0002826034314831475,0.010653826319096707,0.48432045764849285,16.12903150449837,0
2091,short_2link,1.35,1,0.1726612066778602,0.016852656350445677,0.044798578338936,0.8527077286568098,6.858218816778579,1
2092,soft_5link,1.75,1,0.13727647652171018,0.037612615025468865,0.06458521107621266,0.7296265528751206,7.271050825100228,1
2093,wide_2link,2.25,1,0.5546540979460004,0.09031406649058071,0.138173467952991,0.4517385315384679,2.696702156558244,1
2094,snake_6link,0.35,0,0.0007149401381888106,3.345020996236344e-05,0.008325085614437403,0.1574154515835718,8.211077741013753,0
2095,heavy_3link,0.7,0,0.0008333774848670551,6.430805457737087e-05,0.014661679675115818,0.29844214127389157,4.4657096315601,0
2096,teacher_2link,1.0,0,0.007922426879805305,0.0003604745315854707,0.02566251816501489,0.6576978848139364,5.155459394496617,0
2097,long_4link,1.35,0,0.03159138206604472,0.0032463126372938946,0.004018646095047644,0.42321966888338464,93.84845101049501,0
2098,long_2link,1.75,1,0.4004119387752703,0.0500530404936964,0.1155473958556108,0.7150835960685826,2.58084358211906,1
2099,needle_5link,2.25,1,0.4985871147274054,0.06343015977991663,0.10826848461279318,0.3345700711083515,2.5352795751664177,1
2100,asym_3link,0.35,0,0.0013691557760002657,5.5841498500789336e-05,0.024715143021178332,0.1688808650041428,8.83074055553273,0
2101,large_6link,0.7,0,0.0016247016002806198,8.957375431791193e-05,0.07083539936580989,0.22278370520292753,1.3829779111128535,0
2102,redundant_4link,1.0,0,0.004496229092226666,0.0003792123907412942,0.02053279674587749,0.5020719331016691,6.5127770262069005,0
2103,short_2link,1.35,1,0.24895200400639445,0.005234319439318565,0.028652951452247333,0.6299154316445877,6.659606038238139,1
2104,soft_5link,1.75,1,0.20084006773913532,0.013495085287553749,0.037926109102627566,0.6333913206370062,6.837607084885238,1
2105,wide_2link,2.25,1,0.49670616989787775,0.08497767353142657,0.1657406846465299,0.471469917450802,50.02487703752244,1
2106,snake_6link,0.35,0,0.009263081464714527,0.00047329851477851504,0.0004924997140321021,0.14350264378639518,255.94380177576548,0
2107,heavy_3link,0.7,0,0.0009031055450804958,6.672149779951213e-05,0.014310516524346239,0.29313344331763863,3.5764605327042265,0
2108,teacher_2link,1.0,0,0.005603232261895674,0.00024559835028369585,0.06400547752898796,0.6621060076083415,2.7739123440708635,0
2109,long_4link,1.35,1,0.15796387451799704,0.018891280391707264,0.11145226697737771,0.4821015574412892,5.184244959552953,1
2110,long_2link,1.75,1,0.3616911746912707,0.05450466078233301,0.07539256883266378,0.7684042724908782,3.0798972170671703,1
2111,needle_5link,2.25,1,0.4514046571769649,0.04696354624549935,0.05584472739312614,0.3319691945245705,1.6166669032461043,1
2112,asym_3link,0.35,0,0.003031935347238965,6.664061382228926e-05,0.029998607515549416,0.16893305031054687,1.858267202131414,0
2113,large_6link,0.7,0,0.004562752330003275,0.0003016676604488337,0.015826058313487018,0.256232558396069,8.164126630978698,0
2114,redundant_4link,1.0,0,0.002755224529696613,0.00029351703472473765,0.024699804625611735,0.521206675316458,6.43136794372769,0
2115,short_2link,1.35,1,0.0906314495269923,0.010921943399568397,0.008148892978899076,0.8160003291027232,272.30142735555626,1
2116,soft_5link,1.75,1,0.18183233861710651,0.037191328957078024,0.14648548358942634,0.6997461123017559,4.689207008131598,1
2117,wide_2link,2.25,1,0.41178268576225374,0.06677428171248939,0.07608756455958125,0.9747311025872857,3.276606580167347,1
2118,snake_6link,0.35,0,0.018583970522867893,0.0001809736437263129,0.006737578147355978,0.13501705336068792,7.396082215208995,0
2119,heavy_3link,0.7,0,0.005079574534821046,0.00015828435142303045,0.031114381961319323,0.42981283408101334,1.8866382117604925,0
2120,teacher_2link,1.0,0,0.0014030130187819632,0.00019896275985160667,0.03161312784084184,0.7181283918319816,9.671145133312324,0
2121,long_4link,1.35,1,0.1040339988709766,0.007572046294848708,0.04552538592918717,0.5372761808344537,4.155726863267173,1
2122,long_2link,1.75,1,0.3877941326006621,0.051010727117485846,0.1802350787343062,0.7326181519794354,2.5864508055041866,1
2123,needle_5link,2.25,1,0.26468962190310025,0.04316397621621921,0.08820712637335963,0.7178096394547272,4.44440145626735,1
2124,asym_3link,0.35,0,0.017950244893074997,0.0006196448136923212,0.000681083704812777,0.15289353631032046,126.00553712996422,0
2125,large_6link,0.7,0,0.001727864155386153,0.00013230606255773997,0.03370499638058083,0.22172930754675876,4.34144635589453,0
2126,redundant_4link,1.0,0,0.002737591058534312,0.0002569902432120112,0.025848038842535125,0.5019891634444359,4.651586648026462,0
2127,short_2link,1.35,1,0.24407620034003816,0.014363648959415208,0.02655558442716364,0.6117632604117829,4.005975993761376,1
2128,soft_5link,1.75,1,0.36071858594387124,0.08343323433938002,0.20109243262998341,0.5469473761515158,9.383766243248147,1
2129,wide_2link,2.25,1,0.5566998711198106,0.04750056188205997,0.1079964681277915,0.8945140614615854,1.9793097923051195,1
2130,snake_6link,0.35,0,0.00321261147028999,7.20438453384861e-05,0.031815820776728704,0.14380983494709787,2.2202889798596277,0
2131,heavy_3link,0.7,0,0.004994452510569132,0.0001845792005586621,0.029011429895007608,0.42126876897278703,2.9666685505709567,0
2132,teacher_2link,1.0,0,0.0010801614978725737,0.00014505929266117053,0.07958486788975115,0.7179434263873657,6.006955781382967,0
2133,long_4link,1.35,0,0.015831776564871648,0.0024276454333331046,0.00262735686079566,0.44723424577632476,155.4812924564249,0
2134,long_2link,1.75,1,0.3659707588488237,0.09036443752328915,0.08914461536147121,0.7752598394564613,694.6728338618153,1
2135,needle_5link,2.25,1,0.40057252784362735,0.04444775117874276,0.06449242147468075,0.5192887857164428,5.120503494186043,1
2136,asym_3link,0.35,0,0.001294023208474192,4.227714310747896e-05,0.04253381344744071,0.1752847025989412,2.8436747693774493,0
2137,large_6link,0.7,0,0.002488430423014934,0.00017997291451072925,0.09093192107692787,0.26663062021767386,5.405650723771192,0
2138,redundant_4link,1.0,0,0.005515543100462987,0.00023808951923479663,0.04125663979957407,0.502863523945154,2.1436712033951957,0
2139,short_2link,1.35,1,0.06888785725961229,0.006209613620373358,0.050938014443812456,0.8514682312370808,3.4908825459251402,1
2140,soft_5link,1.75,1,0.3179257069961537,0.06574823888775153,0.17020843935186944,0.5836603907939211,4.373307060830381,1
2141,wide_2link,2.25,1,0.41639644078622845,0.03590764400618744,0.03112027160536549,0.8646467661582482,5.788311242106448,1
2142,snake_6link,0.35,0,0.006004163107451171,0.0003041338730421796,0.0008876925905889605,0.1552911805646373,39.592432276946454,0
2143,heavy_3link,0.7,0,0.006700269245244488,0.00025306056344252993,0.037479970332264766,0.4351082005431202,4.2688615185877365,0
2144,teacher_2link,1.0,0,0.005485858619054428,0.0005579487891083475,0.010273472514068996,0.6656572713853828,11.637185577297977,0
2145,long_4link,1.35,1,0.075470410728328,0.013457730331387998,0.06912965977769273,0.5143048876202418,11.579345940823876,1
2146,long_2link,1.75,1,0.40001191026352134,0.024450458404854897,0.08131744883493965,0.719150539209141,3.4042464970476924,1
2147,needle_5link,2.25,1,0.416633692231177,0.06413378698933792,0.19257967315264335,0.47230270689538656,3.441712925343997,1
2148,asym_3link,0.35,0,0.004368510170613158,0.00011805047955827134,0.0060467808555549375,0.17243997575426492,5.081227244148139,0
2149,large_6link,0.7,0,0.0019075758916160324,0.0001199066657516177,0.05566024639729849,0.22848246758354618,2.8782294641355475,0
2150,redundant_4link,1.0,0,0.004484972997839321,0.00035810423272214254,0.02999513386036313,0.5259688909888125,5.847685929214872,0
2151,short_2link,1.35,1,0.17401846921844197,0.024628662224705004,0.0290227670935275,0.8482214329777167,53.40409488592951,1
2152,soft_5link,1.75,1,0.1124334075138692,0.006917918843205137,0.0528799866999427,0.6752336169202608,3.876278266821458,1
2153,wide_2link,2.25,1,0.48663001215216795,0.07480911012406347,0.12968242366927435,0.9239727690042374,10.834009941752901,1
2154,snake_6link,0.35,0,0.005700187957871134,0.00011995780469253544,0.02586300679843265,0.1599107161858626,4.7629212786562345,0
2155,heavy_3link,0.7,0,0.0011744073067144459,7.847097211599244e-05,0.025676293708617983,0.2822695215757167,2.4371064043939477,0
2156,teacher_2link,1.0,0,0.008959302226783315,0.00031067156686191016,0.03256729554919751,0.6634373612366645,4.034936319216438,0
2157,long_4link,1.35,0,0.00115521843767288,0.00016288206894507213,0.04620327344348355,0.6302487239454503,2.7679539795305192,0
2158,long_2link,1.75,1,0.359006421161391,0.05906700973835927,0.13544999526090964,0.734768844427254,19.062507581336675,1
2159,needle_5link,2.25,1,0.30582935115184395,0.030279910254624703,0.15196318742098197,0.7353936541530314,2.496674051466503,1
2160,asym_3link,0.35,0,0.053887664326631,0.0009873942383789268,0.001011585467242773,0.07603619614081047,245.72029702986015,0
2161,large_6link,0.7,0,0.0055486416057913416,0.00016899766363173886,0.04099474991435603,0.2628438465387253,2.7038433318780646,0
2162,redundant_4link,1.0,0,0.005258713838323449,0.00032872873569566896,0.03500142808606097,0.5096594999888019,4.449811216902874,0
2163,short_2link,1.35,1,0.23138944859851024,0.024318791971907068,0.03709335760498069,0.8220198553082847,3.1942995443445086,1
2164,soft_5link,1.75,1,0.40912740653042073,0.0682714474452492,0.22019024250060307,0.5057269281402841,4.647221724806275,1
2165,wide_2link,2.25,1,0.5557903139758037,0.0820212720832581,0.07688115961203108,0.44806451223810834,1.9534289151750495,1
2166,snake_6link,0.35,0,0.003978989449961739,9.369263972894564e-05,0.03347764616792138,0.1551592842033474,3.3952397826009064,0
2167,heavy_3link,0.7,0,0.016427568769694898,0.0003209854642260772,0.015822523421251518,0.30872562716002394,5.341401605369598,0
2168,teacher_2link,1.0,0,0.0008792047192200282,9.76555293581406e-05,0.07500456053056256,0.7297237874037198,2.8425626320292237,0
2169,long_4link,1.35,1,0.3301684554736529,0.0040297523182596315,0.004508637693611477,0.2329024763633818,129.43197334911176,0
2170,long_2link,1.75,1,0.4239479244668583,0.03531623357137378,0.03253204731079215,0.6762427328889989,7.184796804886169,1
2171,needle_5link,2.25,1,0.40610998325087977,0.022070763508270093,0.04916438888108097,0.6711153466187941,3.7388839243053824,1
2172,asym_3link,0.35,0,0.004100099890958393,7.586454228947575e-05,0.014815881019528817,0.21134273201803264,1.9139102120753801,0
2173,large_6link,0.7,0,0.0024684685535103263,0.00011417968439891373,0.05507873326470883,0.25132179116163195,1.481552352373881,0
2174,redundant_4link,1.0,0,0.003572732749137363,0.00024193993920632793,0.05527401483476226,0.4914365771744642,3.0443972566119997,0
2175,short_2link,1.35,1,0.1742071055117698,0.004775424625890537,0.018577185995364648,0.713395742699283,7.413707461272875,1
2176,soft_5link,1.75,1,0.2529090032267835,0.041346731827322174,0.07455593563186881,0.629658283731223,2.4015759094726006,1
2177,wide_2link,2.25,1,0.4004480367759234,0.068943832274129,0.120138907232394,0.9813950836433472,4.43409608035237,1
2178,snake_6link,0.35,0,0.025161121034486728,0.0008618245439286541,0.0009042808459453316,0.10057828697811147,230.86589316954172,0
2179,heavy_3link,0.7,0,0.0014988873355356199,8.741254907182011e-05,0.05774031706472811,0.28407604483758486,1.8377921480702388,0
2180,teacher_2link,1.0,0,0.002677218130613817,0.0002539966694176936,0.04366867860479191,0.6752569235736097,4.631785320213007,0
2181,long_4link,1.35,1,0.04213494322591857,0.004528151003876264,0.12565693154931057,0.6773261176410859,2.1696937067783573,1
2182,long_2link,1.75,1,0.16976342300212452,0.02515415050666606,0.07223015180655151,0.7611784229626002,77.30540285422451,1
2183,needle_5link,2.25,1,0.22678404550181597,0.027622227853948078,0.036368353337164684,0.8240159742300274,4.52218148083037,1
2184,asym_3link,0.35,0,0.01423344669109617,0.0002982025507267619,0.008113772973237236,0.16220176762702948,12.341698893529857,0
2185,large_6link,0.7,0,0.0005981654844427711,5.555745792190813e-05,0.026625140004081095,0.24208330277223253,4.80433770587617,0
2186,redundant_4link,1.0,0,0.003705725995427751,0.00020187027776448122,0.04891250102394999,0.49034987417777826,1.8721628416386138,0
2187,short_2link,1.35,0,0.0741756019500041,0.003790474499017999,0.004217649983628534,0.48236122366462164,101.33414111795487,0
2188,soft_5link,1.75,1,0.13785354007852801,0.0033283889140276386,0.024077821058397682,0.6517529980955903,11.788388171376367,1
2189,wide_2link,2.25,1,0.40827195610333783,0.07173616716978996,0.08578191331533427,0.9044461855485718,3.8588698486525574,1
2190,snake_6link,0.35,0,0.012612416707141076,0.00018898033307856933,0.006784236809294998,0.15412915019581364,8.240674894894664,0
2191,heavy_3link,0.7,0,0.0014248406228769715,8.384512292763736e-05,0.03489526753761247,0.2828762711580873,1.8533843509625507,0
2192,teacher_2link,1.0,0,0.0016523945577121928,0.0001655161474317991,0.03813924299510821,0.7435240238602506,3.1785856429370964,0
2193,long_4link,1.35,1,0.18307751872163364,0.00876999865070358,0.03541786133299682,0.48890951081439815,4.013171744773931,1
2194,long_2link,1.75,1,0.3677995483037437,0.08722913206164992,0.09183742652394228,0.8036874185264663,6.091910159155189,1
2195,needle_5link,2.25,1,0.3786335509572689,0.040141894420914745,0.058759626548410895,0.6659132390223345,2.9504988983441702,1
2196,asym_3link,0.35,0,0.00891325980310402,0.0003450283663463754,0.0006203738591008761,0.15747046038021642,43.67984483733805,0
2197,large_6link,0.7,0,0.005081407982123378,0.00018703203328298564,0.041189116865461395,0.2800337756235273,2.938859418675987,0
2198,redundant_4link,1.0,0,0.0006182033987113281,8.096608927641361e-05,0.023714919329833727,0.48359989516249074,4.738620151218818,0
2199,short_2link,1.35,0,0.011936016935386486,0.0006892411232695011,0.022668368071729887,0.9301999662004388,5.326424226836333,0
2200,soft_5link,1.75,1,0.174863669362425,0.02004416248731666,0.15125602145818473,0.6601707888124297,1.9044959224557685,1
2201,wide_2link,2.25,1,0.5337623815285022,0.03716602300585983,0.03606600039499203,0.8951240825270902,10.161202195105766,1
2202,snake_6link,0.35,0,0.006069990305224028,0.00010471607170827615,0.013118504046825685,0.1422452621923956,2.659317994352628,0
2203,heavy_3link,0.7,0,0.014739168460809044,0.00030123405695554867,0.015968579609918737,0.5422952173159009,4.773681530406986,0
2204,teacher_2link,1.0,0,0.0025252691777664506,0.0001976099645031185,0.10294402802135079,0.6727699862469281,2.759909090550943,0
2205,long_4link,1.35,0,0.024496310236153666,0.0029991972484257733,0.003560575106320008,0.3789383924265661,103.06234298630082,0
2206,long_2link,1.75,1,0.4074804077401436,0.05560063652004418,0.024205039209579417,0.6955050796998515,8.866271529796357,1
2207,needle_5link,2.25,1,0.26736302229227815,0.02522049892987148,0.05279102364651672,0.6518052026922876,2.1173240522327497,1
2208,asym_3link,0.35,0,0.004165444978123197,7.177197193902884e-05,0.021380401696386844,0.2119362560325323,1.201593518373365,0
2209,large_6link,0.7,0,0.003211114423063161,0.00017515073668942878,0.04936021900039171,0.27729385237436294,3.7584885758697912,0
2210,redundant_4link,1.0,0,0.009611410467967332,0.0004552248719205215,0.049104091079219946,0.4827130275070446,7.059809610715689,0
2211,short_2link,1.35,1,0.2275403745533828,0.025350712633973968,0.052275199296160424,0.8213057802288312,6.7685422331379295,1
2212,soft_5link,1.75,1,0.17099411229711506,0.046392021160556636,0.05946239434547116,0.6883836844470239,10.469872966706738,1
2213,wide_2link,2.25,1,0.49612568040316685,0.09710055796764758,0.09907806122872252,0.6552791858851309,8.720082203690037,1
2214,snake_6link,0.35,0,0.042036663145615466,0.0008916419277399967,0.0011831941720794167,0.09415277309225124,89.71950911902962,0
2215,heavy_3link,0.7,0,0.001633828245975495,0.0001038932782609178,0.03732328187532779,0.3197112314104596,3.1624660145963523,0
2216,teacher_2link,1.0,0,0.015190065440195749,0.0007214054331318769,0.0524291902567773,0.6442513417154644,11.695884455240064,0
2217,long_4link,1.35,1,0.1597081704007891,0.013833869820136634,0.049023815432350154,0.6393896601128815,2.99512992318094,1
2218,long_2link,1.75,1,0.27002956573939296,0.05749333372657225,0.09965243049958114,0.8883931257546002,10.034264743972148,1
2219,needle_5link,2.25,1,0.4029597620704173,0.05594395025868121,0.2115888746040719,0.47900260942992495,1.9038738811543148,1
2220,asym_3link,0.35,0,0.014164975277083209,0.00014140940334417444,0.008699351600669428,0.19988223157114407,4.106757793394955,0
2221,large_6link,0.7,0,0.002736496976089782,0.0001158030382641825,0.056785257785216765,0.2556975610513668,1.0228066704332452,0
2222,redundant_4link,1.0,0,0.0025987386877084732,0.0001663437428492006,0.05542025804172419,0.48560853837827345,1.4400335306520629,0
2223,short_2link,1.35,0,0.05326833806811281,0.0036509278788378363,0.0039312613356545486,0.5021858078980977,134.50038837183075,0
2224,soft_5link,1.75,1,0.19206966464278222,0.013011155627209493,0.06347585802122342,0.6590672038564345,2.3847645204028503,1
2225,wide_2link,2.25,1,0.5489346929584479,0.040387217104215396,0.07587415311849886,0.8987507372662337,2.3665100967222363,1
2226,snake_6link,0.35,0,0.0036629129444304006,0.00010064816717196867,0.01794035674327504,0.1374510372613057,4.484865099667103,0
2227,heavy_3link,0.7,0,0.004463589043967275,0.00015446843889897614,0.03223028361495326,0.4077737945496593,1.7227284696772351,0
2228,teacher_2link,1.0,0,0.03722797210034725,0.0022196046382567266,0.007182527383856366,0.4746206349754256,57.018359709677306,0
2229,long_4link,1.35,0,0.004403103429824943,0.000283768020190011,0.06472310363498789,0.657071634203176,2.0820588789242174,0
2230,long_2link,1.75,1,0.2946712358438504,0.039952545749446525,0.09486315718409241,0.8806265898024089,5.962996213793477,1
2231,needle_5link,2.25,1,0.3327934976853891,0.05906437342068293,0.05624452353490381,0.5622102861805477,4.9702143415140405,1
2232,asym_3link,0.35,1,0.20189321424167883,0.0009125107342835374,0.0013363087364186969,0.11935298371554373,56.895287511006686,0
2233,large_6link,0.7,0,0.0021756372767700338,0.00011679093181891706,0.061123293746481275,0.2771894991989667,2.12276555794014,0
2234,redundant_4link,1.0,0,0.006654978617206824,0.00026972164425576517,0.04507247981457751,0.47810676927053947,3.204809276116786,0
2235,short_2link,1.35,1,0.10698865238485504,0.011041555021413643,0.01920933280565978,0.792114634480871,7.495394684822694,1
2236,soft_5link,1.75,1,0.0564489260403125,0.013190108067760014,0.1385916865044937,0.7695096008549324,7.476841913504255,1
2237,wide_2link,2.25,1,0.5197846626073362,0.012367960367369413,0.023396647236364244,0.9243817527259127,9.035197599023066,1
2238,snake_6link,0.35,0,0.004761594152915557,7.937070397414691e-05,0.020512844573983884,0.1444506772046017,2.0324266543447975,0
2239,heavy_3link,0.7,0,0.026285326282791073,0.0003941237485458113,0.012978808364115406,0.3658028654557887,6.794990026415069,0
2240,teacher_2link,1.0,0,0.009943618031898508,0.0003234052106531422,0.03269216774062267,0.6738572833732008,4.258718372060343,0
2241,long_4link,1.35,0,0.019690017915172307,0.002738608133713251,0.0031007876122617923,0.4406705598185054,123.39787957854848,0
2242,long_2link,1.75,1,0.42519596271385207,0.0918910469708875,0.07082023645282327,0.739770880601018,6.469918606086011,1
2243,needle_5link,2.25,1,0.4772247463172147,0.07262731920664436,0.23469495272395996,0.3370765168240043,2.7647464469805034,1
2244,asym_3link,0.35,0,0.0040000775381391265,0.00012554991589339772,0.004364083496406128,0.18899526468644565,6.690952190005728,0
2245,large_6link,0.7,0,0.0039002655530490523,0.00021441639767206042,0.018125366145883014,0.29732946729510734,4.757784969164885,0
2246,redundant_4link,1.0,0,0.00393126697735679,0.00040476068890602787,0.02465809083340364,0.49702308195490935,8.528802422044828,0
2247,short_2link,1.35,0,0.0042513737609220816,0.0005026991626305686,0.1051800292427676,0.944480423194408,7.651575476383698,0
2248,soft_5link,1.75,1,0.27598602257778754,0.0603979619867998,0.028344160379841336,0.6194788257415644,8.292176400942624,1
2249,wide_2link,2.25,1,0.4462682657047084,0.07239114229375655,0.18242311487703153,0.9536968479143125,4.007240258015113,1
2250,snake_6link,0.35,1,0.6566101144416328,0.000901549520508546,0.0013610738023922125,0.08493321063378874,71.96543385938995,0
2251,heavy_3link,0.7,0,0.003587003702499448,0.00019131944900047343,0.02727745322714238,0.4616052895970876,3.9410106745137212,0
2252,teacher_2link,1.0,0,0.002253285873839631,0.00021736145593468403,0.07973847233121777,0.7352332045743131,3.9680333053395573,0
2253,long_4link,1.35,1,0.18881985010082267,0.007516437137993985,0.03646236464709439,0.6524079829655547,6.870551944145486,1
2254,long_2link,1.75,1,0.19318135097073444,0.04478924792053543,0.075685261160569,0.9871177393064681,18.866336152679498,1
2255,needle_5link,2.25,1,0.46913062133234634,0.050636550474812095,0.05651875495768521,0.3269850573990076,1.3735155983637133,1
2256,asym_3link,0.35,0,0.0029195184689912506,6.057137227172821e-05,0.02759965357787901,0.1741656451595547,1.3361826202224583,0
2257,large_6link,0.7,0,0.0032679970652892947,0.0001271060361268963,0.04153249488469477,0.28029682161193864,1.2670285016121696,0
2258,redundant_4link,1.0,0,0.002605927242609478,0.0002901476590658644,0.025595310062756282,0.48509144861414716,6.715592383872172,0
2259,short_2link,1.35,1,0.1982345357603829,0.027966923877048536,0.028389903767055826,0.8280927622680907,697.047233466588,1
2260,soft_5link,1.75,1,0.1000772413695298,0.02214386696712718,0.1415848452729155,0.7524276854325878,5.599552055599491,1
2261,wide_2link,2.25,1,0.5413299486546685,0.08305405412691877,0.0598059518157997,0.4864335371794615,6.650846392271661,1
2262,snake_6link,0.35,0,0.0015120062687101327,4.4823189634990675e-05,0.044212890574689676,0.15111641160553974,2.0643360097918992,0
2263,heavy_3link,0.7,0,0.001193050758390574,8.931420706497582e-05,0.008828027158965262,0.329506118980679,4.820868133823813,0
2264,teacher_2link,1.0,0,0.0006657547909267494,9.94216759623836e-05,0.14350956009380286,0.7442373063592789,11.786861353906007,0
2265,long_4link,1.35,0,0.0037127290467240037,0.00033642417345244527,0.05491092578430967,0.6411413508805108,3.308289430026174,0
2266,long_2link,1.75,1,0.3419857695503175,0.06229368905704641,0.05588618293861744,0.7933743714140499,5.77477576864659,1
2267,needle_5link,2.25,1,0.2944660407961814,0.025170565639512425,0.11643403424757334,0.6466266178444647,1.9024170001579224,1
2268,asym_3link,0.35,0,0.025604677779304832,0.0007696317297412128,0.0007987613312369224,0.13487349183709105,197.2193176233254,0
2269,large_6link,0.7,0,0.0013459260135067076,9.988365422563037e-05,0.11500820770478262,0.25846639887856027,3.185243704321868,0
2270,redundant_4link,1.0,0,0.009323634929324486,0.0006688045207065722,0.02384140474994535,0.5061536641273809,11.632029607597316,0
2271,short_2link,1.35,1,0.2449417588690505,0.013599558700802561,0.03181278378083754,0.613870884305316,2.9341285672837696,1
2272,soft_5link,1.75,1,0.23777080696344025,0.025998334792504622,0.1417613811234578,0.5953853135751331,3.211552087769141,1
2273,wide_2link,2.25,1,0.5335290766805816,0.10406782210999672,0.16507474982349593,0.5213635776974602,19.703503877584343,1
2274,snake_6link,0.35,0,0.0053469491654807785,8.974849354380998e-05,0.014906138791009601,0.1398064569822942,2.1810455309773946,0
2275,heavy_3link,0.7,0,0.0009234540492301116,6.973011994629453e-05,0.017098006531728147,0.31805385213840054,3.6131631470080436,0
2276,teacher_2link,1.0,0,0.0014242063762726989,0.0002101760664182604,0.08641864948690013,0.7244152692123236,14.394756602586417,0
2277,long_4link,1.35,0,0.03469082316283557,0.0035127667337139334,0.0037203975735530617,0.3305471225069834,183.71307444262519,0
2278,long_2link,1.75,1,0.4090264899788879,0.07479061968053802,0.09832379378289058,0.7576645032008439,4.222191505553418,1
2279,needle_5link,2.25,1,0.35828167241342507,0.029351941684933755,0.05413843132871106,0.605384468007693,3.1757572265765424,1
2280,asym_3link,0.35,0,0.016029098843674303,0.00014086599210095716,0.009406078396164693,0.21878805171426516,4.3870034320218645,0
2281,large_6link,0.7,0,0.0010976386941666887,8.572480511489746e-05,0.11546824026579851,0.2694908661668129,2.797972365781673,0
2282,redundant_4link,1.0,0,0.0011093604500904254,0.00016716856694352713,0.038909462631468945,0.48584912078784637,16.912629001011236,0
2283,short_2link,1.35,1,0.16673718559914896,0.006367104795612923,0.03334535717123917,0.7289296609408704,3.2341748161184443,1
2284,soft_5link,1.75,1,0.02824265810039374,0.0024925996164927864,0.09029279084811773,0.7691390993387647,1.419403961047891,1
2285,wide_2link,2.25,1,0.5523924976759832,0.07711244444133397,0.09973758310559426,0.4616020362055183,1.8490578570633742,1
2286,snake_6link,0.35,0,0.009028334461211068,0.00045945658850762324,0.0005241389180661283,0.14428669461679916,138.3202033368541,0
2287,heavy_3link,0.7,0,0.0032531498711196624,0.00023057212776148478,0.015392075886041627,0.33044249322257413,7.576612909040601,0
2288,teacher_2link,1.0,0,0.004116309311582774,0.00023553059704687002,0.041221931824681354,0.7008616628189792,2.8686622391956638,0
2289,long_4link,1.35,1,0.14436210229882904,0.003990487621176328,0.020772755665789386,0.6651003209732342,9.228493020917785,1
2290,long_2link,1.75,1,0.34289687612374525,0.04738814762550629,0.009320151130479822,0.7069430598239054,27.68022642277106,1
2291,needle_5link,2.25,1,0.33715614381426945,0.05095202184946841,0.13211247101561557,0.6537474208617419,6.475053630533457,1
2292,asym_3link,0.35,0,0.002311305784451143,8.984883635459541e-05,0.024615689659926124,0.1677160924076522,8.98760522871322,0
2293,large_6link,0.7,0,0.0013225167032610368,8.094824056822315e-05,0.034216065470041114,0.23048155250189017,2.117567769045326,0
2294,redundant_4link,1.0,0,0.0007016313804437949,0.00010195059786118331,0.012726533574947305,0.4821403503093504,9.649775660462534,0
2295,short_2link,1.35,1,0.11994448217394536,0.014681096059530739,0.00997667928767007,0.8109368978163779,148.96924025760455,1
2296,soft_5link,1.75,1,0.19124673523198338,0.02262976686419352,0.14236587497393013,0.6553336537103489,3.513342072883299,1
2297,wide_2link,2.25,1,0.13217771005730292,0.015422353933300721,0.0883394873499564,0.6876064924704759,491.96284533559515,1
2298,snake_6link,0.35,0,0.00265275424287091,8.046609911435008e-05,0.010849700283618095,0.14521895838233184,3.732925790130494,0
2299,heavy_3link,0.7,0,0.0017622346864021006,0.00011057045058875842,0.018453539032480596,0.3258901322650307,3.2131914742837053,0
2300,teacher_2link,1.0,0,0.005292454299683879,0.0004237545334220506,0.03425256118338651,0.6605214999296356,7.354154645006779,0
2301,long_4link,1.35,0,0.011186152163802036,0.000526183377251275,0.05111838097190585,0.6420882846110764,5.235176180772973,0
2302,long_2link,1.75,1,0.4252157132851522,0.03762383453369406,0.037718148641557134,0.675782767728243,6.459694378118706,1
2303,needle_5link,2.25,1,0.5063033551605153,0.07228810825691452,0.07464831524291173,0.306998250684541,3.4897377858585337,1
2304,asym_3link,0.35,0,0.003778418083583675,0.00015920327697498864,0.00016378920013523858,0.1757768856994766,1042.3718851350518,0
2305,large_6link,0.7,0,0.0010492141172894719,8.774894272491732e-05,0.031685121214157376,0.22183197827890275,3.758527557338862,0
2306,redundant_4link,1.0,0,0.010259393776913187,0.0003957458937548331,0.05917755521830688,0.5429668327569107,5.166410696799915,0
2307,short_2link,1.35,1,0.23248380342231678,0.03342625174271084,0.03208527133465795,0.8210344815820403,22.589178605495725,1
2308,soft_5link,1.75,1,0.30180243508791893,0.032209677596634415,0.13022356472444957,0.5831363293884031,2.248701047933108,1
2309,wide_2link,2.25,1,0.4901978650063771,0.08395273807366722,0.0901700698435227,0.6739804819409839,2.83458575030852,1
2310,snake_6link,0.35,0,0.016572522377799506,0.00018726617839094227,0.006331845400791863,0.1497346193360033,7.27353414528219,0
2311,heavy_3link,0.7,0,0.0035339646341286464,0.00017900298195993992,0.040982126841133976,0.43594494730440375,3.4816628612819214,0
2312,teacher_2link,1.0,0,0.07433634647463014,0.0022130275396896625,0.004525465988061052,0.4730028040788266,49.37383665282318,0
2313,long_4link,1.35,1,0.05922898253470998,0.011250970700718597,0.009738895086917833,0.5284400800662461,159.35658680568997,1
2314,long_2link,1.75,1,0.4094816075150047,0.09218389031699115,0.06822271350256258,0.7394089552870647,26.570448088289627,1
2315,needle_5link,2.25,1,0.4455037997791928,0.034009349631251184,0.04835129236445641,0.6387851234764746,2.692252123500124,1
2316,asym_3link,0.35,0,0.0013346240032341325,4.578902353701036e-05,0.00992087079179113,0.16717355205997658,3.1656092198340144,0
2317,large_6link,0.7,0,0.0031938631267276595,0.00014087323574813338,0.02469472504353378,0.21841977486618597,2.2728653251351743,0
2318,redundant_4link,1.0,0,0.0028340975002778507,0.00019552144810011259,0.0716797058545445,0.4861961965892111,2.317119747665328,0
2319,short_2link,1.35,0,0.0713413315500913,0.003948182121219062,0.019788854323971136,0.4019546867081114,1694.709877388627,0
2320,soft_5link,1.75,1,0.16936034282616969,0.0187608009704532,0.05331104983192795,0.6290882232814118,6.429457705142309,1
2321,wide_2link,2.25,1,0.47526240356811306,0.0923734761087358,0.2005652973806353,0.7178229934847742,8.51100117455698,1
2322,snake_6link,0.35,0,0.010706534540136791,0.0005202507733508843,0.0006311792337426899,0.13551997493813872,112.44781146007207,0
2323,heavy_3link,0.7,0,0.00922268811373568,0.0002160001394110782,0.022731188236123166,0.35860851003094063,3.3092126401704545,0
2324,teacher_2link,1.0,0,0.047173288392209585,0.0008221036584309308,0.012294270876722201,0.644912680988342,12.868700443730754,0
2325,long_4link,1.35,1,0.11301082202312711,0.02087079882453526,0.06596709999810658,0.4858601903554479,9.07272680752765,1
2326,long_2link,1.75,1,0.26629231620429383,0.048048868554405176,0.047313484313549294,0.8009343320533916,35.67012025248782,1
2327,needle_5link,2.25,1,0.4399971218594165,0.06437969022119111,0.06403503021071555,0.37221573181417,3.558886089763525,1
2328,asym_3link,0.35,0,0.0014447625020870506,5.189813005984838e-05,0.005507659806075101,0.19577408616655775,3.9579702321977566,0
2329,large_6link,0.7,0,0.0026988433675049005,0.00011941674910173473,0.037060141263334234,0.23677060971567493,2.2545529255033117,0
2330,redundant_4link,1.0,0,0.0022685926657714196,0.0002158389285217817,0.108111124045454,0.5019285307304628,3.8631290340027102,0
2331,short_2link,1.35,0,0.07104807818848052,0.0038555185485974644,0.004071368426262432,0.4050975768674688,143.7883303363165,0
2332,soft_5link,1.75,1,0.07332786661566518,0.004970737468053953,0.0908322902423884,0.7567586137571765,4.347235617026047,1
2333,wide_2link,2.25,1,0.4803928546967813,0.06535369144371463,0.07203099669576164,0.9345768109797196,2.3962711107487267,1
2334,snake_6link,0.35,0,0.007594487498704254,0.00014992454863834077,0.01262382699637453,0.13342989643970418,5.719455069950148,0
2335,heavy_3link,0.7,0,0.0014607521153724157,0.00010591457606956686,0.0532270318351306,0.28892573152100753,4.577657248089301,0
2336,teacher_2link,1.0,0,0.015666155930044612,0.00161927946177282,0.0481770289315289,0.5900639284661148,46.523833694912234,0
2337,long_4link,1.35,1,0.07042549078055889,0.003119507892123323,0.03749916806580296,0.7073527198090784,4.232058502533797,1
2338,long_2link,1.75,1,0.3165100648371993,0.04642025101430251,0.0932958948438141,0.8549039372737497,7.141703854040787,1
2339,needle_5link,2.25,1,0.44456833876164586,0.049581169818106015,0.031877761036080574,0.4778355120926706,6.408246487562072,1
2340,asym_3link,0.35,0,0.0029136529721000004,0.00012327579290127174,0.00012479318653961283,0.17593034085339712,361.04511066941393,0
2341,large_6link,0.7,0,0.0023021175920475037,0.00015053152948358233,0.034654670258243314,0.24582561337468467,3.8631270660306254,0
2342,redundant_4link,1.0,0,0.003926410714072848,0.000421494818691088,0.10429382814423532,0.5089428992736776,9.17439058277163,0
2343,short_2link,1.35,1,0.14279158958234944,0.013684925827376399,0.07779428335349171,0.7459740734688107,6.602318421751478,1
2344,soft_5link,1.75,1,0.18239134160409737,0.026398495092329752,0.09026932351981001,0.6614692311761303,8.176582491281362,1
2345,wide_2link,2.25,1,0.49475128828721865,0.09195602680758652,0.0982224842268966,0.6597468021192681,4.305133251116158,1
2346,snake_6link,0.35,0,0.004203242518223736,0.0001351627290625533,0.03671743325062099,0.14780765537226082,7.112412130305718,0
2347,heavy_3link,0.7,0,0.005057783904524266,0.00016288547646844148,0.027159211482309667,0.4401578022488358,2.0235744659067487,0
2348,teacher_2link,1.0,0,0.001764747425130391,0.00022107373589782154,0.02831363391049369,0.7006283951820014,6.377565730158403,0
2349,long_4link,1.35,0,0.09032610157296685,0.004053089431987686,0.004250966046753782,0.16736746614237583,202.78540511656172,0
2350,long_2link,1.75,1,0.229940534168436,0.03627085302993661,0.012102546883609835,0.7667251890043186,61.49036422090412,1
2351,needle_5link,2.25,1,0.27549587532580017,0.0439554701242462,0.18516014803953942,0.5738691718141282,3.316306795673506,1
2352,asym_3link,0.35,0,0.001989102389217281,5.2748650078403425e-05,0.009974221818875544,0.1887346923268063,2.042864051985451,0
2353,large_6link,0.7,0,0.004578365444950306,0.00027401271804392756,0.0352962486632597,0.24864490540939346,6.753281338464474,0
2354,redundant_4link,1.0,0,0.0014834917827249688,0.0001528145152417376,0.10388495834773566,0.4815794542507776,3.353526716295631,0
2355,short_2link,1.35,1,0.0980953793582975,0.004365383368548712,0.02734571135496422,0.8138916578141158,4.321515899455507,1
2356,soft_5link,1.75,1,0.23929765529887473,0.015122721453573183,0.060501882889273294,0.6254044571083709,2.602241416442187,1
2357,wide_2link,2.25,1,0.45815265450669485,0.018934704710310963,0.011575485624227607,0.8989703799289138,21.075516808539717,1
2358,snake_6link,0.35,0,0.006220377245065674,0.000331770804569649,0.0004661884878050884,0.14729569051132255,93.11363207647784,0
2359,heavy_3link,0.7,0,0.0021416234771029037,0.0001631931938175678,0.018063683967995833,0.36571436793780937,6.722042502705861,0
2360,teacher_2link,1.0,0,0.003103739316907143,0.0003370981037666644,0.020482677813371684,0.7342907119423856,7.316561866595322,0
2361,long_4link,1.35,0,0.004468156922114905,0.0005462414971465708,0.1294365336316681,0.6300191671128782,7.304409557548752,0
2362,long_2link,1.75,1,0.4121199476803816,0.020656747592903254,0.06317634001145606,0.7025130064248909,5.29402539362798,1
2363,needle_5link,2.25,1,0.4289913154598373,0.060427861028332225,0.07478585382592401,0.46405924632318757,3.1386264188545234,1
2364,asym_3link,0.35,0,0.004013420021080144,7.924813720281168e-05,0.0186848137497775,0.163339539056625,2.2484343524969335,0
2365,large_6link,0.7,0,0.001837076944638418,0.0001300981036263651,0.034186666177533624,0.2709129244202247,3.520613134646068,0
2366,redundant_4link,1.0,0,0.0039022498895140106,0.0002724751526455213,0.02919626679436725,0.5085102153497942,3.659557601820216,0
2367,short_2link,1.35,0,0.0531683515424412,0.003735997864547756,0.00374081171434468,0.5189981884447435,978.0425183653401,0
2368,soft_5link,1.75,1,0.09079477296768035,0.016159813023484106,0.08802219648457553,0.7271961355079793,2.8683660304224023,1
2369,wide_2link,2.25,1,0.47462965147233,0.05369524579215754,0.1126930693055002,0.7203561855483291,2.2608100632176136,1
2370,snake_6link,0.35,0,0.0008312120029383965,3.1965149819776346e-05,0.03492386493306582,0.1591400663331844,3.55855446988996,0
2371,heavy_3link,0.7,0,0.005401541192368649,0.00016345090525217486,0.03351846370143942,0.43493517071693777,2.0223804224849045,0
2372,teacher_2link,1.0,0,0.0013918016435774954,0.00014061123503995626,0.04356797977120645,0.7473005905029615,2.819215061995837,0
2373,long_4link,1.35,1,0.130211314022761,0.00953469874148488,0.07615854433370545,0.6407952497746184,1.7121209924004765,1
2374,long_2link,1.75,1,0.3484056129733808,0.05729716051241799,0.1988112237277274,0.7862952018712995,3.7133843980342554,1
2375,needle_5link,2.25,1,0.47648640065104425,0.0531449564289059,0.09072824010753426,0.39191769977808827,1.8086674215394063,1
2376,asym_3link,0.35,0,0.0034718055320431887,0.00014590787623085434,0.00021595269035829402,0.18016090357671155,58.38360007274814,0
2377,large_6link,0.7,0,0.0017227218749679485,0.00012587545201670665,0.021876229071170903,0.2756952668931702,3.6756089680116277,0
2378,redundant_4link,1.0,0,0.0021386299158269767,0.00015806543927974028,0.07955212041866955,0.4870928719939339,1.8381611061566543,0
2379,short_2link,1.35,1,0.08216648856977012,0.005915012237330944,0.03413103452312906,0.9128820341576239,3.7480961490425604,1
2380,soft_5link,1.75,1,0.15168434563986005,0.014297563442151967,0.13532062322181845,0.6953648869113325,4.706651116637435,1
2381,wide_2link,2.25,1,0.4361869817647324,0.07094326417536244,0.0649475087780116,0.943574037338108,18.465398524294244,1
2382,snake_6link,0.35,0,0.006832330574123889,9.154684922035428e-05,0.013703512640938602,0.1529794377537007,2.200904246590673,0
2383,heavy_3link,0.7,0,0.0012183296459697035,9.066914477093233e-05,0.07299780457759592,0.34302237469916735,3.9796191440858695,0
2384,teacher_2link,1.0,0,0.0032654746153865984,0.00031367982682347067,0.048251291680835896,0.7280504994788394,5.931973981609489,0
2385,long_4link,1.35,0,0.02061741937023505,0.0027843636748481142,0.0032776452717386525,0.414935969940106,109.4933264910204,0
2386,long_2link,1.75,1,0.2731522451026821,0.03491732914687287,0.036152953895634624,0.9046018711167101,5.849465250893386,1
2387,needle_5link,2.25,1,0.35701312011712105,0.03900190774387067,0.14843159908251402,0.5783605101475425,1.315173880014881,1
2388,asym_3link,0.35,0,0.00941662535797548,0.0001377273144220368,0.0160471161258172,0.17335159691709295,4.498041507743145,0
2389,large_6link,0.7,0,0.014597959913281732,0.0003812483679910896,0.012346598649639703,0.3057556184447535,7.366379146770408,0
2390,redundant_4link,1.0,0,0.004022984344993056,0.0003281374536258518,0.08390820715586123,0.46448313111474215,5.450136850862104,0
2391,short_2link,1.35,1,0.14068114360477815,0.018100511176005047,0.1359164083159704,0.87705757627086,6.692728227228708,1
2392,soft_5link,1.75,1,0.2946256832808238,0.0735179017924324,0.28104933812676497,0.6014895104815707,7.3183334795793185,1
2393,wide_2link,2.25,1,0.49140383599915566,0.08090210936531937,0.06646242650590928,0.4570784079203796,45.357319775493714,1
2394,snake_6link,0.35,0,0.040767278494724536,0.0009532632671564205,0.001067840907008768,0.07812835444535898,148.1575584984445,0
2395,heavy_3link,0.7,0,0.002608856999087439,0.00015841494282881887,0.08103633711473551,0.32380891996225525,3.9818862436738134,0
2396,teacher_2link,1.0,0,0.0010263357360318444,0.00012584909702150426,0.05117787922430309,0.7164831145262988,4.096427173905309,0
2397,long_4link,1.35,0,0.008672717013271868,0.0003975819779543148,0.0546840492509005,0.5581368424300513,3.3558206183319452,0
2398,long_2link,1.75,1,0.16794706742761045,0.01745834309647734,0.07357409303354441,0.9903945713674374,15.223873705434057,1
2399,needle_5link,2.25,1,0.3668725120982523,0.0603769019968312,0.1982120129031825,0.49413156374671324,2.70520497344736,1
2400,asym_3link,0.35,0,0.0033475683539448426,6.749253808538798e-05,0.013559788203976273,0.21206181215996261,1.6062641234113757,0
2401,large_6link,0.7,0,0.002610772295070338,0.0001451250018123558,0.05811935818220958,0.2917660261172185,2.9660272643110104,0
2402,redundant_4link,1.0,0,0.009288065023287353,0.00032058943438573466,0.05075121193244631,0.4911780038158861,3.787886291139891,0
2403,short_2link,1.35,0,0.021736493119584265,0.0025031379833776314,0.0036547317309859385,0.8306962906854058,119.09404026254741,0
2404,soft_5link,1.75,1,0.0677622721954214,0.002188547710540209,0.040374152749294005,0.7388347906229208,8.274607167675406,1
2405,wide_2link,2.25,1,0.45316186591908725,0.023224315361699263,0.03719799248518257,0.9508314080134947,5.120153191645119,1
2406,snake_6link,0.35,0,0.004037675389336343,8.029848332328266e-05,0.021913327864263598,0.15513038162810353,2.2341142085875427,0
2407,heavy_3link,0.7,0,0.005577958057410317,0.00017347872007317103,0.02843189575448457,0.3667085079233657,2.423534345591166,0
2408,teacher_2link,1.0,0,0.006833272593664938,0.00031615932142483184,0.07635336570754266,0.6587012717210353,4.322593321806669,0
2409,long_4link,1.35,0,0.0022395379053669227,0.0003466560143920287,0.043447995090505266,0.6188269133875662,7.211607489008982,0
2410,long_2link,1.75,1,0.4260105079558338,0.044226305448660505,0.0561040729321489,0.6781813387575041,3.9788356272719425,1
2411,needle_5link,2.25,1,0.3561293539054387,0.04469843452994092,0.06589304873825587,0.46765122693134575,1.8981801135080036,1
2412,asym_3link,0.35,0,0.024350739644639255,0.0007420805794039465,0.0008065022637974932,0.13835991812813023,131.5233086150597,0
2413,large_6link,0.7,0,0.010143835113190584,0.0004314392551136234,0.009784866494260185,0.28257286433124995,9.917723582099816,0
2414,redundant_4link,1.0,0,0.004805301951888936,0.0003130412129351408,0.04678033053429408,0.5144612567981657,4.3381581103967815,0
2415,short_2link,1.35,0,0.07844921092959978,0.003731849260326631,0.004363975449810163,0.4960109665377292,82.57088769286938,0
2416,soft_5link,1.75,1,0.19657764910976142,0.04540873894119679,0.06267206654327057,0.6656891642356212,8.494674495093678,1
2417,wide_2link,2.25,1,0.44575241714303937,0.07469532107137876,0.07467945384520944,0.953412577919767,5.355243440291864,1
2418,snake_6link,0.35,0,0.011150284427997736,0.00017626631131660594,0.006631379952437127,0.13559988658768712,7.381247223804972,0
2419,heavy_3link,0.7,0,0.0036732885402497024,0.00021026100133443498,0.07762037380308205,0.34326201355319846,4.778151677098518,0
2420,teacher_2link,1.0,0,0.005222130727126313,0.0002571998458578027,0.03613439416940985,0.6910701721000774,3.1611227422949355,0
2421,long_4link,1.35,0,0.016030964232352955,0.0023268240187524014,0.0032799185388323296,0.53529628820905,69.95650393100094,0
2422,long_2link,1.75,1,0.23866993958972244,0.021781178125336885,0.04394457509346425,0.9340792251715404,5.064718010165987,1
2423,needle_5link,2.25,1,0.39701021143419085,0.06006154740002729,0.07527575051966615,0.5163901310085286,2.2489313904090116,1
2424,asym_3link,0.35,0,0.00400128461344774,0.00011897252843355924,0.005289089210093662,0.19828516750683017,5.8287314140662145,0
2425,large_6link,0.7,0,0.005313798096062202,0.00016650490832619916,0.041402927895002564,0.2529031798839094,2.4758677864925556,0
2426,redundant_4link,1.0,0,0.00620106623856035,0.000600530029428601,0.06941652213638179,0.4692630399398905,12.056259874005372,0
2427,short_2link,1.35,1,0.1482293695613722,0.020591740336119872,0.16599470312455064,0.8705341036483697,15.555002467763702,1
2428,soft_5link,1.75,1,0.25723515951892945,0.02157180464221004,0.08138147007369641,0.5741878017406009,3.668544361899553,1
2429,wide_2link,2.25,1,0.4917484320515118,0.07454003703005907,0.0804724711742008,0.9214397132186232,10.433842614584766,1
2430,snake_6link,0.35,0,0.002221852299382645,0.00012287680888877089,0.0005427921182870423,0.15327972020403385,31.11254814955395,0
2431,heavy_3link,0.7,0,0.0031581066680848244,0.00021139782055986308,0.06392506854743572,0.3275226925101726,6.239494670638633,0
2432,teacher_2link,1.0,0,0.0006982347838147763,8.493054885698319e-05,0.05793729614594672,0.7442067803010197,3.450644816273131,0
2433,long_4link,1.35,1,0.1348120524154497,0.005252085735988791,0.02511482033222089,0.5342266937209361,6.924975746433387,1
2434,long_2link,1.75,1,0.34034663784215713,0.07903958103120884,0.07448342048805492,0.7629909032935366,285.29745177398144,1
2435,needle_5link,2.25,1,0.43917169532012273,0.051956735118671174,0.029649588064374427,0.4988324048750293,5.868862315738187,1
2436,asym_3link,0.35,0,0.0020005499601105977,7.267018872688799e-05,0.004197943347029838,0.17845769334172365,6.487615949886053,0
2437,large_6link,0.7,0,0.000765342419283741,6.76547538287453e-05,0.0385335930558702,0.2502902251071514,3.84111160345455,0
2438,redundant_4link,1.0,0,0.0006916272504636328,9.404244768893645e-05,0.05825044576222065,0.48695261047749033,5.169427106556317,0
2439,short_2link,1.35,1,0.16776098701302353,0.023130961574897226,0.02521919269168142,0.8358175885222047,190.8848353643598,1
2440,soft_5link,1.75,1,0.05631874735902259,0.006938129228606653,0.05307547541178956,0.7069493417006437,15.96300777571286,1
2441,wide_2link,2.25,1,0.5080589587995659,0.06320919088084065,0.059621838109635894,0.9037544131568704,13.841086386747158,1
2442,snake_6link,0.35,0,0.011178421563251181,0.00014172700040162328,0.008295500760497941,0.1391092434290737,5.549184019232016,0
2443,heavy_3link,0.7,0,0.0024822289946188265,0.0001315984387243926,0.07039417016991856,0.36312598976320465,2.481906852512973,0
2444,teacher_2link,1.0,0,0.0027563364301267028,0.00035496065482756373,0.038920881295554564,0.6953456515116726,10.556841351530476,0
2445,long_4link,1.35,1,0.01650249932741339,0.0016805119622063814,0.15461680981079107,0.7311832294592062,4.275472611056675,1
2446,long_2link,1.75,1,0.2180749666213027,0.013383488406670373,0.041007748411849586,0.8617550764977513,24.245903280892772,1
2447,needle_5link,2.25,1,0.24021628673256795,0.013648998171362855,0.06025724341024237,0.7619426167001638,2.83853175324081,1
2448,asym_3link,0.35,0,0.014451902898301849,0.0005357209836445312,0.0005536937302380866,0.15985010604448022,209.8458510025215,0
2449,large_6link,0.7,0,0.0012946521386878792,0.00012349115698720786,0.010709051145628644,0.22515894421610808,7.350068269868644,0
2450,redundant_4link,1.0,0,0.001970341877336421,0.00020498879786433092,0.027083494520986337,0.4936599742526201,4.305908731801499,0
2451,short_2link,1.35,1,0.2512649821016134,0.025996422302342694,0.09233762348334544,0.8101077256493998,3.146872569480181,1
2452,soft_5link,1.75,1,0.34247940284843453,0.06960911493301591,0.3443062607542353,0.5660355285827764,3.8643227971045584,1
2453,wide_2link,2.25,1,0.4160224622290036,0.07086415397983119,0.07257008312563658,0.9584282103881813,18.28985562974776,1
2454,snake_6link,0.35,0,0.0011592502502248097,4.127437870920454e-05,0.03712396375064362,0.15896927946590858,2.980136991946835,0
2455,heavy_3link,0.7,0,0.003939964201463532,0.00022793942581812547,0.04509982656075195,0.36725167030489236,5.270490164192069,0
2456,teacher_2link,1.0,0,0.040229623066684095,0.0012469352290875762,0.03162227877672257,0.6095222437199342,21.190043962546838,0
2457,long_4link,1.35,0,0.04417038265080582,0.003784331487086772,0.003840375865724608,0.2488288542304356,365.58568070284383,0
2458,long_2link,1.75,1,0.4249409755590129,0.07451821773626675,0.13788199944091392,0.7410764304090256,2.904717924680954,1
2459,needle_5link,2.25,1,0.45318681227520935,0.032401339912500667,0.05724526787634704,0.46045162618130947,1.480591185128428,1
2460,asym_3link,0.35,0,0.008510262440967921,0.00015784085616913626,0.017556018967544242,0.17453134719987154,5.641017129853867,0
2461,large_6link,0.7,0,0.0016090497384297151,0.00012277403507437122,0.031171607097002743,0.22078744719246318,3.754165292037552,0
2462,redundant_4link,1.0,0,0.002506167853436368,0.00017535586911219256,0.0374500559960502,0.4779735433926102,1.9414318118812541,0
2463,short_2link,1.35,1,0.03159753932028134,0.0034444167823516536,0.10929203593857341,0.8952979625699896,6.0976742097793695,1
2464,soft_5link,1.75,1,0.132243604714696,0.016794943189050893,0.1017893052208412,0.6821899735258994,2.150570406010702,1
2465,wide_2link,2.25,1,0.3815222056283409,0.060018798753921354,0.16727666483501874,0.9937386119629916,2.6813071577590306,1
2466,snake_6link,0.35,0,0.016053501482151414,0.0006895740587307575,0.0007598344068531957,0.12446005791780282,161.2843782200706,0
2467,heavy_3link,0.7,0,0.0008526179985263665,6.689442952444805e-05,0.00741171785375206,0.28755573773350906,5.525346301161232,0
2468,teacher_2link,1.0,0,0.0009802831678232145,0.00011013241471693333,0.03794876947576112,0.7491273728162977,3.067712952788193,0
2469,long_4link,1.35,1,0.1370697333155381,0.014177035437413832,0.16795489612492792,0.5292156063189015,6.155418586399933,1
2470,long_2link,1.75,1,0.29826330732578926,0.04273370312023121,0.020669557903540515,0.8682499926090365,10.409282850784736,1
2471,needle_5link,2.25,1,0.4574153066640588,0.03805266968801648,0.044296522753088687,0.45805472056016144,4.022740044454997,1
2472,asym_3link,0.35,0,0.006297513933895523,0.00011852118063623328,0.011401133764918114,0.20878225948253037,3.6686901147015454,0
2473,large_6link,0.7,0,0.003951131187377565,0.000191066324419375,0.02088095462158479,0.25870187830564656,4.041626012990335,0
2474,redundant_4link,1.0,0,0.0009550952047120521,0.0001138463340937786,0.027027317186704224,0.4863291078162875,3.8439513277077766,0
2475,short_2link,1.35,1,0.0292603736652123,0.003160789443234421,0.0029245516359229216,0.8082980938357675,161.91229740822294,1
2476,soft_5link,1.75,1,0.10312040862764123,0.016314073843175146,0.07351464185252723,0.7469746752807779,2.250656889601728,1
2477,wide_2link,2.25,1,0.5443835015037368,0.030269278874486338,0.05580383743531946,0.9010712873464003,4.207017646482431,1
2478,snake_6link,0.35,0,0.009513884486446527,0.00010990248161373037,0.011204664888693606,0.1541476779154189,1.3816073615221032,0
2479,heavy_3link,0.7,0,0.006016972917983335,0.00027545063178141283,0.017119583913666216,0.36084909481305577,5.309819453063342,0
2480,teacher_2link,1.0,0,0.0018475608689255399,0.00026783436293622914,0.023072472534475023,0.7467406061981219,14.38181487181849,0
2481,long_4link,1.35,1,0.19979393305684034,0.01843627693461621,0.06152731996029112,0.4764968441029152,4.814251170884372,1
2482,long_2link,1.75,1,0.3737492496088278,0.09492840809313546,0.14366330800621008,0.7970372307645501,14.827175772022931,1
2483,needle_5link,2.25,1,0.45100348432232185,0.01867691499050084,0.054804140742797235,0.663617243739448,4.731310009283795,1
2484,asym_3link,0.35,0,0.03442828987986234,0.0008800909980756748,0.0008906524205250955,0.10614277837090012,349.1507653860304,0
2485,large_6link,0.7,0,0.001105455795280153,0.00010326397571205715,0.08010582731769308,0.2390201411718546,7.900939046323576,0
2486,redundant_4link,1.0,0,0.0017921836513765945,0.0001592765107701299,0.14079003315426616,0.48696184070199955,2.5783505619607427,0
2487,short_2link,1.35,1,0.2415619147571467,0.009102684467691196,0.023700904369299378,0.5940556621272076,9.261520191790297,1
2488,soft_5link,1.75,1,0.31939504100929295,0.050053386922966715,0.24594587528959208,0.5863055903234892,2.711848009470358,1
2489,wide_2link,2.25,1,0.5497436648101044,0.09772387681186029,0.08778363830937444,0.47043949903003995,3.883177315704353,1
2490,snake_6link,0.35,0,0.0030527556107442723,7.099692437593472e-05,0.015033169940872587,0.15525813627717944,2.2585779342852033,0
2491,heavy_3link,0.7,0,0.010388458538415907,0.00023870457484934468,0.03213006304346148,0.5184661670050621,3.6251327821067614,0
2492,teacher_2link,1.0,0,0.008874582905702028,0.00045902799265366525,0.01974553512370877,0.6546151698165121,7.086248050864388,0
2493,long_4link,1.35,1,0.05321926251726926,0.010109534711433622,0.009746343209086898,0.5331548275851115,264.2269986799296,1
2494,long_2link,1.75,1,0.1923869470762425,0.0197104108983053,0.05375715737193475,0.998659952343229,3.622952926282704,1
2495,needle_5link,2.25,1,0.4373776558365154,0.0527672326259328,0.08443345925306725,0.3699719460099479,1.6374176936645042,1
2496,asym_3link,0.35,0,0.006213120015734494,8.72669410784272e-05,0.015507492238980918,0.2181435963881857,2.014770193212286,0
2497,large_6link,0.7,0,0.0007985856523112801,6.36248859876206e-05,0.022861721748551236,0.24481266948451594,3.36717082209835,0
2498,redundant_4link,1.0,0,0.003021632133118433,0.00020837912731002078,0.04369570588560343,0.49440810542803354,2.476907897837813,0
2499,short_2link,1.35,1,0.14192134525697347,0.011513588322734605,0.08071269215227192,0.8748935318666298,3.9519735600766834,1
2500,soft_5link,1.75,1,0.20001500482367784,0.02366035978000293,0.06675614941408564,0.6107713940067033,2.7814969190129375,1
2501,wide_2link,2.25,1,0.5526489303934276,0.08215624725824393,0.07739908108414248,0.46071808478933624,1.9129732441197502,1
2502,snake_6link,0.35,0,0.00880334233668584,0.00044938202107383193,0.0005247098993564429,0.14185082488327366,128.44216932343357,0
2503,heavy_3link,0.7,0,0.007572805696970101,0.00023289544494594565,0.02395080418846513,0.3612110864721129,3.8096382081276685,0
2504,teacher_2link,1.0,0,0.003263946772620525,0.00021628382137075803,0.1032228227651842,0.6639894670240278,2.712474746102768,0
2505,long_4link,1.35,1,0.07369011956389582,0.009499143151355595,0.02719064122624279,0.5648808842769496,5.5082202717762945,1
2506,long_2link,1.75,1,0.4201849878411405,0.028436350986608763,0.08223894276879236,0.6803937741268059,8.18162552561181,1
2507,needle_5link,2.25,1,0.299044364484397,0.028591116010880296,0.017165364711679964,0.6395626062170741,11.526201880781977,1
2508,asym_3link,0.35,0,0.009362520244725253,0.00012680789652037258,0.009117004463514725,0.2143807783399909,3.9157442540960328,0
2509,large_6link,0.7,0,0.010500756042729115,0.0002577725231539489,0.019390613834257,0.2629685886569205,4.908710509969913,0
2510,redundant_4link,1.0,0,0.0020399579467596917,0.00020429917144560683,0.058440350607034716,0.47380302962160314,3.928036807853092,0
2511,short_2link,1.35,0,0.027601694913638227,0.0028908885909031284,0.003031956722369732,0.7553400508321677,154.92434613023724,0
2512,soft_5link,1.75,1,0.32375632189021697,0.07294533825705321,0.11411555911197499,0.5821181213343413,5.699263578625109,1
2513,wide_2link,2.25,1,0.4760292574039788,0.05861535873403387,0.13507719919388794,0.937279708623552,1.882328288113632,1
2514,snake_6link,0.35,0,0.0033241736449230405,0.00010684492600258964,0.009662855861069236,0.147082273715234,5.566206555202965,0
2515,heavy_3link,0.7,0,0.029953289569354422,0.0004169792741939187,0.011630643503645349,0.5323142215523509,7.105482215768399,0
2516,teacher_2link,1.0,0,0.0016094497576126614,0.00015319251129861943,0.03308874024329943,0.6960974075748644,2.711685469066015,0
2517,long_4link,1.35,0,0.0015763331580451842,0.0002657971347216883,0.0896172893896174,0.6080780472767046,8.311956235647783,0
2518,long_2link,1.75,0,0.03883627573234054,0.004565593349272407,0.07033535952210698,0.6866802246439644,114.68105736511676,0
2519,needle_5link,2.25,1,0.4497766962454283,0.04329250331662693,0.07024898896720433,0.36373727498712566,1.8026553358462647,1
2520,asym_3link,0.35,0,0.010935453802200859,0.00041626152997114506,0.0005897117917369022,0.15393087246919634,59.59012016323899,0
2521,large_6link,0.7,0,0.0027094908818249153,0.00013129367989802974,0.027073079906985976,0.2937634741797477,2.1465111844426707,0
2522,redundant_4link,1.0,0,0.0023588876771946875,0.00018178419447651816,0.10760239992610682,0.4844492439748219,2.388380681887161,0
2523,short_2link,1.35,0,0.007147895765292776,0.000859347816827478,0.07405694573172299,0.9228742620180856,13.47081559444689,0
2524,soft_5link,1.75,1,0.39743281171421063,0.0507414382914012,0.18578638298603017,0.5125960307000034,4.729719907281322,1
2525,wide_2link,2.25,1,0.5528132029522822,0.04335662858640377,0.11306998265847834,0.8947463267323661,4.594966905656066,1
2526,snake_6link,0.35,0,0.0074587128429749435,9.798475691338568e-05,0.012511900989682112,0.15100651410168436,3.085227099100457,0
2527,heavy_3link,0.7,0,0.0022880302358878695,0.0001058839887013215,0.06121582795213082,0.29202273279776186,1.2929832396175673,0
2528,teacher_2link,1.0,0,0.0007306146714186941,0.00010401231681023891,0.010112888868344806,0.7465432636798734,7.137010884339615,0
2529,long_4link,1.35,1,0.12521557227489252,0.020145719823361264,0.002840314662812869,0.41125684167667925,61.27198548810997,1
2530,long_2link,1.75,1,0.4272418598592055,0.07324630985042553,0.06306237891022543,0.7386887075352209,2.6463540839020836,1
2531,needle_5link,2.25,1,0.33824022525503117,0.03049949947682745,0.12228190946062616,0.5561161845732494,1.1462676938887577,1
2532,asym_3link,0.35,0,0.004622012195262981,7.577009056915355e-05,0.020109958649486965,0.21042506256621699,1.5309296675078703,0
2533,large_6link,0.7,0,0.005756738096396625,0.0002588639965057164,0.020406668897322337,0.26161473182208833,5.569571857024038,0
2534,redundant_4link,1.0,0,0.001002226263482296,0.00013830719008034142,0.13029486335514315,0.4835341364685967,7.802153769560728,0
2535,short_2link,1.35,1,0.2493407194326643,0.007041933200217478,0.02441617183981704,0.6029053201010902,7.814564422577059,1
2536,soft_5link,1.75,1,0.16955936997490625,0.01927167768924207,0.05305169217496892,0.6249683484683161,4.358305568594689,1
2537,wide_2link,2.25,1,0.481568080691077,0.0365670394232304,0.07736217385527061,0.9350154582588039,2.296663645773325,1
2538,snake_6link,0.35,0,0.03436703702854555,0.0009319468756366411,0.0010148894901655576,0.08634771618047377,171.7995246469273,0
2539,heavy_3link,0.7,0,0.0012855977698087774,8.697111869801996e-05,0.022248761725106724,0.29061107426319155,3.6359790529439944,0
2540,teacher_2link,1.0,0,0.0011006632204697156,0.00011826379484223541,0.030518183663432046,0.716568675585164,2.8687264986212813,0
2541,long_4link,1.35,1,0.18602208656725133,0.01935501526278855,0.07255713236003347,0.4553293108852466,4.664330106355518,1
2542,long_2link,1.75,1,0.32457573562963715,0.02537257527191667,0.06951930585318535,0.8217605019115526,2.754170978253667,1
2543,needle_5link,2.25,1,0.49939095435045333,0.049155093809905036,0.06810164563225986,0.3877956744075403,3.852636253651935,1
2544,asym_3link,0.35,0,0.008459787665081042,0.00024346321321020556,0.023499630839340962,0.21418795890177064,11.920624887309552,0
2545,large_6link,0.7,0,0.0015614172999483238,9.965927852227225e-05,0.0932244306575153,0.21969646154802128,2.2856626898149663,0
2546,redundant_4link,1.0,0,0.0038666630458640107,0.00027256768186110684,0.030395120596142723,0.5168746896515783,3.696451070147792,0
2547,short_2link,1.35,1,0.28135834786494013,0.004204494555686886,0.004295910399962482,0.14379792314181045,234.92663504358356,0
2548,soft_5link,1.75,1,0.13295944893380177,0.020863015017097485,0.25667394234225166,0.6939183173449657,2.9941901532947663,1
2549,wide_2link,2.25,1,0.5454770518737263,0.06119855921576652,0.05631896304699819,0.898376508663646,4.268624874924373,1
2550,snake_6link,0.35,0,0.00440306778303512,0.00010514707148063454,0.01635993417433785,0.15653361870403903,4.31120721991428,0
2551,heavy_3link,0.7,0,0.0059556167213859704,0.000251972864577312,0.017107082980701776,0.3477589959275535,4.6363508926904435,0
2552,teacher_2link,1.0,0,0.0027647022224990144,0.0003258502602817903,0.07972824185528304,0.6867700761769909,7.996723879838867,0
2553,long_4link,1.35,1,0.21133940322970246,0.02898452314252276,0.037362574119804745,0.4221095226183211,4.503966108146792,1
2554,long_2link,1.75,1,0.3504916844577057,0.005240590223504983,0.012218522207831818,0.7124987975514299,41.4330314525278,1
2555,needle_5link,2.25,1,0.4186052955910864,0.026542797587627107,0.06547603852849877,0.4717718754256937,2.003283190040928,1
2556,asym_3link,0.35,0,0.032634700679736235,0.0008494695074202005,0.0009035404842731807,0.10830421274622289,152.192672399857,0
2557,large_6link,0.7,0,0.011347547173649887,0.00026140558841287705,0.019810273499087545,0.2835974198807068,4.766754286656176,0
2558,redundant_4link,1.0,0,0.0009641430600198094,0.00010249332169638906,0.0610425606241295,0.480919608049301,2.8843324086043345,0
2559,short_2link,1.35,1,0.0631187582504957,0.006477048819970079,0.03168981089378651,0.7831475841833064,19.98801506586925,1
2560,soft_5link,1.75,1,0.24670197152026652,0.014845621161473638,0.05929970762477825,0.5996325482346553,1.8065891098366464,1
2561,wide_2link,2.25,1,0.5362195493556074,0.033605897984224746,0.08422867607100044,0.9058190733004322,2.8297283058186165,1
2562,snake_6link,0.35,0,0.006148016843461986,8.688591655301952e-05,0.01439292276350073,0.14874879418530798,1.9767360614593001,0
2563,heavy_3link,0.7,0,0.0007834524907268692,6.360655532099686e-05,0.018479576064094557,0.3072526087291635,7.835731341676463,0
2564,teacher_2link,1.0,0,0.008086694442381468,0.0003886136146149102,0.04437684086169587,0.6567389770984349,5.724763571915767,0
2565,long_4link,1.35,0,0.07287476763904369,0.003938615914888907,0.004256375568472132,0.25557478357999736,156.88246061097786,0
2566,long_2link,1.75,1,0.2008718329928877,0.02154944213845623,0.11311700357004716,0.9846853554072529,6.220282857886471,1
2567,needle_5link,2.25,1,0.38898416904360233,0.05927367069404254,0.16827334366529167,0.4826935409036454,2.3666126684573237,1
2568,asym_3link,0.35,0,0.0018835077473471744,6.41359167271627e-05,0.0055745678008813125,0.19341386404068414,4.640143748990306,0
2569,large_6link,0.7,0,0.0015402014857439253,8.727554404833687e-05,0.0724732124526964,0.27372121850676956,1.8061950481572706,0
2570,redundant_4link,1.0,0,0.0006085433864575603,7.995951977577605e-05,0.17174811597436238,0.4834924880021483,5.538038624842017,0
2571,short_2link,1.35,1,0.08011559788625679,0.008541779135351429,0.056867295281723546,0.9158306137842054,3.748667786704464,1
2572,soft_5link,1.75,1,0.2780994669609468,0.0344034282777812,0.05659767276745031,0.5960704737887932,5.233910241848607,1
2573,wide_2link,2.25,1,0.5542082150211296,0.0952272008018425,0.07849756036798983,0.4474815523077579,5.516612053272785,1
2574,snake_6link,0.35,0,0.017954395899209014,0.0006476662367522302,0.0011455705033642778,0.11795587857834952,59.51954028730191,0
2575,heavy_3link,0.7,0,0.012210242942271627,0.0002485958554041736,0.030255711060735345,0.5326191851691585,3.713441718111289,0
2576,teacher_2link,1.0,0,0.004264950794294284,0.00023001130715578818,0.03889019250135622,0.696448559763758,2.6462987649994525,0
2577,long_4link,1.35,0,0.0042109643101927,0.00038525031755952844,0.03881026895754622,0.7158616973676949,3.7539557084479953,0
2578,long_2link,1.75,1,0.4212463885617398,0.1045755538495201,0.09248298031122539,0.7434490041602895,16.150209736750416,1
2579,needle_5link,2.25,1,0.4369187618726551,0.06899317067411756,0.06056822575463171,0.3457539771914942,2.3807569075456985,1
2580,asym_3link,0.35,0,0.0059145190683814455,0.00010954600921187922,0.0275254315759056,0.2133242630123683,3.6888362800646504,0
2581,large_6link,0.7,0,0.024318840578828566,0.0003547158718425593,0.014210695904689326,0.27969768692228614,6.991572783646015,0
2582,redundant_4link,1.0,0,0.004511016223518279,0.00022008783022798095,0.05343447315886012,0.48436259444681984,1.888196334045837,0
2583,short_2link,1.35,1,0.1272202342210672,0.016535103570004483,0.017358763042570138,0.8298735572619323,729.0890543818759,1
2584,soft_5link,1.75,1,0.2992803753058159,0.03396247233731807,0.12868158849098094,0.5976473290989225,1.5999310735024486,1
2585,wide_2link,2.25,1,0.5276300564015155,0.06341551543292222,0.05525637943479039,0.9087768774369269,2.4930654454497225,1
2586,snake_6link,0.35,0,0.003645281861573624,9.699205528597467e-05,0.00933823071644478,0.16081660353872637,4.183423463773843,0
2587,heavy_3link,0.7,0,0.0014022653660077761,9.297890029209648e-05,0.02798795276445114,0.28067182933268864,2.8368038283840367,0
2588,teacher_2link,1.0,0,0.005760642331172781,0.0005842826715017929,0.030244215130046933,0.6644265505846644,12.203173646237833,0
2589,long_4link,1.35,0,0.006172134398582395,0.0004180243245522291,0.039194090633561066,0.7119679538649089,3.5220405028706314,0
2590,long_2link,1.75,1,0.4279516289398089,0.03612823995305822,0.1317657657601568,0.6776435915371107,2.7358616927657984,1
2591,needle_5link,2.25,1,0.4153236097512908,0.04716755291835797,0.07890462834913486,0.39254874359526,1.275698368604632,1
2592,asym_3link,0.35,0,0.0399507925799608,0.0008649193619579693,0.001050736620535628,0.09977325813269122,82.89239227894215,0
2593,large_6link,0.7,0,0.001240466886704103,7.902533344745816e-05,0.03917212748211594,0.2352543622966644,2.4992052121407338,0
2594,redundant_4link,1.0,0,0.009622358213058619,0.0003411998354303789,0.028837711587670484,0.5252305547146139,4.000037777436889,0
2595,short_2link,1.35,1,0.22084983864257612,0.03203337572809346,0.032446080701280966,0.8280490884811769,70.3065472393466,1
2596,soft_5link,1.75,1,0.25882400132689887,0.057357803290143144,0.27623041630850803,0.6329772596028662,4.055365853588904,1
2597,wide_2link,2.25,1,0.5405706148288982,0.1031651392992039,0.14660589678992492,0.5040457298614526,7.2031926709977085,1
2598,snake_6link,0.35,0,0.0039049946143399654,7.176457713274941e-05,0.024025005860458387,0.141507953446284,1.8099769332497797,0
2599,heavy_3link,0.7,0,0.011610221890320014,0.0005928664024630124,0.0072395086737425465,0.2711725606851655,13.55543020917546,0
2600,teacher_2link,1.0,0,0.0008238574025720175,9.180450514403644e-05,0.03134287388166574,0.7446378341057045,2.803909456345927,0
2601,long_4link,1.35,1,0.051917930297599314,0.009847282323351768,0.00946363253719609,0.5353321037529727,180.47959660390816,1
2602,long_2link,1.75,1,0.36543772575147593,0.03611132803811766,0.011740711266083996,0.6781040820049941,24.843919067305965,1
2603,needle_5link,2.25,1,0.38131098507171823,0.050699057925136,0.18396762889397617,0.4936998748473992,1.8548238258141372,1
2604,asym_3link,0.35,0,0.0012896061263331464,4.158679910903481e-05,0.008363079850557458,0.1915204610966929,2.5132365705734223,0
2605,large_6link,0.7,0,0.001275757706893064,8.069072560051025e-05,0.04004730406841766,0.22401246109300674,1.7933322689873896,0
2606,redundant_4link,1.0,0,0.005697371046657586,0.0002473196722735886,0.043808116584425336,0.47744150211284064,2.6458329338752296,0
2607,short_2link,1.35,1,0.09804703953191664,0.0034878112187124288,0.012592572629663243,0.7759592453082083,11.517257698507239,1
2608,soft_5link,1.75,1,0.22972314627455584,0.056899044076767845,0.0808755147339429,0.654795645337454,5.757498776299481,1
2609,wide_2link,2.25,1,0.3720068254928895,0.06872282271757409,0.08792834788310724,0.9895665624538601,9.718934380179778,1
2610,snake_6link,0.35,1,0.7052964831293161,0.0010108385019471087,0.001213079153465446,0.06371507417993803,115.01777533059958,0
2611,heavy_3link,0.7,0,0.00260580094735171,0.00011332508539916006,0.025545976536909164,0.29925873463058855,1.2327823303418697,0
2612,teacher_2link,1.0,0,0.0007167627457204318,8.969653080281939e-05,0.036545809229699466,0.7311824348707425,3.8190225299409435,0
2613,long_4link,1.35,1,0.01286709882545512,0.0008055499707561178,0.06164254466516529,0.6280863331489426,1.7331038358206403,1
2614,long_2link,1.75,1,0.4187366368281069,0.03890136427843098,0.02649455758774855,0.6758004751127357,9.953783249055052,1
2615,needle_5link,2.25,1,0.2434750681435142,0.040121322857934204,0.04034647810345336,0.7017899323794276,6.891889611805008,1
2616,asym_3link,0.35,0,0.010456022785159332,0.00015615624997081034,0.007875933932172122,0.20836352303821387,5.29918845867922,0
2617,large_6link,0.7,0,0.0012557794227569595,8.584680544493379e-05,0.10605501243801592,0.228640475995114,2.4529106212851923,0
2618,redundant_4link,1.0,0,0.0014866138970210249,0.00012255470590169526,0.06579063871984352,0.48615118459104767,1.7191397032776365,0
2619,short_2link,1.35,0,0.02799608344624987,0.002912623240000371,0.0030500999110626243,0.7927938597956866,156.07764654134004,0
2620,soft_5link,1.75,0,0.0052492771960669015,0.0004860288596543245,0.05662820155604475,0.8028494580724584,3.385390878206534,0
2621,wide_2link,2.25,1,0.547239327062006,0.03416205558980762,0.09946533147378758,0.8995624180562986,3.5073657015344333,1
2622,snake_6link,0.35,0,0.0016841942663802522,6.585808932971251e-05,0.03767756147714186,0.14541781225213093,4.421438349185221,0
2623,heavy_3link,0.7,0,0.011565725864342624,0.00023977438153824032,0.02126817348572048,0.5198152280775867,3.5772997429875604,0
2624,teacher_2link,1.0,0,0.05370902262356742,0.0008259156208072248,0.0125987439718936,0.6456632028764141,12.914207626411937,0
2625,long_4link,1.35,1,0.14265316028415292,0.014728842477145773,0.053733458750132336,0.5027379149821372,3.7405633517047296,1
2626,long_2link,1.75,1,0.40030895123399357,0.023397474917654867,0.023842231958692898,0.6824683210276834,15.25339602929513,1
2627,needle_5link,2.25,1,0.41644361091064,0.04558790765146359,0.1269427036818609,0.4271673105058939,1.7302889064436704,1
2628,asym_3link,0.35,1,0.18208637027153352,0.0010086873035708723,0.0011948615838637275,0.08946456516747554,89.46581898520779,0
2629,large_6link,0.7,0,0.008620189085593246,0.00022611411482691842,0.022196993338007794,0.284418289849779,4.196902444407335,0
2630,redundant_4link,1.0,0,0.005408381508011013,0.00023424207228932612,0.04755184544440699,0.48351818363309024,2.6235150157520675,0
2631,short_2link,1.35,1,0.25235612236221766,0.008499661589001992,0.042633827060948835,0.611198157732311,3.480734907142655,1
2632,soft_5link,1.75,1,0.30453921392979155,0.04231012305508541,0.17786909067737128,0.5985378340662152,2.0420592550258916,1
2633,wide_2link,2.25,1,0.36518306738290823,0.02612570427909802,0.040416956306670526,0.9997183852449509,5.82755384793639,1
2634,snake_6link,0.35,0,0.004546912690617773,0.0001280872831053621,0.016621089951215487,0.14693204553181727,5.807267410731856,0
2635,heavy_3link,0.7,0,0.0010675435140883652,8.475374749126412e-05,0.050370082378665144,0.3351175164675386,5.349401007332809,0
2636,teacher_2link,1.0,0,0.024745131550981295,0.0012908694129215338,0.028161645712196443,0.6040717505543559,23.253845516555877,0
2637,long_4link,1.35,0,0.012309457826069813,0.002047791289077945,0.0020903839220171223,0.49795000962727914,308.6956315903679,0
2638,long_2link,1.75,1,0.35537276964281916,0.026281450565407993,0.07302045728309461,0.7799218662508526,2.641301190283934,1
2639,needle_5link,2.25,1,0.3754307651001717,0.04638871880987478,0.05263074784276395,0.5545517323583721,3.03687623618506,1
2640,asym_3link,0.35,0,0.008567735985964876,0.0003046258001465539,0.016141720919327893,0.15489849952570436,22.286329500747033,0
2641,large_6link,0.7,0,0.0028883743255741826,0.0001364440784661601,0.07327997562586779,0.2864191222412794,2.2716455230467236,0
2642,redundant_4link,1.0,0,0.0025395613514572093,0.00024381730523494736,0.11498424053243639,0.4804593243883702,4.529563845333566,0
2643,short_2link,1.35,0,0.003349898133732633,0.00030237025124486096,0.03149918285262226,0.950271154007955,2.979459382609327,0
2644,soft_5link,1.75,1,0.00623306212769015,0.0010758073392135269,0.08807518762081705,0.8101723606575031,3.3157613628054823,1
2645,wide_2link,2.25,1,0.5532863671088737,0.04975487312801392,0.12291372616876502,0.8945032996530846,4.332220680649294,1
2646,snake_6link,0.35,0,0.006861599637166174,0.00036662837077475175,0.0003845357435323443,0.14759038065352484,247.33344417308405,0
2647,heavy_3link,0.7,0,0.0033841056865910215,0.000138449133935399,0.028735760174715685,0.415854760475018,1.8784990459741557,0
2648,teacher_2link,1.0,0,0.0012540448104458328,0.00018214010276961187,0.009450174106427874,0.7231283157834257,10.977808372674371,0
2649,long_4link,1.35,0,0.0006787581258886595,0.00011833086739498619,0.15886063070594586,0.5765018389472293,6.264359522054119,0
2650,long_2link,1.75,1,0.4044997314209273,0.08662461524380288,0.15978416847788315,0.7635352888127597,3.8416656644574103,1
2651,needle_5link,2.25,1,0.4170063880202829,0.057587536167880586,0.05172316135680831,0.4565268102625487,2.7047829357537765,1
2652,asym_3link,0.35,0,0.006603100943118173,0.00014591937279817953,0.006432115047514834,0.19858115577625926,5.462905374789523,0
2653,large_6link,0.7,0,0.004131103438109531,0.00014972683644802378,0.031189680951468624,0.2574144761340022,2.2810006493072255,0
2654,redundant_4link,1.0,0,0.006030218526965856,0.00041393615529610925,0.057987488513244374,0.5037696861667746,6.499388873218863,0
2655,short_2link,1.35,1,0.16994728027271597,0.004207437821944825,0.004211629233600352,0.18273349723309532,1540.0198328293097,0
2656,soft_5link,1.75,1,0.33802128927157427,0.07940709165511389,0.26118713548145944,0.5704961643407925,5.655608116899925,1
2657,wide_2link,2.25,1,0.552490700279124,0.09034254693666455,0.07261198467130563,0.45498187033939896,4.6565221658951845,1
2658,snake_6link,0.35,0,0.0009839972279121843,3.566945350356746e-05,0.022515250079591063,0.15977823133722682,3.0048708663912507,0
2659,heavy_3link,0.7,0,0.006428628700386617,0.00027271190216565395,0.020076790823985568,0.44594433672010103,4.989068566586235,0
2660,teacher_2link,1.0,0,0.0012200804878968988,0.00017302313220533735,0.16259494481944348,0.7482356700548736,8.824638679594717,0
2661,long_4link,1.35,1,0.06220683873770028,0.008972113505414412,0.03455890520061282,0.558311843507298,3.8122995175718235,1
2662,long_2link,1.75,1,0.4174561509023651,0.02782383065537727,0.028679128534976134,0.6803584018480779,9.542493639516096,1
2663,needle_5link,2.25,1,0.38334533886567657,0.037022826287004776,0.032738133381798644,0.6127198169915642,5.615898861568791,1
2664,asym_3link,0.35,0,0.04249400771392859,0.000930150401342066,0.0009771033367205932,0.10130085996668785,186.77170091168225,0
2665,large_6link,0.7,0,0.002784960787178476,0.00011704769489157934,0.04445108291538874,0.28165265178120813,1.1126819133084418,0
2666,redundant_4link,1.0,0,0.006311775557406045,0.0002591123235592578,0.03931675032386013,0.48527574430345993,3.199382731013008,0
2667,short_2link,1.35,1,0.19396526707460746,0.01714838687554487,0.0680474228702518,0.8432673173279509,3.734909858941807,1
2668,soft_5link,1.75,1,0.3362132852033821,0.04706639790674929,0.07618955639209025,0.565025234853701,2.1600954050194905,1
2669,wide_2link,2.25,1,0.4913849827992866,0.06112961255258166,0.02940711844991627,0.5868844817986693,12.62414725563211,1
2670,snake_6link,0.35,0,0.0013079388908859685,5.2221302475400955e-05,0.02561771402020552,0.15328528925603244,4.486613045463778,0
2671,heavy_3link,0.7,0,0.00697230909008842,0.0002763293448228629,0.013564288234687688,0.37255765225107085,4.925767584851731,0
2672,teacher_2link,1.0,0,0.009614256345139478,0.0007763662926233304,0.029463827089225205,0.6461251936597117,14.45252012315741,0
2673,long_4link,1.35,0,0.03283484248966555,0.0034527115189404776,0.0036660567741642887,0.3105965820839043,178.9227335926878,0
2674,long_2link,1.75,1,0.22733378983010652,0.020164760210844748,0.07136926242274037,0.9332783948845803,10.355325797709023,1
2675,needle_5link,2.25,1,0.5294805190945965,0.06261314368683708,0.07134619045043532,0.2742356153731168,2.8870222848080886,1
2676,asym_3link,0.35,0,0.011816187612111605,0.00015093278704583757,0.012171718760938883,0.20246006590001334,5.03233166070996,0
2677,large_6link,0.7,0,0.0027674861528158116,0.00011836720941879132,0.03816920849674651,0.2525122099362744,1.5209690892055487,0
2678,redundant_4link,1.0,0,0.0034276954395644032,0.00023856854584776004,0.03652031685586959,0.4725248907400679,3.209989578067987,0
2679,short_2link,1.35,1,0.1870721065577089,0.02645772782194074,0.14417259483121084,0.8369612775977205,118.05680041922479,1
2680,soft_5link,1.75,1,0.10837030253808645,0.026965702308029745,0.06054316726844053,0.7385481306882747,7.151876794949218,1
2681,wide_2link,2.25,1,0.4044491515872149,0.034910723387517224,0.06961924651117307,0.980046686006007,2.4331550159385764,1
2682,snake_6link,0.35,1,0.15531961094178756,0.0010728394103328954,0.0011254062270166878,0.038272397116045354,231.72028165687496,0
2683,heavy_3link,0.7,0,0.0010135036447850626,7.05331525959832e-05,0.07176455269188498,0.3068540322589404,2.6091601927983676,0
2684,teacher_2link,1.0,0,0.0035204412078774024,0.0003011078098992131,0.022943327331120648,0.6672405248259966,5.155015587782464,0
2685,long_4link,1.35,0,0.0017681900268002938,0.00017968281822384593,0.0681518768273307,0.6149140930798768,1.4065828826972484,0
2686,long_2link,1.75,1,0.4163576909904264,0.021559593633284472,0.072822105764055,0.6906286246207886,7.664565931039549,1
2687,needle_5link,2.25,1,0.1400367510904073,0.007672085638593754,0.06623931482027746,0.8894326399690249,3.1779382637465465,1
2688,asym_3link,0.35,0,0.006633127781124956,0.00011787626680089696,0.027481562735235242,0.20335279355831232,3.978240381636429,0
2689,large_6link,0.7,0,0.006756461436605867,0.0002266643713918329,0.02773787816074235,0.26368624394308443,4.0874443453464515,0
2690,redundant_4link,1.0,0,0.0006420886989258855,8.05837874096588e-05,0.1009933177578129,0.48105885084311195,4.9667488166140625,0
2691,short_2link,1.35,0,0.020108147058129185,0.002365009858149488,0.005602005541263456,0.8485956201642558,97.09971958775026,0
2692,soft_5link,1.75,1,0.3113452994337029,0.06838238045729719,0.1253961724075811,0.578352088228379,8.088827824623761,1
2693,wide_2link,2.25,1,0.378221030197531,0.06931913801669477,0.13194414565656704,0.9786945812422686,7.003410318730216,1
2694,snake_6link,0.35,0,0.002077494839293184,5.772464404577086e-05,0.017426660428113923,0.14596368587093694,2.1871659431882655,0
2695,heavy_3link,0.7,0,0.0015746273018877998,9.789924443434449e-05,0.02782835065365436,0.3013412249826896,3.0216838150730236,0
2696,teacher_2link,1.0,0,0.001259751953409606,0.00014833060812782648,0.16493126968712998,0.7076956986383673,4.046740570940526,0
2697,long_4link,1.35,1,0.12186565627206404,0.005876674402940122,0.0653200843751156,0.6767443175555348,3.0155826127962473,1
2698,long_2link,1.75,1,0.1260822784402199,0.0058289414051473564,0.025653219247429165,0.8405678638792374,40.855281502885255,1
2699,needle_5link,2.25,1,0.2542473531168508,0.023424885977163995,0.07935333237293483,0.7279191401895149,1.8166552616318565,1
2700,asym_3link,0.35,0,0.08421151402832903,0.0010285231832283049,0.0010938314390693772,0.060794760138532807,152.58930709921225,0
2701,large_6link,0.7,0,0.002615579766047033,0.00020742697748155366,0.014104652686647852,0.23734764809018447,7.264398171460416,0
2702,redundant_4link,1.0,0,0.004031948532907311,0.00038828212274485784,0.015548186732230821,0.46971495163050336,7.513982916894948,0
2703,short_2link,1.35,1,0.23882036701015547,0.01310936119056505,0.0781440942919492,0.5993099396193207,8.368987820829151,1
2704,soft_5link,1.75,1,0.3572497439436029,0.04521965499501468,0.1866290755258706,0.5453439629835548,2.5755793913909764,1
2705,wide_2link,2.25,1,0.5472142886403658,0.039997850542063305,0.028140211210504244,0.895064061471664,6.638413201025298,1
2706,snake_6link,0.35,0,0.0025939610446529494,0.00011143379788830613,0.007259744067693256,0.16001157831824595,8.73079782685202,0
2707,heavy_3link,0.7,0,0.0020637068862508264,0.00011463202737371871,0.04353588634116445,0.385578729080369,2.223900992804802,0
2708,teacher_2link,1.0,0,0.004976296417077072,0.0003715572553554121,0.06834570729562285,0.7107515803749774,6.121981020302824,0
2709,long_4link,1.35,0,0.06557826755653465,0.003883939888773703,0.004248512748128294,0.23473134743224533,147.13062273383744,0
2710,long_2link,1.75,1,0.34676241418382553,0.02052177032642681,0.04981096220711616,0.7918023011096148,4.635479937089215,1
2711,needle_5link,2.25,1,0.357470396723711,0.040927238010820474,0.10555506848842773,0.5243693486766375,2.0013414129503113,1
2712,asym_3link,0.35,0,0.021056655391370183,0.000167233963399498,0.009670305231391407,0.2062673048857504,5.513024423646577,0
2713,large_6link,0.7,0,0.003028538730230317,0.0001715899850076285,0.03856630279053615,0.2380121213189297,3.767792142327456,0
2714,redundant_4link,1.0,0,0.0027255196766488,0.00024211858421679578,0.03369421309812454,0.5004901207870831,4.117067775654665,0
2715,short_2link,1.35,1,0.13714120196021368,0.011993884727297104,0.07758071322460185,0.8757210215475157,5.615352746224698,1
2716,soft_5link,1.75,1,0.30048480077976625,0.05962423494395704,0.1283027568341365,0.6019652740516682,2.977534480890251,1
2717,wide_2link,2.25,1,0.5274001423565725,0.10348766262096758,0.09888909807820061,0.5515812565299143,11.450297794382832,1
2718,snake_6link,0.35,0,0.018106420488477683,0.0007431653532710851,0.0007874127646291713,0.11449616312569488,210.6590346593597,0
2719,heavy_3link,0.7,0,0.002667512921066286,0.000126129503578375,0.035244972975044794,0.3351762585620537,1.9144792372848662,0
2720,teacher_2link,1.0,0,0.013190977925368422,0.0005577784936236569,0.01670128718653571,0.6517730519732357,8.642991333949126,0
2721,long_4link,1.35,0,0.011773997405604555,0.0005285569770640281,0.03250560438380251,0.7680860989981972,4.520187215646892,0
2722,long_2link,1.75,1,0.4030416513965959,0.1030189928422552,0.09798231556596453,0.7613991494027205,57.319379214238154,1
2723,needle_5link,2.25,1,0.3584257438679541,0.027198286656908495,0.040799231855007556,0.7605716176715689,4.039955759860861,1
2724,asym_3link,0.35,0,0.004166220272103082,7.634097730615284e-05,0.013499137709866311,0.18166593461989122,1.9260405463581576,0
2725,large_6link,0.7,0,0.0052397509044829,0.00016499662865506696,0.031217135906960774,0.24652619453336747,1.4555694032234163,0
2726,redundant_4link,1.0,0,0.0034768747562381624,0.00021361319561844313,0.05509417699733099,0.4740834673704671,2.3606715599656245,0
2727,short_2link,1.35,1,0.2103127707857854,0.02963773187094145,0.02824390981770675,0.8208909324602398,209.21748272054052,1
2728,soft_5link,1.75,1,0.2763909451338231,0.06750126658274862,0.1417605617116827,0.6149402883128385,9.245134504341376,1
2729,wide_2link,2.25,1,0.3320582095994624,0.01157451123300167,0.025013608061506355,0.898033249744209,35.761763792375596,1
2730,snake_6link,0.35,0,0.006181939099710307,0.00011734431331038926,0.00919278603124644,0.159549826620383,4.7218520910206205,0
2731,heavy_3link,0.7,0,0.0030521112946202684,0.00016101256797945664,0.07939748312600507,0.3563338578671298,3.1636739001337713,0
2732,teacher_2link,1.0,0,0.0013400010388257666,0.0001824670540069802,0.16661479404668122,0.7485878017820997,7.332475040494125,0
2733,long_4link,1.35,0,0.004638762531678281,0.0003283800814675785,0.05367585456809574,0.6644617349773038,2.9048461225666973,0
2734,long_2link,1.75,1,0.4252732355558045,0.0966862132772066,0.08451144631386207,0.7405933015660108,5.607167655291931,1
2735,needle_5link,2.25,1,0.38917785155087414,0.06461142523595052,0.137668843035131,0.4874309879543544,3.3934952507868696,1
2736,asym_3link,0.35,0,0.013858285867146486,0.0005114233388899552,0.0005960907220958077,0.1511306298102315,94.88491822232923,0
2737,large_6link,0.7,0,0.001048897333462234,7.854370544244067e-05,0.06567695070874835,0.2641216353642726,3.1418189473226743,0
2738,redundant_4link,1.0,0,0.023575925325378354,0.0004862358759437183,0.026321200199659073,0.443048291784628,6.698382829233735,0
2739,short_2link,1.35,0,0.01947995557016002,0.0011750310186900063,0.0147041989267844,0.9102999156104954,10.391260950491246,0
2740,soft_5link,1.75,1,0.18913431458141158,0.0343473619330147,0.13467795987152942,0.670628364483675,3.1264169466156297,1
2741,wide_2link,2.25,1,0.3999121959230445,0.022246168644985576,0.054768826659709335,0.9743445632157071,8.060467673628175,1
2742,snake_6link,0.35,0,0.0041545654899471885,7.533273646943305e-05,0.018377279850055633,0.15299251206283132,1.6554044700675463,0
2743,heavy_3link,0.7,0,0.0014590737974454315,0.00012181872672221958,0.08015857224033378,0.29471325532293274,12.57945046927581,0
2744,teacher_2link,1.0,0,0.03775597813663017,0.0012761985729607618,0.015645446979393362,0.6311687794463868,21.906831124964913,0
2745,long_4link,1.35,0,0.0039342780297157405,0.0007328310306237678,0.006175605580929605,0.575647253389404,73.61811868251478,0
2746,long_2link,1.75,1,0.42319602123322414,0.047079586114092645,0.10598169769091455,0.6806388178935102,4.977771297664682,1
2747,needle_5link,2.25,1,0.2616757118694131,0.015336131067767577,0.05788460600740722,0.6672464201052712,3.042949042261882,1
2748,asym_3link,0.35,0,0.0017289437321246282,5.593142482163677e-05,0.013795508801072899,0.16858401723171573,3.441045103429694,0
2749,large_6link,0.7,0,0.003653735093737043,0.00021008961511016422,0.05784259632403361,0.2554661127606478,4.7926997866199645,0
2750,redundant_4link,1.0,0,0.003917589985960442,0.0002317935802581421,0.060412601212122025,0.46810037901679785,2.6922291104349836,0
2751,short_2link,1.35,1,0.24005669271756472,0.006414270777105382,0.026722647085911672,0.6353306346096593,4.614840019585076,1
2752,soft_5link,1.75,1,0.22022075640835687,0.018004743510633185,0.07111143756943578,0.6377463895441411,1.8735522001319571,1
2753,wide_2link,2.25,1,0.5534798445025078,0.08766388804740567,0.140354899067048,0.4569144830853782,2.3363171489959593,1
2754,snake_6link,0.35,0,0.02668023407071547,0.0008446540304045142,0.0010112036435482629,0.09884248741680218,119.73513194283981,0
2755,heavy_3link,0.7,0,0.0019520860894071835,0.00015563903576651562,0.006411154815310196,0.3142783827623721,9.348461569540417,0
2756,teacher_2link,1.0,0,0.0007581686656571573,8.712729743834314e-05,0.037736534812117355,0.7395014640567503,2.9779720511391794,0
2757,long_4link,1.35,1,0.22961677730913183,0.034258885968087606,0.020448409142167112,0.4069602321505368,5.859897769459553,1
2758,long_2link,1.75,1,0.3168995015741188,0.051704319151404034,0.03155582478787689,0.8103506263778718,24.30980890899935,1
2759,needle_5link,2.25,1,0.37026972017743787,0.0705621732429071,0.10752468068979847,0.4662606392519499,15.817205475668283,1
2760,asym_3link,0.35,0,0.016809271275128636,0.00020742414157273883,0.007875389902300443,0.21376624555962678,6.997942267378373,0
2761,large_6link,0.7,0,0.007275328334372092,0.00022536346309070832,0.018978168698602037,0.22138606720329973,4.190745742982966,0
2762,redundant_4link,1.0,0,0.0014352702915964666,0.00013202483281959932,0.06541592492633398,0.4846531525378901,2.2717968597670595,0
2763,short_2link,1.35,0,0.09929146244597077,0.004081314496258382,0.004111659230938252,0.3187457555198433,394.43079127131944,0
2764,soft_5link,1.75,1,0.15118287506436034,0.025413641628265475,0.17161113871435213,0.6962316056678605,3.27127042262622,1
2765,wide_2link,2.25,1,0.49755495842108416,0.08801857573927405,0.089498159763534,0.6511502124712838,3.208693955699534,1
2766,snake_6link,0.35,0,0.006778708595226303,0.00010358306296703283,0.012231956642199894,0.14515082204026927,2.4764783770497485,0
2767,heavy_3link,0.7,0,0.0025304123127722956,0.00011704506615178604,0.029652773766519484,0.2817219594056714,1.5791558053568742,0
2768,teacher_2link,1.0,0,0.007841695189058832,0.00040594520722233955,0.06509528424644143,0.6561491500780142,6.11964089463869,0
2769,long_4link,1.35,1,0.04918078812097124,0.004049949705597299,0.09788528768958056,0.6734620895202895,1.1675118138552172,1
2770,long_2link,1.75,1,0.3739998235103231,0.05611822531930852,0.05990596474229859,0.7962480714522768,3.171563178442636,1
2771,needle_5link,2.25,1,0.39381150649429736,0.024448966203732696,0.061611234717389114,0.6582617784675076,3.225205486637823,1
2772,asym_3link,0.35,0,0.008627972178354927,0.000347390382729672,0.0003745790326854615,0.17312675696229105,142.29114388622156,0
2773,large_6link,0.7,0,0.0008935024433737819,7.160889448201578e-05,0.023667147590148253,0.24876535362437588,3.0722114552593074,0
2774,redundant_4link,1.0,0,0.018200856463371242,0.0005570092864620071,0.017387391885595554,0.5491430984890596,7.712748553482296,0
2775,short_2link,1.35,1,0.08342299425989572,0.0038411620499082043,0.03787752320619046,0.830452402487039,4.869163512556197,1
2776,soft_5link,1.75,1,0.07939100406424673,0.017343143225097737,0.1699498509569752,0.7608112454874946,7.382525367485798,1
2777,wide_2link,2.25,1,0.4961750548881291,0.07182554351792707,0.047051715082220495,0.47338032100946487,24.171698951283844,1
2778,snake_6link,0.35,0,0.010739989678961582,0.00017169050035778624,0.015147349103005579,0.1404357293604756,6.27954215060575,0
2779,heavy_3link,0.7,0,0.002266790030231307,0.00015127643812403384,0.03630611865043027,0.321955883895916,4.603177853736128,0
2780,teacher_2link,1.0,0,0.002911105351574642,0.0002236350423246746,0.057192548824352644,0.7215240050620282,3.241448990659932,0
2781,long_4link,1.35,0,0.03463796173629733,0.0033721554125331157,0.0039909817912938215,0.31707625505822895,103.97665985700019,0
2782,long_2link,1.75,1,0.3932741859024728,0.08416226271426232,0.056965901219286616,0.7438920917510621,30.864043906163204,1
2783,needle_5link,2.25,1,0.26940203294169723,0.02492897264721512,0.020711204599020788,0.7438927633349619,9.613335542547084,1
2784,asym_3link,0.35,0,0.005859824423108008,9.123554148764441e-05,0.012798310196532431,0.20057480785438703,2.4880454182104597,0
2785,large_6link,0.7,0,0.0017131018026340255,0.00011881198532682265,0.04302145055623001,0.23009431723961282,3.2267727483614688,0
2786,redundant_4link,1.0,0,0.003294905290561168,0.00032225559178995945,0.04608002514521446,0.5108948439598003,6.291676389760881,0
2787,short_2link,1.35,1,0.10436991002117317,0.010702165766049558,0.05797938881277541,0.7976878027911426,6.80393640492377,1
2788,soft_5link,1.75,1,0.26064279603167595,0.020547567235256782,0.05030730795600312,0.5684936258255323,3.758901451579325,1
2789,wide_2link,2.25,1,0.4518393886169965,0.044752093460883775,0.03553141168826281,0.7689319485682743,5.549107430087959,1
2790,snake_6link,0.35,0,0.08890434189595371,0.0010324114257203372,0.0011375222637808472,0.05376100075693508,160.79466530978578,0
2791,heavy_3link,0.7,0,0.004720953850801023,0.0003490185293557175,0.011740271705737866,0.29647372266930694,12.921134641452609,0
2792,teacher_2link,1.0,0,0.0020572519872342435,0.00020351273593894535,0.04726105421296333,0.7380029667436183,3.8231466304143145,0
2793,long_4link,1.35,0,0.0007542359550535031,0.00012767526010349785,0.07132126659916223,0.5738783629620597,5.689603578388402,0
2794,long_2link,1.75,1,0.42233248247060884,0.03374092012035373,0.02983703081115533,0.676733501917241,7.994994928907576,1
2795,needle_5link,2.25,1,0.3589886063954215,0.028003703098443928,0.055249871663366756,0.6759829903953147,2.9867286008267167,1
2796,asym_3link,0.35,0,0.008799013491502248,0.00018686189081272523,0.007475714489753412,0.19949388563738216,7.167958804562129,0
2797,large_6link,0.7,0,0.002195330230318063,0.00016866001632856966,0.08512274362772558,0.22824276926615164,5.603451104778005,0
2798,redundant_4link,1.0,0,0.013140106093642521,0.0003625599540383889,0.03182317142215239,0.4627514274817125,4.453257879500337,0
2799,short_2link,1.35,1,0.2180912550008809,0.031591229134596666,0.03217579088499235,0.8287943791177356,138.91646366212188,1
2800,soft_5link,1.75,1,0.19225446504059043,0.026696689029039797,0.18050239180926445,0.6368378771618954,2.1833432894198554,1
2801,wide_2link,2.25,1,0.48306989279168405,0.06808161661977537,0.09155272689394799,0.9154012773640926,16.10033736721297,1
2802,snake_6link,0.35,0,0.0017690824470428929,6.828307056507811e-05,0.01041407467836243,0.1530106754169624,5.098623281827652,0
2803,heavy_3link,0.7,0,0.0008574379557989769,6.486134527788886e-05,0.027234016601586187,0.2920956252693937,4.556675240477948,0
2804,teacher_2link,1.0,0,0.004175853803555489,0.00038970269878611303,0.017373170727455884,0.6674166339052788,7.353009669893061,0
2805,long_4link,1.35,1,0.22582785046527643,0.02103622085321468,0.032889803808696605,0.4053297200381535,4.264347160620461,1
2806,long_2link,1.75,1,0.3962611451154018,0.06630266017590686,0.06629990196998851,0.7717295266469243,3.6213718325176565,1
2807,needle_5link,2.25,1,0.33770576101668237,0.03667533687967567,0.0947252220852136,0.47438238169966274,1.3198742488266566,1
2808,asym_3link,0.35,0,0.008451429903370113,0.0003408685796742052,0.0003753486377640733,0.17363943582409638,134.39618547266863,0
2809,large_6link,0.7,0,0.0005434517213341376,5.1610142733516604e-05,0.15019977721054997,0.23808509101974495,6.734600977318996,0
2810,redundant_4link,1.0,0,0.06817754201183265,0.000844967644699339,0.018042715727439835,0.5149706074279968,13.279282816192788,0
2811,short_2link,1.35,0,0.016136423105261723,0.0011931089247397566,0.057639829090861544,0.9407887683774555,11.361764485505509,0
2812,soft_5link,1.75,0,0.011659716351080068,0.0006951677227591675,0.04309076779908193,0.7815263920199725,4.669503710205053,0
2813,wide_2link,2.25,1,0.396319034193935,0.06485995206821926,0.08198644800575798,0.9364417304774829,2.866751503103681,1
2814,snake_6link,0.35,0,0.0009509803569460955,4.6764753215837434e-05,0.011264635121121941,0.15389947545847332,8.097738972540347,0
2815,heavy_3link,0.7,0,0.004298162470337835,0.0001487699360762022,0.029637407969337025,0.4293348102917659,1.78424639708216,0
2816,teacher_2link,1.0,0,0.01224318063929934,0.0009833431656241496,0.024948122488375142,0.6841551840616166,18.887082092440874,0
2817,long_4link,1.35,0,0.040484276993905034,0.0034058545066731525,0.004306236162054755,0.32748631473984713,86.57260392862325,0
2818,long_2link,1.75,1,0.4062483022555506,0.0106536222452154,0.029854340014374092,0.7256637169867025,9.872545411777168,1
2819,needle_5link,2.25,1,0.3136363236410345,0.0486716231727397,0.0931048236499776,0.5139959239592716,5.703272791953716,1
2820,asym_3link,0.35,0,0.0037012228132253513,8.713511605220231e-05,0.008592128213605317,0.21954250463302857,3.066357747671889,0
2821,large_6link,0.7,0,0.0020102663767715854,0.00010052907744250774,0.037435242025368916,0.26863142607580054,1.340266454059554,0
2822,redundant_4link,1.0,0,0.0008357590191080769,0.00011666263616724158,0.031737486221826636,0.4863542344007599,6.111482316671955,0
2823,short_2link,1.35,1,0.24293272373461522,0.014619932101505558,0.02654360106401477,0.6109370746615848,4.714570979982103,1
2824,soft_5link,1.75,1,0.28477161443080556,0.06816378727942267,0.16175349840802225,0.5834929982623487,13.07887585670063,1
2825,wide_2link,2.25,1,0.541505890052797,0.06287643584151212,0.12024482691611241,0.8991009772365229,5.680832357254665,1
2826,snake_6link,0.35,0,0.021855314260996135,0.0007949560012360283,0.0009088426283086742,0.112027105277872,135.48790262616092,0
2827,heavy_3link,0.7,0,0.001567544106846768,9.286085830871753e-05,0.0487144015355645,0.3064676045992444,2.2630473622122538,0
2828,teacher_2link,1.0,0,0.017671151341498135,0.0005583312120552993,0.017595900896823228,0.6536671998190092,8.46413599469804,0
2829,long_4link,1.35,1,0.1854059322229068,0.02982091965876587,0.04197381669006865,0.4377238835208396,6.05816483775485,1
2830,long_2link,1.75,1,0.40612561784584517,0.016919494690396938,0.048697511822709025,0.6944905381891107,12.216995133268632,1
2831,needle_5link,2.25,1,0.46893309427722896,0.056408166646885534,0.08034501890038817,0.31665617681149794,1.6017481891927103,1
2832,asym_3link,0.35,0,0.0026175742793356493,7.897066198021458e-05,0.007536818657211118,0.19544271153813864,3.9223779958636316,0
2833,large_6link,0.7,0,0.009798470658991056,0.00023667735951399136,0.020478553011273652,0.3120423318150137,4.109766339608935,0
2834,redundant_4link,1.0,0,0.002266141217958586,0.000316254493254005,0.03934692871062049,0.4858270173238206,13.298179357134897,0
2835,short_2link,1.35,1,0.21833986582123546,0.03156208757279313,0.03185459028259208,0.8275321638221786,397.66656821169033,1
2836,soft_5link,1.75,1,0.3622056475130188,0.04343080598063529,0.0369233076502744,0.5323744644305101,7.046038980103663,1
2837,wide_2link,2.25,1,0.5451544709327506,0.006426866677768993,0.01120494533729575,0.769159455269493,59.243211003698114,0
2838,snake_6link,0.35,0,0.002173118060288642,8.123164398555701e-05,0.0306660844152947,0.15129722616761426,5.407328795653191,0
2839,heavy_3link,0.7,0,0.0034443923598748614,0.00018628027812490864,0.014866486629135228,0.3172659439768288,3.879717866486395,0
2840,teacher_2link,1.0,0,0.003505839477696362,0.000348738624032543,0.01640027324315987,0.7284993651691817,6.8795125431492705,0
2841,long_4link,1.35,1,0.05555572782568797,0.0035982924634036808,0.05025205424789624,0.6473629497779454,4.419071731062903,1
2842,long_2link,1.75,1,0.42766292375498827,0.07269113643475228,0.06300697272751567,0.7382592654418696,2.5745529617381515,1
2843,needle_5link,2.25,1,0.4224716967446416,0.06645955016965281,0.10760649463703291,0.49072553931434804,4.586504003763978,1
2844,asym_3link,0.35,0,0.0869114065284184,0.0010283872360262532,0.0011062111582890509,0.07659100254448822,145.69718063226495,0
2845,large_6link,0.7,0,0.00166199752863284,0.00010964434090419112,0.10797052940894292,0.2647375228349016,2.986334997042336,0
2846,redundant_4link,1.0,0,0.0017203408389535177,0.00019832194000431094,0.020784448184705234,0.4829591178747514,4.774271880376886,0
2847,short_2link,1.35,1,0.2427550468340212,0.02644339452688611,0.04510834411144471,0.8138582282625771,4.92122848666794,1
2848,soft_5link,1.75,1,0.16704611855038953,0.009351938631892931,0.04575327196343619,0.6870799369690882,5.234207171452989,1
2849,wide_2link,2.25,1,0.24439426399811254,0.012331792698983697,0.01722560279955454,0.9929256846311941,22.70798124978695,1
2850,snake_6link,0.35,0,0.0013956238996474868,4.571690519932458e-05,0.03691073135471441,0.159607199961447,3.1537309450836806,0
2851,heavy_3link,0.7,0,0.001004694341353283,7.016579089446014e-05,0.06390036174926055,0.3159278856912254,2.759922862680452,0
2852,teacher_2link,1.0,0,0.001476260285442534,0.00021267640637592818,0.15303316681028648,0.719745298550254,11.371064999389718,0
2853,long_4link,1.35,1,0.10801065713917989,0.016386753128727175,0.0031279860577902298,0.400616390188301,64.45819789715247,1
2854,long_2link,1.75,1,0.2790929930467453,0.05863421914951311,0.16395968428599564,0.8645399443420301,16.44365999826554,1
2855,needle_5link,2.25,1,0.4120958717923716,0.04473375867642038,0.07313046693809032,0.5425974449668214,2.889347700142481,1
2856,asym_3link,0.35,0,0.014162624244544527,0.00025551727403491057,0.01594309510332411,0.1934515291393073,9.726673199773085,0
2857,large_6link,0.7,0,0.0008190556099474785,6.515525666471784e-05,0.04590548324619714,0.22964145978245312,2.9633600300871126,0
2858,redundant_4link,1.0,0,0.0012187657557493716,0.00018618812939382343,0.17623844073705397,0.483647984167046,21.083352718175934,0
2859,short_2link,1.35,1,0.16804106972035435,0.023591340382881958,0.05204894845647102,0.8589582192209169,16.17726971997061,1
2860,soft_5link,1.75,1,0.3295608100822826,0.046724730806132174,0.07474591301572452,0.5560255138550736,4.367464173177522,1
2861,wide_2link,2.25,1,0.458506799730231,0.046648709110722275,0.04439448846548932,0.7505106990259113,5.484902294347753,1
2862,snake_6link,0.35,0,0.02707067217755797,0.0008899059964803922,0.0009187857141603603,0.09129492247321161,302.3714290792132,0
2863,heavy_3link,0.7,0,0.005059313129489992,0.00018657114318344092,0.021080205460813163,0.29260490937806277,2.8439716115512508,0
2864,teacher_2link,1.0,0,0.0011224841105822354,0.0001657423187411516,0.004197411327449434,0.7270373145548322,12.415783726084797,0
2865,long_4link,1.35,0,0.0012774710852885322,0.00021356296555622296,0.1694583944620383,0.5438367277083183,6.866524091831804,0
2866,long_2link,1.75,1,0.4239672225010572,0.030262403146976376,0.03978136340033335,0.6800309162316638,5.867443033602825,1
2867,needle_5link,2.25,1,0.22688284490806165,0.03834754674093213,0.058740804752045045,0.7216334655190171,4.254690675063514,1
2868,asym_3link,0.35,0,0.0016161696483209286,5.581889426389124e-05,0.052634773862521626,0.1664896302340065,3.8714064823383505,0
2869,large_6link,0.7,0,0.0024774209083972755,0.0001859172064188661,0.08997668745797581,0.26136531931048174,5.7185485074551154,0
2870,redundant_4link,1.0,0,0.009297052456362712,0.00037215681897892716,0.06732486919155453,0.5278015038513676,4.7978319140642185,0
2871,short_2link,1.35,0,0.03885912748356842,0.0034060153080829334,0.0034057630897036516,0.640187749740703,2745.25551042122,0
2872,soft_5link,1.75,1,0.387476528187813,0.0693253041697818,0.08249621586531582,0.5224578341208377,5.612322214257677,1
2873,wide_2link,2.25,1,0.5448133693945608,0.05796788653276,0.02913721715310342,0.8964934410856396,6.371943145401179,1
2874,snake_6link,0.35,0,0.003812032407995635,9.95294483702205e-05,0.014677629453159008,0.14032828741015052,4.290175492445788,0
2875,heavy_3link,0.7,0,0.0015686686395975278,0.00010912913896460059,0.06848690899081522,0.3654919549858411,3.6370121551526338,0
2876,teacher_2link,1.0,0,0.0032117240212721056,0.00021832928501549692,0.07148142780128182,0.664548714853304,2.81632745204341,0
2877,long_4link,1.35,0,0.003705250189300997,0.0002864253291861701,0.0627384362871055,0.6580475729672642,2.1089569726725865,0
2878,long_2link,1.75,1,0.3698089961446344,0.08037621783986196,0.23511648735500018,0.801537504851542,4.04469489314172,1
2879,needle_5link,2.25,1,0.45261751921880244,0.08128084299977714,0.10594423377173783,0.3410526357818398,4.67741378417592,1
2880,asym_3link,0.35,0,0.05589959318774075,0.0008516746983715245,0.001255151301934554,0.12258689663331061,55.80373578248582,0
2881,large_6link,0.7,0,0.014602651753616492,0.00029042153543648277,0.02443323361530421,0.28251847008299635,5.418780898944458,0
2882,redundant_4link,1.0,0,0.0013398380297686672,0.00019160415073632626,0.08846200181190468,0.47320480859739483,11.104877296441016,0
2883,short_2link,1.35,1,0.19137703268009842,0.027418789987470656,0.030931002920072333,0.8432740892634649,38.168664915079724,1
2884,soft_5link,1.75,1,0.09309878316098506,0.023016868448791545,0.3317504332867494,0.7576442987946316,4.81424458041934,1
2885,wide_2link,2.25,1,0.539768823565479,0.10307159125308313,0.22322202442768663,0.5072078239757698,7.074507204064315,1
2886,snake_6link,0.35,0,0.0010869559269466806,3.770596601053898e-05,0.055044162033991394,0.15126665064750267,2.95264987728638,0
2887,heavy_3link,0.7,0,0.0091299157695943,0.0003308173371500884,0.024892594140301604,0.4896076033673749,5.936081573286958,0
2888,teacher_2link,1.0,0,0.002015801056830766,0.00017278694750613808,0.034343516019955465,0.6838744498775473,2.5983885539534843,0
2889,long_4link,1.35,0,0.030182791338611462,0.00295073174696607,0.00454518197083558,0.3710746787267599,60.51352066952374,0
2890,long_2link,1.75,1,0.4112845488153811,0.03481481934737257,0.02060417230302817,0.6758582334620725,12.90843290263508,1
2891,needle_5link,2.25,1,0.38961530476686057,0.03295564299433567,0.08297390640147931,0.55877901159916,1.5609364578121672,1
2892,asym_3link,0.35,0,0.003127288181031239,9.675519013389404e-05,0.006385740472994542,0.16856351412420473,4.8358351420862045,0
2893,large_6link,0.7,0,0.0012407883238494074,0.00010054693069122161,0.03524325329731337,0.25157999892721766,4.5362155310317025,0
2894,redundant_4link,1.0,0,0.0033273128783583156,0.00018261942554087432,0.06543124758385745,0.4928081623914023,1.2377824709298175,0
2895,short_2link,1.35,1,0.2476805294085936,0.0140405512947868,0.05832326954812259,0.6044608310113361,4.686518208359801,1
2896,soft_5link,1.75,1,0.41068140305784706,0.09256919426641919,0.0398244967540369,0.504956615463924,8.16956274905377,1
2897,wide_2link,2.25,1,0.5518635983513138,0.052858934677011644,0.08632426029238388,0.894925980695485,4.563678557703815,1
2898,snake_6link,0.35,0,0.010842436717601553,0.000533378262545946,0.0005729199756483076,0.13983587038367762,188.46941832743045,0
2899,heavy_3link,0.7,0,0.001388580304266263,0.0001027645601117166,0.03513943019234991,0.28103941292560786,4.331843530225429,0
2900,teacher_2link,1.0,0,0.010707270932834625,0.0008014932385176513,0.009541184319053165,0.6919810410702978,14.529965841220166,0
2901,long_4link,1.35,0,0.0009969038592351567,0.00013490901317706795,0.0445768154679436,0.580153945128227,2.264084696237171,0
2902,long_2link,1.75,1,0.23936185693811377,0.0548980494453768,0.08019027596001353,0.9452019603613518,7.718563722937626,1
2903,needle_5link,2.25,1,0.26244370136494466,0.04411933698995585,0.05714305719095542,0.5779122580672811,3.3681619590496426,1
2904,asym_3link,0.35,0,0.007442658989419335,0.0001716989887607856,0.005710193034047737,0.2281663737447194,6.811733641848159,0
2905,large_6link,0.7,0,0.0035749010483693477,0.0001592891658144833,0.027212369632815835,0.25766813784794146,2.6426194550787234,0
2906,redundant_4link,1.0,0,0.023297755747594566,0.0005351909410649413,0.03385693366839593,0.48570780468562447,7.993032491342343,0
2907,short_2link,1.35,1,0.05742269852913788,0.006949814509369609,0.008633585749712278,0.8342246438278841,458.5249227670911,1
2908,soft_5link,1.75,1,0.39433365273206306,0.07797146309753955,0.20126646109386423,0.5134165897752749,10.69890084559593,1
2909,wide_2link,2.25,1,0.549738447546742,0.03563349935549292,0.04124204768346176,0.8970555675202017,4.530878800961669,1
2910,snake_6link,0.35,0,0.004431503142939351,7.455494796887288e-05,0.015416232717741915,0.1524645739652259,1.3122043594581663,0
2911,heavy_3link,0.7,0,0.005579348564757204,0.0002434631723881449,0.015220017178754772,0.3512017332354337,4.527426763785141,0
2912,teacher_2link,1.0,0,0.0026077455851157834,0.0003917816040020701,0.00899981717595818,0.7412323105963066,36.98410334343169,0
2913,long_4link,1.35,0,0.0012299265993754895,0.0001693803500564154,0.10509847161722059,0.6302127916868364,2.9530280678785044,0
2914,long_2link,1.75,1,0.3258676725847059,0.07717253650746311,0.17537943201192388,0.8497376489745162,6.793007929065988,1
2915,needle_5link,2.25,1,0.42440727186283034,0.04554188356696828,0.06378575438859274,0.3656141384835125,1.141794411112182,1
2916,asym_3link,0.35,0,0.03561293239161399,0.0008939551179309258,0.0008950990247879024,0.10544475518789817,1390.796683533384,0
2917,large_6link,0.7,0,0.005326134416505084,0.00018569621679677861,0.03080293684683528,0.2521116142669655,2.6021752139094674,0
2918,redundant_4link,1.0,0,0.008095733492717451,0.00028466411673325556,0.03543015873685895,0.4815990521670163,3.3705983534577775,0
2919,short_2link,1.35,1,0.24415387045232972,0.03462723774504481,0.029725558199156527,0.810642976766388,29.762549066918037,1
2920,soft_5link,1.75,1,0.1925831521811432,0.013190507167703834,0.06513142414362519,0.6637510619019954,1.848384969119398,1
2921,wide_2link,2.25,1,0.5529703097516264,0.08945484154496146,0.08141325134755235,0.4587744042342022,2.5078976606189984,1
2922,snake_6link,0.35,0,0.011995586418621048,0.00023823412784330117,0.010156296665128328,0.14003977490235775,10.593367756870231,0
2923,heavy_3link,0.7,0,0.0047353317649275455,0.00019069247352000094,0.01984028243980147,0.2776081224377318,3.166772823399711,0
2924,teacher_2link,1.0,0,0.007153051223756598,0.00026748657526431014,0.041625352981782944,0.6689610203506993,3.1661371487627337,0
2925,long_4link,1.35,0,0.009000369340786268,0.001586842178396986,0.0016426057161400692,0.5208850202901275,338.7753038005332,0
2926,long_2link,1.75,1,0.4050386000412752,0.025422970380590333,0.08357587070190889,0.7118622840639386,3.3256485990812874,1
2927,needle_5link,2.25,1,0.4352760020277942,0.06567630378304067,0.252677510310335,0.3635552049489162,2.3710311230217034,1
2928,asym_3link,0.35,0,0.002807811182512182,7.789709102895182e-05,0.017733954651890038,0.17862340057400383,3.453415437762659,0
2929,large_6link,0.7,0,0.0036330274501401904,0.00013561809550513722,0.04005866834518694,0.26589276911920307,1.5007814802746675,0
2930,redundant_4link,1.0,0,0.002350668645191803,0.00029632303439553284,0.07494190903032248,0.4828480790402513,8.799781873079255,0
2931,short_2link,1.35,1,0.1779351825703605,0.015616034762902778,0.09656618051274651,0.6823628962585134,9.756259129131003,1
2932,soft_5link,1.75,1,0.3474103387385009,0.06449863141961507,0.02965588729149935,0.5015930008647195,8.767041454566085,1
2933,wide_2link,2.25,1,0.5257566773238698,0.07553626084942916,0.04828035606710384,0.5172450814428955,9.68397405485586,1
2934,snake_6link,0.35,0,0.0032963240717770264,0.0001842210618990693,0.00022681055778635823,0.1560888493091311,148.16199244409816,0
2935,heavy_3link,0.7,0,0.0049756085013083675,0.00022726922335992484,0.015679815339742147,0.2760976879972593,4.285895359655383,0
2936,teacher_2link,1.0,0,0.0058303776186575075,0.0004521424865484004,0.10273336262416166,0.6587572410613245,7.796211215000394,0
2937,long_4link,1.35,1,0.07167433958533376,0.006998566293738665,0.0703157947783992,0.5697987099725939,2.618717349518284,1
2938,long_2link,1.75,1,0.3180932981807582,0.022169340957301862,0.051078790819456286,0.8296211230978249,4.344664424387119,1
2939,needle_5link,2.25,1,0.5073819455248775,0.05348006175883578,0.050464166243199854,0.345938294203396,2.6112678887064944,1
2940,asym_3link,0.35,0,0.00403616155332629,9.276817949328924e-05,0.028948763428657986,0.20634962480659694,3.30546421387078,0
2941,large_6link,0.7,0,0.0112803242881048,0.0002875626686939225,0.016302413791867934,0.3178797126698698,5.652583829883126,0
2942,redundant_4link,1.0,0,0.0021866497038631606,0.0002391239574466694,0.021541052329700182,0.4983245720194057,5.508563826235159,0
2943,short_2link,1.35,1,0.1831567146930952,0.024719302825568678,0.022319216387405177,0.8174481817178427,191.25285126020864,1
2944,soft_5link,1.75,1,0.26885663733835524,0.06703553277313844,0.03275426646582457,0.6090974760138477,18.227445119073035,1
2945,wide_2link,2.25,1,0.48015023370213405,0.07921760798995207,0.08293273798384314,0.7044612187834244,2.535134261799963,1
2946,snake_6link,0.35,0,0.0004451798542204659,2.3793318019760212e-05,0.00471275083691307,0.15757692890729394,20.396672053738378,0
2947,heavy_3link,0.7,0,0.002131211748536218,0.00013233208272721484,0.01658751242482224,0.2654786326530546,3.2586429907002703,0
2948,teacher_2link,1.0,0,0.008652134858455965,0.0008668265996882693,0.025423377485667326,0.6500524579983589,18.75195175460585,0
2949,long_4link,1.35,1,0.16442779223537035,0.012388247696021733,0.054927166451267946,0.48034241418853457,1.7147081527368488,1
2950,long_2link,1.75,1,0.37997488383658573,0.09352279371586561,0.14630035022232293,0.7903213249726139,8.145186221004781,1
2951,needle_5link,2.25,1,0.38632085161156837,0.03543297777663607,0.08046700268024638,0.6115830385665606,1.6822545699633855,1
2952,asym_3link,0.35,0,0.010883375676688036,0.00042603734022266546,0.00044773677331767147,0.15982346488019933,182.2891853004287,0
2953,large_6link,0.7,0,0.006711181754591393,0.00034290859847357734,0.04188767077447334,0.2517667073140263,8.140219840079029,0
2954,redundant_4link,1.0,0,0.002615424357782442,0.0001700212367486075,0.04689005600059865,0.48508338197852596,1.5849151990826535,0
2955,short_2link,1.35,1,0.2343904234196385,0.03371254899782947,0.12016193689760708,0.81976537887065,24.111346634256538,1
2956,soft_5link,1.75,1,0.3664860126325129,0.02751587011363022,0.046558180612587534,0.4842599720981865,6.157031481316668,1
2957,wide_2link,2.25,1,0.34458762418122196,0.022537581495822148,0.019337288411802322,0.9939692376400714,10.35916060427029,1
2958,snake_6link,0.35,0,0.01565593902088096,0.0001394327203805855,0.010929927136408831,0.15461059988786485,4.55177623849591,0
2959,heavy_3link,0.7,0,0.0022916248232334796,0.00013268348656218147,0.016769643955720184,0.2872637809663283,2.940557569840394,0
2960,teacher_2link,1.0,0,0.003896432516435163,0.00023575886529379663,0.09549344299319826,0.6609202022877294,2.967226337203599,0
2961,long_4link,1.35,0,0.01775062859351027,0.002628580084924993,0.0027308943159739278,0.45422755502094314,226.37311879667786,0
2962,long_2link,1.75,1,0.4261509927344187,0.07760960619196565,0.06921255383642172,0.7399719738720463,2.710806406102323,1
2963,needle_5link,2.25,1,0.3270086882637776,0.02501185261198994,0.0738916950681556,0.6763380849863753,1.8668935866601186,1
2964,asym_3link,0.35,0,0.0019499652462707316,4.896806617641777e-05,0.03270760332512546,0.17574592478305262,1.594318399306426,0
2965,large_6link,0.7,0,0.0030373728366470732,0.00012204162194623727,0.03221868697513369,0.24442650985997447,1.0445345350012987,0
2966,redundant_4link,1.0,0,0.03458195563896425,0.0006048400135119888,0.01865720205154257,0.44840251249632324,8.197767125080015,0
2967,short_2link,1.35,1,0.22937919494247366,0.028769998976976418,0.017539898810179543,0.8098098647067982,19.079516777510918,1
2968,soft_5link,1.75,1,0.15904516904844132,0.027055543687680917,0.05201182412634156,0.6667112637967785,5.885931742139954,1
2969,wide_2link,2.25,1,0.4668540472957607,0.05256110488432471,0.073422545051968,0.7438429245028937,2.0189493898305555,1
2970,snake_6link,0.35,0,0.04613416946208134,0.0009097481028063678,0.0011852638833850097,0.08604171481076683,93.2631869071375,0
2971,heavy_3link,0.7,0,0.010426986074551392,0.0005718605835847287,0.007674684943188627,0.3013480437934718,13.696615412321277,0
2972,teacher_2link,1.0,0,0.0010572702015046469,0.00014058603154795405,0.024304616152210953,0.7179132770106433,5.673197719109181,0
2973,long_4link,1.35,1,0.21350569405065886,0.01844784962429956,0.03956396105319193,0.5847474288669581,5.827918079097569,1
2974,long_2link,1.75,1,0.42567541744730847,0.0438507389517374,0.16533875976653,0.6799757885091344,2.7186951793129577,1
2975,needle_5link,2.25,1,0.3862462819852754,0.06240062748470984,0.1362204234360847,0.4342776784011018,4.575397468787162,1
2976,asym_3link,0.35,0,0.010165076076802946,0.0002635186219051242,0.0028974957180549405,0.1580873253965179,11.95127840835074,0
2977,large_6link,0.7,0,0.0007522113009063836,6.0902342145278696e-05,0.03534594969957092,0.2353058197678858,2.8657002929840805,0
2978,redundant_4link,1.0,0,0.025197941632671944,0.0005527566748939942,0.01808968155916884,0.458086995646229,7.176366614793934,0
2979,short_2link,1.35,1,0.17888961733265665,0.024527362076953715,0.02443668165869181,0.8259260092708716,4626.15760369657,1
2980,soft_5link,1.75,1,0.20213837646091032,0.04297345680799524,0.06468730271795592,0.6811617927410228,3.5130256297969615,1
2981,wide_2link,2.25,1,0.4100138323203002,0.0749673056295312,0.08927372348233638,0.89888883463978,5.2521280350491,1
2982,snake_6link,0.35,0,0.00403583461380921,7.642865056733989e-05,0.01691887394959566,0.15383329718410385,2.0111012395284793,0
2983,heavy_3link,0.7,0,0.00295881122544003,0.00015519879171810798,0.018848642475096006,0.2955609606603232,3.0080464191266865,0
2984,teacher_2link,1.0,0,0.0008119475320052612,0.00011061961972403955,0.09544124535395239,0.74791820567878,5.661332453204856,0
2985,long_4link,1.35,1,0.09315833299119636,0.007243739951274932,0.11275049459863558,0.6607508737254203,1.7764036333973054,1
2986,long_2link,1.75,1,0.42099221918259044,0.04747622789246402,0.18161091760272585,0.6859018847325066,3.1829175304805166,1
2987,needle_5link,2.25,1,0.2958977144346386,0.018984456362315993,0.06891964198849827,0.742077310939486,2.900436211673099,1
2988,asym_3link,0.35,0,0.018458168798952682,0.0006231209024389012,0.0007323409570580485,0.1373898679505905,92.72440839785224,0
2989,large_6link,0.7,0,0.0038942969670305192,0.0001718695778876275,0.02540628423936683,0.29898011382770584,3.0408853212473037,0
2990,redundant_4link,1.0,0,0.01744348675545597,0.0006191534581701236,0.015999743752627017,0.5537802718912258,9.249246111198914,0
2991,short_2link,1.35,1,0.2393736178447098,0.03284942894184275,0.06005967636291505,0.816991347563457,9.021146722990078,1
2992,soft_5link,1.75,1,0.22102770982011133,0.015621702566210186,0.08189737183801989,0.6408999515358816,1.9805155428153443,1
2993,wide_2link,2.25,1,0.48671288064304974,0.015193225527379716,0.025216234972307173,0.934558050969468,8.160629920898335,1
2994,snake_6link,0.35,0,0.014029303510656977,0.0001656097369204265,0.012625913702092185,0.15061564357128224,6.321100382831641,0
2995,heavy_3link,0.7,0,0.030311773145077665,0.0005370298357780685,0.008844535707522914,0.39367904563032674,9.520732997862627,0
2996,teacher_2link,1.0,0,0.0029482491394219007,0.0004274407038264069,0.08059611661801462,0.742695139646806,22.64682232163712,0
2997,long_4link,1.35,1,0.3380425416294548,0.0037289439365756115,0.004879225219476408,0.34035744513474775,80.32028749927571,0
2998,long_2link,1.75,1,0.34707867179962565,0.053907161973974126,0.06351683809656657,0.7258994577586315,24.346542505607434,1
2999,needle_5link,2.25,1,0.36701893606172487,0.06269028084621643,0.05440730851568959,0.5436372618251725,4.467786544895416,1
3000,asym_3link,0.35,0,0.0044691306362775445,9.078388634702014e-05,0.01132628799609491,0.20597872111078128,2.923956336447198,0
3001,large_6link,0.7,0,0.004940157236653558,0.00038295770217405546,0.0290499813746553,0.24686327056056362,12.55971125975714,0
3002,redundant_4link,1.0,0,0.0029602608236317042,0.00022803781667125466,0.044921371904882164,0.49802985475220385,3.215906137905786,0
3003,short_2link,1.35,1,0.06339257138268353,0.006180327902661924,0.10631312209314862,0.8572753638180284,4.295142701788475,1
3004,soft_5link,1.75,1,0.09280585157584079,0.010686318963042615,0.17016474136122559,0.704321934028793,4.575167166936816,1
3005,wide_2link,2.25,1,0.4819300820780401,0.06820819014223745,0.07089870010914592,0.6996092266329782,1.7935806615537513,1
3006,snake_6link,0.35,0,0.019103240704780085,0.0007546946153279909,0.0008377115465090836,0.11762170093884576,154.81686062801322,0
3007,heavy_3link,0.7,0,0.0020679261382409056,0.00012774788451774574,0.014531595188132811,0.3214218645685838,3.3887622654363154,0
3008,teacher_2link,1.0,0,0.0009718978953163234,0.00011932874563676848,0.03087730437499954,0.7186692375255337,4.007379567092456,0
3009,long_4link,1.35,0,0.002447472212552392,0.00025996315854145177,0.1012595727791472,0.6636899313951778,2.667520697630665,0
3010,long_2link,1.75,1,0.35811967598155126,0.050099514626028324,0.14410546761013596,0.8138666258996524,2.8998058374739153,1
3011,needle_5link,2.25,1,0.4823878115254334,0.06714026720081515,0.0937977818042179,0.3387369604792837,2.1402576144770786,1
3012,asym_3link,0.35,0,0.0011815624514187823,4.71162001218949e-05,0.043035957528601634,0.1724864930324519,7.244563943104436,0
3013,large_6link,0.7,0,0.0010467138996025328,7.317528427713649e-05,0.07402072434271534,0.2295569338830066,2.7320245475663705,0
3014,redundant_4link,1.0,0,0.001102223352494936,0.00015714060077544676,0.07172268764798868,0.4827291355499651,9.950174916193577,0
3015,short_2link,1.35,1,0.06615118071124695,0.008327760313336208,0.013373954539233953,0.8525737656555864,136.85559487389065,1
3016,soft_5link,1.75,1,0.170738687134737,0.04342224358280931,0.35910071938854704,0.7074620093085505,8.424693436482654,1
3017,wide_2link,2.25,1,0.5135771989889261,0.01366452926589286,0.03066348789936353,0.9252885774203605,8.02791045703108,1
3018,snake_6link,0.35,0,0.008100859948126869,0.0001020880212833814,0.013824718298566479,0.14203506341843183,3.4172370841982085,0
3019,heavy_3link,0.7,0,0.012857799944337169,0.00042393915750775485,0.03641756038325174,0.36055986382390787,7.808539434650666,0
3020,teacher_2link,1.0,0,0.002599510973893958,0.0003672937912761785,0.02068379308190612,0.7447578450371735,15.869742274974671,0
3021,long_4link,1.35,1,0.1188529303193756,0.016534213637728442,0.04772987665989587,0.48444142299305354,3.05526771443184,1
3022,long_2link,1.75,1,0.34039445192515594,0.007881846696587588,0.009974229270886538,0.7045202540632598,31.08415089344493,1
3023,needle_5link,2.25,1,0.41011019114666014,0.0704356271689549,0.2275166358357041,0.48874103923378776,3.4587915598342494,1
3024,asym_3link,0.35,0,0.012781374134153117,0.00046838379373039137,0.0007146145206088853,0.1756098742404582,57.573377878575144,0
3025,large_6link,0.7,0,0.00338659513959098,0.00020039241246527784,0.028884660016493657,0.2811550223411074,4.659818883967018,0
3026,redundant_4link,1.0,0,0.017605509369871507,0.00042658407787845215,0.03125041274535845,0.46214163595931795,6.128026079293393,0
3027,short_2link,1.35,1,0.2178927619327801,0.010594221335825675,0.011149786319640283,0.5952232420257884,12.832842910065368,1
3028,soft_5link,1.75,1,0.2522563746097575,0.06532919498772262,0.2465995797375769,0.6332073174165359,7.105518546634077,1
3029,wide_2link,2.25,1,0.5078007370107539,0.026016265718543558,0.06913937416779688,0.9219550235131047,3.621013689987671,1
3030,snake_6link,0.35,0,0.0007119067935143057,3.214990530387745e-05,0.03316588498049296,0.15716783467352913,4.6846909354071045,0
3031,heavy_3link,0.7,0,0.0017076015944606398,0.00014011626710232357,0.084021651694628,0.34327692311142627,9.88449382137828,0
3032,teacher_2link,1.0,0,0.011116232787158873,0.000854785105731521,0.058959339742926616,0.690230183200492,15.783416125315588,0
3033,long_4link,1.35,0,0.008772587092820139,0.001466183243578443,0.002847766333897794,0.5900521006126406,46.28857962381146,0
3034,long_2link,1.75,1,0.41836448435598866,0.08544831464416701,0.11709951804564409,0.7484045536868787,3.4395650172068515,1
3035,needle_5link,2.25,1,0.3266413532703682,0.06317333192025679,0.0688076287155955,0.49310051913886066,4.622163436094651,1
3036,asym_3link,0.35,0,0.005232658777071927,0.00016549583908999737,0.0033252285990292324,0.20646153019471752,8.895510570292279,0
3037,large_6link,0.7,0,0.006424715745772285,0.0002374684331642025,0.038178088010606515,0.2798708610596843,4.39087005395139,0
3038,redundant_4link,1.0,0,0.004959040790508109,0.0003031396582796128,0.03274983053524181,0.4858912764501467,4.12799196953311,0
3039,short_2link,1.35,1,0.08745299794056734,0.0035625933398029407,0.014798641142105821,0.8027966759820442,9.338505708952061,1
3040,soft_5link,1.75,1,0.29503376441217793,0.021932158423245907,0.05325801337259263,0.5814277078644758,2.8977890286542496,1
3041,wide_2link,2.25,1,0.545090687783891,0.008632466742649694,0.02298015942439284,0.9244192637448523,15.32752607264672,1
3042,snake_6link,0.35,0,0.0028856443446467544,0.0001597954802836437,0.0004700746692958931,0.15344751505252183,46.4758948357113,0
3043,heavy_3link,0.7,0,0.004518387113147397,0.0002083321946168665,0.019999158152879337,0.4331914787384971,3.8077785002851443,0
3044,teacher_2link,1.0,0,0.010415203454160533,0.0005227787587898731,0.04464704001368406,0.652536352015308,8.198503696199499,0
3045,long_4link,1.35,1,0.2037838052932942,0.01750937958590929,0.05048241877009317,0.4350654981561015,1.8135551692396432,1
3046,long_2link,1.75,1,0.40371928971494503,0.09318993609490837,0.1012634009237848,0.7643487616697052,5.180045722992407,1
3047,needle_5link,2.25,1,0.4214409256977933,0.03386191605369881,0.0890881338611358,0.45299754649126267,1.5367832255789964,1
3048,asym_3link,0.35,0,0.003060861463128575,0.00012269680161455272,0.03290770033643064,0.17718413617522702,15.712838019691763,0
3049,large_6link,0.7,0,0.001840473822941513,0.00016995952003766583,0.009235170980883941,0.2525130516268547,9.158781976443501,0
3050,redundant_4link,1.0,0,0.0022535923320744448,0.0002286909049769111,0.1210294493279803,0.48512855954747863,4.650555016645872,0
3051,short_2link,1.35,0,0.06659115851431247,0.003888813093388302,0.003932774606889714,0.44793008875321705,319.6682875655503,0
3052,soft_5link,1.75,0,0.01135097222987296,0.0006238272839270906,0.0825106718960171,0.8005127106799308,4.6745029019760125,0
3053,wide_2link,2.25,1,0.5258638806235798,0.07254551600585915,0.04864807848322813,0.5447605996106081,5.4456888080698835,1
3054,snake_6link,0.35,0,0.0014075033383630785,7.149299812330817e-05,0.06089996491562376,0.15987209783993195,11.684882761806344,0
3055,heavy_3link,0.7,0,0.008339733727519364,0.00024681815033473755,0.01797881969163617,0.42652353833474466,3.7450097371675724,0
3056,teacher_2link,1.0,0,0.001331571055906822,0.0001980634283156978,0.011689389148020304,0.7461738510302957,15.466238190362551,0
3057,long_4link,1.35,1,0.04001837541033377,0.0018598859512569284,0.021711570603989504,0.6549601140489909,8.291341706171506,1
3058,long_2link,1.75,1,0.34028820189725945,0.005139857721470343,0.00948017805821985,0.7526611512614113,37.155119531620485,1
3059,needle_5link,2.25,1,0.46826043899709857,0.059957531206125014,0.09748327197154134,0.35370265566014736,1.979349420196688,1
3060,asym_3link,0.35,0,0.010834545345420152,0.0004257956096801626,0.0004280100191246139,0.16317967161678987,1171.3235872825771,0
3061,large_6link,0.7,0,0.0009897328022422844,8.332258651652193e-05,0.06635838802708291,0.22932626281585664,4.093477999045568,0
3062,redundant_4link,1.0,0,0.0007008439597356795,9.095668455073812e-05,0.052736071588396896,0.4813093446996549,5.159015487344582,0
3063,short_2link,1.35,1,0.254814067332647,0.025967767178747977,0.03639408759890405,0.8075545540298387,3.5260755889834554,1
3064,soft_5link,1.75,1,0.03743541818435918,0.005700940476563078,0.2313558241832092,0.7578413458070031,3.1970819626596123,1
3065,wide_2link,2.25,1,0.5485551869268771,0.035783950136345735,0.06620653937186144,0.8988411493482801,3.2901780380069523,1
3066,snake_6link,0.35,0,0.0036611651546199254,7.380386265881595e-05,0.028429398123708736,0.15974440774750243,1.9504314902175244,0
3067,heavy_3link,0.7,0,0.0025497680160076887,0.00012592110308584555,0.02682841057162371,0.2851949316083486,2.054721699444017,0
3068,teacher_2link,1.0,0,0.01156345234755729,0.00046848981939445153,0.030427013299667724,0.6830222765179406,7.029571350935971,0
3069,long_4link,1.35,0,0.0384474283077366,0.003579420513092559,0.0038774435125621446,0.3573402805009507,155.3724472945817,0
3070,long_2link,1.75,1,0.42849145400476946,0.07523008992211119,0.0862455820067123,0.7373553823571772,2.693605249401798,1
3071,needle_5link,2.25,1,0.42296975520774865,0.026987310579297714,0.052600688603218676,0.48018317274421773,3.2413776733223316,1
3072,asym_3link,0.35,0,0.0016536808683844425,6.43582320866528e-05,0.00899533466917525,0.1673829396598523,7.001509015856913,0
3073,large_6link,0.7,0,0.004031822099847639,0.0002026943580739977,0.06142628066703662,0.25537028373596254,4.222661753368114,0
3074,redundant_4link,1.0,0,0.010473234855819065,0.00047386161459512545,0.019363812596655226,0.5279174388866559,7.028676763695783,0
3075,short_2link,1.35,1,0.09494352555458502,0.009299605594120885,0.12712154957089686,0.8147437670694853,4.933585229723021,1
3076,soft_5link,1.75,1,0.193771843675608,0.019489540387313393,0.032312028446778544,0.594853109758591,7.5194705407167985,1
3077,wide_2link,2.25,1,0.48333023003238806,0.0788626163849384,0.13121256986124907,0.694958900770164,2.4422142779202964,1
3078,snake_6link,0.35,0,0.038965736043006356,0.000959757925849269,0.0010367423034774211,0.07839633062913032,181.30359797445857,0
3079,heavy_3link,0.7,0,0.001987805759881014,0.00010242258013366843,0.026364535676418076,0.31124516466652213,1.7377925798335163,0
3080,teacher_2link,1.0,0,0.005864158720177745,0.00031236114151959166,0.02905583670944835,0.6956421789072147,4.384833555696623,0
3081,long_4link,1.35,1,0.18126157153815847,0.02551390150787569,0.16771856442423172,0.44114217439710274,3.262640062334753,1
3082,long_2link,1.75,1,0.2855859392907558,0.05156467081000764,0.024187746610133173,0.7915106897712799,31.768460370079406,1
3083,needle_5link,2.25,1,0.4542011213290124,0.0868511081797632,0.06434417923126151,0.3295112971676501,4.211540458138287,1
3084,asym_3link,0.35,0,0.012087740629664575,0.000146533044697437,0.007968726067807439,0.1756949063496564,4.7452008176049345,0
3085,large_6link,0.7,0,0.0008530263154968884,6.898663043962263e-05,0.02256072077188121,0.2582627034164608,2.7050508837715364,0
3086,redundant_4link,1.0,0,0.0006148954183328112,8.389128743228067e-05,0.02127953286569942,0.4823812973888801,4.858581674777124,0
3087,short_2link,1.35,0,0.03155647042972717,0.0030308023342141494,0.0033925848794114687,0.7649937705356911,99.1660492836654,0
3088,soft_5link,1.75,1,0.14073637148317317,0.025908027376297913,0.29599772613682207,0.7276805721589205,2.5742507252163174,1
3089,wide_2link,2.25,1,0.45655424204989226,0.04658294271371844,0.05830928499046725,0.7652338902300067,4.115340568517272,1
3090,snake_6link,0.35,0,0.003180245940672904,8.954753890975419e-05,0.030424151609099236,0.1504733487571799,4.077284980809177,0
3091,heavy_3link,0.7,0,0.005901812552609209,0.00020548835026290205,0.02058484886251582,0.38914797714016786,3.016057721987716,0
3092,teacher_2link,1.0,0,0.00518303615160692,0.0003590832009802693,0.021992419467060712,0.7072521722445432,5.70003754082871,0
3093,long_4link,1.35,0,0.001631114062977832,0.00017304732812834704,0.06256652186488833,0.5887908509947195,1.628206284024748,0
3094,long_2link,1.75,1,0.36962388267780616,0.06297635399376977,0.11700133538341251,0.7984721985203018,6.344240932767986,1
3095,needle_5link,2.25,1,0.5091977945387051,0.05897133350770936,0.05174925605077708,0.2753935697676212,2.013466334792044,1
3096,asym_3link,0.35,0,0.013056519377641327,0.0004943443625335909,0.0005185148877724574,0.15826604883332943,174.3336448148308,0
3097,large_6link,0.7,0,0.006989395051470874,0.00020824747807423547,0.031651554485931134,0.2575905271581472,2.108771650581381,0
3098,redundant_4link,1.0,0,0.0010766891025940513,0.00012291602560117552,0.03466214766035553,0.485223767112661,4.009204078609387,0
3099,short_2link,1.35,0,0.04794823495870339,0.002066505926081593,0.018117269248136354,0.8008834294328859,19.743156001449815,0
3100,soft_5link,1.75,1,0.20442020581102519,0.05262056191048959,0.061379435275479205,0.6764025751594043,5.764504964314379,1
3101,wide_2link,2.25,1,0.5547132968579984,0.09339482072748373,0.12574018975606244,0.4507875648197526,3.258139623954545,1
3102,snake_6link,0.35,0,0.006133851173039361,0.0001319974023331067,0.026894289812645234,0.13547534040649092,5.251520939313444,0
3103,heavy_3link,0.7,0,0.007569066465162353,0.0001947811007880322,0.026195391643258136,0.4397699710381283,2.853392396505311,0
3104,teacher_2link,1.0,0,0.003935977776479815,0.000269675381572745,0.04436111518327021,0.7105095595767206,3.916131438106488,0
3105,long_4link,1.35,0,0.014651011199767314,0.0023034701079857464,0.002534489628785845,0.4836695310909018,150.62764225993692,0
3106,long_2link,1.75,1,0.03889788243718581,0.004427814477270734,0.08687869791218741,0.8074074164284571,76.43043006681246,1
3107,needle_5link,2.25,1,0.425415848908033,0.06992481879852384,0.10411696949272066,0.36614350259049333,2.836947164160954,1
3108,asym_3link,0.35,0,0.0028720062740172163,8.193855973337174e-05,0.016071535288968566,0.17064082569981084,3.6986278312166943,0
3109,large_6link,0.7,0,0.001318470663782935,8.040519787647607e-05,0.042693327606927386,0.23566531249443154,1.4959411220348329,0
3110,redundant_4link,1.0,0,0.010026500072085272,0.00033083493919694115,0.03143543147770982,0.4619625694888759,4.36619122116033,0
3111,short_2link,1.35,1,0.018619825874252434,0.002349536371935671,0.10421853050394116,0.9032347891091481,52.04207825155929,1
3112,soft_5link,1.75,1,0.2577812675626981,0.05250502322844795,0.0677604252088502,0.6311669962026171,8.15234419337055,1
3113,wide_2link,2.25,1,0.5442578741970511,0.05648582416691785,0.0599084063599667,0.9004384719455669,2.0789095672517974,1
3114,snake_6link,0.35,0,0.016527727242295454,0.0007039073534396553,0.0007612449555702563,0.12363880434155487,179.84180092439405,0
3115,heavy_3link,0.7,0,0.005976848329986539,0.00017253530781124183,0.02873176793646264,0.44548022848593255,2.223380527347634,0
3116,teacher_2link,1.0,0,0.004254613456203205,0.0006015720695699222,0.002682884634526377,0.7019369596593492,27.47508974075697,0
3117,long_4link,1.35,1,0.2163961866841323,0.02864791178970193,0.06923746412764448,0.4258587223864646,4.494417778430724,1
3118,long_2link,1.75,1,0.4155499368022164,0.052717019032873846,0.03699542745821136,0.6893090604304367,6.237751948587123,1
3119,needle_5link,2.25,1,0.4492217699225158,0.032215346250334426,0.07690936087248776,0.3972822032582306,2.1358635778098902,1
3120,asym_3link,0.35,0,0.002220375648972316,7.058290073389244e-05,0.02088198434647587,0.16817489968688407,3.770490261487797,0
3121,large_6link,0.7,0,0.015376949648263655,0.00028843091070653915,0.017652714015722794,0.2512613988379007,5.943841588748614,0
3122,redundant_4link,1.0,0,0.0015464207897212907,0.00018722495197069544,0.022918859513925315,0.486557176542873,6.055136862120898,0
3123,short_2link,1.35,1,0.16871321618741272,0.023097849911890986,0.024238844345659778,0.8312966165964518,375.19816262785827,1
3124,soft_5link,1.75,1,0.012359377278813616,0.0014171520696504055,0.1788627376103836,0.7790479440598272,3.6100961738848127,1
3125,wide_2link,2.25,1,0.40689039035219,0.07199971246473479,0.08206907266282598,0.9765633136032982,6.531018001579254,1
3126,snake_6link,0.35,0,0.0024984462889096203,6.742821958008559e-05,0.042526688214891376,0.16050525733413043,2.5981903298044218,0
3127,heavy_3link,0.7,0,0.0031365130365968072,0.00016704393846782916,0.03026011369316194,0.3254033355610392,3.353548457138442,0
3128,teacher_2link,1.0,0,0.0005366369265078627,7.888588618623868e-05,0.006317119187282124,0.736017139406332,8.858325423503748,0
3129,long_4link,1.35,1,0.15135725893001653,0.02414795320559616,0.03428097186343984,0.4452938672362523,8.720039454232454,1
3130,long_2link,1.75,1,0.4271644351920153,0.09801069439554823,0.17045168938692612,0.738286322047149,6.483987253254087,1
3131,needle_5link,2.25,1,0.32775900297422594,0.048965032269770746,0.039709468865789126,0.5523621935346102,4.2693701251147145,1
3132,asym_3link,0.35,0,0.014970887478978939,0.0005512897612632017,0.0005606952555368439,0.15170891387456312,301.3283703765367,0
3133,large_6link,0.7,0,0.001603085114880369,0.0001175190847199261,0.07276776061406867,0.22288514905813045,3.6223879523128026,0
3134,redundant_4link,1.0,0,0.006698650195055185,0.00039273439176282715,0.04913607166898528,0.4741871105511288,5.768859600946596,0
3135,short_2link,1.35,1,0.21971256662879185,0.005254627544373848,0.027812103493915705,0.6665336611769168,5.762201847108792,1
3136,soft_5link,1.75,1,0.21306559810890882,0.03687616813578389,0.055470856712644984,0.6247200042135801,3.7002214856992026,1
3137,wide_2link,2.25,1,0.4352765638570174,0.042045172430144155,0.05178021667389188,0.8285098699486328,3.490469995764188,1
3138,snake_6link,0.35,0,0.0020796753718737336,6.379374932722609e-05,0.04485191496125026,0.15086767908483892,3.4792279252175686,0
3139,heavy_3link,0.7,0,0.001689863766669443,0.00011815326263163704,0.010536456307659913,0.3770613086384572,3.8534182180666106,0
3140,teacher_2link,1.0,0,0.0073845092927146945,0.0003513794263313405,0.026132269017598027,0.6903220047113745,5.022339604341514,0
3141,long_4link,1.35,1,0.15337224901865718,0.004186703289093726,0.004266210400962278,0.13978318849815383,324.40952393591385,0
3142,long_2link,1.75,1,0.4038418300550278,0.0857112807227066,0.05629667276611856,0.74934897355978,19.122591576501303,1
3143,needle_5link,2.25,1,0.3464178449572024,0.01338683210469201,0.06112627882002826,0.6099446181384384,5.453481517327139,1
3144,asym_3link,0.35,0,0.003920680460952909,9.738506167561934e-05,0.02156338995535284,0.16928246901571387,3.7101171053731665,0
3145,large_6link,0.7,0,0.007753422433455802,0.00020466974848637912,0.030389399587399755,0.2961902993068212,3.648756976655719,0
3146,redundant_4link,1.0,0,0.01451203382328785,0.0008006722086948052,0.02730483825644072,0.44173568357735826,13.40940665051336,0
3147,short_2link,1.35,1,0.24277932383121828,0.02575745976176353,0.03513731962976152,0.8140462759332797,4.482854456580286,1
3148,soft_5link,1.75,1,0.25113972108124194,0.018447848136481242,0.06992365342804865,0.6146369706870856,2.920626314485262,1
3149,wide_2link,2.25,1,0.5234066327923763,0.06695977082423013,0.10881749018643817,0.5669532957198392,1.932784934898425,1
3150,snake_6link,0.35,1,0.20900805239475123,0.0009230758159379097,0.001319753631709337,0.07289697816018265,78.14139133840838,0
3151,heavy_3link,0.7,0,0.005263016268088661,0.00018579599158347182,0.043233876196383,0.4524563519207706,2.9124611579369453,0
3152,teacher_2link,1.0,0,0.0010033113621266425,0.00012132192269335844,0.0570949099794479,0.7174254075396428,3.8692840131851853,0
3153,long_4link,1.35,0,0.00209928442428154,0.0002720007233123794,0.05178276492751918,0.6574628407902854,3.982562462318075,0
3154,long_2link,1.75,1,0.33087598751996383,0.06389026687319008,0.2488728544824872,0.8052689811440031,8.716576411924255,1
3155,needle_5link,2.25,1,0.3069010248510072,0.04073174535609269,0.18801474200243418,0.5463401624357754,1.7057074182343344,1
3156,asym_3link,0.35,0,0.0263648848111307,0.0001810889711932301,0.01013341410916765,0.18659028743525738,5.99399376297808,0
3157,large_6link,0.7,0,0.0021355659214860557,0.0001121996809005141,0.05176023806232984,0.28097119675354565,1.879703319563048,0
3158,redundant_4link,1.0,0,0.0031532456760153256,0.00026881730359782486,0.027191472302158064,0.49302922246765624,4.432421219950965,0
3159,short_2link,1.35,1,0.22030182286492464,0.03177238198798144,0.031521180503760717,0.8252708550964712,565.701471736652,1
3160,soft_5link,1.75,1,0.14063441359694287,0.009942802796447818,0.06615681416801092,0.6785131788718198,3.168772385663909,1
3161,wide_2link,2.25,1,0.4140534472591104,0.06736730650700876,0.0761570747813867,0.9733154004722527,3.3591219787659528,1
3162,snake_6link,0.35,0,0.01166674911947303,0.00013596561273459789,0.010854899726995233,0.1370673671945518,3.618584732615791,0
3163,heavy_3link,0.7,0,0.004377459179721047,0.00023433757667266032,0.016651052946257454,0.2881391764311239,4.99014099913313,0
3164,teacher_2link,1.0,0,0.004768732562958225,0.00033051101185714674,0.02462299140749933,0.7083492773933626,5.1482543947193316,0
3165,long_4link,1.35,1,0.17264773830109303,0.01993536821592917,0.05050093118462773,0.4388715212102724,2.2898841951824647,1
3166,long_2link,1.75,1,0.23217629523264058,0.05008629143873695,0.16878396572826534,0.9540560374429958,5.146569631326817,1
3167,needle_5link,2.25,1,0.44322507210629386,0.051183017733680725,0.07251807895560398,0.4746944704355439,6.977077482625517,1
3168,asym_3link,0.35,0,0.08647318800158531,0.0010352525084230226,0.0010904733220539068,0.06818187537021932,166.41080272344587,0
3169,large_6link,0.7,0,0.002842288959337544,0.00011828212827191385,0.04002055351177739,0.25771603484787775,1.4373871166172907,0
3170,redundant_4link,1.0,0,0.0010546445911139121,0.00010876159444845344,0.03895192458576135,0.4808800903860722,2.9496296201095586,0
3171,short_2link,1.35,1,0.25422051711006793,0.03469095112584981,0.028334380768502906,0.8073704510807671,10.502046023280528,1
3172,soft_5link,1.75,1,0.3116919279888639,0.061394757037716394,0.12541136611314926,0.5865402469967214,6.141821635322433,1
3173,wide_2link,2.25,1,0.4134915670861189,0.07115026163626141,0.22608483380849198,0.8909280749919232,3.3930334037853367,1
3174,snake_6link,0.35,0,0.002261729209194472,7.75941550325913e-05,0.059173289020142614,0.14805734402071163,4.240074667174663,0
3175,heavy_3link,0.7,0,0.011109462711703481,0.00027122583774150723,0.017761198768160066,0.471491487226062,4.4399265820049685,0
3176,teacher_2link,1.0,0,0.0041253049368746,0.0004889910481242328,0.010004918152202532,0.6804783999199728,12.225678485858273,0
3177,long_4link,1.35,0,0.014263625712703657,0.0022673031699234577,0.002451031043690195,0.484083624365766,170.18161265132156,0
3178,long_2link,1.75,1,0.4210645828665755,0.030481927245482262,0.03241837771918592,0.6786400297243367,8.174601049492292,1
3179,needle_5link,2.25,1,0.30572762236772333,0.04635684141296811,0.04795121876733092,0.6612299313876246,3.2773997682809037,1
3180,asym_3link,0.35,0,0.0058012680512306595,0.00013437902533886895,0.018260875434134575,0.20002472104633331,5.057559643718096,0
3181,large_6link,0.7,0,0.00200055183474795,0.0001183743259017597,0.02554296124494144,0.22417285494130718,2.4697175254354766,0
3182,redundant_4link,1.0,0,0.0069781832447909494,0.00027092648250079426,0.03819068534276201,0.4627331371189136,3.1275000794420795,0
3183,short_2link,1.35,1,0.2541653170702417,0.027192204086629736,0.10958030333476684,0.808324136337026,3.417285551505925,1
3184,soft_5link,1.75,1,0.21780858533559744,0.04540884099981203,0.32670220428646657,0.6672162007180431,2.988790209059357,1
3185,wide_2link,2.25,1,0.3920288535088335,0.015171303691359913,0.015178755278624506,0.9576865335590737,14.970188945979341,1
3186,snake_6link,0.35,0,0.00592198653810949,0.00032103151907870547,0.0003398003367395135,0.15119270353555747,231.66302267778954,0
3187,heavy_3link,0.7,0,0.0013707159392846494,9.273657190401033e-05,0.04791341159805786,0.35900028081003593,2.835878037332716,0
3188,teacher_2link,1.0,0,0.001006533177331049,0.00014328510312492203,0.008147354105989452,0.7479384006054968,8.148405999534766,0
3189,long_4link,1.35,1,0.18202332574660784,0.02790771596560607,0.23829480371327874,0.43122562594452934,3.4526898076853434,1
3190,long_2link,1.75,1,0.24194221722155332,0.022440766682898024,0.0628194489895248,0.9328704358906386,3.0227926604169193,1
3191,needle_5link,2.25,1,0.44278047691326083,0.03605634390629434,0.07555781398030421,0.47531187954224885,1.8532036260889253,1
3192,asym_3link,0.35,0,0.000909043923231637,3.375361769393622e-05,0.017341751119257523,0.18162669925092081,3.6438206167855425,0
3193,large_6link,0.7,0,0.009954570727099927,0.00022171037606159524,0.022893314312008032,0.2489706386524245,2.5673000337237517,0
3194,redundant_4link,1.0,0,0.0005030006236907582,7.607174493638482e-05,0.1395032349696718,0.4820129641864835,18.120752320823254,0
3195,short_2link,1.35,0,0.03728106122916725,0.00335302475541739,0.0033548448551722625,0.6554364745893227,1220.7426385330996,0
3196,soft_5link,1.75,1,0.10246366394686615,0.015692871758262436,0.18033679948408854,0.7386345139883195,1.8521729801653917,1
3197,wide_2link,2.25,1,0.4665912781457266,0.054410554345678985,0.039763619126451974,0.6039237972115056,16.396372983737574,1
3198,snake_6link,0.35,0,0.0019420144889370746,5.9853039583712845e-05,0.049859857458901605,0.14590298111778963,2.767451418555365,0
3199,heavy_3link,0.7,0,0.004066874864435851,0.0002180204693711394,0.01783875500176875,0.36924211906413773,4.5913844074674435,0
3200,teacher_2link,1.0,0,0.005701398481643266,0.000255491688749184,0.03871114737397959,0.6846210361635089,3.0286377334041803,0
3201,long_4link,1.35,1,0.07772127720384978,0.01283871588471243,0.02518816550002547,0.5273554100192009,5.967210728182643,1
3202,long_2link,1.75,1,0.42629614440799257,0.03385457906435301,0.11530820098922884,0.6800329601030923,3.095718985349633,1
3203,needle_5link,2.25,1,0.2982173048328406,0.017390882159894,0.06085473539794446,0.6968377989945639,2.519531722081401,1
3204,asym_3link,0.35,0,0.11300466507640072,0.0010446600358148188,0.0011186873582022324,0.057281524100547,144.92288294309037,0
3205,large_6link,0.7,0,0.0032407458890777664,0.00012648625281901497,0.04481681503518581,0.2863938206745385,1.2486854802231822,0
3206,redundant_4link,1.0,0,0.008035823907444933,0.0010090296922725653,0.043269169114854206,0.4564080322307518,31.87143351661178,0
3207,short_2link,1.35,0,0.051239578587580215,0.003104041393949882,0.01906013381933179,0.5760564822655064,45.197390103677755,0
3208,soft_5link,1.75,1,0.24640052401359772,0.026090785579648595,0.04482205096380285,0.582382453567118,4.966606316979873,1
3209,wide_2link,2.25,1,0.19037542554444947,0.008320425620644712,0.012398398675046952,0.8944401880655274,52.50897598233183,1
3210,snake_6link,0.35,0,0.006845503863648337,9.22755197513833e-05,0.017199739150519793,0.15123127501291322,2.7897606080012833,0
3211,heavy_3link,0.7,0,0.01104987996960003,0.0002349758825659496,0.02531107668594066,0.5044832106527702,3.515227456827004,0
3212,teacher_2link,1.0,0,0.004054224569496727,0.0002862520924059645,0.11172475907704657,0.6619856717558551,4.314389263969974,0
3213,long_4link,1.35,0,0.022759096320725005,0.0029209278376770955,0.003398501978206345,0.38551209176518814,110.08100199121216,0
3214,long_2link,1.75,1,0.19462347443874023,0.037627539774511394,0.24020187598497153,0.9966823302241992,3.6283158711009165,1
3215,needle_5link,2.25,1,0.37869570423165894,0.06563536212565432,0.1418428773049073,0.40914734967544353,4.636109203300316,1
3216,asym_3link,0.35,0,0.02547983173969977,0.00032734304932795477,0.003793328638113464,0.21894087344193675,12.310334550336632,0
3217,large_6link,0.7,0,0.0022936688206946936,0.00016157982185591125,0.04775820987272974,0.24516841907843295,4.9894773804039545,0
3218,redundant_4link,1.0,0,0.011367028710837718,0.0003718432227845952,0.028007661264741922,0.5193941442863682,5.126467578646403,0
3219,short_2link,1.35,1,0.23926910132291523,0.006539031151323825,0.03659465256485439,0.6358689306625354,4.4547675482453135,1
3220,soft_5link,1.75,1,0.30350348314023506,0.06417382791395848,0.18353143949075174,0.5979145812715703,5.193722590641446,1
3221,wide_2link,2.25,1,0.5228812548221362,0.06765745926636145,0.06517594383154286,0.5678066736882373,2.290027343887207,1
3222,snake_6link,0.35,0,0.00953718809151981,0.00048523882350754615,0.0004976991517511736,0.14042516153380616,322.3360744552726,0
3223,heavy_3link,0.7,0,0.0008784149364632355,6.721837006132699e-05,0.06262894901010681,0.2889932663085785,3.7575775085197853,0
3224,teacher_2link,1.0,0,0.032103376370425624,0.002483947526759978,0.04076576759085664,0.4276185664108312,105.80898707609954,0
3225,long_4link,1.35,1,0.15148537299166911,0.02383128173754545,0.04950074712891821,0.44443373758305343,5.806558097081114,1
3226,long_2link,1.75,1,0.35771065103311855,0.07249807313362032,0.1100095548821063,0.8148846033912521,3.3110986871140415,1
3227,needle_5link,2.25,1,0.4824346888641899,0.04771707850148359,0.05021543666890225,0.45804494795773965,3.492283360129352,1
3228,asym_3link,0.35,0,0.00794801777723096,0.00010393409015130172,0.012800234559717072,0.21054655227542007,3.054859064187918,0
3229,large_6link,0.7,0,0.00115339378995703,8.753689141708766e-05,0.03543579604325003,0.24461806645225448,3.6477577291481054,0
3230,redundant_4link,1.0,0,0.0008196595141626891,9.545884242422712e-05,0.17674219532505606,0.483252559788854,4.181305780918797,0
3231,short_2link,1.35,1,0.09121456759169383,0.011805540395528176,0.0168607152486932,0.8523187813448488,121.02109133532663,1
3232,soft_5link,1.75,1,0.11121703995181735,0.006390336070976289,0.05791382902289787,0.7031792762125382,3.907036205477809,1
3233,wide_2link,2.25,1,0.399245030630797,0.027106169024072237,0.052766041181337896,0.9814814885152636,4.66901938642604,1
3234,snake_6link,0.35,0,0.004049495881872555,8.514035731018663e-05,0.012204358216241749,0.15252440149908542,2.7034310637509944,0
3235,heavy_3link,0.7,0,0.009193037721256861,0.0003259408655962287,0.022537654485802586,0.3435413894405361,5.922166006359238,0
3236,teacher_2link,1.0,0,0.008489310023848042,0.0007162972279543352,0.07613999703671054,0.6504001014830821,13.487337717697018,0
3237,long_4link,1.35,1,0.08371839687485999,0.013530622159588366,0.13116639238557046,0.5442748322525103,6.235232600130824,1
3238,long_2link,1.75,1,0.41091330603619464,0.08483293608614796,0.056520628289657315,0.7528808097571277,8.90894960965586,1
3239,needle_5link,2.25,1,0.34322246813209045,0.06015225071418937,0.2886894895571809,0.5299674785339895,2.8566143683226817,1
3240,asym_3link,0.35,0,0.02335645972266979,0.0007118445100021589,0.0008403401339764555,0.15259726544362542,90.82454724366855,0
3241,large_6link,0.7,0,0.004275006437441027,0.00014548686594578376,0.029512236763975092,0.2584782065592594,1.2243132109936083,0
3242,redundant_4link,1.0,0,0.004249357729896463,0.0003172210700223775,0.04664672546433808,0.503494093139365,4.859282824842261,0
3243,short_2link,1.35,1,0.20264015729247686,0.028152819292435446,0.026264024495498216,0.8191507817836197,187.17030949479934,1
3244,soft_5link,1.75,1,0.20176042397006588,0.045115729699674846,0.2542803186724381,0.6500559655567657,13.202823219258267,1
3245,wide_2link,2.25,1,0.5358563757095756,0.021790902680687917,0.03915493231965711,0.9070707469086712,5.550756980551093,1
3246,snake_6link,0.35,0,0.005889819816886879,0.0001963743589940814,0.009744266608296779,0.1481138397848332,10.936016020113978,0
3247,heavy_3link,0.7,0,0.006529909093045846,0.00034815244097603705,0.018851871317871822,0.48482396939355465,7.700699323827864,0
3248,teacher_2link,1.0,0,0.0009603202340118425,0.00010930824976559145,0.030628591363107256,0.749070012097091,3.1552418144790617,0
3249,long_4link,1.35,0,0.011325701559756703,0.0018999109495955381,0.002127901713883451,0.5344018632021472,128.76009885469,0
3250,long_2link,1.75,1,0.41348684601003344,0.035268950091237705,0.02188674180896356,0.6758391900490315,12.115473548103747,1
3251,needle_5link,2.25,1,0.3999939961431608,0.04328747433067994,0.03164931333841729,0.5242917757094123,5.950766698090752,1
3252,asym_3link,0.35,0,0.009889258119619994,0.00012360974332588414,0.009605506522728775,0.2124579256278701,3.7781166721276094,0
3253,large_6link,0.7,0,0.0031116259309217284,0.00018291609614594045,0.05446621013478422,0.22413589018537786,4.230427032688523,0
3254,redundant_4link,1.0,0,0.004839824547651062,0.00022195330977308245,0.057022964929536915,0.4922961009300828,2.0024670849429382,0
3255,short_2link,1.35,1,0.19012765087450076,0.02538013189875851,0.020895553793272972,0.811630788040863,104.11576606746603,1
3256,soft_5link,1.75,1,0.30441157793133544,0.07011006839001016,0.2674557195166754,0.5944385335076515,6.969449367601568,1
3257,wide_2link,2.25,1,0.5274683627914332,0.07138238934257,0.09067451296210674,0.5486592556123493,3.36998485314683,1
3258,snake_6link,0.35,0,0.012795087274066867,0.0005615923663767294,0.0008813661026253293,0.1287484814793857,68.40448084391558,0
3259,heavy_3link,0.7,0,0.027040930413198137,0.0006841757215724412,0.014912156210353206,0.4774118823328019,13.05578896575195,0
3260,teacher_2link,1.0,0,0.002868279542613942,0.0003625728952610645,0.030871987349917696,0.7415570186524837,10.2711564361832,0
3261,long_4link,1.35,0,0.0028057647547536277,0.00022866198297830784,0.07530808705473768,0.6619356225500962,1.2613783411484216,0
3262,long_2link,1.75,1,0.19765194328375704,0.044688798761134046,0.26386400248643876,0.9880159482142816,9.983583365200866,1
3263,needle_5link,2.25,1,0.3845858981811388,0.03631447208008563,0.05340711561911925,0.6640788547455867,3.6226534189055086,1
3264,asym_3link,0.35,0,0.001955409351260161,5.080742257202738e-05,0.012299863274828383,0.17408732844172006,1.8198701697237376,0
3265,large_6link,0.7,0,0.004949862395553023,0.00018628403231144643,0.0536639326914091,0.2627104524305535,3.4105956078217647,0
3266,redundant_4link,1.0,0,0.002383347105543853,0.00019401969974820708,0.03263169026919054,0.4711402854564382,2.8159162057987217,0
3267,short_2link,1.35,1,0.0806281400316977,0.01000689891506188,0.011603842223189309,0.8335783163613095,454.21584713651555,1
3268,soft_5link,1.75,1,0.06408470728632387,0.003533169193151166,0.07616019775380138,0.7623146855957862,4.64850642747695,1
3269,wide_2link,2.25,1,0.5377304010460014,0.06578444941109791,0.03931953276506338,0.9016844148908764,5.106108602247379,1
3270,snake_6link,0.35,0,0.008327302673497926,0.00010227562916083785,0.013829268700343015,0.1483712569735459,1.5211918991148414,0
3271,heavy_3link,0.7,0,0.005153770032999592,0.00018744743687012868,0.0486624047417343,0.4704563605551727,2.931540709782239,0
3272,teacher_2link,1.0,0,0.0021345660794724773,0.0003169341086266372,0.01136417304960353,0.7221171190590377,22.31963038922753,0
3273,long_4link,1.35,1,0.055009655938483115,0.0049861157065554315,0.09498556701173476,0.6134518623498776,4.525785512023464,1
3274,long_2link,1.75,1,0.24555752741383455,0.04550108868941654,0.1489518802872937,0.93961356594445,3.0100973203121333,1
3275,needle_5link,2.25,1,0.5055638808416474,0.04352945570580621,0.1013525732673831,0.29897919192181904,2.9662118567703866,1
3276,asym_3link,0.35,0,0.017397936834365052,0.0006135948854561429,0.0006344779860228306,0.1482216828609857,260.81191902425275,0
3277,large_6link,0.7,0,0.00426735986938211,0.00023908410741706957,0.014861756588056666,0.22830406273800705,5.756104464631401,0
3278,redundant_4link,1.0,0,0.001251634214149883,0.0001443606387037861,0.11727505562060904,0.4786599909872445,3.662738194650305,0
3279,short_2link,1.35,1,0.2445858967621941,0.012945943573345789,0.01758634678680049,0.5975837780190008,7.268054807364903,1
3280,soft_5link,1.75,1,0.3432251172132092,0.0908226203809947,0.0990718339640971,0.5658463997938452,8.502076067008865,1
3281,wide_2link,2.25,1,0.5539457240043417,0.041936668895098686,0.0576708941278564,0.8952845342602589,3.5367363012273105,1
3282,snake_6link,0.35,0,0.007536698923625946,0.00010901591776312342,0.018260328395922443,0.13418505042682213,3.284526158552565,0
3283,heavy_3link,0.7,0,0.009155357454807814,0.0005895722235673037,0.032190192739701216,0.2521242519637846,17.038934844094264,0
3284,teacher_2link,1.0,0,0.006681233540074545,0.00029464463547389583,0.04982400717379498,0.6596559864951906,3.8554822450135617,0
3285,long_4link,1.35,1,0.0428230126294466,0.008133321765554043,0.00971734717124539,0.5408886427206714,154.2506930512838,1
3286,long_2link,1.75,1,0.3353340272018845,0.0527620037685173,0.12304205936230797,0.8325104138077103,8.44872379685715,1
3287,needle_5link,2.25,1,0.35863364243255796,0.038176709857186304,0.07781390335725856,0.6292190744487262,1.2201125615824557,1
3288,asym_3link,0.35,0,0.03817902962684026,0.00030364551686515686,0.0050084646262253596,0.1972573636369565,10.933559951231791,0
3289,large_6link,0.7,0,0.0030959092473925366,0.0001268517416537503,0.03398186013118497,0.2421192531184164,1.8751012512886243,0
3290,redundant_4link,1.0,0,0.009820042004117934,0.00031439709614809063,0.033951213354006624,0.5025850713911011,3.930385689278083,0
3291,short_2link,1.35,1,0.24712737209304417,0.0067708117861480675,0.04290401861376249,0.60329642932006,8.495975107657587,1
3292,soft_5link,1.75,1,0.10733856012952848,0.009983396593037493,0.07596574795392508,0.713300301947055,2.6498384113034,1
3293,wide_2link,2.25,1,0.45326321660267743,0.07433211558968426,0.1397714832671252,0.9492617608568572,4.726285981394853,1
3294,snake_6link,0.35,0,0.011311925195197263,0.0005548970041683454,0.0005647529623475353,0.1364409108154298,527.8937668442478,0
3295,heavy_3link,0.7,0,0.004100534510077111,0.0002701809276717838,0.0324461104927976,0.32359574876627095,7.596262935635681,0
3296,teacher_2link,1.0,0,0.0008573117917315484,0.0001064246289682284,0.03159846104910697,0.7236615722547395,3.9440628670466404,0
3297,long_4link,1.35,1,0.08043216151373389,0.003968350490183701,0.04900438075906227,0.6625748990675042,3.4954779782704244,1
3298,long_2link,1.75,1,0.39207270755783785,0.01474346669911364,0.04828540300061018,0.7360097709956136,6.490033740158236,1
3299,needle_5link,2.25,1,0.40501982332070613,0.03230348354912477,0.08436560794913911,0.6712510713602903,2.5183786711131644,1
3300,asym_3link,0.35,0,0.003170589074656671,9.776354928021859e-05,0.008774884017536141,0.18011484803016897,5.026711657075033,0
3301,large_6link,0.7,0,0.004247143568267818,0.00014722629138744036,0.04123607051673893,0.2561932257255524,1.336236678377135,0
3302,redundant_4link,1.0,0,0.004151922161940283,0.0002163601014020978,0.06592124015654285,0.48854034196973173,1.9005998535673394,0
3303,short_2link,1.35,1,0.1765567855499591,0.023644460987421064,0.021282058979161127,0.817565776074662,205.573146178047,1
3304,soft_5link,1.75,1,0.20057677322035541,0.03957599155989129,0.06071656606387968,0.6588795421773802,3.77159223625164,1
3305,wide_2link,2.25,1,0.5451826787881424,0.08604099364987874,0.11025072388937386,0.4734833247906203,6.644373793610198,1
3306,snake_6link,0.35,0,0.0036459744712495873,9.37688958058835e-05,0.037402970020091,0.15929864740488214,3.693222283990469,0
3307,heavy_3link,0.7,0,0.0024180984043336126,0.0001740664994255699,0.028798713309012992,0.26070661412911694,5.850570667790285,0
3308,teacher_2link,1.0,0,0.010511076380468522,0.0004339024309056816,0.021842343475814187,0.6561807448103768,6.425126458887942,0
3309,long_4link,1.35,1,0.09768561732031315,0.01258771760679882,0.025176975871384885,0.539703145295718,5.633197454056047,1
3310,long_2link,1.75,1,0.33231398063057044,0.06236837404725654,0.07897790068913443,0.783717912766034,17.24111120339098,1
3311,needle_5link,2.25,1,0.34768928910684055,0.0359061815314819,0.05459261022380425,0.6448967203458219,2.1190576081504235,1
3312,asym_3link,0.35,0,0.06522734059075502,0.000949806009207369,0.0011460322541117381,0.11447973621716233,85.9416937557576,0
3313,large_6link,0.7,0,0.0026000056011854697,0.00019804243996237634,0.015315177255047033,0.22760248864944418,6.495286843914649,0
3314,redundant_4link,1.0,0,0.006273129529455302,0.0002867244017794089,0.03252090671199519,0.4877408518079884,3.3732323197872907,0
3315,short_2link,1.35,1,0.24220518326117127,0.009627137983201814,0.04087692801989916,0.5934783986105672,9.044899100012058,1
3316,soft_5link,1.75,1,0.1330968725381192,0.01614837296523148,0.07761373299803417,0.7238266429926445,2.5952212320861023,1
3317,wide_2link,2.25,1,0.4776547306868373,0.07068497007449188,0.05082732916673569,0.9211151913290216,15.401111245931327,1
3318,snake_6link,0.35,0,0.0036483120308938486,8.165166364589985e-05,0.035557915513159975,0.14531239271614488,2.9913701088835327,0
3319,heavy_3link,0.7,0,0.0074170135402830345,0.00033623942252282495,0.026081243933537668,0.46872132548925827,6.77897389809035,0
3320,teacher_2link,1.0,0,0.001857512336181605,0.00018959564554240456,0.04577856467250923,0.6884652131329005,3.7282996438081613,0
3321,long_4link,1.35,0,0.06296176503920745,0.0038112157074476154,0.004302675456559615,0.29704232102330946,124.33641488822073,0
3322,long_2link,1.75,1,0.35518900098771816,0.043699542965520595,0.03885901877868359,0.6913577353112246,26.296002714553502,1
3323,needle_5link,2.25,1,0.32877159406826895,0.052200139501806964,0.14511817851345082,0.48956565134908425,3.8691285390135235,1
3324,asym_3link,0.35,0,0.009231344083716678,0.00026704137675319075,0.0024564828268950198,0.1653758847379808,13.297446981525342,0
3325,large_6link,0.7,0,0.0008730086601167233,6.559373922412463e-05,0.06950992368366206,0.24116482050172477,2.9429292958063646,0
3326,redundant_4link,1.0,0,0.00554360307036028,0.00023544886100839154,0.04944368357448501,0.47273176517044185,1.380079662262082,0
3327,short_2link,1.35,1,0.1695867991014857,0.004803364321046774,0.018968546795666712,0.7183757918190127,7.355328630965581,1
3328,soft_5link,1.75,1,0.36665227893417984,0.06065312172405428,0.05238909012541157,0.5242450527562486,11.248540957566233,1
3329,wide_2link,2.25,1,0.45052574242309307,0.06872286957552559,0.16547040010813263,0.9515475473849936,3.00443642946927,1
3330,snake_6link,0.35,0,0.02776149600983918,0.0008961185302301969,0.0009255034827304069,0.09422503124405314,282.9495997109341,0
3331,heavy_3link,0.7,0,0.006258712579180321,0.00018882592118137637,0.02543375397275423,0.39902356055839,2.8408610581889655,0
3332,teacher_2link,1.0,0,0.003457643753973721,0.00030436100309327185,0.038059529426533296,0.7232974314758899,5.331343329838305,0
3333,long_4link,1.35,0,0.002499718611491263,0.0004465096880455037,0.03437599300714599,0.5520642532035657,16.422128175959866,0
3334,long_2link,1.75,1,0.3130121891426562,0.06282447181636353,0.1837361014060783,0.8279838411607262,10.301875434727767,1
3335,needle_5link,2.25,1,0.36793136031949986,0.0692665458591545,0.06705555310958188,0.44193022691474687,4.927074165936291,1
3336,asym_3link,0.35,0,0.0025938295616043518,7.21425515883971e-05,0.017436572846877232,0.1594697170839405,2.9849966593292536,0
3337,large_6link,0.7,0,0.0008695648922625586,6.957271210407909e-05,0.10134564941937385,0.25325721600573875,3.708285889772322,0
3338,redundant_4link,1.0,0,0.002310947034487119,0.00026320542738609654,0.07180631902788655,0.48595339842332763,6.1376050322353795,0
3339,short_2link,1.35,1,0.22281475758188946,0.032348122291354184,0.03249080215916621,0.8268976700533014,175.7763553519546,1
3340,soft_5link,1.75,1,0.28271412748956437,0.04589963519199706,0.16234688127419256,0.5433942392168807,6.013432671005056,1
3341,wide_2link,2.25,1,0.544213333092354,0.08321277153478125,0.10650025142458673,0.48406472214412216,4.871371837625769,1
3342,snake_6link,0.35,0,0.006515492061180017,9.935396372309806e-05,0.011425564943524555,0.15379208089895982,3.284575345031632,0
3343,heavy_3link,0.7,0,0.0016178478176456777,9.713645079820657e-05,0.06872413047553784,0.26707314680108746,2.168790112652033,0
3344,teacher_2link,1.0,0,0.0015185805426704156,0.00014173315610930363,0.04060136648074582,0.7017497268328209,2.4441825866584286,0
3345,long_4link,1.35,1,0.01647715353404854,0.0014484591924178677,0.13904340907448862,0.6211862291561354,3.0096041608134794,1
3346,long_2link,1.75,1,0.3879881069086236,0.09776253760657377,0.09804827600827605,0.7815419675272087,11.413776741672182,1
3347,needle_5link,2.25,1,0.371033956880544,0.0778812244344316,0.07385694039545351,0.4504388335943442,21.372260820395315,1
3348,asym_3link,0.35,0,0.004979962150421961,0.00020819513005126714,0.0002111785046846823,0.17421106060027808,328.83224650443316,0
3349,large_6link,0.7,0,0.005570752782009553,0.00017089059135602959,0.03799846049796005,0.26832763906385004,2.0073052015611728,0
3350,redundant_4link,1.0,0,0.0028962131322572073,0.00019647784106663054,0.10390502073642813,0.48299081603118016,2.2882620984376967,0
3351,short_2link,1.35,1,0.08171078533135168,0.010911242755126688,0.02122761847338877,0.8886713824001847,41.17144843999531,1
3352,soft_5link,1.75,1,0.21812274571537646,0.012050481740511017,0.06556832426010861,0.6494232050796899,4.550852413552841,1
3353,wide_2link,2.25,1,0.5269818304258002,0.03549925102976428,0.06749952951175593,0.9105483990736735,2.4725155671401398,1
3354,snake_6link,0.35,0,0.0024684381760449597,8.694299743532162e-05,0.01660350175370738,0.1438965999665022,4.934386772333517,0
3355,heavy_3link,0.7,0,0.00219498724389364,0.00015692742259437533,0.04494660285299217,0.3637997283243866,5.811146072605367,0
3356,teacher_2link,1.0,0,0.0640362423167226,0.0028779046449083174,0.004247782331950387,0.2809500226306574,150.16196660847552,0
3357,long_4link,1.35,0,0.02556681938791773,0.0032010506485729675,0.003235959114342195,0.37147067051371047,490.48233262499457,0
3358,long_2link,1.75,1,0.3478491146864062,0.06464109195197733,0.035167532958863684,0.7769942496898794,11.118857722194768,1
3359,needle_5link,2.25,1,0.31693572502112566,0.035217719971064924,0.1754602907807758,0.6408808046024519,1.9494039191685677,1
3360,asym_3link,0.35,0,0.023406210980947986,0.00017185641118111012,0.007451552202891417,0.2305414591823386,5.482831508976834,0
3361,large_6link,0.7,0,0.0012377449678602811,7.843099593620232e-05,0.0377945384280004,0.2529045246638628,1.9705772431878101,0
3362,redundant_4link,1.0,0,0.014243565882593998,0.0003786051592599688,0.03476957439559854,0.49689025167049583,5.069300423700571,0
3363,short_2link,1.35,1,0.23341173951108193,0.014175191278079376,0.04158058831853926,0.6294910950012831,3.1154017078420995,1
3364,soft_5link,1.75,1,0.09189525957582681,0.007306388773640679,0.08617223209771555,0.7126242430664959,1.5127502801214074,1
3365,wide_2link,2.25,1,0.5428576235230304,0.08875670514397432,0.12058532394788149,0.49786548520076995,2.4192805142986233,1
3366,snake_6link,0.35,0,0.005190838833456302,0.00028377846558683644,0.0005153534981443741,0.15184836195712292,162.79109486242464,0
3367,heavy_3link,0.7,0,0.0029183613818312823,0.0001297050618311349,0.057461356933827486,0.4039137997120587,1.8147816051707457,0
3368,teacher_2link,1.0,0,0.0004462688524046198,6.689638123753434e-05,0.10950675248366143,0.7396158516086069,11.570411250379205,0
3369,long_4link,1.35,1,0.18115347472364715,0.00740030356002348,0.02939714926925906,0.6231812209694279,6.416373282542768,1
3370,long_2link,1.75,1,0.36630072262251373,0.09234063413291432,0.2055949871902646,0.8051699546295236,12.600155466499553,1
3371,needle_5link,2.25,1,0.22250899354793283,0.03241743471601518,0.17266291366212558,0.7055344909664415,2.3772793616573304,1
3372,asym_3link,0.35,0,0.003250545229042057,8.59633879122552e-05,0.009864181685984259,0.16816897066670677,3.4386770996479847,0
3373,large_6link,0.7,0,0.003178333679248022,0.00012848282388265304,0.042437949878177963,0.2873584602955547,1.7602122831992761,0
3374,redundant_4link,1.0,0,0.002092085104551381,0.00015754534684127048,0.1115286777163402,0.4907134848969489,1.9019410787388145,0
3375,short_2link,1.35,1,0.1621302889694735,0.022370083167661287,0.025330550386189216,0.8402790910406087,132.35413908649446,1
3376,soft_5link,1.75,1,0.2976805528787729,0.05313072516978245,0.07424180129288298,0.5967070311928057,3.446247874993938,1
3377,wide_2link,2.25,1,0.48992318174243155,0.02890273016739194,0.06431346447618823,0.9310714221724239,3.2111372012687585,1
3378,snake_6link,0.35,0,0.012773008209478671,0.00012625823734502257,0.009938225132814987,0.14862286335127906,1.2928022523417828,0
3379,heavy_3link,0.7,0,0.0009062018190493866,6.670136544554036e-05,0.03245301780343328,0.2859299071344955,3.571572558404431,0
3380,teacher_2link,1.0,0,0.004285532254812673,0.00039372251149055504,0.024174958606242584,0.666532514803614,7.350861894781457,0
3381,long_4link,1.35,1,0.13756356235720965,0.018409761518650487,0.030033566919496057,0.4841118039461146,6.154583488497094,1
3382,long_2link,1.75,1,0.3121373051971318,0.0777315889380497,0.0922945268799968,0.8610389712618624,22.55473740377626,1
3383,needle_5link,2.25,1,0.23586259608249327,0.02698301779796181,0.115413780794875,0.7477685788779314,2.7930832754433577,1
3384,asym_3link,0.35,1,0.6263133988993618,0.001015692334660019,0.0012052923393177208,0.08733602931926525,88.95036589181117,0
3385,large_6link,0.7,0,0.005370926854316591,0.00018511601956116801,0.024658507081693547,0.25239873354012393,3.3354114511294997,0
3386,redundant_4link,1.0,0,0.004764774078994003,0.0004973874786581045,0.06324980891463772,0.5326960132567632,10.56503077281633,0
3387,short_2link,1.35,1,0.044105046029814084,0.00487046888638118,0.05293879915090121,0.8767575718891797,7.146383880656886,1
3388,soft_5link,1.75,1,0.2995433893588979,0.07144571644353762,0.2411836472473485,0.6031375619590735,5.207014181611202,1
3389,wide_2link,2.25,1,0.3929140293413346,0.06542013824622034,0.10577923988056,0.9451265927897713,3.0861062565385162,1
3390,snake_6link,0.35,0,0.0012566039494291766,6.384871257669049e-05,0.017578192191109232,0.1543140273662782,12.909008346726557,0
3391,heavy_3link,0.7,0,0.006882715811473895,0.0002544516960756589,0.015876313168405914,0.30359516305251943,4.541278409675089,0
3392,teacher_2link,1.0,0,0.00433803384453598,0.0003144849500102402,0.024289153476688953,0.6616140370582719,4.934547726606727,0
3393,long_4link,1.35,1,0.23084469219735745,0.004129311358182104,0.004402209004296595,0.13729288693082606,181.8368258239478,0
3394,long_2link,1.75,1,0.34029383402977514,0.04963464917717332,0.06454448102557404,0.8324845006852944,4.165586317783863,1
3395,needle_5link,2.25,1,0.31871096339787175,0.054405800769682953,0.04897267567339745,0.5361600783616812,6.551577649330837,1
3396,asym_3link,0.35,0,0.0013420564798939541,5.428235387369691e-05,0.007760147780535635,0.1875593409921037,7.9254733713070555,0
3397,large_6link,0.7,0,0.002744512688510688,0.00012562145257913364,0.04535227610349497,0.25485079146082196,1.981219241870639,0
3398,redundant_4link,1.0,0,0.004162579938439704,0.00023724056664651454,0.06760474079404154,0.5135926986036878,2.7355623295818523,0
3399,short_2link,1.35,0,0.042807327160016,0.002731142445226822,0.0054662023715908855,0.638338370315001,34.351720892979145,0
3400,soft_5link,1.75,0,0.002097586507105779,0.0003715892375648903,0.05172193513659794,0.7906941519147509,4.083004600441293,0
3401,wide_2link,2.25,1,0.49844474930305155,0.09564435491352186,0.09716298484558605,0.6481660497869919,5.89119380807568,1
3402,snake_6link,0.35,1,0.28197889700782436,0.0010907866042562428,0.0011188263999948333,0.023061998189078996,323.06485258729225,0
3403,heavy_3link,0.7,0,0.001166748604712593,9.113453163568465e-05,0.0064154763668768005,0.34055771634267046,4.935394934789804,0
3404,teacher_2link,1.0,0,0.0015887256906494175,0.00016044345114296494,0.033160958991622295,0.7444784640502704,3.135893207372285,0
3405,long_4link,1.35,1,0.09132601605495193,0.013770930375243847,0.1446011456085789,0.5005253995715132,4.024285699903825,1
3406,long_2link,1.75,1,0.30840532433555556,0.018853657917013652,0.028798403197663837,0.8337304270617114,8.624939245459675,1
3407,needle_5link,2.25,1,0.5074483679878128,0.035741895545169385,0.04655289890200362,0.3027196531946706,3.9687622233357747,1
3408,asym_3link,0.35,0,0.01245056243727356,0.00012586189081001184,0.011193472114622117,0.2226664705853212,3.7095315397169246,0
3409,large_6link,0.7,0,0.0035988164367304776,0.0001363279149455696,0.03622178193781262,0.27378463204795134,1.6469881418607795,0
3410,redundant_4link,1.0,0,0.001018254877048774,0.00012491963663462734,0.05423364628665907,0.49082471376748343,4.190932092039752,0
3411,short_2link,1.35,1,0.15404516894525486,0.020813112205094596,0.022457221764609053,0.8336629261522954,290.26812437308655,1
3412,soft_5link,1.75,1,0.133569751250336,0.0166350553316667,0.19013141992476068,0.6928492858212499,3.71403422486291,1
3413,wide_2link,2.25,1,0.2847193456544316,0.017133307498743554,0.03618989701988825,0.9645772247991182,19.004604239011513,1
3414,snake_6link,0.35,0,0.0031588671279631692,9.825170503728324e-05,0.016137211492376485,0.14854450714563947,4.979757909554184,0
3415,heavy_3link,0.7,0,0.0012413244156620885,8.509056555647196e-05,0.051485291849305094,0.27842336340067336,3.0255953840803667,0
3416,teacher_2link,1.0,0,0.0016897429674600777,0.00020572720724290627,0.07896576857492922,0.7460254155213287,5.5949389951068635,0
3417,long_4link,1.35,1,0.054041778259494334,0.008047461128056621,0.03661379209947911,0.563954504438092,4.173620430546031,1
3418,long_2link,1.75,1,0.3204916375822131,0.025723803183003817,0.0911693027379014,0.8273084114255832,2.5931905810812115,1
3419,needle_5link,2.25,1,0.2933335426739317,0.040293196664376835,0.14987599813610616,0.6182584171701311,2.3805390697493563,1
3420,asym_3link,0.35,0,0.11816903034469908,0.0010760277667212145,0.0010881207415659423,0.045793694938144745,378.66189849100914,0
3421,large_6link,0.7,0,0.0028600533905186205,0.00011995960116109002,0.05217653513555909,0.2886424285475532,1.4077996552869814,0
3422,redundant_4link,1.0,0,0.0009857957371642938,0.00010119744686909,0.085017629413909,0.48278305011115674,2.4212662853447977,0
3423,short_2link,1.35,1,0.18048115903412557,0.02569626690737478,0.03231137944183992,0.8475084016114459,43.117100973869654,1
3424,soft_5link,1.75,1,0.24859243048832874,0.03916657297865777,0.17436495328165913,0.6441129568059285,2.937948644152656,1
3425,wide_2link,2.25,1,0.5502451057349143,0.10192357282717732,0.16050464777121923,0.46071747680338976,8.881190902430658,1
3426,snake_6link,0.35,0,0.0008636152939332599,3.2694150292215314e-05,0.013297441120312394,0.1573235767906411,2.9512870597305665,0
3427,heavy_3link,0.7,0,0.015349885593869166,0.0005085614844562837,0.008227519382539324,0.45651987475681655,9.617228904451418,0
3428,teacher_2link,1.0,0,0.0010255350622432092,0.00015049467315192045,0.004973278936034773,0.7468525591997501,10.919869827783156,0
3429,long_4link,1.35,0,0.13838230260413795,0.0034245433402046153,0.005275468051600164,0.43332270275486334,61.19120433237455,0
3430,long_2link,1.75,1,0.4211768094520002,0.03140570611196211,0.11108721482987155,0.6879381701094697,2.858157880912808,1
3431,needle_5link,2.25,1,0.4024352261375476,0.03361157726730263,0.08336847220927136,0.49172647373970935,2.1535282365123636,1
3432,asym_3link,0.35,0,0.00603241170913767,0.00011709197925688751,0.007839225329862757,0.2005234616707593,3.717703607852648,0
3433,large_6link,0.7,0,0.00230527956918494,0.00016037628300028008,0.03774308215400601,0.2184992657820975,4.437836771731486,0
3434,redundant_4link,1.0,0,0.001122027247939761,0.00011723889908480094,0.17038124319501252,0.4837308035080152,2.8684204106524254,0
3435,short_2link,1.35,1,0.1182344864721002,0.016270268335966995,0.07634546252141917,0.8813036413751858,28.20397891225132,1
3436,soft_5link,1.75,1,0.20389295809971725,0.02105696352021721,0.06939914935462788,0.673553864797156,1.2022632889093499,1
3437,wide_2link,2.25,1,0.5327438014184461,0.07114687318478523,0.09379573163174136,0.5337657660126177,2.2227401440607046,1
3438,snake_6link,0.35,0,0.020333625316845575,0.0007753332957398641,0.000867458893515479,0.11362606686042234,148.88394385705516,0
3439,heavy_3link,0.7,0,0.0025349026762232344,0.00021538888964282572,0.02563335869723697,0.29551279928396335,43.45233318195658,0
3440,teacher_2link,1.0,0,0.01092579970603235,0.00037105236001170716,0.05304571268660577,0.6602332089180347,5.177242021624941,0
3441,long_4link,1.35,1,0.0834813387700235,0.006093688117664087,0.07680219639942425,0.5631659089181602,1.7872168823836716,1
3442,long_2link,1.75,1,0.40267529132608776,0.021279809687325273,0.0564891317784458,0.7164760323259018,4.28785667103398,1
3443,needle_5link,2.25,1,0.3752058988049946,0.05461927069296975,0.22143342227391014,0.5325131181551154,2.0220028916722184,1
3444,asym_3link,0.35,0,0.00308827105491664,7.673526372087831e-05,0.014186458095754775,0.17079527671607556,2.764223373797735,0
3445,large_6link,0.7,0,0.0025271996068197545,0.00013709215798443937,0.026212237156160306,0.28672733113435955,2.6671347723763326,0
3446,redundant_4link,1.0,0,0.005331649068468259,0.00036828115431356646,0.0441209425936235,0.457799594916898,5.689614939981455,0
3447,short_2link,1.35,0,0.028740815480709506,0.0028967509857594125,0.0032644143522198243,0.7981619688323487,95.38210992808398,0
3448,soft_5link,1.75,1,0.2340428283970792,0.04374081753879006,0.059726363414565005,0.613027863427151,17.686487926599014,1
3449,wide_2link,2.25,1,0.3987254590215559,0.036970490826734814,0.0711558306494676,0.9305727689125014,2.69582742652814,1
3450,snake_6link,0.35,0,0.003780123693603482,9.999588443266268e-05,0.027517989447415927,0.15540017938648357,4.1054370858165194,0
3451,heavy_3link,0.7,0,0.0013908014338726816,8.595993162956827e-05,0.02039271598624374,0.32877238997250213,2.13660552445729,0
3452,teacher_2link,1.0,0,0.0025572124507425584,0.00021874098324829388,0.0542484216723175,0.6734333160214064,3.4855980283535635,0
3453,long_4link,1.35,1,0.035028873162406104,0.0020569511029386338,0.049537762630593854,0.5825982535775805,2.6280424385576984,1
3454,long_2link,1.75,1,0.42714917979988476,0.07626667107711815,0.11559348538271068,0.7387189235287592,2.9126040245945872,1
3455,needle_5link,2.25,1,0.31746120282255935,0.02827885561250907,0.09025092272163619,0.7026194457107962,1.719863078004934,1
3456,asym_3link,0.35,0,0.042005153825818646,0.0009158047515699754,0.000987369511597685,0.09980219241590098,137.3893121385285,0
3457,large_6link,0.7,0,0.0008528251194642287,6.575500195168828e-05,0.02428488441251035,0.2282203991081287,3.338551726290202,0
3458,redundant_4link,1.0,0,0.011420768390952846,0.000742307362995899,0.07336617189258178,0.49770859764266756,12.821718278538325,0
3459,short_2link,1.35,0,0.009753821894490495,0.0005385031020975356,0.029189484245642525,0.9336205983347862,3.64409699906886,0
3460,soft_5link,1.75,1,0.29939528681872557,0.031781278045799825,0.1559567637666953,0.5968786541814741,2.2470043336934937,1
3461,wide_2link,2.25,1,0.44630854374679624,0.08636304035799851,0.0953727005400015,0.7819398472804368,26.445086689902094,1
3462,snake_6link,0.35,0,0.004053541909497332,0.00011545083058272148,0.020657257427290666,0.14905290810815677,5.3006314354010255,0
3463,heavy_3link,0.7,0,0.0040476684922678965,0.00014449658196283297,0.051043150324351735,0.42526758862109326,1.7151587909271264,0
3464,teacher_2link,1.0,0,0.05678124532614951,0.0019264360123171526,0.005914940846787413,0.5498276983578392,38.763443692381976,0
3465,long_4link,1.35,0,0.007821138226737042,0.0014031311406358532,0.001432666401864631,0.5410145824762403,317.57147291591565,0
3466,long_2link,1.75,1,0.20765935706627794,0.0406960221249296,0.18020831966952133,0.8726112123440132,42.01391444654826,1
3467,needle_5link,2.25,1,0.4788004374076389,0.035757190229408785,0.05526514168559819,0.3734436141465434,3.631228103091265,1
3468,asym_3link,0.35,0,0.0026780270481249076,5.89836273236781e-05,0.03216501076080445,0.2005818135453547,1.4844140702362123,0
3469,large_6link,0.7,0,0.004310208230052246,0.00020776434555700232,0.08326070528120826,0.24262472275502855,4.18981789606038,0
3470,redundant_4link,1.0,0,0.0032363196346672347,0.00019478077696491434,0.08018775568304237,0.4842752648395105,1.936433679004615,0
3471,short_2link,1.35,1,0.17667481862739967,0.01891205110484351,0.008779026994469839,0.8381960150396128,14.348031191518434,1
3472,soft_5link,1.75,1,0.3678602344382752,0.07825913608637902,0.06896874528845497,0.5450389770256328,4.084756658976291,1
3473,wide_2link,2.25,1,0.5484859778819042,0.05319131626543206,0.06567877634899458,0.8984705187027732,1.8264052323915256,1
3474,snake_6link,0.35,0,0.00806048991964543,0.0004216597260920146,0.0005025598881411332,0.14546066828456283,253.0690688370918,0
3475,heavy_3link,0.7,0,0.004187787321031812,0.00020295679563403645,0.017300821659330393,0.32119433962920396,3.8333446901398927,0
3476,teacher_2link,1.0,0,0.00486111899145844,0.0005542374863128183,0.10322758388485645,0.7285582727015038,13.15033815000647,0
3477,long_4link,1.35,1,0.1619805792269571,0.02058587150327328,0.05258576701511027,0.6053655261872114,7.116329756428104,1
3478,long_2link,1.75,0,0.08837693233227374,0.004582528568845822,0.02606153440549056,0.6629487344196806,73.69324435512738,0
3479,needle_5link,2.25,1,0.25682490686736115,0.0285348844299429,0.07246210485486398,0.5959104794467236,1.5186851558309493,1
3480,asym_3link,0.35,0,0.004954323387581155,0.0001278335836762073,0.01127018393459949,0.19590052642446912,5.263883583803695,0
3481,large_6link,0.7,0,0.002666934594791576,0.00012088033683497102,0.040013591755688104,0.24007570007453963,1.6637216109406223,0
3482,redundant_4link,1.0,0,0.00630321313170324,0.00045003224014306505,0.017454257252886466,0.46544529567598075,7.372148840576991,0
3483,short_2link,1.35,1,0.2139360074806488,0.03075989702420628,0.031081606308636912,0.8276569887493807,533.274447471625,1
3484,soft_5link,1.75,1,0.11888534328713739,0.021247027864396043,0.24207791448321653,0.7431367062527695,2.1973000230250537,1
3485,wide_2link,2.25,1,0.3827884210392594,0.06591154840514522,0.08302286350820251,0.9707105878643923,3.7274589939814717,1
3486,snake_6link,0.35,0,0.003508017961090532,7.92133841004826e-05,0.019164650214827914,0.1497876382943679,2.7029840616758665,0
3487,heavy_3link,0.7,0,0.0032229066230523044,0.0001796825473169111,0.015564836878979598,0.44985212974353217,3.8583231263552973,0
3488,teacher_2link,1.0,0,0.005283113333762639,0.0002423775519398767,0.0687700835804258,0.661025611827566,2.7410349424043337,0
3489,long_4link,1.35,0,0.005521539942338372,0.00031800851626604765,0.0585294849390779,0.6319100137815779,2.3996889772324614,0
3490,long_2link,1.75,1,0.6186283330851838,0.005365746674095097,0.005764424096281549,0.29115188577509854,185.87440873588946,0
3491,needle_5link,2.25,1,0.5127869079017013,0.07127583619915011,0.029253143045032775,0.30571647052386136,5.178421177841999,1
3492,asym_3link,0.35,0,0.11403478925672735,0.001070872313167523,0.0010891491617371822,0.048188066812138296,295.24866771759696,0
3493,large_6link,0.7,0,0.0016170419800398308,9.012044757108868e-05,0.04487598788612388,0.23817715500380282,1.4992446024964157,0
3494,redundant_4link,1.0,0,0.0014339137610301456,0.0001536766989395016,0.13703896728536133,0.4851684561272617,4.085925468274092,0
3495,short_2link,1.35,1,0.14733377886812044,0.005976874988187314,0.015731626214388082,0.5936094739947684,21.90711484850906,1
3496,soft_5link,1.75,0,0.004402100997065312,0.0008813317227344105,0.1834020047249848,0.7598989589733939,11.886528832692662,0
3497,wide_2link,2.25,1,0.5550025118078846,0.05109577782842436,0.052309510627399754,0.8946899575093598,2.9619691453012122,1
3498,snake_6link,0.35,0,0.0017293524479528972,7.305494855315465e-05,0.050251280844898896,0.15055630981725762,5.558025420397674,0
3499,heavy_3link,0.7,0,0.0023095872281060316,0.00010746364194304635,0.02340277967640798,0.33550490220570967,1.3433176607913913,0
3500,teacher_2link,1.0,0,0.004134268760699179,0.00022197660347672793,0.04065529611849349,0.6957852053496449,2.438827849728007,0
3501,long_4link,1.35,1,0.08560123401131212,0.015923987004301678,0.005905423091401864,0.5002390305243388,112.868687419051,1
3502,long_2link,1.75,1,0.3848564171241879,0.01771660892657713,0.05506049931753466,0.7428712095522861,5.1405586994991195,1
3503,needle_5link,2.25,1,0.37314597633450625,0.04851614384259908,0.04945114714771676,0.5705424339248126,2.4703330009269973,1
3504,asym_3link,0.35,0,0.004034606074810672,0.00010754261375716035,0.02111088118481749,0.19804043592706858,4.526003879760986,0
3505,large_6link,0.7,0,0.002140656345514396,0.0001336709497572545,0.07850826628189175,0.2414467106454119,3.0919038721339756,0
3506,redundant_4link,1.0,0,0.001502657254349049,0.00013744356083736063,0.11936863533931621,0.48038715765316065,2.242065525466854,0
3507,short_2link,1.35,1,0.2584659100301316,0.032234628612545384,0.03173631838620416,0.8051740653843388,6.039469879417044,1
3508,soft_5link,1.75,1,0.17057209700115167,0.013928599365798738,0.09767394213252706,0.6507726230031271,1.8184753516423136,1
3509,wide_2link,2.25,1,0.5480509243878247,0.08034247996364291,0.06986767585538212,0.47665705946087705,2.6275410417350287,1
3510,snake_6link,0.35,0,0.019390792186241373,0.0006451116450608411,0.0013687686331688759,0.11681072344896834,53.04660489976831,0
3511,heavy_3link,0.7,0,0.0019328300941447588,0.0001369054624492977,0.010177148358837547,0.35852098516060604,5.155897690501298,0
3512,teacher_2link,1.0,0,0.00319039578819005,0.00037354733561605676,0.01232665656450613,0.6838782642741713,9.068663856113595,0
3513,long_4link,1.35,0,0.002093438045115572,0.00020621076006678094,0.0568389707297802,0.6504180815767117,1.6993031498890308,0
3514,long_2link,1.75,1,0.2903539494285932,0.023646155665238706,0.06810316834790998,0.867486764203924,3.418183712956728,1
3515,needle_5link,2.25,1,0.23880851708996212,0.036817780168822534,0.22774445581903446,0.7269747332908473,2.788562703654221,1
3516,asym_3link,0.35,0,0.004984658217201258,0.00012344419298651358,0.025167440222309923,0.16185771232127816,4.982043819730898,0
3517,large_6link,0.7,0,0.002313279967426243,0.00013897619621984288,0.07054501166652123,0.2860859622534825,3.1240493806897747,0
3518,redundant_4link,1.0,0,0.012211597201916686,0.0003494524258509179,0.028868169740074986,0.4736927926341289,4.716052456203943,0
3519,short_2link,1.35,1,0.2198879615667021,0.0318666360228557,0.03222922403736581,0.8278320089014785,210.37573418898302,1
3520,soft_5link,1.75,1,0.21477925845739826,0.030085972531515588,0.08479442702656317,0.6506922523728769,3.9659009084268915,1
3521,wide_2link,2.25,1,0.41793501423536794,0.07909393615345396,0.13338692725554313,0.8748617198184923,8.874571643752672,1
3522,snake_6link,0.35,0,0.001309250637875139,4.9320265951537616e-05,0.018401182602003966,0.15898561181060103,5.35053619453379,0
3523,heavy_3link,0.7,0,0.01776589435671915,0.0003949444796909988,0.011810881250038643,0.5029059377873282,6.730015370953776,0
3524,teacher_2link,1.0,0,0.006715349657233943,0.00034917423426969636,0.02607338980517728,0.6575770655819665,5.0672662469989636,0
3525,long_4link,1.35,1,0.13521132485373838,0.015233761778470599,0.030363531461179406,0.6380694624574131,4.783180335371284,1
3526,long_2link,1.75,1,0.0805050169199572,0.004535210177372428,0.008297477420630361,0.8805030554319855,42.61737718310956,1
3527,needle_5link,2.25,1,0.2581793136320981,0.014142187045779821,0.06462675973012882,0.7104655923835983,3.296537109521365,1
3528,asym_3link,0.35,0,0.022608212314693468,0.0007137949897136244,0.000773038673162607,0.12791363753773224,133.54768842118202,0
3529,large_6link,0.7,0,0.0011187851521217715,8.697887996163715e-05,0.06760462183689403,0.2454726738822659,3.9656787126402215,0
3530,redundant_4link,1.0,0,0.0010568304358285082,0.00014453839928795043,0.20834077052698208,0.48068555772013516,6.636857351488492,0
3531,short_2link,1.35,1,0.15189035681243696,0.0040849603427056975,0.00932692855980923,0.2928066572179853,144.04984613157873,0
3532,soft_5link,1.75,1,0.31940025661750965,0.06525107917195191,0.057926802285127546,0.569996894707223,9.857353453451983,1
3533,wide_2link,2.25,1,0.5556543713803687,0.04499676638198052,0.0642876892473542,0.894947090377498,2.4804596138657162,1
3534,snake_6link,0.35,0,0.014730281788819969,0.0001348227810607467,0.012232085626098087,0.15378283476836396,5.040574788126812,0
3535,heavy_3link,0.7,0,0.002039666551791938,0.00012237198495779143,0.02927921584872543,0.39158102718913945,2.7518493600101115,0
3536,teacher_2link,1.0,0,0.011924758195387634,0.0010665195206996483,0.039937484352103814,0.6840038071153411,22.04039381933432,0
3537,long_4link,1.35,0,0.021726699527221473,0.002596630795378768,0.004282242062107871,0.5394038573112216,55.800504939824386,0
3538,long_2link,1.75,1,0.31545821342468955,0.020547677878536855,0.02443678211623171,0.6769303851717176,33.0580109307245,1
3539,needle_5link,2.25,1,0.4798234539694062,0.05317199874746199,0.06362749532113908,0.33938709907180536,2.0204956421539935,1
3540,asym_3link,0.35,0,0.028478221206589015,0.0002452478013052945,0.004899993153744607,0.18878759549517682,8.433555650141537,0
3541,large_6link,0.7,0,0.0015392386892382674,0.0001074038788909981,0.0733546067793826,0.23654214001539334,4.096777541320692,0
3542,redundant_4link,1.0,0,0.0074016452367552865,0.0003885755334738759,0.023528868682974293,0.4858117488178131,5.838161999830841,0
3543,short_2link,1.35,1,0.2407210449327296,0.026480293852412958,0.03197721432038169,0.8148498630173627,5.247324639251813,1
3544,soft_5link,1.75,1,0.15160360934964762,0.02137520942606086,0.23099364409646006,0.672916595254673,3.380442287359987,1
3545,wide_2link,2.25,1,0.4912537033251127,0.05722648189430713,0.05838364302697344,0.6596961654318937,4.6345497764402355,1
3546,snake_6link,0.35,1,0.1975633789373839,0.0010714390669406546,0.0011334858439933715,0.03341563658766233,213.32276638827364,0
3547,heavy_3link,0.7,0,0.0014984678470670058,9.770709447047293e-05,0.01801174816137005,0.2951679231884274,3.0028634178511124,0
3548,teacher_2link,1.0,0,0.007422354549284392,0.00039245795573029425,0.02481011532439235,0.6565090810794452,5.895227201946293,0
3549,long_4link,1.35,0,0.004659288800397631,0.0002992697936060932,0.08648925425776055,0.6611464940948859,2.1325020268753963,0
3550,long_2link,1.75,0,0.05652916240198315,0.005021789013339477,0.09261762481718681,0.5393148659742382,174.72736948613297,0
3551,needle_5link,2.25,1,0.19805580752836452,0.020158409767416632,0.0638462630760782,0.8902890505501577,6.299775016546048,1
3552,asym_3link,0.35,0,0.002346920795283018,7.148719123998148e-05,0.03379302868941959,0.1627103181715542,3.4223566348709236,0
3553,large_6link,0.7,0,0.0024793577967745185,0.00016567662045156788,0.02341162509466569,0.2411711091570481,4.337053194819916,0
3554,redundant_4link,1.0,0,0.003321228014734886,0.000264088517461652,0.03119610074568996,0.5183423338098987,4.08078606924872,0
3555,short_2link,1.35,0,0.03315704379391019,0.003190812672467952,0.0032232037153038223,0.6979246410291736,452.54730866827776,0
3556,soft_5link,1.75,1,0.22364567743729769,0.029992688752299674,0.19963147715411642,0.6682066248705006,2.380237312007867,1
3557,wide_2link,2.25,1,0.5510754845001785,0.04617198969730466,0.03493334869762199,0.8944453254269852,5.499522780863497,1
3558,snake_6link,0.35,0,0.012469371254757743,0.00023768046758901396,0.005049001281219522,0.13239990928626683,10.895545169389436,0
3559,heavy_3link,0.7,0,0.008141496396335466,0.00031000595500594707,0.014237584113857843,0.5113171222825146,5.5957466606981905,0
3560,teacher_2link,1.0,0,0.01813247751019477,0.00042603972621842103,0.024145691626549937,0.6657497449427402,6.057519879423342,0
3561,long_4link,1.35,0,0.011746651495863484,0.0005191026353172446,0.03479948469490738,0.6678914172434327,4.54898470078867,0
3562,long_2link,1.75,1,0.23271041918137245,0.03880561023487745,0.18497847043864046,0.9450270749859176,2.6480508258784585,1
3563,needle_5link,2.25,1,0.285064750355511,0.045298125660806064,0.12257242336476142,0.7057427823700255,4.048988353760574,1
3564,asym_3link,0.35,0,0.0006782993733884732,2.885527675260789e-05,0.00014886559835596545,0.17748350714255706,62.03890474955473,0
3565,large_6link,0.7,0,0.03400328757854642,0.00041814822469058224,0.013241448757116515,0.3010158031206604,8.590953401707397,0
3566,redundant_4link,1.0,0,0.0018866923193241521,0.0002082585187765698,0.03825502410922358,0.48941899072666334,5.0445534907982434,0
3567,short_2link,1.35,1,0.0867420759650365,0.008971097064187123,0.026592769152454194,0.776679624940489,16.233577667946598,1
3568,soft_5link,1.75,1,0.1726517138347082,0.04097259357938041,0.07815292808481372,0.707781852550208,7.4084535124608095,1
3569,wide_2link,2.25,1,0.5425003623295037,0.09657254436478194,0.181796504065806,0.4986394799280489,3.507032391593417,1
3570,snake_6link,0.35,0,0.014599703328421332,0.00022108214749764856,0.008492486467756953,0.13353384638322682,8.432888079967606,0
3571,heavy_3link,0.7,0,0.010624508989860114,0.000228818799257394,0.021564592571417084,0.36287823331022434,3.1614017118137694,0
3572,teacher_2link,1.0,0,0.004514841839086614,0.0006773575027941072,0.03572266913368279,0.7200459497340367,207.18826240303588,0
3573,long_4link,1.35,0,0.0332965186594105,0.003467991603741773,0.0036799625942090203,0.35148744845891733,179.89785750345263,0
3574,long_2link,1.75,1,0.41287111040350283,0.0507962593870314,0.056091929966616605,0.6970744274356412,3.265156934055929,1
3575,needle_5link,2.25,1,0.4404080953095967,0.06924040214406707,0.04969929560195575,0.47393908624598935,5.693835028479597,1
3576,asym_3link,0.35,0,0.01163971303209958,0.00012167521009946817,0.013700053603563637,0.22380744265652805,3.6045025551049616,0
3577,large_6link,0.7,0,0.0012021500719159143,8.688770547021727e-05,0.023922901996329328,0.24647411823930468,3.311452555832091,0
3578,redundant_4link,1.0,0,0.005379982807869711,0.0004666677455611564,0.12534481367032924,0.5095066836960372,8.528258427442028,0
3579,short_2link,1.35,1,0.5925199862200032,0.004048172207893476,0.004789884176025977,0.25814726625725704,102.15066864691609,0
3580,soft_5link,1.75,1,0.193234543563468,0.03421347168613742,0.16786725756132964,0.6514480159339578,10.449407046193533,1
3581,wide_2link,2.25,1,0.38041891025560753,0.0536932543886345,0.06838593354761562,0.9946239020448893,2.032913120558203,1
3582,snake_6link,0.35,0,0.04387286565833986,0.000967697306313978,0.001075267366114925,0.07704308543649886,153.78404999323618,0
3583,heavy_3link,0.7,0,0.006038250984613154,0.00018158453971113252,0.025280706873758895,0.32402835335542984,2.6300223782709002,0
3584,teacher_2link,1.0,0,0.008308889649707996,0.0010303068136518726,0.017135327661743107,0.6595708467265561,32.18497293699989,0
3585,long_4link,1.35,0,0.015209101907348066,0.0006046408055164583,0.030020649916110562,0.7009433551060765,5.660752107117728,0
3586,long_2link,1.75,1,0.16045008311395823,0.030442316327152386,0.032456193344958036,0.8861679883793865,52.8263090970617,1
3587,needle_5link,2.25,1,0.4294413045973126,0.0627520285144247,0.0864786704851808,0.3699436300608808,2.3767862418142887,1
3588,asym_3link,0.35,0,0.0062232536973605024,0.00014337319832123682,0.02927271875610309,0.20012223973233678,5.617542051451504,0
3589,large_6link,0.7,0,0.0022410871336091087,0.00012785204750025204,0.04161642978286185,0.2824329029208626,2.612729905177222,0
3590,redundant_4link,1.0,0,0.008049740374313911,0.0004947298003271109,0.0187015646605496,0.4769347336279775,7.199203164113437,0
3591,short_2link,1.35,1,0.1284191527730912,0.016300327777839574,0.014364798731853357,0.8189347943137757,334.5061022358812,1
3592,soft_5link,1.75,1,0.257284937414218,0.03283835038901339,0.07296185704248219,0.627654222105203,2.2940809206039168,1
3593,wide_2link,2.25,1,0.541238017385986,0.09485553775978207,0.07748746516933792,0.4477401215878023,17.58415901531432,1
3594,snake_6link,0.35,0,0.004227506376262012,0.0001986767620563742,0.031245634399386723,0.1510534541651182,19.224277144938732,0
3595,heavy_3link,0.7,0,0.007330787049079762,0.0002099075936696321,0.022991916050727722,0.37841840276970146,3.3044311361725613,0
3596,teacher_2link,1.0,0,0.0010165442546304952,0.00013065357531555453,0.01794736495257163,0.7491162152028507,4.826356509543327,0
3597,long_4link,1.35,1,0.005451291268646941,0.0008009266580985103,0.23183273211551284,0.5598263980857526,3.1731990174951648,1
3598,long_2link,1.75,1,0.41067414694327603,0.052843125146619215,0.15207813921259605,0.699594808401126,3.7739429675472405,1
3599,needle_5link,2.25,1,0.33517420330663633,0.0327158366863518,0.09492661005651441,0.727416101888053,2.117374490982869,1
3600,asym_3link,0.35,0,0.019510728212030044,0.0006597600236633123,0.0006858557414472317,0.13735283011868746,192.79627095690796,0
3601,large_6link,0.7,0,0.0019341561810920186,0.00011298508642671945,0.04969760552251975,0.22177160124775747,2.304115518044618,0
3602,redundant_4link,1.0,0,0.0012501889502380067,0.00016286243550904056,0.09748380046720985,0.4790923981604663,5.535143937016484,0
3603,short_2link,1.35,1,0.2563373048771762,0.03127574998556417,0.021808448400252495,0.8059500165681057,6.273984894375875,1
3604,soft_5link,1.75,1,0.36110662328406595,0.07824408285503447,0.36790708866382515,0.5484401340221368,4.740138074964992,1
3605,wide_2link,2.25,1,0.5099661083008773,0.101032555058534,0.09979153989641819,0.601971762401251,115.59415997382088,1
3606,snake_6link,0.35,0,0.007233028571039021,0.00024354085613129882,0.013741657900941631,0.15234686552657176,14.154966629861663,0
3607,heavy_3link,0.7,0,0.001337572249030502,8.177279787875122e-05,0.020239621711758405,0.28172516315082846,1.980605336318791,0
3608,teacher_2link,1.0,0,0.0027096341314002226,0.00026616036637364435,0.1394617468903052,0.6763626744488018,5.063294818750494,0
3609,long_4link,1.35,0,0.004852721053262195,0.0009002538537517575,0.005399711700534984,0.5511597340931172,154.34462196099358,0
3610,long_2link,1.75,1,0.06684091070142333,0.008831463563095408,0.01724561691761091,0.7775732452313733,74.59187232801638,1
3611,needle_5link,2.25,1,0.40303196423466603,0.06450193607372384,0.18216737138772732,0.39307385111790866,2.436175305640908,1
3612,asym_3link,0.35,0,0.006549657178441245,0.00018849208904816162,0.0039149604740629515,0.18331618335753866,8.999797642348996,0
3613,large_6link,0.7,0,0.001378198267712343,9.794907650166181e-05,0.02766401856237093,0.27357558668304127,2.6294993541602385,0
3614,redundant_4link,1.0,0,0.006587199107521109,0.0003391955462089684,0.04751099405805743,0.5199431441292824,4.466061777010775,0
3615,short_2link,1.35,0,0.020391189232814882,0.0021847150834615283,0.004009640490566405,0.8070267706309826,39.57927938109545,0
3616,soft_5link,1.75,1,0.3251943688129449,0.01604247515150435,0.04460752859225927,0.5267132299350881,5.181195631145609,1
3617,wide_2link,2.25,1,0.5030607305226769,0.036758731129707414,0.07820718442456441,0.9232103075351455,2.2809819951632413,1
3618,snake_6link,0.35,0,0.018318781564930053,0.0007387704631762645,0.0008217208443545469,0.11300781301284597,153.17937950325862,0
3619,heavy_3link,0.7,0,0.0012382705078578362,8.424320921891548e-05,0.04761696855731482,0.28423422331221954,3.258486461608841,0
3620,teacher_2link,1.0,0,0.0007702915672259538,8.819657133478819e-05,0.07696431329764872,0.7431203805864324,2.9609547829037064,0
3621,long_4link,1.35,1,0.05402676116202676,0.007805974690142137,0.07030522924497959,0.5736978142287033,3.613986301734164,1
3622,long_2link,1.75,1,0.39530594104029787,0.09509637902615603,0.09356721851270733,0.7735428697008015,6.594257636566345,1
3623,needle_5link,2.25,1,0.38103458750313796,0.05914383126657238,0.16946253826114868,0.4866489604204041,2.70395614884652,1
3624,asym_3link,0.35,0,0.025212343138236212,0.00018374655282909342,0.010863993440909157,0.21435139855851942,5.703844232012816,0
3625,large_6link,0.7,0,0.002588631156366939,0.00012824513371593614,0.04238258043902597,0.23091087700821863,2.167466257040712,0
3626,redundant_4link,1.0,0,0.0027590226364443463,0.00021235984485576962,0.05185865656856773,0.47605460444320696,2.997135346752359,0
3627,short_2link,1.35,0,0.03688672660830577,0.003287838860568177,0.0034647873522536976,0.6433574199862849,148.80744817108032,0
3628,soft_5link,1.75,1,0.3671451247213178,0.04774349586274046,0.07539441652924277,0.5337977760703563,5.180071891990826,1
3629,wide_2link,2.25,1,0.49836460260354654,0.09555550592342721,0.15634365471649858,0.6484188729172342,5.831205312658856,1
3630,snake_6link,0.35,0,0.0018492078465334786,7.970647174832782e-05,0.013429534416407676,0.14975244610751406,6.964073298807425,0
3631,heavy_3link,0.7,0,0.008920293319740301,0.00028417983990867475,0.015020151537455144,0.5098566343680757,4.710025532121406,0
3632,teacher_2link,1.0,0,0.003956295846876393,0.0002768592522691584,0.08600060146082293,0.6621284048158305,4.106137134443061,0
3633,long_4link,1.35,0,0.009148200118094517,0.0004950678716119542,0.03309858648333513,0.7739196780135766,4.503407356256419,0
3634,long_2link,1.75,1,0.42556797195237345,0.10260724635129594,0.11718391057439813,0.7392853050445244,10.742831854062546,1
3635,needle_5link,2.25,1,0.37106615354365324,0.03820129603738519,0.07105629192353653,0.5918955729111249,2.087365430972143,1
3636,asym_3link,0.35,0,0.1499915132092235,0.000969342208153488,0.0012389651929329444,0.0971949224376298,73.31170050255137,0
3637,large_6link,0.7,0,0.005435501040898189,0.0001659110571004643,0.030523641996133093,0.2716014965494889,1.6996669895786334,0
3638,redundant_4link,1.0,0,0.012120211301292904,0.00038544960012472715,0.05019936937803401,0.4728144119562517,4.995337474833275,0
3639,short_2link,1.35,1,0.029866391591698238,0.002905964148330112,0.03975868402922584,0.9011231985985609,3.9245888611609683,1
3640,soft_5link,1.75,1,0.12042442308048858,0.007081908168078986,0.060153170989243165,0.70711146203291,4.2953869508959475,1
3641,wide_2link,2.25,1,0.6914348721335974,0.006311962131111839,0.009170723627751318,0.8459254125480589,53.86196976308178,0
3642,snake_6link,0.35,0,0.006449240634923285,9.105742151977811e-05,0.013514469778479716,0.15144087005246182,1.4694510040523385,0
3643,heavy_3link,0.7,0,0.009324342850130419,0.0005327809101896059,0.05606316205836745,0.3687027076133435,13.102376314677606,0
3644,teacher_2link,1.0,0,0.002319443623546941,0.00021435173373243545,0.034955877083292626,0.6780895050061647,3.706467122862429,0
3645,long_4link,1.35,0,0.019990034549607672,0.0028239966193966595,0.002917637419181688,0.44394331588310204,282.9866763625842,0
3646,long_2link,1.75,1,0.08518129169617303,0.014138416903913535,0.009666906441203712,0.8616894432583272,70.59940459625116,1
3647,needle_5link,2.25,1,0.4055835536830628,0.07293341161003714,0.06045775947387957,0.4270657783773852,4.701727477984242,1
3648,asym_3link,0.35,0,0.0038830550388003118,7.224565706664779e-05,0.02653769947683782,0.21200513223063594,1.6591821826203457,0
3649,large_6link,0.7,0,0.0019746088340143603,0.00011249269071611818,0.03171850112911613,0.24549746333833744,2.2179409454869394,0
3650,redundant_4link,1.0,0,0.0020525222127830717,0.0002020770172561865,0.1005840606568383,0.4725010314568212,3.756282290445135,0
3651,short_2link,1.35,1,0.22081631411225794,0.027524622619058452,0.07628215962674224,0.8095695046346959,22.909581203554577,1
3652,soft_5link,1.75,1,0.3718907558620973,0.05619235884641152,0.10892173006711664,0.5386666545406387,3.1502637945281666,1
3653,wide_2link,2.25,1,0.3632919332582654,0.007056362798237749,0.007128268444995701,0.2474528811258459,305.89920023374674,0
3654,snake_6link,0.35,0,0.051329817940030296,0.0009158158095353324,0.0012061724186496659,0.08837415661834232,91.06092300461344,0
3655,heavy_3link,0.7,0,0.006430019169961714,0.0002510491133331843,0.03174529598891726,0.344927997455264,4.429196193402206,0
3656,teacher_2link,1.0,0,0.006752563712189043,0.00031478484299218477,0.029507829377630055,0.6586882002428985,4.301942116751909,0
3657,long_4link,1.35,1,0.06612531734060338,0.008941710442418958,0.03032070407074394,0.6619984446896038,5.1943297755502185,1
3658,long_2link,1.75,1,0.32100351384814746,0.0803818576713139,0.1511829977834408,0.8509562465162758,25.739172439304852,1
3659,needle_5link,2.25,1,0.2848868607698878,0.021265042520193456,0.028854214643288176,0.7684262639196107,6.498168895984396,1
3660,asym_3link,0.35,0,0.005992637952918705,0.00013205368942707194,0.01156037452095519,0.20283206176168642,4.763272046128559,0
3661,large_6link,0.7,0,0.003266248306100714,0.00018990727801702464,0.09953968481785058,0.24721893125606814,4.301274271073386,0
3662,redundant_4link,1.0,0,0.0006528577332013117,8.233072205646478e-05,0.10887565130375607,0.4820302249019088,6.905321829590131,0
3663,short_2link,1.35,0,0.03419184328041876,0.003237691108424866,0.003240428570351358,0.6970095712790426,1067.7305870872833,0
3664,soft_5link,1.75,1,0.23774647637838783,0.0063683141266101,0.025829240147779275,0.6605218615958279,11.197259956375532,1
3665,wide_2link,2.25,1,0.5335635081795711,0.10418870771333116,0.09734408419722325,0.5230985402854531,18.200154912841136,1
3666,snake_6link,0.35,0,0.0050659351096522314,7.886190885962478e-05,0.017210799702585357,0.14349262590156858,1.721070199681404,0
3667,heavy_3link,0.7,0,0.004056868927796091,0.0001465867255965718,0.029373324641633832,0.42794811385673315,1.8342762315310832,0
3668,teacher_2link,1.0,0,0.0019762254267046754,0.00018297597424926486,0.07933787392570066,0.6843491944267208,3.1056182189374724,0
3669,long_4link,1.35,1,0.07723337516069158,0.011269377705094777,0.07143735173352002,0.5566337851320496,4.199072552718013,1
3670,long_2link,1.75,1,0.4198270665948131,0.10464189183052909,0.11519110193884324,0.7437474804281915,21.358096930272154,1
3671,needle_5link,2.25,1,0.5042613883435186,0.06536823748363203,0.04303956752024431,0.4085017667730704,4.3535637847597854,1
3672,asym_3link,0.35,0,0.0012032688950267087,5.116463254073189e-05,7.079513732638507e-05,0.17785709214042347,113.46587888206962,0
3673,large_6link,0.7,0,0.0008009948998960305,7.409358521692526e-05,0.026180706835416293,0.23520805256473853,5.981588360787027,0
3674,redundant_4link,1.0,0,0.001334991227038341,0.00013303372492843958,0.03861019638152324,0.4829832913774421,2.7943815760029382,0
3675,short_2link,1.35,1,0.1354888779694367,0.005394071980019105,0.027976295479544763,0.7675001319624314,4.093252582221519,1
3676,soft_5link,1.75,1,0.03279053756398283,0.007203122137027187,0.05232385162419901,0.7853594471172228,3.8721809671154683,1
3677,wide_2link,2.25,1,0.5172446321086953,0.08675014471723481,0.0852018712107406,0.5878438863069153,2.5709906032008916,1
3678,snake_6link,0.35,0,0.005192458138428405,0.00010769008832244072,0.03208293187659366,0.14860719435630523,3.5234002664280166,0
3679,heavy_3link,0.7,0,0.01915203424980852,0.0006586996005226028,0.009342640861263463,0.33092021845626807,13.084713182405492,0
3680,teacher_2link,1.0,0,0.009175894273574375,0.001250181357271725,0.0320319294792551,0.6882327776045468,79.49525125055601,0
3681,long_4link,1.35,0,0.040061593463165464,0.003601294724267407,0.003938155903140263,0.30625565945635647,146.96403716012264,0
3682,long_2link,1.75,1,0.39457632419431565,0.017068709695490767,0.058152983090737485,0.7302948598108838,5.4419144340171615,1
3683,needle_5link,2.25,1,0.43555107615635424,0.06701230126044525,0.21205242579145306,0.4166532696933408,3.075844964029995,1
3684,asym_3link,0.35,0,0.0011673644488864035,4.1129853343423646e-05,0.013552270121528875,0.18821459412968375,3.317465362514638,0
3685,large_6link,0.7,0,0.004602950275450589,0.00015199405970165274,0.03644937597764981,0.280502036048156,1.5389177886131398,0
3686,redundant_4link,1.0,0,0.0010759383310636464,0.00011727379924064723,0.04434779955691122,0.4851976949319624,3.8654556278450083,0
3687,short_2link,1.35,1,0.25402540738015567,0.010248268133926703,0.02093143792333657,0.5935894129969063,6.106262030529216,1
3688,soft_5link,1.75,1,0.29373092142334484,0.06907710984237318,0.13143317183228773,0.608556146880353,6.575211063862565,1
3689,wide_2link,2.25,1,0.45490776387225385,0.04969959590458084,0.09232858340924122,0.778080049922712,2.1217447218660603,1
3690,snake_6link,0.35,0,0.0017734537280377613,0.00010022862873458381,0.00011280322533323047,0.1571176283952661,164.38513192033477,0
3691,heavy_3link,0.7,0,0.010571765339866118,0.0002450989836412547,0.03494669074937524,0.506705049746592,3.835086070819452,0
3692,teacher_2link,1.0,0,0.003640006157360108,0.0005340906949496755,0.02249758028313584,0.7131989714091581,34.326214702481344,0
3693,long_4link,1.35,0,0.011854143500118536,0.0004985837463500132,0.04633321710947851,0.7449553573061873,4.543743557738525,0
3694,long_2link,1.75,1,0.3932933557561521,0.03423221082167816,0.028651754506781514,0.6757323023767374,18.331845674361578,1
3695,needle_5link,2.25,1,0.32221648223333993,0.018727691366191998,0.06805636792554497,0.7296044660451061,2.763392760200269,1
3696,asym_3link,0.35,0,0.001881624713014063,4.866414972091049e-05,0.02054245142545269,0.19546622712109774,1.6961233070085817,0
3697,large_6link,0.7,0,0.0028911021597445826,0.0001640734897412683,0.09311993514069174,0.2796734421510205,3.613452420975481,0
3698,redundant_4link,1.0,0,0.002891126303230945,0.00030719520529055264,0.05853084757839663,0.4636567747588896,6.562661964007868,0
3699,short_2link,1.35,1,0.3340035389535482,0.004199358647249707,0.004319883806206609,0.1457534079449713,208.2856823145201,0
3700,soft_5link,1.75,1,0.3432789807439266,0.06361575503360233,0.22080435000699095,0.5653934614054019,3.348933323265916,1
3701,wide_2link,2.25,1,0.5003207815960493,0.09537224111227435,0.09654653921533428,0.6423012311693719,5.399068611044704,1
3702,snake_6link,0.35,0,0.002294226350315806,8.44621453809922e-05,0.04320631291624449,0.1623388860472114,4.962680943210251,0
3703,heavy_3link,0.7,0,0.0016380393673607742,0.00011648075747825058,0.01075972982390712,0.313326370100634,4.600472271237414,0
3704,teacher_2link,1.0,0,0.002423510632392422,0.00021463702705993044,0.028882582537578,0.6757441214081085,3.534525421085752,0
3705,long_4link,1.35,1,0.07802576535388622,0.012715000776199688,0.032465574303084464,0.5161203178723047,5.673110289759381,1
3706,long_2link,1.75,1,0.1993862441479452,0.04413262721947897,0.13533532301215515,0.9875827413942426,7.502431812169301,1
3707,needle_5link,2.25,1,0.2527429412307305,0.01544043003435595,0.07202171606692176,0.8108125949252314,8.265692379931728,1
3708,asym_3link,0.35,0,0.015192467054374648,0.0005494828108076022,0.0006259819984896075,0.1458767210787411,106.70351954783357,0
3709,large_6link,0.7,0,0.0033337246643645466,0.00017923064168853974,0.04128105866651145,0.2423570654837039,3.729845027935579,0
3710,redundant_4link,1.0,0,0.0031064537092977615,0.00018232774455126616,0.08044332566861034,0.4840143729628134,1.4631279345701786,0
3711,short_2link,1.35,1,0.06741714833444315,0.003193809151478825,0.020052188073084863,0.8445968145876986,6.292509366301594,1
3712,soft_5link,1.75,1,0.3455298334381541,0.045688782357287086,0.022605637012564354,0.5430287140857466,11.608880597966957,1
3713,wide_2link,2.25,1,0.5518400348570403,0.09516976877463415,0.07664319771484451,0.4482039399641145,8.04322791555471,1
3714,snake_6link,0.35,0,0.0035976128650625438,8.258993134166497e-05,0.01169596786630261,0.15919782106798586,2.860848411370469,0
3715,heavy_3link,0.7,0,0.012458759133404222,0.0002501667226092323,0.029917186833988318,0.502052951869155,3.8860788108186566,0
3716,teacher_2link,1.0,0,0.003219213512392656,0.0004761813850677126,0.08721079538714283,0.7399504586498382,33.46215812032442,0
3717,long_4link,1.35,1,0.18620654713382517,0.002677367852279733,0.0067777252186463745,0.5045504138764754,35.92629482559858,0
3718,long_2link,1.75,1,0.4276957263071379,0.006896664547215801,0.01937208399445106,0.726975771938189,17.220726812213567,1
3719,needle_5link,2.25,1,0.48425822079505143,0.04381463916205932,0.08594164717401552,0.3384252895634166,1.4591067136963758,1
3720,asym_3link,0.35,0,0.001654491203698059,4.8146819219245916e-05,0.010190950796963449,0.16617766783502388,2.214179187294411,0
3721,large_6link,0.7,0,0.0015662815610021136,9.664138718161465e-05,0.026955433605454257,0.2509925712703254,2.4825026901413625,0
3722,redundant_4link,1.0,0,0.003438379794409368,0.00020708460281022655,0.04441073962837751,0.4835841734135283,2.0729056211536463,0
3723,short_2link,1.35,1,0.1978037564015906,0.016265022237337206,0.1137354680650334,0.6642291566880305,7.600282179506154,1
3724,soft_5link,1.75,1,0.17227298657887732,0.009230985007184736,0.05398038376059485,0.678526545743185,4.733768680914514,1
3725,wide_2link,2.25,1,0.47741582459062437,0.05859434059396696,0.026695190403363322,0.574236249890854,16.77823905372009,1
3726,snake_6link,0.35,0,0.0026695180175835597,0.00014994819125191595,0.00019740351325906892,0.15507777834125655,134.4584844820551,0
3727,heavy_3link,0.7,0,0.006162688446891945,0.00017392518618166556,0.03562340194558013,0.35207187156706504,2.35811472277647,0
3728,teacher_2link,1.0,0,0.006458360318232466,0.0005857992910147345,0.0769402485044243,0.7131201794842954,11.253993461450754,0
3729,long_4link,1.35,1,0.08563598457482105,0.005900893828792036,0.06463903145170583,0.6641410427931959,1.768831911435382,1
3730,long_2link,1.75,1,0.2137034546204744,0.02800265466534341,0.024798787782851345,0.8626346136635821,32.50539514648475,1
3731,needle_5link,2.25,1,0.41223731196618274,0.04149742337154654,0.09919588819355687,0.49510375974478776,1.1955568870626432,1
3732,asym_3link,0.35,0,0.0048163599164551115,7.838716885637054e-05,0.013952973455817537,0.1816451326548974,1.7583856872500332,0
3733,large_6link,0.7,0,0.001752019311790366,0.00013026670296726575,0.020852946635156723,0.2569165765633579,4.022432924642086,0
3734,redundant_4link,1.0,0,0.0034560777766927905,0.0003346943796544483,0.11495263774899445,0.5224653562152254,6.3945122439736135,0
3735,short_2link,1.35,0,0.03602644661992038,0.003281714311154747,0.0033746618124573177,0.6567209032562125,203.58097650376644,0
3736,soft_5link,1.75,1,0.3239456489818274,0.051820067726069334,0.20642303410607352,0.5615886205395249,5.651355235471168,1
3737,wide_2link,2.25,1,0.28162820700652935,0.030076392364076502,0.05440952061411802,0.451392483451138,72.42896763261965,1
3738,snake_6link,0.35,0,0.0038377168069907556,8.936550754923485e-05,0.034252433703924307,0.14319972503790687,3.3448878518219214,0
3739,heavy_3link,0.7,0,0.04617752797374275,0.0005753509511374934,0.008589446363603622,0.4269847575685401,10.32538911664372,0
3740,teacher_2link,1.0,0,0.007819691371230597,0.0007833123211103319,0.024014811674170203,0.6545570510093672,16.6937288159656,0
3741,long_4link,1.35,1,0.04775441604517144,0.007216509438451297,0.04094684156103525,0.5906281705007161,5.75550424193799,1
3742,long_2link,1.75,1,0.4076358556273916,0.08031506563137127,0.23997509035214779,0.7578468770272387,6.602455328736544,1
3743,needle_5link,2.25,1,0.35655733706658505,0.023054178648794454,0.08249777977830647,0.6694548847270674,2.9754989631075426,1
3744,asym_3link,0.35,0,0.009663867384841629,0.0003743471627274791,0.0005623711625478776,0.1567023435788086,54.32133601219053,0
3745,large_6link,0.7,0,0.0015379474166213947,0.00010094514400821557,0.053950575642099305,0.2458332854180759,2.9150293099561617,0
3746,redundant_4link,1.0,0,0.0010297582605312402,0.00012899907131847034,0.13978119342536452,0.4948257443896976,5.913613765757249,0
3747,short_2link,1.35,1,0.0568332558585838,0.006346307447641861,0.019584096621313014,0.8526670368829781,9.68972572292851,1
3748,soft_5link,1.75,1,0.28300869664645256,0.064508672893779,0.0917956204175586,0.605987215900086,5.677810824703924,1
3749,wide_2link,2.25,1,0.5460505650197951,0.09952612431739173,0.09050530299241324,0.4846054259810017,4.385779172130996,1
3750,snake_6link,0.35,0,0.020872544555818374,0.00016911437210302612,0.007217585320825783,0.1470136817405781,6.856715522342369,0
3751,heavy_3link,0.7,0,0.0034736884835243945,0.00013875178247325397,0.02544053056357236,0.27429843570791457,1.7928480413811223,0
3752,teacher_2link,1.0,0,0.0009086140606645263,0.0001150849776093393,0.17822320805357547,0.7212321834024803,4.336144246523042,0
3753,long_4link,1.35,0,0.0502688583594195,0.003781118462286013,0.004086263051320274,0.28569339912042624,161.6133614433784,0
3754,long_2link,1.75,1,0.3191848044470643,0.017293263334880377,0.050847182580125,0.8171776073736495,9.718842590896326,1
3755,needle_5link,2.25,1,0.3449714667376858,0.04532997589264664,0.05927214675591966,0.6045540055220275,2.2952641759729553,1
3756,asym_3link,0.35,0,0.004399164392335425,8.452094774414932e-05,0.015224423751949333,0.22108905588853564,2.399054603789076,0
3757,large_6link,0.7,0,0.0031941452324367814,0.00014233388543738766,0.029677041626051618,0.27749138319215666,2.4929768404602046,0
3758,redundant_4link,1.0,0,0.0018823594455703108,0.00017246265019862188,0.03201766966421254,0.4811698717908925,2.8944165202218457,0
3759,short_2link,1.35,1,0.2095738215331771,0.016287882632234116,0.049023766397886984,0.6519555750687303,6.498420624974233,1
3760,soft_5link,1.75,0,0.03803597957997589,0.0010841653721963072,0.03055444238102132,0.7866875910288628,9.411913549449578,0
3761,wide_2link,2.25,1,0.2546457440269946,0.006442882065290603,0.017953837534555067,0.8456267945601401,62.32095524203637,0
3762,snake_6link,0.35,1,0.20734549747063197,0.0009725198567782812,0.0012522406483854813,0.0699257809467024,95.68660209477753,0
3763,heavy_3link,0.7,0,0.0024543276852524564,0.00011214622758564486,0.033414075699265265,0.38014881647278864,1.3856322300960289,0
3764,teacher_2link,1.0,0,0.0008495332726451964,9.227632805960823e-05,0.04361140193535062,0.7390853000366359,2.64370853941993,0
3765,long_4link,1.35,0,0.0014202515782105703,0.00016088647112877302,0.07972901609090313,0.6134548027712567,1.8162835467435632,0
3766,long_2link,1.75,1,0.3400923405039519,0.06917135544295679,0.21068811619879843,0.8343108807288028,3.402954074435142,1
3767,needle_5link,2.25,1,0.46440637754083514,0.019608995510508487,0.04060684591372722,0.4049835518186289,4.594228041723116,1
3768,asym_3link,0.35,0,0.003139197553539281,8.829442316821498e-05,0.017162956874226913,0.21157367757952822,3.92791310886646,0
3769,large_6link,0.7,0,0.004975486261982504,0.00016812729022641211,0.04456775625012787,0.27225158207755823,3.027519315234299,0
3770,redundant_4link,1.0,0,0.0016233795799521446,0.00016840868000661397,0.13292851672463019,0.47700291982194726,3.514627250727265,0
3771,short_2link,1.35,0,0.058278963297431347,0.0038011451852994226,0.003831330050803027,0.4928809362198342,379.07985735928366,0
3772,soft_5link,1.75,1,0.15382367096881752,0.03286400994659474,0.05233077291755497,0.6633556100063427,10.825576078333144,1
3773,wide_2link,2.25,1,0.5468171860434682,0.039726763124509505,0.032027853833985064,0.8951007504452259,6.752118595126737,1
3774,snake_6link,0.35,0,0.002100202884213971,8.042002549890066e-05,0.008245328301899214,0.16008624675584113,4.9268187596737985,0
3775,heavy_3link,0.7,0,0.0012105875603641762,7.774367733617436e-05,0.04936713933264808,0.3061730555057559,2.2139814274130916,0
3776,teacher_2link,1.0,0,0.0005409023465468502,7.354630082243061e-05,0.044673506836641626,0.7401643798305942,5.009285980574928,0
3777,long_4link,1.35,1,0.17827423053354985,0.013528638592742078,0.040562182081378434,0.455584447177517,2.9436200942291553,1
3778,long_2link,1.75,1,0.40342983284030354,0.028922235494780072,0.08821425064392867,0.7134305450807003,2.570414208929025,1
3779,needle_5link,2.25,1,0.3715625791617732,0.0746477660114107,0.17121113953896946,0.46012553281438384,7.383404961999469,1
3780,asym_3link,0.35,0,0.10319317998112235,0.001056291265274231,0.0010960326460519119,0.06331934589525036,204.96233199851753,0
3781,large_6link,0.7,0,0.0008025451155911275,7.899008180992598e-05,0.03129695023008854,0.2462209179882597,8.148447632112608,0
3782,redundant_4link,1.0,0,0.001246529714206794,0.00014611887898456592,0.03339930573027116,0.5002672127693633,4.521231969493554,0
3783,short_2link,1.35,1,0.2120670676205287,0.021429683572976397,0.10671187101859642,0.8314182142667836,5.122647513048566,1
3784,soft_5link,1.75,1,0.32905368196949103,0.07889627848729841,0.04886342402961164,0.5681136553596742,7.247179811928801,1
3785,wide_2link,2.25,1,0.5211720140309264,0.08586429659815167,0.06678485115152424,0.4475218753091645,25.09445949112483,1
3786,snake_6link,0.35,0,0.0012171220020135338,4.265313541923298e-05,0.030542849451728252,0.1564720624065691,3.9975427308297045,0
3787,heavy_3link,0.7,0,0.0010487704546480081,7.409770910461175e-05,0.017566262254387194,0.3298595608870441,2.819927164431352,0
3788,teacher_2link,1.0,0,0.001253999472397351,0.00013094266298413408,0.12153149184913699,0.7486073939023,2.8655900437714354,0
3789,long_4link,1.35,1,0.04642768294751654,0.006741023489903501,0.0031874374349584135,0.4140473421639122,78.12352115817362,1
3790,long_2link,1.75,1,0.39785791107577745,0.09960283724053548,0.15486459507659672,0.7555654366383177,84.37366149665434,1
3791,needle_5link,2.25,1,0.48335350644284314,0.06067131227023723,0.21205500349931802,0.4011178011783972,3.065472515872314,1
3792,asym_3link,0.35,0,0.0026262001705729156,5.7329759451992186e-05,0.01178770460891788,0.1701427597204595,1.3891326722127548,0
3793,large_6link,0.7,0,0.0007457840988198055,6.216208384606825e-05,0.06776035676350596,0.22722848369372906,4.007984689700987,0
3794,redundant_4link,1.0,0,0.006854403116203758,0.00029906537581808596,0.04272832659055044,0.4897986549257842,4.079513369631588,0
3795,short_2link,1.35,1,0.21207832366271026,0.022942150893350895,0.08808399006946967,0.8295221678293658,7.2954264170220195,1
3796,soft_5link,1.75,1,0.2903643041676966,0.022942302345668422,0.05422743191065845,0.5899636896433322,4.298557380859014,1
3797,wide_2link,2.25,1,0.6286009431741162,0.007025832078052248,0.010253377580315956,0.26022745986215573,181.92260672966245,0
3798,snake_6link,0.35,0,0.023108652191656812,0.0007590027178627619,0.0010847281360953905,0.11831378279523579,79.57529462421024,0
3799,heavy_3link,0.7,0,0.0011044039730834286,7.458413275839078e-05,0.03518027600943652,0.30429347358763653,2.5441941676847084,0
3800,teacher_2link,1.0,0,0.0024905000514929684,0.0001914992204841876,0.04486350291254961,0.7271470518761306,2.5800860715928806,0
3801,long_4link,1.35,1,0.1015739679410736,0.013776475459968107,0.09453390628553283,0.49532476969688793,5.847372868304813,1
3802,long_2link,1.75,1,0.4061583518434158,0.05653112267360997,0.025814567018070046,0.6982718893176372,8.507583518388374,1
3803,needle_5link,2.25,1,0.2740728889668892,0.024759051384582748,0.06650886098684274,0.7115071593275014,3.152676383114671,1
3804,asym_3link,0.35,0,0.01217847826717815,0.00016632425587222779,0.015255925369001723,0.23263778146870054,5.36877703399146,0
3805,large_6link,0.7,0,0.005954766724666947,0.0002056367954379883,0.022337948522093174,0.2676708308474233,3.487218778271415,0
3806,redundant_4link,1.0,0,0.0036617958648922705,0.0003487625014597331,0.029973016125189243,0.45956618607603916,6.584826343270792,0
3807,short_2link,1.35,0,0.03290952268330367,0.003097318041993105,0.003416087391273423,0.7476602495191689,105.85593884703806,0
3808,soft_5link,1.75,1,0.13839564007175922,0.023406460524029622,0.21265923247236604,0.7164478737589399,2.2712148466843414,1
3809,wide_2link,2.25,1,0.5270019314149503,0.04570975942131149,0.04748996365793354,0.8945489090114996,12.008116653414692,1
3810,snake_6link,0.35,0,0.003955367270574615,7.258781377290169e-05,0.01832861457282239,0.15418108537728722,1.5497304738564142,0
3811,heavy_3link,0.7,0,0.0030593599730424723,0.0001526960424516215,0.023931974346594873,0.39181447674112496,2.7607587389621133,0
3812,teacher_2link,1.0,0,0.03131405549624476,0.0023068079430084293,0.08286351327954262,0.502171162819006,72.54560527250761,0
3813,long_4link,1.35,1,0.10012116784057686,0.011202764882427956,0.018526012940678054,0.5548027805558462,11.081948454124126,1
3814,long_2link,1.75,1,0.322425338579813,0.02384717126224646,0.06100074445251701,0.8245055802307473,3.371852890517257,1
3815,needle_5link,2.25,1,0.48444408484077667,0.0839621737954355,0.0807828410994884,0.3303215940500125,4.938820259337924,1
3816,asym_3link,0.35,0,0.003725890008892256,0.00015687652820952567,0.00020547448163227237,0.1779423875168741,126.17112476177546,0
3817,large_6link,0.7,0,0.003948211705554553,0.000146518825227379,0.04317655376462142,0.26778574580212944,1.695250876877312,0
3818,redundant_4link,1.0,0,0.0011718219393897543,0.00017430495705539117,0.16022772263197887,0.48305590997243353,12.589432753804543,0
3819,short_2link,1.35,0,0.005568977808850066,0.0006737227481566709,0.16228232779745236,0.9364912048765307,10.658872266723868,0
3820,soft_5link,1.75,1,0.07399331944304309,0.011429597074542937,0.08045646059632801,0.7390777703201236,2.748264529282252,1
3821,wide_2link,2.25,1,0.49055927033769825,0.03460189769548787,0.0756827483448384,0.930180317510141,2.4919615660640155,1
3822,snake_6link,0.35,0,0.003358474095082044,6.422861515790376e-05,0.013310628813725404,0.15620843332176,1.2045682422337798,0
3823,heavy_3link,0.7,0,0.003450873698670334,0.00013136328343276823,0.03409368026519737,0.37925831541377547,1.2354755250039566,0
3824,teacher_2link,1.0,0,0.024723272869342918,0.0005179719872058121,0.019691029143182263,0.6601760981404537,7.640304810670404,0
3825,long_4link,1.35,0,0.014514690617165383,0.002306011654331722,0.002391517865184977,0.48596143637701106,236.28197000380612,0
3826,long_2link,1.75,1,0.2970769515897835,0.06105671264076633,0.26443451666918105,0.8511494433992939,9.734153197284025,1
3827,needle_5link,2.25,1,0.47733833422262684,0.05974763632328143,0.03309422578712023,0.4587978353717943,5.204206085914386,1
3828,asym_3link,0.35,0,0.011488831449522388,0.00026543843431764375,0.0032420875939968034,0.16077644253334086,11.280549354384043,0
3829,large_6link,0.7,0,0.0011207991885404402,7.665557671768412e-05,0.025214148013273343,0.24957891617629188,2.022902052660745,0
3830,redundant_4link,1.0,0,0.005060024389165996,0.0004212361730740238,0.01833519961035656,0.5120476837815356,7.3973655956705535,0
3831,short_2link,1.35,1,0.09768727280656506,0.006793655759967656,0.03275967895274588,0.9038662572134423,3.0698053641395076,1
3832,soft_5link,1.75,1,0.16195790982311148,0.01736126829881014,0.06255510327417434,0.6400218949320295,2.6025969540413993,1
3833,wide_2link,2.25,1,0.5310357794208529,0.041164109778749076,0.08342896344920898,0.9080554175103767,1.9744143935753746,1
3834,snake_6link,0.35,1,0.15373648847174526,0.0007549165272720509,0.0016333149220730564,0.11225283672769934,48.06492319802967,0
3835,heavy_3link,0.7,0,0.004375108659279655,0.0002177709431053012,0.035340257031241835,0.3770479307172762,4.2466709801150975,0
3836,teacher_2link,1.0,0,0.006514972736557954,0.0005292790058340969,0.0646621319559406,0.7092373900417954,9.485876388617909,0
3837,long_4link,1.35,0,0.002970385988003222,0.00026641982457665847,0.10126675376371704,0.6684946375023271,2.2150854584625335,0
3838,long_2link,1.75,1,0.4185002277925045,0.09002198658123452,0.1886077589199351,0.7451475613813527,9.182850554022181,1
3839,needle_5link,2.25,1,0.5080336057654214,0.055842988893975785,0.038914786549108134,0.3816620681001429,4.29562333119287,1
3840,asym_3link,0.35,0,0.004765969732637558,8.132131273387722e-05,0.015259339237934835,0.2045996707314906,1.9093381803657978,0
3841,large_6link,0.7,0,0.0051552955392672375,0.000247968595470809,0.07026197151372982,0.2859664852603255,5.41003596317357,0
3842,redundant_4link,1.0,0,0.001231825916489667,0.0001525900122732091,0.060434666349594914,0.479185768170434,4.874458486289518,0
3843,short_2link,1.35,0,0.05556653925349452,0.0037643591819888148,0.0037919074705860182,0.4884433418014581,395.35022890629125,0
3844,soft_5link,1.75,1,0.2508363527949688,0.05948783025182956,0.16972328295938996,0.6381382810226145,6.294315505168277,1
3845,wide_2link,2.25,1,0.28175447154563976,0.008423340238463854,0.013673282078632287,0.9572945763388362,28.711205458650333,1
3846,snake_6link,0.35,0,0.003241839962141984,0.00010023254692518831,0.010608898844545665,0.1526268247265225,4.98665205505132,0
3847,heavy_3link,0.7,0,0.005010859763287403,0.00023557049127816065,0.04306072449117676,0.28300951342611574,4.602690758094204,0
3848,teacher_2link,1.0,0,0.019008409504616436,0.0017253851460830852,0.06273345533753716,0.6156298292679591,44.53193962401761,0
3849,long_4link,1.35,1,0.2091832903852454,0.023138273256750393,0.10684355584956617,0.42416454481865046,2.2155715499895554,1
3850,long_2link,1.75,1,0.415052257463876,0.026388791793698588,0.08601121972816549,0.697284377222057,3.6398268360833486,1
3851,needle_5link,2.25,1,0.24688785351343545,0.017192344233461988,0.0624721445775024,0.7768265765111169,2.667667858580153,1
3852,asym_3link,0.35,0,0.025422741937432738,0.0007661188593513483,0.0007993175285719232,0.1353999775348703,186.9900730511461,0
3853,large_6link,0.7,0,0.000810822008483958,6.601190695016661e-05,0.027554692570264612,0.24345356855676797,3.2138772271253733,0
3854,redundant_4link,1.0,0,0.011608287988757578,0.00039371113373216996,0.026487331489212666,0.5241275071446383,5.203073512776296,0
3855,short_2link,1.35,1,0.08159459009668374,0.003997600200237712,0.006965809899979231,0.6030378510333932,28.659012979061334,1
3856,soft_5link,1.75,1,0.37783240955475467,0.07649003991464239,0.31323691621123717,0.5308270039788233,4.895511342480401,1
3857,wide_2link,2.25,1,0.3354476810595454,0.05533526294053304,0.09858351294978833,0.8277569302962371,83.87461079328773,1
3858,snake_6link,0.35,0,0.005730769088257509,0.00010319117860628671,0.023977273653001802,0.15596843451309342,2.799001683247813,0
3859,heavy_3link,0.7,0,0.005196540290458794,0.00019219179201253084,0.022813918530358683,0.4613918788205662,3.1168569172231857,0
3860,teacher_2link,1.0,0,0.006958895547952542,0.0007944018877218817,0.11099858796848622,0.6636573629106207,19.665868792444694,0
3861,long_4link,1.35,0,0.04233650226642523,0.003129799816225578,0.004946829677538765,0.39830292580726273,58.41059151681959,0
3862,long_2link,1.75,1,0.32204004305282563,0.05893548906539645,0.07527551142621516,0.821915467032275,4.722356464674896,1
3863,needle_5link,2.25,1,0.44787504378703485,0.06880216540339038,0.15574320694733237,0.4283571821169254,5.61023077298171,1
3864,asym_3link,0.35,0,0.005725560326008233,9.891821785591072e-05,0.025925489666208123,0.2273464057511642,2.9016943456212485,0
3865,large_6link,0.7,0,0.00902116321337901,0.00022260266595188133,0.02889315729003294,0.24883245179450172,2.6578330808362174,0
3866,redundant_4link,1.0,0,0.0022081798205573857,0.00020768029181817836,0.0843987670171517,0.489316317467406,3.64467379090808,0
3867,short_2link,1.35,1,0.047080857686598226,0.005883597469093661,0.03142199660068551,0.9354775832889264,7.5116843488805625,1
3868,soft_5link,1.75,1,0.23586971319136937,0.013375015405463915,0.04636257207570217,0.6125141164309303,7.767917697188843,1
3869,wide_2link,2.25,1,0.44078431992415457,0.035399267794763975,0.06691614869910337,0.9583297760155973,2.4292477411795637,1
3870,snake_6link,0.35,0,0.016444579166165735,0.0006897947273674315,0.0008066106039597258,0.12513506519844708,124.65669268424746,0
3871,heavy_3link,0.7,0,0.0047856209774749196,0.00016088330728205585,0.028167297810975246,0.4365351834522812,2.1851965225801866,0
3872,teacher_2link,1.0,0,0.007145852918850497,0.00028065192836633116,0.03738939356092592,0.6792626379513449,3.4842828395726797,0
3873,long_4link,1.35,1,0.029006271996168224,0.004794627854308072,0.15501227282921762,0.5718403121493681,4.829174435638173,1
3874,long_2link,1.75,1,0.3006854537137792,0.03994363642882827,0.07285522015170694,0.8759482832864247,4.455467902821051,1
3875,needle_5link,2.25,1,0.30924420588896256,0.022191205408647944,0.09511776602818314,0.510256148194562,4.623580039557806,1
3876,asym_3link,0.35,0,0.0024980279257035844,9.030017368114987e-05,0.008549739518038038,0.17841276553825441,7.232720381856683,0
3877,large_6link,0.7,0,0.011400224436145134,0.00023790419950321022,0.02353002088579535,0.28573957838342684,4.196009651831844,0
3878,redundant_4link,1.0,0,0.0018995250748909266,0.0001554051145848592,0.03684014114312503,0.48720532824418145,2.1984579847289374,0
3879,short_2link,1.35,1,0.22401449575028795,0.03253381245616084,0.03252597027203237,0.8262688829122633,817.3756690435513,1
3880,soft_5link,1.75,1,0.1890569308043727,0.04433574668290244,0.3031198022384088,0.6419808294045731,10.021807005866982,1
3881,wide_2link,2.25,1,0.39163343425651537,0.012327708724693139,0.018092905177433904,0.9006454337480208,29.44067379262922,1
3882,snake_6link,0.35,0,0.0010415640295022158,3.9198354126734636e-05,0.01934319076913822,0.15061865041996012,2.7993083893213493,0
3883,heavy_3link,0.7,0,0.00111492791311503,9.043096850891117e-05,0.012418784812039185,0.2878767511604822,8.088248953839312,0
3884,teacher_2link,1.0,0,0.016914232470834997,0.0005514714033870828,0.01759734455275822,0.6754271473248139,8.359741499651852,0
3885,long_4link,1.35,1,0.15603661186626722,0.014965425515503207,0.09062694955019021,0.47832427432647007,1.5201979042834561,1
3886,long_2link,1.75,1,0.42536331073948536,0.09571227700660194,0.14528879565146854,0.738715133648151,8.961145110225734,1
3887,needle_5link,2.25,1,0.4784448482845708,0.051497775633536046,0.0709410563982797,0.353649694065398,1.6106374045104437,1
3888,asym_3link,0.35,0,0.02260276474075226,0.0006921649195862443,0.0008582212021627837,0.15069482873029758,79.35902223100761,0
3889,large_6link,0.7,0,0.0012433341014230126,8.388418318622427e-05,0.0970376718993291,0.22971770686864756,2.4823580251657695,0
3890,redundant_4link,1.0,0,0.010195614047913158,0.0005140059196928263,0.01759991428263812,0.5173694840611109,7.678585358007481,0
3891,short_2link,1.35,1,0.2583603211926971,0.03183048022172428,0.023562142689434226,0.80509062617765,6.000031503102571,1
3892,soft_5link,1.75,1,0.3455421982004028,0.05627735128344245,0.03517022419647014,0.5490092838960997,7.2814310469842765,1
3893,wide_2link,2.25,1,0.5557343418274336,0.0501279074745496,0.1228253945286057,0.8949188895224608,1.8511413627005526,1
3894,snake_6link,0.35,0,0.008983318120020395,0.00013807108333583994,0.00826509793599889,0.1532980644401191,4.971211784227117,0
3895,heavy_3link,0.7,0,0.0009263900987847329,7.848962171484089e-05,0.08762064944704223,0.3167122432027391,13.436195297472862,0
3896,teacher_2link,1.0,0,0.003417518655501892,0.0002659355939887843,0.08449327193931742,0.7183283614531311,4.1444085442058345,0
3897,long_4link,1.35,0,0.07550395846653916,0.004067844968146818,0.0041242660519738746,0.18441746086615557,383.10172964582716,0
3898,long_2link,1.75,1,0.4104019779489193,0.04710422922801593,0.07551231798866623,0.7014666592558099,2.299276263307804,1
3899,needle_5link,2.25,1,0.3507564306807236,0.0257533618262257,0.09423771313959363,0.6645151042953998,1.8562683026152023,1
3900,asym_3link,0.35,0,0.003673880158221521,6.759792134160292e-05,0.01804780336538578,0.17340012296194024,1.1949869396512929,0
3901,large_6link,0.7,0,0.005492586711435312,0.0001684103735311662,0.02536415307808629,0.24434562096816614,2.0137258006579954,0
3902,redundant_4link,1.0,0,0.004240236026606933,0.0002060393071786486,0.05201430947764915,0.48712267119258534,1.6174088986974857,0
3903,short_2link,1.35,0,0.04523961508927591,0.003268211473863317,0.004510649151241159,0.5764259171450365,63.62220979087809,0
3904,soft_5link,1.75,1,0.03792144491009098,0.004919991396791264,0.1385932621566193,0.7877167975156335,1.910180939658464,1
3905,wide_2link,2.25,1,0.39321972818374645,0.07119783038166293,0.08761126534759242,0.9425883604057379,5.230514717228322,1
3906,snake_6link,0.35,0,0.004624983888533965,0.0002551264113577,0.0002835695208071693,0.1532947512797531,240.7815763174057,0
3907,heavy_3link,0.7,0,0.0018220556813391493,0.0001081795039589856,0.01861648264875117,0.34013074743817484,2.5579604782852243,0
3908,teacher_2link,1.0,0,0.0012848748878506288,0.00016071696914584467,0.031750291649901424,0.7485281594983372,4.998248138881476,0
3909,long_4link,1.35,0,0.0006600363872867923,0.00011248124168718118,0.05610383649214314,0.5672506566459583,6.017047289928226,0
3910,long_2link,1.75,1,0.4150936750798952,0.02105217431720591,0.04476775827008896,0.696909704214098,5.905982073790263,1
3911,needle_5link,2.25,1,0.39836966208102625,0.05256696806343643,0.14273208202452775,0.5279576923300402,2.8297891055422904,1
3912,asym_3link,0.35,0,0.006203003803127803,0.0001401878366106211,0.006135844271471426,0.1977175117105782,5.317088492645589,0
3913,large_6link,0.7,0,0.0007803332252217722,6.619844737757054e-05,0.1308643026833256,0.256486068548336,3.2185743231675694,0
3914,redundant_4link,1.0,0,0.0033603797368760516,0.00020841653200752295,0.04307035808562441,0.47870612490507963,2.426319536074647,0
3915,short_2link,1.35,1,0.02896593456572541,0.003354047196765565,0.004001299713981107,0.8302462464672467,1007.5669166686077,1
3916,soft_5link,1.75,0,0.0012424211063158154,0.0002686474475090002,0.0872772380851107,0.8089444362723666,4.470854987049747,0
3917,wide_2link,2.25,1,0.5495725407589842,0.08500185545855102,0.11104697374305378,0.4725621900037705,2.09477360726754,1
3918,snake_6link,0.35,0,0.005140438831910819,9.120027786105613e-05,0.017441056357556297,0.13569788929357254,2.365863605958942,0
3919,heavy_3link,0.7,0,0.004464238118980971,0.0001493721902977215,0.03463750845735131,0.3861464050564045,1.8141955741861218,0
3920,teacher_2link,1.0,0,0.0016358226422544095,0.00016158576637981446,0.0556949793026679,0.6942214060644037,3.036041043561644,0
3921,long_4link,1.35,0,0.00422156100839766,0.0003734036670642613,0.06980676322960572,0.6774744199147539,3.763388323873657,0
3922,long_2link,1.75,1,0.35234073368387864,0.08904335085966829,0.17274886919397603,0.8088654392298994,90.08068309231075,1
3923,needle_5link,2.25,1,0.3033975646966288,0.04165147780298324,0.13919933945731,0.6167254136049272,1.9588335536051382,1
3924,asym_3link,0.35,1,0.2542910121451356,0.0010478850080449826,0.001159213089379106,0.07571901371176712,118.06758774489931,0
3925,large_6link,0.7,0,0.0038280747730686845,0.00019760354455102135,0.026504179896977804,0.25436468567852744,4.21820487547614,0
3926,redundant_4link,1.0,0,0.0045613222240994565,0.0003959350386065678,0.02629325150378284,0.5310795575264037,6.956372268627704,0
3927,short_2link,1.35,1,0.219636340037452,0.006037370265353235,0.018873993427724303,0.5999087934700356,13.672903873998914,1
3928,soft_5link,1.75,1,0.2905759425821595,0.0570796596097826,0.06980902327882638,0.6070481595347197,3.36209869452091,1
3929,wide_2link,2.25,1,0.4522089512783381,0.03607748838928258,0.09566557170546204,0.9516750428380947,2.3503738534477745,1
3930,snake_6link,0.35,0,0.0018118401355233253,6.640971428029666e-05,0.05085425205381282,0.15245005863267855,4.77170093994209,0
3931,heavy_3link,0.7,0,0.005541270684904383,0.00019494723512759532,0.02171017126689353,0.37321313426422925,2.7854679988398465,0
3932,teacher_2link,1.0,0,0.0005607540962190562,7.536445984336851e-05,0.04177309824268867,0.7381710228360883,4.7716026553865385,0
3933,long_4link,1.35,0,0.029706545398579396,0.003317584193330813,0.0036527559715138097,0.4012232149789295,152.35254468570525,0
3934,long_2link,1.75,1,0.3796400331069721,0.06971940522017696,0.11389547467424006,0.7841554545937841,9.623651805285922,1
3935,needle_5link,2.25,1,0.36274480269393783,0.029704111268443828,0.08472100003672646,0.4957386716262111,2.8846932614812806,1
3936,asym_3link,0.35,0,0.004095200891171332,0.00010360726449200286,0.014552811144906188,0.16060465494377488,4.109365979237778,0
3937,large_6link,0.7,0,0.004131034909293764,0.00025565793066098833,0.08486474927695237,0.27746771223087013,6.539945219872392,0
3938,redundant_4link,1.0,0,0.00562959343375526,0.00023735138483198451,0.04219537029431448,0.49160792777440804,2.3037279243962905,0
3939,short_2link,1.35,1,0.01436353898185138,0.0016764494118898486,0.06382458661062124,0.9070241806918385,10.719995553726342,1
3940,soft_5link,1.75,1,0.087807681187221,0.018365121461979116,0.13737454309523647,0.7388249661264165,3.861735218490731,1
3941,wide_2link,2.25,1,0.5523832107984095,0.05375924960217452,0.06633667781037175,0.896315421582027,2.2381596241922757,1
3942,snake_6link,0.35,0,0.006562576375200793,0.00034522060546100146,0.000510669198976821,0.1454988105396279,76.80778762463446,0
3943,heavy_3link,0.7,0,0.0037735035300630894,0.0002009175887768462,0.014172791881177335,0.26715899639437835,4.182431936102065,0
3944,teacher_2link,1.0,0,0.001956715332547181,0.0002560797853942344,0.01761803082018417,0.7027464600070503,8.19550378012783,0
3945,long_4link,1.35,0,0.0008679049673916145,0.0001426790783211005,0.11944017730572336,0.5940207852153829,4.581642870270923,0
3946,long_2link,1.75,1,0.3890860860307121,0.07504547271371736,0.1629860790535766,0.7719057434839375,11.716995272484168,1
3947,needle_5link,2.25,1,0.4751881201133196,0.03496234066588871,0.07005761556422482,0.3514651402231255,1.9286752445797557,1
3948,asym_3link,0.35,0,0.00799279685168925,0.00016502028005254424,0.0057058398233142404,0.20730382589878774,6.113745779105876,0
3949,large_6link,0.7,0,0.0035844385477509485,0.00015416480778938143,0.02678655034297913,0.2758094922087138,2.3069411819974333,0
3950,redundant_4link,1.0,0,0.0009320837010521802,0.00011976025118945416,0.03776458135991319,0.4911234975593814,4.30781816113142,0
3951,short_2link,1.35,1,0.2090032429334292,0.029767124251847046,0.029727886294934825,0.8261387924057211,6119.615583327854,1
3952,soft_5link,1.75,1,0.0718929614575982,0.00649076957367062,0.10354509842936327,0.7242770086606042,1.4648430268362604,1
3953,wide_2link,2.25,1,0.5424173355862697,0.08383938254446134,0.060882237223229156,0.4828767569123119,6.627947886032089,1
3954,snake_6link,0.35,0,0.008559221545498387,0.00010959538385144604,0.01584404964505396,0.15190257601403462,2.6931077640995653,0
3955,heavy_3link,0.7,0,0.0059320421580671395,0.00019329339194459387,0.05177861457522691,0.4812218331414335,2.8694455953169995,0
3956,teacher_2link,1.0,0,0.009487855202691214,0.0006503952909095726,0.04347126874131812,0.6954865447056059,11.189351101869054,0
3957,long_4link,1.35,1,0.1882597375378574,0.028272130152385316,0.029590865894218,0.4252938460518265,3.283261566759697,1
3958,long_2link,1.75,1,0.2715215851405325,0.017756319538604896,0.018173439506912453,0.8582379647226661,14.233632543385111,1
3959,needle_5link,2.25,1,0.43963182764153386,0.0600815111581526,0.052410376305486006,0.3431761915869238,2.000810186555242,1
3960,asym_3link,0.35,0,0.01238132183297946,0.0004723402132150572,0.0005116690762543552,0.16735113139843857,133.6350075726759,0
3961,large_6link,0.7,0,0.008422465391110927,0.0002036208777745194,0.02664693666514699,0.26016242735731104,1.8262173378081927,0
3962,redundant_4link,1.0,0,0.00573226183239613,0.00035476607715413135,0.06869371786940606,0.5045618856616023,5.125063845508474,0
3963,short_2link,1.35,1,0.2370158145516102,0.03373544462348404,0.11361417398809479,0.8132116356136148,46.3907010398029,1
3964,soft_5link,1.75,1,0.16733935026114508,0.008631233146085849,0.06138991849835948,0.6886688063929534,5.003106835449981,1
3965,wide_2link,2.25,1,0.43025944334086236,0.06905737298576062,0.0791535112351364,0.8463431769230174,2.526313168973549,1
3966,snake_6link,0.35,0,0.002139648305565748,7.950293370832859e-05,0.04534320374954867,0.16142103912795977,5.05662974749865,0
3967,heavy_3link,0.7,0,0.007763099540543676,0.00023712753797210668,0.01933901063462805,0.4826514703444616,3.780775815307381,0
3968,teacher_2link,1.0,0,0.0008631379602422767,0.0001095209118451538,0.07588934070266948,0.7486706295279163,4.273737683841071,0
3969,long_4link,1.35,1,0.05051564643130784,0.008564459775083747,0.0020546130036855656,0.46457765148699753,132.03974201431865,1
3970,long_2link,1.75,0,0.031888971692092094,0.004541474970178294,0.025199596839365804,0.7366397927826379,252.72475013186005,0
3971,needle_5link,2.25,1,0.47932394664424477,0.037928718107614334,0.09865393099279804,0.42677129308580225,4.765812428385451,1
3972,asym_3link,0.35,0,0.0028658038661612774,6.970161034541709e-05,0.01628072957838384,0.20994552128901836,2.347019840928924,0
3973,large_6link,0.7,0,0.0016452616829324234,0.000105472329656331,0.09581078300368828,0.2797221117436763,2.3806867703262244,0
3974,redundant_4link,1.0,0,0.0016867594009853165,0.0001891502448600393,0.02434902937839758,0.49471455595773506,4.743065617002333,0
3975,short_2link,1.35,0,0.015311594212731938,0.0010200057451557698,0.024722490514598076,0.9339949550183264,9.064531007546874,0
3976,soft_5link,1.75,1,0.39339513130798426,0.04493903755913238,0.14558209769603317,0.5156310525897049,4.789785699550446,1
3977,wide_2link,2.25,1,0.5166029398739697,0.06857839290644564,0.04197543879710084,0.5682198449050266,6.560202121836259,1
3978,snake_6link,0.35,0,0.003639749797272895,0.00020281478306846687,0.00022440492766678485,0.15389656378655361,165.28731978205732,0
3979,heavy_3link,0.7,0,0.007180189325252632,0.00027276089886567735,0.016603166238055515,0.4640343278120206,4.7719140322510745,0
3980,teacher_2link,1.0,0,0.014363707944299602,0.0003794224890011839,0.028487376862013157,0.6666396986954829,5.246441593517045,0
3981,long_4link,1.35,0,0.003604365597281783,0.00043644308335969735,0.03546411668616639,0.7224230185587808,5.69582068040856,0
3982,long_2link,1.75,1,0.23551413546214298,0.048627563511500826,0.12439001232918995,0.9505707809678077,4.21685067585407,1
3983,needle_5link,2.25,1,0.43440693769376004,0.06289527365164091,0.065002498543003,0.3473512863939429,1.7397162577968255,1
3984,asym_3link,0.35,0,0.017807211640079892,0.00032802131223882205,0.0030505060540194063,0.16751946964307982,13.145826644348318,0
3985,large_6link,0.7,0,0.008586366068778519,0.0003922974694064126,0.017742620432256644,0.26025459998673456,9.342520783860293,0
3986,redundant_4link,1.0,0,0.007575473620057545,0.0004421156745741004,0.020632508773337933,0.4734945280572792,6.930475386322883,0
3987,short_2link,1.35,1,0.17151553117318932,0.02370582999288196,0.02554808743324519,0.8346098146829136,211.215940185343,1
3988,soft_5link,1.75,1,0.05421728734727326,0.005105492919407148,0.11984362694393319,0.7504526560606031,3.6951353090347756,1
3989,wide_2link,2.25,1,0.4145869256379901,0.040942189530232265,0.0815306778716212,0.9738604810925532,1.7295440244326552,1
3990,snake_6link,0.35,0,0.003059796295549694,0.00013774510603248804,0.007955111879658514,0.1505992517953043,12.25451295137097,0
3991,heavy_3link,0.7,0,0.0011297417961769788,7.44476104062625e-05,0.09825658684318385,0.3154191547713076,2.336891303377435,0
3992,teacher_2link,1.0,0,0.0028712921781864345,0.0002769097581288359,0.021752023280003207,0.6745025452841585,5.187785221654231,0
3993,long_4link,1.35,1,0.0777806472432359,0.005075274186097804,0.06415452040171671,0.5692782858483262,1.698922021259189,1
3994,long_2link,1.75,1,0.42512828099798616,0.08849854744035747,0.06881704254850271,0.740245372715082,5.191249029421759,1
3995,needle_5link,2.25,1,0.40992968079099606,0.0310345811750629,0.041904457418910024,0.5658786748843373,4.508691498186839,1
3996,asym_3link,0.35,1,0.20155832368061755,0.0008846255001446485,0.0013721408746688293,0.11873178004958261,51.782577188103886,0
3997,large_6link,0.7,0,0.0015908911463477916,0.00014874932132493624,0.012638283656351501,0.24306228072586855,11.024637168606017,0
3998,redundant_4link,1.0,0,0.003625034062093595,0.00038103533702845105,0.06504118682481105,0.4857159530687832,8.261013104845157,0
3999,short_2link,1.35,0,0.03708105136715284,0.0033024256757750387,0.10236471988986443,0.6423413047320674,162.09433241573794,0
4000,soft_5link,1.75,1,0.2116271029830187,0.036587144307704274,0.17735761621086263,0.6144964105423097,4.0069423398887976,1
4001,wide_2link,2.25,1,0.37013982368993753,0.01700303663817651,0.015598826949847228,0.9691449423889452,14.421138773726533,1
4002,snake_6link,0.35,0,0.001964814905927256,7.135490689749264e-05,0.05356259543566711,0.16107491064294288,4.182025947073275,0
4003,heavy_3link,0.7,0,0.0010507817949307636,7.766094400495056e-05,0.06728096295356169,0.27961865016337056,4.171587443408576,0
4004,teacher_2link,1.0,0,0.0026723669000407765,0.00020476282070073083,0.0692929790910531,0.6705568847964083,2.842431563800961,0
4005,long_4link,1.35,0,0.007446116563366092,0.0013419612164526462,0.0014048007142401292,0.5301319134429415,251.49968825832374,0
4006,long_2link,1.75,1,0.4223112230368611,0.08722879287335508,0.251230477844933,0.7440683476439349,3.6291873055294035,1
4007,needle_5link,2.25,1,0.3235367467772198,0.05885590294431111,0.25434694662480156,0.5418689301281401,3.499220198125898,1
4008,asym_3link,0.35,0,0.011927117110715833,0.0001810008493474463,0.014330296138707288,0.20842404400027437,6.116240217392131,0
4009,large_6link,0.7,0,0.004635359352231947,0.00015157448283385048,0.03481839284307841,0.2463801456900539,1.8296412452827029,0
4010,redundant_4link,1.0,0,0.005210481387020721,0.00029655949711777024,0.05586080340822185,0.47578754196351175,4.0226749161707875,0
4011,short_2link,1.35,1,0.251928539871906,0.006487723899732705,0.024298643545402024,0.614921814244881,5.837843598982734,1
4012,soft_5link,1.75,1,0.29571727852355933,0.06000752224626216,0.10799551441207654,0.587032066685762,10.124458700300924,1
4013,wide_2link,2.25,1,0.5518004441731812,0.0532219757775603,0.07215309065218746,0.8950005517381293,4.513286552056656,1
4014,snake_6link,0.35,0,0.006538901822412843,0.0003511766267621565,0.0003674579373521124,0.14883474852606632,243.60833598928733,0
4015,heavy_3link,0.7,0,0.03455773096593528,0.0016270753227130234,0.003269349497636891,0.2185317117654313,71.40729840399057,0
4016,teacher_2link,1.0,0,0.0006969328196369953,8.972690239521713e-05,0.03227325502812384,0.7308879799070728,4.200005419301177,0
4017,long_4link,1.35,1,0.01733352168363742,0.0012394788352544687,0.0863744245074708,0.6752352033924539,1.6646740230167019,1
4018,long_2link,1.75,1,0.4261192607566943,0.07635771479630589,0.2128479927932731,0.739791467785662,3.002669500855939,1
4019,needle_5link,2.25,1,0.3933152398453632,0.06596417861683036,0.05973851807142214,0.4197064391421284,3.378317242907576,1
4020,asym_3link,0.35,0,0.0037305849716463666,9.04576196943381e-05,0.010304416277184881,0.21974267403582778,3.3067424566886983,0
4021,large_6link,0.7,0,0.0015289987938457495,0.00013021387747636737,0.03403368894213434,0.24057786415331106,6.113114475375011,0
4022,redundant_4link,1.0,0,0.0014641485206603624,0.00017129175754047375,0.03998468442116144,0.48904719453885953,5.199578427928607,0
4023,short_2link,1.35,1,0.06672007571793585,0.007813625407521554,0.005068427642383055,0.8155818019568126,282.91203190532235,1
4024,soft_5link,1.75,1,0.23979745627105423,0.06055010896840113,0.23150980783402467,0.6406016056772781,8.557983432511904,1
4025,wide_2link,2.25,1,0.5523856278262879,0.04381665184179268,0.08654536957387354,0.896881449032366,2.044631487174938,1
4026,snake_6link,0.35,0,0.0019576326750582367,8.335207575210103e-05,0.01524657311477231,0.1575221240760246,7.609117896881141,0
4027,heavy_3link,0.7,0,0.005120692505135925,0.00016916730529448472,0.02652515485968333,0.4499338877838164,2.3656128725969565,0
4028,teacher_2link,1.0,0,0.12452528281460251,0.002025039452646016,0.006989007756510819,0.5114908921000543,40.804314332249405,0
4029,long_4link,1.35,1,0.06951411372651761,0.01208991684669681,0.03805477320498188,0.532457881252206,7.3245779963377595,1
4030,long_2link,1.75,1,0.4196692125816763,0.09636769746786931,0.08723462025697916,0.7468359175843798,5.435722055856294,1
4031,needle_5link,2.25,1,0.38697904245479947,0.04924809176282992,0.1981753404061449,0.4657706219543137,1.687035096753097,1
4032,asym_3link,0.35,0,0.002971216785490289,0.00012563938626021113,0.00013672422659452566,0.17757197388073634,169.97784005579686,0
4033,large_6link,0.7,0,0.0008265075102905006,7.427506312410108e-05,0.06663960246071023,0.23386227332684767,6.286172707894032,0
4034,redundant_4link,1.0,0,0.0023332138681450986,0.0003327457774217409,0.032273319146893784,0.49797189749083265,15.20982786496883,0
4035,short_2link,1.35,1,0.037698500519737645,0.003066035629688736,0.024855002406133343,0.9083194565628584,15.646810375822787,1
4036,soft_5link,1.75,1,0.07910300917681211,0.0059665741267114535,0.08751562079551506,0.7274283620262052,1.8520635605244304,1
4037,wide_2link,2.25,1,0.5350416111115791,0.10063982060176917,0.08998761345566889,0.4831299071805022,26.115507635891554,1
4038,snake_6link,0.35,0,0.0018916310263619983,5.7364035963766316e-05,0.02739069392154966,0.15659837287526643,3.4837602344736904,0
4039,heavy_3link,0.7,0,0.008993904715597177,0.0004944197509575227,0.024320704853649046,0.3854495104819213,11.637592542979977,0
4040,teacher_2link,1.0,0,0.0021780285062469266,0.00022343555676613143,0.023567793214362802,0.7377638355178906,4.432229687618881,0
4041,long_4link,1.35,0,0.12674225089818789,0.003904566487171185,0.004548288144147187,0.22970897896185086,109.6868321275365,0
4042,long_2link,1.75,1,0.20692065518222133,0.020189999792199334,0.04359389339407423,0.9685579689329512,8.075486622458813,1
4043,needle_5link,2.25,1,0.4271394823986691,0.06294102196945646,0.0522810230116102,0.3611556381194113,2.165044041428575,1
4044,asym_3link,0.35,0,0.003934745552897613,9.753495803005084e-05,0.009022310248163839,0.22099134123331265,3.709072456763635,0
4045,large_6link,0.7,0,0.005766067662505616,0.00018063588855318555,0.026112980780636175,0.2606092114348915,3.1272085052321525,0
4046,redundant_4link,1.0,0,0.0017922330155257834,0.00026455355089969267,0.11369775728770817,0.48596414054984644,15.06679880968164,0
4047,short_2link,1.35,0,0.003451549133815289,0.00035820266237794276,0.039254345346333666,0.9413894925394719,4.363440134708661,0
4048,soft_5link,1.75,1,0.35587165619040356,0.08488094801249478,0.16166421143254112,0.5539009269239256,5.336280178748724,1
4049,wide_2link,2.25,1,0.39982680819065175,0.06492642168295727,0.07686620695626928,0.9821454846389722,3.1602846300656062,1
4050,snake_6link,0.35,0,0.08091157029191731,0.001064824539635944,0.0010985197455622158,0.04238601100845517,340.11785741884984,0
4051,heavy_3link,0.7,0,0.0020216208435226164,0.000108108776289491,0.02370220056889179,0.2969667233578026,1.9286000664103284,0
4052,teacher_2link,1.0,0,0.0007640248306925223,8.850620732842767e-05,0.08815395600735562,0.7443441354892689,3.0539591815749323,0
4053,long_4link,1.35,1,0.13639349603467937,0.005490131060604921,0.04663953514221029,0.6480611594390557,4.1383724393567425,1
4054,long_2link,1.75,1,0.40454879634453694,0.020585454571741702,0.07462882861660353,0.7140886858988711,4.582708984298478,1
4055,needle_5link,2.25,1,0.31190703085263466,0.032101735395469684,0.1388905310961589,0.6346966855924756,1.1019887722258297,1
4056,asym_3link,0.35,0,0.0009763138362451065,3.602426979940509e-05,0.015055953482484532,0.17677859983300528,4.46291932976508,0
4057,large_6link,0.7,0,0.010025065220158492,0.00025141147109640423,0.021313817752085025,0.25462888784607246,4.6799126455081455,0
4058,redundant_4link,1.0,0,0.00599366702792275,0.0004469040843265604,0.09149254719008942,0.48107198052100614,7.672526357315882,0
4059,short_2link,1.35,0,0.029461572652869732,0.0030206606027448823,0.00303073579433714,0.7453528505828131,563.140043024879,0
4060,soft_5link,1.75,0,0.004169101289962402,0.00042336664201005753,0.15861924678396092,0.7834408068408985,3.0345893013605063,0
4061,wide_2link,2.25,1,0.40660266838099757,0.05716955588511303,0.06759908752163794,0.9782632041125122,2.0941308556066125,1
4062,snake_6link,0.35,0,0.004436358861858844,0.00013316752363161757,0.014411110513169378,0.15359334817262468,6.496324200447233,0
4063,heavy_3link,0.7,0,0.0022403739685882555,0.00014694918554909633,0.03711825089995908,0.4071492802777646,4.022443030815676,0
4064,teacher_2link,1.0,0,0.03175196705838897,0.0014208907754342894,0.013869500053336987,0.6232884072961777,25.70830838683998,0
4065,long_4link,1.35,1,0.08643776389381183,0.007281840383600704,0.07020641229334063,0.5582778697125671,1.13951776022592,1
4066,long_2link,1.75,1,0.3720928482826615,0.09523985720354737,0.09821310811931978,0.7937311259626859,118.73574677003346,1
4067,needle_5link,2.25,1,0.2490941060080864,0.015436132531884241,0.029482142658304993,0.7041262310566297,6.290101329283499,1
4068,asym_3link,0.35,0,0.060231457714417104,0.0009535974044004145,0.0011085706378619776,0.113128124043817,95.5799046960184,0
4069,large_6link,0.7,0,0.0031072090965939938,0.0001252596581719518,0.048065353995830236,0.27372931900068825,1.2810994902247863,0
4070,redundant_4link,1.0,0,0.003453141209007426,0.00020907060556647425,0.04630726550531643,0.48810693933736315,2.375723672675894,0
4071,short_2link,1.35,1,0.2125137697851825,0.01605873071732202,0.031895070950683974,0.6520663233530064,5.366205536858245,1
4072,soft_5link,1.75,1,0.15866314900785103,0.02338008918383409,0.0754096098414167,0.6435439397142076,4.053392300679751,1
4073,wide_2link,2.25,1,0.5545532602285443,0.08480451415124804,0.07507917271371994,0.4518593883145911,2.515662194868496,1
4074,snake_6link,0.35,0,0.0018118486916060606,5.981500205828051e-05,0.05368025988326496,0.14800267572891174,3.0477247846183286,0
4075,heavy_3link,0.7,0,0.01516927169996507,0.00041448274527761174,0.013989810089249757,0.5265217970071868,7.446972556589865,0
4076,teacher_2link,1.0,0,0.014936379279830218,0.0005155543471359373,0.05881961644443387,0.6546532946302493,7.761618123093986,0
4077,long_4link,1.35,0,0.01773328298859982,0.0025773966609828444,0.0029415807912876574,0.4934480311800103,118.40575694161397,0
4078,long_2link,1.75,1,0.41236563045551045,0.07084176953748997,0.2249887972728355,0.7544849362692301,3.244976178802353,1
4079,needle_5link,2.25,1,0.23403379120064705,0.027330610277232784,0.16876912869065236,0.7696111346988945,2.4274258385480563,1
4080,asym_3link,0.35,0,0.0032193862191762903,6.860915752117978e-05,0.012351198599938303,0.17040094874715855,1.868146614672682,0
4081,large_6link,0.7,0,0.004644889491800028,0.00035132579441814334,0.010447949669182121,0.2658426717217063,11.10027078944351,0
4082,redundant_4link,1.0,0,0.0030795733724486764,0.00020897094337167372,0.10423135819736366,0.49203573043606164,2.67184712791962,0
4083,short_2link,1.35,1,0.24901243190950004,0.00826566640103014,0.04269548885470411,0.6167941597843278,3.404787264321418,1
4084,soft_5link,1.75,1,0.07759343304118038,0.02041787090568429,0.07132143429055905,0.7679943306616385,12.244087513661858,1
4085,wide_2link,2.25,1,0.5188654906369934,0.03895943014269378,0.07958694352477018,0.9145920507019519,2.1138566665271807,1
4086,snake_6link,0.35,0,0.0006158694340434802,3.492416053425828e-05,9.353298942107668e-05,0.1575852126038653,77.29672942354594,0
4087,heavy_3link,0.7,0,0.009894515624106304,0.0002886250616648837,0.016878908696459517,0.4392534751243146,4.6959902098340605,0
4088,teacher_2link,1.0,0,0.029668543625512116,0.0008690159545739972,0.01114228377448647,0.6592875246213735,13.892333233898253,0
4089,long_4link,1.35,1,0.01586846131543336,0.002799720842401702,0.03241664255479379,0.569725605244022,14.036325706718777,1
4090,long_2link,1.75,1,0.4094982226112386,0.0793294709858353,0.0751153112563337,0.7581288921439122,2.9435719563573413,1
4091,needle_5link,2.25,1,0.35526345465765047,0.025108037844935517,0.1052512237794436,0.4929429138483053,3.567492841696629,1
4092,asym_3link,0.35,0,0.006676827507200216,0.00010288295937355713,0.01715672079508909,0.19685693830862294,3.055208913785959,0
4093,large_6link,0.7,0,0.002386811698076833,0.00016961319103749416,0.10695768097314151,0.26404802333563265,4.772174303199124,0
4094,redundant_4link,1.0,0,0.00605805910545044,0.0002462225548120745,0.04146018140105475,0.46693184440756613,2.1543341781015335,0
4095,short_2link,1.35,0,0.04344235726910187,0.0034883327909077766,0.0036489907524018357,0.5797308355443962,167.7282804607666,0
4096,soft_5link,1.75,1,0.09551785134428939,0.019376896338574468,0.14463632547630026,0.7348442770565792,5.233989704993652,1
4097,wide_2link,2.25,1,0.39368773632024046,0.02715164064487401,0.04018578880048317,0.9847051561091477,4.725565966037285,1
4098,snake_6link,0.35,0,0.0016318231444137558,5.831090775372262e-05,0.06032250097803309,0.1608775332001769,3.219519743644874,0
4099,heavy_3link,0.7,0,0.008757407957448126,0.00046066152673921015,0.01955194511740812,0.4957194261350378,10.40519197908094,0
4100,teacher_2link,1.0,0,0.010591591333185962,0.0014084293115315635,0.13225611716472402,0.6464844053987696,93.33629729307681,0
4101,long_4link,1.35,0,0.0010959629330725329,0.00015642751480289638,0.2345802914117559,0.6273140662675805,2.6761858314531306,0
4102,long_2link,1.75,1,0.1306076938709203,0.014350177637736666,0.010864721649751224,0.916158312983344,34.918951439715705,1
4103,needle_5link,2.25,1,0.35171253858390467,0.0380473127906641,0.0807381004938081,0.5820103409348617,4.471865953223249,1
4104,asym_3link,0.35,0,0.04457359832721178,0.0009058012502808693,0.0010449041694075196,0.1226943028861888,98.03844490134672,0
4105,large_6link,0.7,0,0.0018510889212605183,0.00010980041361894439,0.0691000179247746,0.2638490803900388,2.6258879364009324,0
4106,redundant_4link,1.0,0,0.022169725564724508,0.0004830292343419358,0.024256270057216756,0.476146859021621,6.22949078927226,0
4107,short_2link,1.35,1,0.15163791521814846,0.012676604086394313,0.05152452691171559,0.7411769826481529,3.813478345921328,1
4108,soft_5link,1.75,1,0.14667491807574004,0.03390086941008704,0.3057504650011255,0.7106349407990883,4.0140217899274555,1
4109,wide_2link,2.25,1,0.5236478932701305,0.012883791803210226,0.016562233172680782,0.9088175159372089,13.153728616797938,1
4110,snake_6link,0.35,0,0.001178851065805469,4.024969004918472e-05,0.014971571239428562,0.15963644339056993,2.679017492936518,0
4111,heavy_3link,0.7,0,0.00682106417211247,0.00040245422523623673,0.009042134482690273,0.26413420923745634,9.908589031450028,0
4112,teacher_2link,1.0,0,0.005503535928317785,0.00028658786255505823,0.07976778356644347,0.6589008980141218,3.8444956512773087,0
4113,long_4link,1.35,0,0.038037610139033416,0.0034259779917632668,0.004148435359177077,0.39501561445999217,98.30166499569812,0
4114,long_2link,1.75,1,0.42152456671579674,0.08614224748741015,0.10175244856594072,0.7449423108135735,3.4980240176934405,1
4115,needle_5link,2.25,1,0.4717897278868033,0.036584040233388945,0.0673243378277596,0.4326625194816886,5.7021710541737045,1
4116,asym_3link,0.35,0,0.004547166768005955,0.00012865055348664832,0.00594002975010604,0.18597324608294022,5.850032470877855,0
4117,large_6link,0.7,0,0.0008776524968979757,7.465254883513998e-05,0.026520986755409287,0.22566076398345564,3.792457680940087,0
4118,redundant_4link,1.0,0,0.0011448187431946782,0.00012118357424435954,0.06367046358447977,0.4796114174739048,2.709188674149363,0
4119,short_2link,1.35,1,0.07103477386006213,0.005655067384196144,0.017840897127629825,0.9143930264936733,6.904963339774815,1
4120,soft_5link,1.75,1,0.3298491002001879,0.06376480108575583,0.07195193234952477,0.5777972025886612,2.9329051808752706,1
4121,wide_2link,2.25,1,0.5049806397952824,0.014302145744547617,0.02591198080815113,0.9281539462769262,7.866214953607211,1
4122,snake_6link,0.35,0,0.0018840856248026202,0.00010627657110952313,0.0002470048344620178,0.15583732806102524,89.93893484638944,0
4123,heavy_3link,0.7,0,0.0012348056936125273,8.446208983990742e-05,0.04575791758158917,0.27202736375261877,2.763888725766284,0
4124,teacher_2link,1.0,0,0.0015908201858928868,0.00014926709403212277,0.053705690002361514,0.7448780603072723,2.582456574332281,0
4125,long_4link,1.35,1,0.1558341256014831,0.02330069114851388,0.19663477719899541,0.44395089999251336,2.93045374188535,1
4126,long_2link,1.75,1,0.2876455420969852,0.04173258569770663,0.0606527776378783,0.8576291436816053,17.86593873628975,1
4127,needle_5link,2.25,1,0.4764313926669335,0.05029791706165647,0.06385332721009979,0.42499080086403657,3.1032089833633814,1
4128,asym_3link,0.35,0,0.020700013181776562,0.0001618292676251798,0.008556508941604977,0.1886861695564117,5.313783141875385,0
4129,large_6link,0.7,0,0.006417104640985299,0.00022285342036755662,0.026274886351961277,0.3037790240639104,4.446885738909067,0
4130,redundant_4link,1.0,0,0.003344253370134505,0.0002995101764479749,0.05910985733262327,0.5003744803359672,5.273180429648329,0
4131,short_2link,1.35,1,0.12396565716101941,0.014960144918611862,0.0083745014985886,0.8073666131379983,106.0506086678548,1
4132,soft_5link,1.75,1,0.29837108809159096,0.051414253240945354,0.12439300313835379,0.5956207053429673,3.3792644457542953,1
4133,wide_2link,2.25,1,0.43877797958812637,0.04222037079715368,0.04201576755534999,0.8162882512592418,3.968560998142497,1
4134,snake_6link,0.35,0,0.004473562559836069,7.940626203374978e-05,0.0127090992214734,0.15796065411913635,2.0626335827291418,0
4135,heavy_3link,0.7,0,0.014315060601202105,0.00030463032476575115,0.016415328744510082,0.3537971245184799,4.903347444027628,0
4136,teacher_2link,1.0,0,0.006570960239216794,0.00025834945480389653,0.05295956881766107,0.665934278758037,2.9892928964823646,0
4137,long_4link,1.35,1,0.1916233431516709,0.023450750447100033,0.04213086450916707,0.43470845079714876,2.6478192903493154,1
4138,long_2link,1.75,1,0.3869313707816144,0.083694695713404,0.05898796550949516,0.7401099559856333,39.49236897371234,1
4139,needle_5link,2.25,1,0.4824022839476711,0.05851681070730052,0.19880761663031168,0.43356373317550834,3.3425243183861393,1
4140,asym_3link,0.35,0,0.02434279490013559,0.0006874110909310625,0.0009991104498694333,0.1361992513092212,57.146608001132755,0
4141,large_6link,0.7,0,0.002112499800908286,0.00014325847469737996,0.02345807742263944,0.2730542391071178,3.899417364135943,0
4142,redundant_4link,1.0,0,0.0006007398329143336,8.851760040059715e-05,0.0271965418688107,0.48618482523260315,11.663340785306579,0
4143,short_2link,1.35,1,0.24333200045095021,0.028477245627737607,0.026012672965978572,0.8147648563294987,4.18746561441719,1
4144,soft_5link,1.75,1,0.1266375735336148,0.009847192327464244,0.08849711220584063,0.705033245192443,2.33137302018805,1
4145,wide_2link,2.25,1,0.46283595337809325,0.08935041156452878,0.09668958481208598,0.7536064175469426,8.137176380627194,1
4146,snake_6link,0.35,0,0.008283261107929037,0.00012772741408567987,0.014469653345797057,0.14602356208246936,5.339463657782404,0
4147,heavy_3link,0.7,0,0.0026545871222670597,0.00011655005528840465,0.026847914311323485,0.3043053086783501,1.3568422262849331,0
4148,teacher_2link,1.0,0,0.0017997098365608386,0.0002364173909133501,0.030847705947731372,0.7469622787553719,7.7546547721647165,0
4149,long_4link,1.35,0,0.033757937980189515,0.0033431857945867365,0.003974612617535368,0.3267657202311101,102.39908379830642,0
4150,long_2link,1.75,1,0.3446549801420282,0.05759614191565976,0.11018804860892233,0.8144753904686509,12.91115800692145,1
4151,needle_5link,2.25,1,0.2876781017141559,0.04857121655450322,0.05355013280126431,0.6265383359373895,3.8320055517099325,1
4152,asym_3link,0.35,0,0.007036610345509549,9.516039261738522e-05,0.012585398867166628,0.18136804574393212,2.6059110822947775,0
4153,large_6link,0.7,0,0.007363768546592331,0.0001960756308850314,0.0244907723847027,0.26504985734003894,2.756355219979126,0
4154,redundant_4link,1.0,0,0.007103087158791015,0.000284240322024364,0.03435971833378084,0.47747538734423123,3.614223776173506,0
4155,short_2link,1.35,1,0.13512594491381236,0.01207015116497666,0.07305194989054138,0.7624233931594087,4.30952877416944,1
4156,soft_5link,1.75,1,0.21473407053855478,0.011794810168410191,0.05099890172609401,0.6296433889452049,4.797839679644961,1
4157,wide_2link,2.25,1,0.5263151866274007,0.06211049895994123,0.05661854169269994,0.9095702339107103,2.297444977944922,1
4158,snake_6link,0.35,0,0.0034539976806652033,0.00019294836318067683,0.00020317242886777688,0.15469340692148614,254.56604598881552,0
4159,heavy_3link,0.7,0,0.006343090499641296,0.00043334523548838895,0.004133754522042008,0.2967595586090951,13.272753203810488,0
4160,teacher_2link,1.0,0,0.005876371349517535,0.0002873356096574382,0.03466720444344662,0.6915039852775411,3.794995712342627,0
4161,long_4link,1.35,0,0.0022194967209508225,0.00032865400827832085,0.022286130611771215,0.6782217153943212,5.530263233409528,0
4162,long_2link,1.75,1,0.4052176934741617,0.08359792376468732,0.08007304970222955,0.7627701135760658,3.436494709968198,1
4163,needle_5link,2.25,1,0.3345201548612044,0.040001763658568425,0.15577007925582412,0.4761982671917521,1.4739212904321044,1
4164,asym_3link,0.35,0,0.005856895796536235,8.473477482420805e-05,0.015333981185150636,0.19494569574517845,2.0674394659197013,0
4165,large_6link,0.7,0,0.0029026858250801786,0.0001733962494017405,0.04400788165316227,0.2657004678704365,4.002125128578667,0
4166,redundant_4link,1.0,0,0.011363221493100489,0.00035268140303630277,0.03261913229440502,0.5196748845001029,4.254484748817741,0
4167,short_2link,1.35,1,0.22214970442538573,0.0322376224698732,0.03248233324977209,0.827329411881239,85.61177589423086,1
4168,soft_5link,1.75,1,0.2744678421896002,0.06250129219383221,0.05684583991718141,0.6163294784404219,6.043195689067322,1
4169,wide_2link,2.25,1,0.5450432086266563,0.08111396584970344,0.0985244950366601,0.49010095014914007,1.881029949640158,1
4170,snake_6link,0.35,0,0.015834074617591367,0.00015010698248933555,0.0147497953208684,0.13768048672602423,5.626745777379308,0
4171,heavy_3link,0.7,0,0.001067010749599891,7.530205412051431e-05,0.052211487612216015,0.30624564509792246,3.2991309229019334,0
4172,teacher_2link,1.0,0,0.02123554101485389,0.0006356044237936427,0.017473769509390155,0.6507348799242404,9.782178109517425,0
4173,long_4link,1.35,0,0.0024798720056997373,0.0002771008589537911,0.11487642379715947,0.668179975883068,3.0917896271716483,0
4174,long_2link,1.75,1,0.4277615192247381,0.09363342214856077,0.11598905024486586,0.7374447576470831,5.842739193002795,1
4175,needle_5link,2.25,1,0.43281321396406686,0.07291250461109688,0.26161951453486865,0.46372387703554885,3.5364249306091238,1
4176,asym_3link,0.35,0,0.019289351764933193,0.0006519413775042568,0.0006963621129900903,0.13637923078450856,148.90300498459393,0
4177,large_6link,0.7,0,0.001222521022681995,0.00011183435394166195,0.012314982321247453,0.25851131946827555,6.255194089772751,0
4178,redundant_4link,1.0,0,0.011853879052144533,0.0007106822658603772,0.03275018987000763,0.5189051960420391,11.865148050994229,0
4179,short_2link,1.35,1,0.24524807968428938,0.006096662193396356,0.03278525793412861,0.6294708605706199,5.2473343669169425,1
4180,soft_5link,1.75,1,0.37436507104891203,0.06983957217734138,0.249833919436118,0.5338631753198433,4.328833888480614,1
4181,wide_2link,2.25,1,0.37420575018951335,0.033382240618979944,0.07098253888514615,0.994810898660125,2.620883537125272,1
4182,snake_6link,0.35,0,0.006215407267101795,0.00011716464330953285,0.020885951006204877,0.15099320410812878,4.538724917834222,0
4183,heavy_3link,0.7,0,0.0010769914972491993,7.789389194498588e-05,0.013578506517920065,0.2792601727611617,3.8369547241074478,0
4184,teacher_2link,1.0,0,0.0035970273507100778,0.0004109883898238527,0.01757301367468448,0.6800447472634008,9.626452672323042,0
4185,long_4link,1.35,1,0.013227300459236872,0.002407292033468091,0.002160869398942768,0.5302416676016116,332.97412524830645,1
4186,long_2link,1.75,1,0.26749050794511575,0.04057765273085487,0.12325875116631661,0.8133472408644936,35.0281588411646,1
4187,needle_5link,2.25,1,0.34074599049317517,0.029837668754436632,0.051401977158439076,0.6585224504613663,3.1705622234945166,1
4188,asym_3link,0.35,0,0.011079659739494468,0.00012585423111837637,0.009452989876470317,0.1857971272492429,3.972231737980687,0
4189,large_6link,0.7,0,0.004955062317134798,0.00024507099665204264,0.04627267574292015,0.264343638491716,5.12919993278782,0
4190,redundant_4link,1.0,0,0.005794965477378352,0.0005278230277646652,0.033661478239723826,0.46328845269782126,10.075581185931137,0
4191,short_2link,1.35,1,0.24268810444535144,0.03406028821458542,0.03090501287456043,0.8148145476195336,12.414853664398043,1
4192,soft_5link,1.75,1,0.21071287354239043,0.03513530418448632,0.21674129994827798,0.6521055369794225,3.8793394948820348,1
4193,wide_2link,2.25,1,0.45957940205982906,0.0883048625742676,0.11184917205740362,0.7630231567292928,7.535359727147068,1
4194,snake_6link,0.35,1,0.4005774346481518,0.0007710829939709103,0.0015983954262348047,0.1093994141808998,49.760218301545585,0
4195,heavy_3link,0.7,0,0.010899651872116304,0.00023351386581109174,0.022410077495844692,0.3254280983114738,3.4185205528204192,0
4196,teacher_2link,1.0,0,0.008353135285560752,0.001012872656363617,0.07225469795209141,0.7060896481149032,29.7267768082938,0
4197,long_4link,1.35,0,0.0014833264986046657,0.000239878780779987,0.06539402083573073,0.6512281276865134,5.547081210778154,0
4198,long_2link,1.75,1,0.3024848647916661,0.07373458890451812,0.16131650664042171,0.8746696118141489,11.2372538198724,1
4199,needle_5link,2.25,1,0.3657645934631666,0.06061216799974425,0.05446440167970753,0.5308219028831703,3.5408938481983903,1
4200,asym_3link,0.35,0,0.002379362016873148,7.723178880957463e-05,0.026330587153398817,0.20153689831447832,4.582204329383994,0
4201,large_6link,0.7,0,0.0013342804244257575,9.922299754375529e-05,0.11581815255029454,0.22976559711849137,3.370487375309644,0
4202,redundant_4link,1.0,0,0.009950656913172987,0.0003211092254736596,0.04700128997708045,0.474941474765492,4.23588079500836,0
4203,short_2link,1.35,1,0.15544695356968313,0.020578985710809346,0.019748286279469143,0.8229750136339405,645.3098172061958,1
4204,soft_5link,1.75,1,0.12129953533094774,0.010837863980238432,0.10672058614747308,0.6837503936359948,1.3514094139437618,1
4205,wide_2link,2.25,1,0.4006312085375301,0.0697953097677506,0.08165593171844843,0.9811157923127728,4.933556359819286,1
4206,snake_6link,0.35,0,0.009449624857196049,0.00014428818885298838,0.026941798867701948,0.15206165518876036,5.977957116686454,0
4207,heavy_3link,0.7,0,0.00978152946809909,0.00024854991462124824,0.019708285773605456,0.4020626739825571,3.682527718073154,0
4208,teacher_2link,1.0,0,0.007256916528317551,0.0008825385256801087,0.004258801161064135,0.7152322934152834,24.98360418536648,0
4209,long_4link,1.35,1,0.22880450208303119,0.024712982823950572,0.050022025987379225,0.4106509620764088,3.325170242792326,1
4210,long_2link,1.75,1,0.4178259206877743,0.05047592460058844,0.04808231666552514,0.6893812763863489,3.987790186046333,1
4211,needle_5link,2.25,1,0.4811707585203696,0.07440176661879877,0.09082120053601389,0.3491159900361653,6.758783318495801,1
4212,asym_3link,0.35,0,0.019883491151397606,0.0006715575413564804,0.0006765944368005012,0.14393565876745745,436.14188184908437,0
4213,large_6link,0.7,0,0.0011436162387064544,8.33208728535813e-05,0.04592931696378232,0.2271556771227975,3.3837267297661255,0
4214,redundant_4link,1.0,0,0.0006989358827908595,8.903341799507501e-05,0.02534739440299488,0.48340542100906764,4.660466839519131,0
4215,short_2link,1.35,1,0.25199793673604665,0.006248747474716624,0.03704426295655384,0.6119454299123932,6.858642066329138,1
4216,soft_5link,1.75,1,0.2820634056699083,0.03506341330016547,0.1551549190978936,0.5914800548476815,2.730264829472489,1
4217,wide_2link,2.25,1,0.532731608643542,0.06567745100838743,0.14165075176599265,0.9015729344710727,7.552095699545739,1
4218,snake_6link,0.35,0,0.01718260259550784,0.00014788392234617455,0.008899433223957932,0.1495802875932115,2.1073791932024486,0
4219,heavy_3link,0.7,0,0.01939804778380337,0.000713586660048431,0.021406200918585742,0.4147634269734535,14.563110636217369,0
4220,teacher_2link,1.0,0,0.0010097856663001349,0.00012629947745398248,0.08418581202053992,0.7491904636438079,4.35005057633397,0
4221,long_4link,1.35,1,0.06133219314557357,0.011633916008780538,0.009495305147080213,0.525206727269752,134.3064974850819,1
4222,long_2link,1.75,1,0.16100703976714104,0.009003203512757626,0.009341531692658295,0.859595972342819,33.07172438376185,1
4223,needle_5link,2.25,1,0.40041930357949035,0.05154887601585604,0.0804358451838362,0.4660273732893875,2.0465429456263577,1
4224,asym_3link,0.35,0,0.021038378886236532,0.00016116454045312034,0.009673865933930088,0.19387411299349455,5.293760458569215,0
4225,large_6link,0.7,0,0.0006224472876374877,5.8952339408761974e-05,0.028902364006349768,0.23111294673958724,6.045773209978442,0
4226,redundant_4link,1.0,0,0.00151858230715481,0.0001602569650102149,0.04270341889249884,0.48353310226080093,3.9012804965088868,0
4227,short_2link,1.35,1,0.06679473639787581,0.005179762448804412,0.026145144825101555,0.9187665248248951,6.085802842900314,1
4228,soft_5link,1.75,1,0.2063792145616033,0.037437323148002855,0.10092453212264864,0.6352481249674408,8.546228671294978,1
4229,wide_2link,2.25,1,0.4447718322438688,0.04284014194931098,0.02684997904545773,0.7744594227857178,7.150707853579892,1
4230,snake_6link,0.35,0,0.009679303040762024,0.00048589182360276966,0.0005548501010828175,0.1435469298094779,140.95816930485194,0
4231,heavy_3link,0.7,0,0.0017245516118003653,9.293453413416641e-05,0.02231428666960755,0.2964890218818832,1.7128178877620939,0
4232,teacher_2link,1.0,0,0.004807777737610578,0.0007137003197943693,0.027777644214781887,0.7267812684227621,84.61296054453805,0
4233,long_4link,1.35,1,0.0778359472704545,0.009496362234799062,0.07620138451999522,0.5884589558178454,2.9026997429901464,1
4234,long_2link,1.75,1,0.32532070377399297,0.06314127669662106,0.08756716183252751,0.8008639554617887,14.921966671305409,1
4235,needle_5link,2.25,1,0.5262102057020961,0.055199311601579745,0.05564537370322097,0.2859920622770182,2.3103399461804446,1
4236,asym_3link,0.35,0,0.0035979596745467006,0.00011264069439147759,0.01634009210056306,0.2135703384267982,5.770724379310731,0
4237,large_6link,0.7,0,0.003983372206137967,0.0002363343769473149,0.08803090976611491,0.2660754323914584,5.780513133905519,0
4238,redundant_4link,1.0,0,0.010966753151044756,0.0003833168518206783,0.025221386976902245,0.470107545215359,5.097949229281873,0
4239,short_2link,1.35,0,0.13319735554290657,0.0040571407285583646,0.004298847165330182,0.3173604189500702,139.38314918296027,0
4240,soft_5link,1.75,1,0.32571011655032334,0.062199823827948475,0.061700630944550444,0.524258786659471,7.5490966966562985,1
4241,wide_2link,2.25,1,0.40222723664425386,0.0756252525783453,0.09116736492574692,0.9142699644996628,9.692138727790837,1
4242,snake_6link,0.35,0,0.0015327880431674679,6.725170014509046e-05,0.030887715789115477,0.15829213483070556,6.175194520398073,0
4243,heavy_3link,0.7,0,0.001311532590929539,0.0001015203601110772,0.026645816918425408,0.3119498351828521,6.122105602886746,0
4244,teacher_2link,1.0,0,0.001143694327997563,0.00011136862592487738,0.0470700076884398,0.7252633055604459,2.2547954778493815,0
4245,long_4link,1.35,1,0.030519149400253083,0.0018440949417111733,0.056131449288979444,0.6892549617623389,2.3088303731652875,1
4246,long_2link,1.75,1,0.40042682637739957,0.06130123512858445,0.11824617888933703,0.7676826967240498,2.6663945048632027,1
4247,needle_5link,2.25,1,0.4718427606541306,0.05570202534125584,0.07075243293728978,0.4190829974378739,3.0563351974592754,1
4248,asym_3link,0.35,0,0.00862682004240935,0.0003484082256999734,0.0003526239425817313,0.1687529297926872,348.74450268346726,0
4249,large_6link,0.7,0,0.0065528435423865055,0.00032496031012143337,0.011971599303259079,0.3191321267912207,7.639854830021783,0
4250,redundant_4link,1.0,0,0.021320133994383074,0.0005277210551834793,0.02013229575079191,0.4703881593716003,6.74881530297924,0
4251,short_2link,1.35,0,0.026444436493738475,0.0014688370511693148,0.05445749855558529,0.8803797305110821,13.310134452986826,0
4252,soft_5link,1.75,1,0.06930643025347624,0.016085043930333914,0.08445653876209823,0.7659875888636426,7.977756189744119,1
4253,wide_2link,2.25,1,0.31700820697930504,0.016199795659815212,0.013194975112127267,0.9837546469800453,17.217252070042182,1
4254,snake_6link,0.35,0,0.0025333077545914937,8.534078873704067e-05,0.03644077622800902,0.15415019497421395,4.5680617997732025,0
4255,heavy_3link,0.7,0,0.002016296661278772,0.00012385149260129208,0.04441166811369244,0.3100281150605394,3.363535655712482,0
4256,teacher_2link,1.0,0,0.007602971666340848,0.0007724732875815977,0.06548319162425612,0.7108206502588779,16.640507907057078,0
4257,long_4link,1.35,0,0.021000724675572225,0.0029159234209219786,0.002950447848663432,0.41083759614980375,1170.277956616741,0
4258,long_2link,1.75,1,0.3483807387073883,0.008877774102919563,0.0324516379885567,0.7641749243848915,19.241807169334574,1
4259,needle_5link,2.25,1,0.19812749363805304,0.021893695135647144,0.05466657346795206,0.6571466716178921,1.4258967438496786,1
4260,asym_3link,0.35,0,0.0025644911465479516,9.609029955500981e-05,0.014152177031828412,0.19845743210843075,8.105745378005421,0
4261,large_6link,0.7,0,0.00566846409721281,0.00028349062353958315,0.014454364139025833,0.25758818033389913,6.351618444274132,0
4262,redundant_4link,1.0,0,0.0010182840208293488,0.00011314036809680117,0.037969432207438286,0.4811804897541644,3.113127587757155,0
4263,short_2link,1.35,0,0.008557067227237905,0.0004925694153409405,0.0331829090129944,0.9475472407654693,3.2061013809004275,0
4264,soft_5link,1.75,1,0.20680167824558093,0.01768655837101481,0.14910114487907578,0.6284070180360825,5.259220092162418,1
4265,wide_2link,2.25,1,0.5398965192305769,0.048938132649253265,0.11750711462171805,0.8946287841072925,8.993923818794638,1
4266,snake_6link,0.35,0,0.016499045006954025,0.0006190855645237251,0.0011142845983168068,0.13289076181261264,57.3068771745897,0
4267,heavy_3link,0.7,0,0.0018004250186222227,0.00011423174704477927,0.044479979472314475,0.28072016048584403,2.8990786919173384,0
4268,teacher_2link,1.0,0,0.013828434525746723,0.0013643766269094463,0.01145377245916749,0.6123932018969369,33.02428641841148,0
4269,long_4link,1.35,0,0.0010039966370412542,0.0001503476770614081,0.26005910134358373,0.6097074647058122,3.405881529421102,0
4270,long_2link,1.75,1,0.3543931743561157,0.09021809036307801,0.20925934930579113,0.817093016239276,24.506326430704014,1
4271,needle_5link,2.25,1,0.47458307050946574,0.04232949910548468,0.054428154927264494,0.4448704145163842,9.697223046776413,1
4272,asym_3link,0.35,0,0.0072671290943684755,0.0002037636268193275,0.00337314016666184,0.2118634390815905,9.56258627794577,0
4273,large_6link,0.7,0,0.010118940791429894,0.00023269746222016289,0.03089213658730005,0.29293510981240295,4.108430021115079,0
4274,redundant_4link,1.0,0,0.004266621930182981,0.00020723767726453708,0.04860399299518851,0.48601493318157,1.637420643137904,0
4275,short_2link,1.35,0,0.058678319996846785,0.0037993848754667102,0.0038470834494575617,0.49482170401055486,302.16718485110147,0
4276,soft_5link,1.75,1,0.35494997666598416,0.0511533687565904,0.06957260974893743,0.5561203195831961,2.744328441894875,1
4277,wide_2link,2.25,1,0.5267684159369225,0.06994100650320227,0.046974988779692174,0.9079025931844164,4.657756287414947,1
4278,snake_6link,0.35,0,0.011542103907120472,0.00012193575752976235,0.0127430914866159,0.15138673642821288,3.9404022756829526,0
4279,heavy_3link,0.7,0,0.001757268482957503,0.00010227057021310818,0.021530307290620235,0.2663624699649002,2.1277884596640355,0
4280,teacher_2link,1.0,0,0.0031748199958908994,0.00031486836701774074,0.06989826410477223,0.7299095352869596,6.141894497248844,0
4281,long_4link,1.35,1,0.1373997427727947,0.010416724032841657,0.07775401222858352,0.5075926473028106,1.5610255086539397,1
4282,long_2link,1.75,1,0.22873274215485195,0.04485408361400282,0.08057308363609911,0.9497107983056038,4.12995013227683,1
4283,needle_5link,2.25,1,0.4390151924474884,0.023231033755159197,0.0361487901764465,0.5438149159561263,5.0266213147901455,1
4284,asym_3link,0.35,0,0.026150611107821808,0.000680818652975449,0.0011281788891850733,0.17076580634994448,47.45234810631025,0
4285,large_6link,0.7,0,0.0016336013611387445,9.089821872442511e-05,0.06759661628920517,0.24063809807188363,1.520573531400014,0
4286,redundant_4link,1.0,0,0.0005743275491068909,7.685473285580904e-05,0.021103483067364023,0.48623083797397443,4.262694251438924,0
4287,short_2link,1.35,1,0.0666095626232324,0.007851078766759422,0.05411892374213472,0.9239935544368335,5.235670357702624,1
4288,soft_5link,1.75,1,0.2159353618516126,0.02836471834622316,0.09146407862166367,0.6467377915799032,1.8499169594630536,1
4289,wide_2link,2.25,1,0.5420983827212775,0.07836688583837734,0.09265715756122261,0.49771056103247435,3.069285864741152,1
4290,snake_6link,0.35,0,0.004575578860952493,0.00014226923945314892,0.018932255514412407,0.13995325833649128,7.199936340844113,0
4291,heavy_3link,0.7,0,0.0009717489084436913,7.024132556435845e-05,0.04823751543283711,0.28304970572794935,4.085264442538576,0
4292,teacher_2link,1.0,0,0.009755216256271366,0.0003744125275076684,0.0455789609350103,0.6586246978249392,5.299528350213449,0
4293,long_4link,1.35,1,0.03763487689370262,0.006258899418546032,0.0022495272072386913,0.461340662247105,125.78890179390233,1
4294,long_2link,1.75,0,0.04684764042204776,0.005023448065789341,0.01589478072494768,0.5305926159235437,660.9575844181505,0
4295,needle_5link,2.25,1,0.2997915911200762,0.04217701748467536,0.04602904632271531,0.606189976891888,2.638226467081501,1
4296,asym_3link,0.35,0,0.01599321223973527,0.000297867274890179,0.008414365693482355,0.18438958453608587,11.741229479214153,0
4297,large_6link,0.7,0,0.0047087237217592155,0.00015243660690511575,0.03557661920011573,0.2876852126692305,2.0331307987016913,0
4298,redundant_4link,1.0,0,0.003922010453334951,0.000319037489472656,0.024420172365012174,0.4783898025412891,5.151721319911623,0
4299,short_2link,1.35,1,0.20729553120571806,0.004794967160841885,0.02123786013353246,0.6811535985023462,6.850019282017524,1
4300,soft_5link,1.75,1,0.191562137027725,0.04515575797290664,0.05608962821671235,0.6634778088833782,10.432776877721164,1
4301,wide_2link,2.25,1,0.5306391997320165,0.08331913441515075,0.08025710667389006,0.5422628681432088,2.122287934536571,1
4302,snake_6link,0.35,0,0.02611324554426856,0.0008512929032274679,0.0009647391920932998,0.10368448978862144,140.38360120399443,0
4303,heavy_3link,0.7,0,0.003815766285196577,0.00014018462219426831,0.02989167661623634,0.32166103399384904,1.6537208872562088,0
4304,teacher_2link,1.0,0,0.007531650584630699,0.0007268630418748758,0.020199025389325574,0.7101025603318357,14.89276426024044,0
4305,long_4link,1.35,1,0.07316363795131824,0.01328650847318766,0.10789113947662107,0.5179905646086098,13.416143594348302,1
4306,long_2link,1.75,1,0.3868021302610761,0.06388443175114591,0.10626307142200243,0.7818407238299836,3.8915347936325517,1
4307,needle_5link,2.25,1,0.36033031088272577,0.04269645085065067,0.04570399499338086,0.5057332111416954,3.215277881268402,1
4308,asym_3link,0.35,0,0.0018861720441266246,5.609187336479486e-05,0.011002531830343611,0.19924135905386625,2.6662525450729833,0
4309,large_6link,0.7,0,0.013749047079277928,0.00027015558319225117,0.017862645683442,0.28826119173284137,4.900065570235135,0
4310,redundant_4link,1.0,0,0.007060609648103323,0.000509606750592749,0.05129393215753335,0.4780561818521693,8.416753723089943,0
4311,short_2link,1.35,0,0.10778894936128922,0.004115907686624718,0.0041255505210556044,0.2874630771316222,697.821601117767,0
4312,soft_5link,1.75,1,0.19527936254198663,0.023618672081641062,0.07229818601514701,0.6105224992467586,2.832800135989174,1
4313,wide_2link,2.25,1,0.5228192497095878,0.10340130492410335,0.11403968927500567,0.5663161005916061,19.32871868934265,1
4314,snake_6link,0.35,0,0.007592940738111211,0.00010209940543111904,0.018527533018697504,0.1554313488295942,2.6830466715475514,0
4315,heavy_3link,0.7,0,0.0013983109770010107,9.246629308679108e-05,0.09846555314021807,0.34275460872621083,2.921576753412737,0
4316,teacher_2link,1.0,0,0.0008817741300878769,0.0001246554871470197,0.01289263222805968,0.7257875738882368,7.285807486924515,0
4317,long_4link,1.35,1,0.09391576568590981,0.0146474163967436,0.04531272913018517,0.49872896798701133,3.650217206274838,1
4318,long_2link,1.75,1,0.39407347319138025,0.06035654811243354,0.05187549870100742,0.7197100784865206,6.2882088252415675,1
4319,needle_5link,2.25,1,0.3550533805623639,0.024406479945661516,0.0792910806666915,0.4876551435863175,3.1237517260984213,1
4320,asym_3link,0.35,0,0.018574307422696414,0.0006430126357007803,0.0006542030043545679,0.1424613468341626,551.4320637811602,0
4321,large_6link,0.7,0,0.001589980302720164,0.00016988241630004494,0.001338022114159125,0.2375980203957018,30.437853764538634,0
4322,redundant_4link,1.0,0,0.0013414383621282247,0.00016641107199787624,0.020965998909484383,0.47415345047504653,6.3909032249605815,0
4323,short_2link,1.35,1,0.1798591607413385,0.016858280094867156,0.02371677598270435,0.8504860203140834,5.110778550284279,1
4324,soft_5link,1.75,1,0.18968039384299917,0.03290626487203899,0.27204516075671786,0.6783540411964221,2.4638530532926977,1
4325,wide_2link,2.25,1,0.551668666190944,0.09148148297390961,0.09958226203999038,0.4544216313251144,5.885818269101429,1
4326,snake_6link,0.35,0,0.0027920616810159,5.8869462318207245e-05,0.025567351265490933,0.1455517800584203,2.146641648802022,0
4327,heavy_3link,0.7,0,0.02286628117720859,0.0003839940067004633,0.012527343018798005,0.36504326797515135,6.629825908639194,0
4328,teacher_2link,1.0,0,0.00426799638294705,0.0003846558820637553,0.02671739047196194,0.7209736183996255,7.067516569609438,0
4329,long_4link,1.35,0,0.029693375629441274,0.0033407073222553024,0.0035480926354823483,0.33054858658252734,178.85525603448193,0
4330,long_2link,1.75,1,0.34060485267451635,0.07142486689154866,0.0802722677540979,0.8337188400747649,3.717706279790707,1
4331,needle_5link,2.25,1,0.3728438824455643,0.023281112565003155,0.0648355409179266,0.6980293398926473,2.186848821687767,1
4332,asym_3link,0.35,0,0.001923132271699484,7.11090426613069e-05,0.011695248406630221,0.1892545328268338,6.106812194550687,0
4333,large_6link,0.7,0,0.0025866559264404094,0.00013481792627719649,0.07961508513783731,0.2641389119465501,2.4694984765539387,0
4334,redundant_4link,1.0,0,0.004464088429113763,0.0002868410314593703,0.027933787106946825,0.4941870372287664,4.06603269079281,0
4335,short_2link,1.35,1,0.13607641823822308,0.0049755406598460785,0.022760770510101367,0.7612239318153738,5.968239389156944,1
4336,soft_5link,1.75,1,0.3131678313712105,0.06409777603408769,0.17086866553856947,0.5316229279270812,13.515954112456063,1
4337,wide_2link,2.25,1,0.43675912230787084,0.041531984936285,0.05209716394009949,0.8206998825204296,4.177898686322564,1
4338,snake_6link,0.35,1,0.6678853840243923,0.0010390809770318068,0.0011794720337126713,0.05272528156429596,139.9570226853969,0
4339,heavy_3link,0.7,0,0.0010975765348867393,8.343358236022246e-05,0.05406697724345268,0.2954115415399214,5.425641875632951,0
4340,teacher_2link,1.0,0,0.0016238330119533947,0.00022664560139393797,0.04162850227234149,0.7137214212902899,9.679204045845665,0
4341,long_4link,1.35,0,0.0023506422511504112,0.00028699128281719187,0.03963769507598382,0.6862780832702755,3.579769433974022,0
4342,long_2link,1.75,1,0.4032526782782048,0.08207339156197904,0.1326501073818174,0.7583462930973943,11.368754459381119,1
4343,needle_5link,2.25,1,0.31181862360917983,0.033074863514247814,0.09673538517808364,0.6745791620175529,1.288278137974124,1
4344,asym_3link,0.35,0,0.0015088482331821523,5.405591174267848e-05,0.005884835778652826,0.17563262211084954,5.44631763898871,0
4345,large_6link,0.7,0,0.004384733500435332,0.0001877836057638819,0.022047805829401843,0.24079462518842176,3.651911081973013,0
4346,redundant_4link,1.0,0,0.0011913993563170166,0.00013550157404343117,0.056126749773665295,0.49151548277287294,3.6542735907272985,0
4347,short_2link,1.35,1,0.22426190492618697,0.032560424354295195,0.03248727020241616,0.825998808972216,385.1207664744887,1
4348,soft_5link,1.75,1,0.2941950202551402,0.06989310732139518,0.1550177078461262,0.5903747031128834,6.802250000102457,1
4349,wide_2link,2.25,1,0.5504750279918122,0.05368199002287552,0.033045023905263926,0.8951015507161836,5.069464733761511,1
4350,snake_6link,0.35,0,0.003646898788021056,0.0001665807439996155,0.009723514933843894,0.15703343913488066,15.351981888501436,0
4351,heavy_3link,0.7,0,0.0037901703582855226,0.00016416614417781586,0.04214992296712785,0.3532903315916346,2.7091057158232905,0
4352,teacher_2link,1.0,0,0.0018974945039900105,0.00022480784313484592,0.041701111617099086,0.6947005695201014,5.681560629365985,0
4353,long_4link,1.35,0,0.004451369450994859,0.0002857981537455293,0.07930246282200104,0.6597502546242084,2.0427250805782573,0
4354,long_2link,1.75,1,0.4197006419056498,0.02532021733906304,0.04997028697140807,0.684899778986011,7.169947226739115,1
4355,needle_5link,2.25,1,0.3022951953232499,0.030932215390237994,0.044443083502781595,0.6390155015025503,7.151938930151671,1
4356,asym_3link,0.35,0,0.007186998699020298,0.0002934075899550668,0.0003362982850619933,0.17663154805552933,101.10556965028093,0
4357,large_6link,0.7,0,0.0017214492837839617,0.00011879762415572345,0.10782045864553169,0.22771348981468048,3.1502673143835276,0
4358,redundant_4link,1.0,0,0.0005431762659876158,7.486412355317663e-05,0.018127487517096745,0.4813188120183689,5.22282868218547,0
4359,short_2link,1.35,0,0.047363524771343035,0.0036230679629616906,0.02683527598652024,0.5697719302833502,510.949445063473,0
4360,soft_5link,1.75,1,0.3781893340558819,0.04161480723634307,0.05188984445709075,0.5273379267408441,4.245441043512433,1
4361,wide_2link,2.25,1,0.5370896767659146,0.022041749083896143,0.0359193481503409,0.9057987017860608,5.858576118244221,1
4362,snake_6link,0.35,0,0.005331706907887838,0.00014995428135141265,0.008588888761572124,0.139386834713672,7.219970784298593,0
4363,heavy_3link,0.7,0,0.005444487706301432,0.0003006112820048905,0.009453861571968739,0.30936696818304776,6.78862992495562,0
4364,teacher_2link,1.0,0,0.0036908610328296437,0.0003985381640082629,0.05029657214213941,0.6759182566812295,8.650793549689773,0
4365,long_4link,1.35,0,0.013211250287466295,0.002079621489344039,0.0027772587352768545,0.5468435783954121,77.88437354938324,0
4366,long_2link,1.75,1,0.40476847877853706,0.0663389762078683,0.0980470617389131,0.7627709378348521,3.080495674358974,1
4367,needle_5link,2.25,1,0.1019166366930207,0.005612392091972102,0.05248231467187209,0.880000448178676,3.0704930508917747,1
4368,asym_3link,0.35,0,0.008053475861701135,0.00010006110526185485,0.012502577685152366,0.22689742046432487,2.5256847149544956,0
4369,large_6link,0.7,0,0.0025226707616034143,0.00015320811716582498,0.024845666388000454,0.27419666105139334,3.6088284371310495,0
4370,redundant_4link,1.0,0,0.0019549630542339855,0.000174266809709905,0.13693409864350248,0.48189437213949493,2.808875572819679,0
4371,short_2link,1.35,0,0.053878165163061764,0.0037378606617065346,0.03358935194399715,0.5002453126222832,382.6061427843986,0
4372,soft_5link,1.75,1,0.11641981271402609,0.0172016059016414,0.21768377497635608,0.7017006695354814,2.1350849379368237,1
4373,wide_2link,2.25,1,0.35958176530404523,0.03133489242838687,0.0243498333024648,0.7113518867358574,24.07893359013584,1
4374,snake_6link,0.35,0,0.00775214599506062,0.00040867551133548817,0.0004138401983817652,0.1457129979222488,459.5699112631392,0
4375,heavy_3link,0.7,0,0.002335735467290938,0.00016729364525359432,0.00865352158506943,0.32918669420088287,5.85856082035193,0
4376,teacher_2link,1.0,0,0.0037172776219680276,0.00027944149829900195,0.07407782858566972,0.7153848195014193,4.325312643899889,0
4377,long_4link,1.35,1,0.09512140961177952,0.0066745375417088535,0.08820464504465335,0.6527575514053966,2.000556287623463,1
4378,long_2link,1.75,1,0.2814873787411248,0.058191742404616165,0.11130728718967617,0.8752610417413279,7.598949491546002,1
4379,needle_5link,2.25,1,0.3872708250189245,0.044752003604608154,0.13005394019529593,0.5679730057660318,2.2832372712541678,1
4380,asym_3link,0.35,0,0.0018372211005065675,6.0273658149177115e-05,0.020585533332239482,0.1992030835178866,3.590419162175792,0
4381,large_6link,0.7,0,0.013661988406639604,0.0003412911564083639,0.013818966954712984,0.31658059722223886,6.2164880566165115,0
4382,redundant_4link,1.0,0,0.004518134049863656,0.00021307862252697675,0.04984379792437629,0.4890164314572253,1.6515170727230117,0
4383,short_2link,1.35,0,0.04164632120199092,0.0034395407821070545,0.003594352864780505,0.5962181200584042,162.8979770499857,0
4384,soft_5link,1.75,1,0.35483065617270965,0.04360112137558573,0.06828317434584091,0.546787673200216,2.3185009281378437,1
4385,wide_2link,2.25,1,0.39424100941121465,0.022900256432623733,0.02731302717392294,0.9782336123669099,7.765046215823467,1
4386,snake_6link,0.35,0,0.005255525201600135,0.00013895491532122414,0.012277028728857468,0.15986639043966588,6.48373480138056,0
4387,heavy_3link,0.7,0,0.003831552488087187,0.0001522873829515027,0.031517848461998246,0.4239655982016689,2.234479090816149,0
4388,teacher_2link,1.0,0,0.02062894864449452,0.0006791589597792049,0.031160279879830263,0.6480238247905732,10.592930268874825,0
4389,long_4link,1.35,1,0.23670230054920313,0.025941312399468282,0.030078152137463513,0.4007295667090678,4.481010863601911,1
4390,long_2link,1.75,1,0.3483727583346026,0.022813316396990302,0.05868639617088723,0.7897378781035262,3.649065017411374,1
4391,needle_5link,2.25,1,0.2810482427287427,0.03292732547100584,0.06747843022242606,0.6558941975363187,1.7866195701875587,1
4392,asym_3link,0.35,0,0.018397994820074065,0.0006337816456085687,0.0006717147883570038,0.14641005823316597,166.0818161431409,0
4393,large_6link,0.7,0,0.0011197174122776676,7.97746632894851e-05,0.06790469555441578,0.22324524152783476,2.2284043267448057,0
4394,redundant_4link,1.0,0,0.00175413431846441,0.00025720545663104416,0.07783232046095155,0.474696418604616,16.80172426389668,0
4395,short_2link,1.35,0,0.014917671937083966,0.0009466918924384639,0.03429356835499366,0.9305388120545816,8.161648515362577,0
4396,soft_5link,1.75,1,0.37802065219578995,0.09536364632526,0.04544770601705107,0.5349346285996673,7.280484871631567,1
4397,wide_2link,2.25,1,0.4031689770175973,0.03291503973872713,0.022981648733121435,0.873732205268372,8.265815444589085,1
4398,snake_6link,0.35,0,0.0024664380277010602,0.00012431213211467682,0.026999296219910235,0.1550576622267519,20.444119093346412,0
4399,heavy_3link,0.7,0,0.0015124744357766927,0.0001165381957550805,0.00926711964469373,0.35720048298214613,5.905120002920101,0
4400,teacher_2link,1.0,0,0.003510775902499021,0.00021355994295956264,0.06850990772128047,0.6620354388221131,2.4638599777229064,0
4401,long_4link,1.35,0,0.0520808115280948,0.0038883353991239016,0.003988900879324081,0.24485099698579346,313.50391485896193,0
4402,long_2link,1.75,1,0.40508819846139965,0.08151904903282332,0.18197989532156425,0.7587566836238765,8.940211958513167,1
4403,needle_5link,2.25,1,0.24316960951265648,0.022064178597358205,0.037311684597464624,0.7131260994483067,4.672082061943142,1
4404,asym_3link,0.35,0,0.00333512292047155,7.707589727298382e-05,0.03213948901305188,0.15981249267697656,2.546069091348099,0
4405,large_6link,0.7,0,0.005311946476563582,0.0001701545518664008,0.026200636892673212,0.30091896322197853,2.573068994026301,0
4406,redundant_4link,1.0,0,0.001282877520349022,0.00016177379703178612,0.06601404388630648,0.477299414851296,5.0862862883327695,0
4407,short_2link,1.35,1,0.14961018081897895,0.005187752414910015,0.023583785298824184,0.7458733673855051,5.712478834345651,1
4408,soft_5link,1.75,1,0.32203346141932204,0.07550798186281049,0.2028659183237085,0.5835411324213633,4.2234123685339044,1
4409,wide_2link,2.25,1,0.38952395897158393,0.03430701255063328,0.054475800098405656,0.9538150612398444,3.028935259745109,1
4410,snake_6link,0.35,0,0.07055698048169108,0.0008372255693269566,0.0014009147796134917,0.09511217893952775,62.488067333531724,0
4411,heavy_3link,0.7,0,0.012558333983285232,0.0002841651500498816,0.016726568777481396,0.5153654630579462,4.655210625658581,0
4412,teacher_2link,1.0,0,0.01161829919970398,0.0005697091580646187,0.05619759141487568,0.6508398345438339,9.010568570689388,0
4413,long_4link,1.35,0,0.0015563737758996648,0.00018814943843893615,0.049825146079589655,0.6513478544413139,2.2151836284256308,0
4414,long_2link,1.75,1,0.4244236923959718,0.03297004539438174,0.10210258579903406,0.6774861131313075,6.495933092348795,1
4415,needle_5link,2.25,1,0.38069268097637254,0.06409413288472031,0.059499529303422734,0.4101334861372017,3.1057203445176573,1
4416,asym_3link,0.35,0,0.006288275689397639,0.00019181956973831471,0.003545547655267665,0.19636003202704155,9.791465384691456,0
4417,large_6link,0.7,0,0.0007384422484224117,6.093245509393673e-05,0.1297328353605319,0.234829269980847,3.8936694778600915,0
4418,redundant_4link,1.0,0,0.0013063724909964745,0.0001623228771417679,0.021456104602309047,0.4931445285340704,5.665533629339354,0
4419,short_2link,1.35,1,0.22037591012186006,0.0317893411887789,0.03154945782305752,0.8253167659841429,584.0623426458086,1
4420,soft_5link,1.75,1,0.3316763273262438,0.052229389505172495,0.057904015036750425,0.5642882215773632,4.284106179518271,1
4421,wide_2link,2.25,1,0.54999479823382,0.04437300599837276,0.030874402746623304,0.8945358369269933,5.897987012615565,1
4422,snake_6link,0.35,0,0.002586420962317543,7.205128460303785e-05,0.013651298222359762,0.14306153324816234,2.9609880013463687,0
4423,heavy_3link,0.7,0,0.0017384232105765076,0.00011559212396164504,0.08713651509591586,0.3228219398606442,3.7849388568223823,0
4424,teacher_2link,1.0,0,0.0009038501730047004,0.00011666161290294027,0.1552328452715101,0.7488418566526692,4.646703254638875,0
4425,long_4link,1.35,0,0.001939534083165575,0.00034452918163631547,0.018423846874624915,0.5602167023975374,14.275889677804823,0
4426,long_2link,1.75,1,0.15330326808158662,0.00547959855544565,0.020402842569495417,0.17611241262038085,1568.178012557742,0
4427,needle_5link,2.25,1,0.39943816641563884,0.06745457351316597,0.09554831229296777,0.4604095619852855,5.213359201872058,1
4428,asym_3link,0.35,0,0.06507145990365662,0.001008948531796344,0.0010587115177678086,0.08324786098855386,182.24627675711037,0
4429,large_6link,0.7,0,0.0015576468724646923,9.020014152211901e-05,0.08317366499590485,0.2224849857818335,1.5434921548557712,0
4430,redundant_4link,1.0,0,0.0012756334757193942,0.00014443881840958588,0.08210284306732595,0.4791664244650261,3.690553666973114,0
4431,short_2link,1.35,1,0.2502211674798407,0.029617545751050443,0.07031448982904014,0.8091295377389186,6.281550956345797,1
4432,soft_5link,1.75,1,0.15507975936122292,0.03261953094002128,0.3709335605038262,0.6872217474699938,3.860434536940097,1
4433,wide_2link,2.25,1,0.3912124238670467,0.07043532629513742,0.20178461571923384,0.9479734416244588,4.994756608358958,1
4434,snake_6link,0.35,0,0.009554250225845757,0.000199446419927974,0.016074481901619055,0.1479282529771653,8.776389770915447,0
4435,heavy_3link,0.7,0,0.006918294123928819,0.0003190629968486752,0.013934838406781542,0.502706488403084,6.408199493732373,0
4436,teacher_2link,1.0,0,0.006932262716454521,0.000853310485656675,0.008695805673451833,0.7177291288559705,24.602336527303567,0
4437,long_4link,1.35,0,0.02112516032858413,0.0028204356768522687,0.0032784003006606794,0.3966753721715567,110.52881796004127,0
4438,long_2link,1.75,1,0.4598405505097938,0.005012424736615533,0.010115750253228131,0.7375252082507556,30.5878778361224,1
4439,needle_5link,2.25,1,0.2583511575507948,0.02428086703491606,0.09521672730860908,0.7295381464402684,1.3251854610654286,1
4440,asym_3link,0.35,0,0.003153661747896388,6.588388750693928e-05,0.029589909860727567,0.21280006313053973,1.6412288477826364,0
4441,large_6link,0.7,0,0.004054691839260832,0.00019239127434621622,0.08015549211024652,0.26472005131697357,3.8031061275333466,0
4442,redundant_4link,1.0,0,0.004092580061316388,0.00021704565043021635,0.062229263567382724,0.4884749000131926,2.325966156060518,0
4443,short_2link,1.35,1,0.20715936534481014,0.006872700945474782,0.0350374711894375,0.6765975679436206,3.461092019187457,1
4444,soft_5link,1.75,1,0.32562572495011144,0.024369407725388717,0.042383367316876565,0.572791637203692,5.327476638865901,1
4445,wide_2link,2.25,1,0.5426286341315898,0.10133748143086047,0.0930168897295245,0.4972689575843526,5.283642281556311,1
4446,snake_6link,0.35,0,0.013580325398867358,0.0006130149178696604,0.0007357812293205605,0.13270137255822526,115.59081359350093,0
4447,heavy_3link,0.7,0,0.002548949486467057,0.0001372397004454619,0.0689569323760342,0.27306934641291025,2.674758535322238,0
4448,teacher_2link,1.0,0,0.0033642909518736236,0.0003794892438072368,0.12917335390268966,0.7347998691687984,8.702210830290893,0
4449,long_4link,1.35,1,0.0566136944401987,0.004720647089436616,0.05990302736663572,0.5934090544495088,2.660767945428287,1
4450,long_2link,1.75,1,0.38300610325327156,0.09876860069330617,0.2133059306109496,0.7865775401540349,68.92921049142983,1
4451,needle_5link,2.25,1,0.29976686849694906,0.0469065997678068,0.10589097791398044,0.6213586108486013,4.661791997267783,1
4452,asym_3link,0.35,0,0.0007338392892960974,2.9985488752886136e-05,0.0214037058078433,0.17686212628530665,10.470102809893012,0
4453,large_6link,0.7,0,0.0014210075740493297,8.525558277670036e-05,0.04160222652684301,0.2687724561184172,1.7714398266629865,0
4454,redundant_4link,1.0,0,0.0059653991448153825,0.0003235544425873926,0.026986701081206408,0.5129590146002435,4.192552253790681,0
4455,short_2link,1.35,1,0.20238709813424324,0.02902037979283659,0.030736347787822353,0.8339928951863346,107.41796592444835,1
4456,soft_5link,1.75,1,0.21926657922373832,0.04604322281969828,0.268473952919817,0.664740589485973,3.2484951774357254,1
4457,wide_2link,2.25,1,0.5539162287282459,0.0783748195148751,0.08482193483141298,0.45597863087774915,1.7155482319801387,1
4458,snake_6link,0.35,0,0.026807923042346603,0.00018315190257312629,0.009376470858945744,0.12971534878697466,7.036170480252172,0
4459,heavy_3link,0.7,0,0.01670866076563796,0.00032322443413305464,0.014946110381978926,0.49718799802663116,5.369626002476359,0
4460,teacher_2link,1.0,0,0.018122912822191927,0.0014927481220543299,0.07026137465166625,0.6394825939485357,32.68716433187776,0
4461,long_4link,1.35,1,0.15100018059586465,0.01180644234195258,0.06123135342367672,0.500109755017844,2.1400038751792567,1
4462,long_2link,1.75,1,0.40579382175092477,0.017871832051090605,0.04836111393966364,0.7136642077591144,5.64357760645277,1
4463,needle_5link,2.25,1,0.5095896813196528,0.039843885836732366,0.0357396898130791,0.31174432441836086,5.1530708815261095,1
4464,asym_3link,0.35,0,0.04132599323256541,0.0009012087666127816,0.0010043292621645672,0.09511535363975719,114.1677116546297,0
4465,large_6link,0.7,0,0.005558270746288136,0.00017387287114566197,0.02930251961581861,0.3119508268475471,1.601568181345478,0
4466,redundant_4link,1.0,0,0.001901162730588434,0.00025716177272072215,0.017540622655852284,0.4859164790443471,10.354529932920414,0
4467,short_2link,1.35,1,0.22948313422203803,0.028857871908856105,0.09393418010800446,0.8230486665800149,5.272739253434034,1
4468,soft_5link,1.75,1,0.33067177300568634,0.07664523390487356,0.23187245356679226,0.5729118912188073,7.331792757348147,1
4469,wide_2link,2.25,1,0.39776922920100927,0.03212869620835794,0.03100589387889806,0.8670926693503094,9.834690880012934,1
4470,snake_6link,0.35,0,0.003195874864700073,0.000139580631914523,0.020251879542057406,0.15451338227019604,11.582701015751276,0
4471,heavy_3link,0.7,0,0.0020904978366085044,0.00017804898125207638,0.008171566884633176,0.2949018936700619,43.53205119106113,0
4472,teacher_2link,1.0,0,0.010572891368899167,0.0006942030554838982,0.05164405280564484,0.6914966925788265,11.887755105611898,0
4473,long_4link,1.35,1,0.034781841322419856,0.006568665563303318,0.008658947912723813,0.5393589922020602,178.67671108347776,1
4474,long_2link,1.75,1,0.28104719790258303,0.036114796897354653,0.07663106695351853,0.8969951318938285,5.061967624311386,1
4475,needle_5link,2.25,1,0.42174211977385134,0.07055195951201705,0.15488950830368253,0.3655027431674638,3.654127159996376,1
4476,asym_3link,0.35,0,0.004804162748557938,8.201781290268906e-05,0.013355516046277934,0.17696918256116786,2.149617678712384,0
4477,large_6link,0.7,0,0.007982032622497304,0.00025862269570398505,0.017297258707855066,0.2560667172058627,5.1418046230509695,0
4478,redundant_4link,1.0,0,0.0035172973966091287,0.00019996251694475743,0.05639606440271245,0.47780969931403394,1.880021618820976,0
4479,short_2link,1.35,1,0.23778227660845339,0.015107821299510306,0.023339840433210943,0.6150723957569251,5.540072934475271,1
4480,soft_5link,1.75,1,0.21488404969566213,0.008488275542577133,0.046236934001878664,0.5989181226466632,5.314329877046235,1
4481,wide_2link,2.25,1,0.44112844385348826,0.025374587490909546,0.04117094938085749,0.9576231355898248,4.597469637370248,1
4482,snake_6link,0.35,0,0.001301571465112999,7.373423151796251e-05,7.917769881117725e-05,0.15713545485684727,365.3380152122784,0
4483,heavy_3link,0.7,0,0.0010457595518537839,7.409169598349269e-05,0.10434747084555485,0.294099942925987,2.9284939444497495,0
4484,teacher_2link,1.0,0,0.015228615833680277,0.0007012872205631082,0.013378781582798559,0.6452965118826758,11.289894253310532,0
4485,long_4link,1.35,1,0.014528604457231415,0.0011986333027393886,0.06614416103176203,0.6769744462986238,2.0876454092170076,1
4486,long_2link,1.75,1,0.391882968203186,0.07839933216787677,0.15862399956965728,0.77737166084307,3.148476159715654,1
4487,needle_5link,2.25,1,0.43863303887568456,0.06438170247975326,0.18336075096554127,0.3978015759366477,3.3549074689376557,1
4488,asym_3link,0.35,0,0.008309237075709193,0.0001102239124483786,0.012079603142414748,0.2034746780393495,3.3694277245957482,0
4489,large_6link,0.7,0,0.0012719098172871896,8.113793943141977e-05,0.03592496389177126,0.25214416712848225,1.8053997268234696,0
4490,redundant_4link,1.0,0,0.003833972356074408,0.00031449801069964177,0.026167952258627687,0.5208020776754685,5.211623690628173,0
4491,short_2link,1.35,1,0.21914477667900592,0.031680485524193905,0.03186186330053215,0.8270606861417075,638.8933208545764,1
4492,soft_5link,1.75,1,0.14182644810988815,0.009154442830333533,0.08976477873489296,0.6379453796438933,4.786914565258916,1
4493,wide_2link,2.25,1,0.12755300656536067,0.01432338854445844,0.07032917841387808,0.956536771445672,75.5742956908604,1
4494,snake_6link,0.35,0,0.0066855074875671475,0.0001798632450966731,0.0386811724096372,0.14692054902434531,8.397107483663898,0
4495,heavy_3link,0.7,0,0.019947972382810375,0.00047825770505712737,0.009897359515813182,0.3127016000158521,8.59505680248929,0
4496,teacher_2link,1.0,0,0.0008279776526432282,0.00010113454832011068,0.0984647200664053,0.7256871967435934,3.688283331688358,0
4497,long_4link,1.35,0,0.0070063491776956735,0.0003796688538067704,0.0507834316411537,0.6881454525396352,3.497753094364358,0
4498,long_2link,1.75,1,0.2750945524308541,0.052586378064708554,0.05973159058823605,0.8865461186877956,4.35908278682156,1
4499,needle_5link,2.25,1,0.35476789159452154,0.02578873864988813,0.06413226431177739,0.6849507034747565,1.8047511940162608,1
4500,asym_3link,0.35,0,0.03164360201961166,0.000753221023617967,0.0011185266285517839,0.12064276678218967,55.15468941283283,0
4501,large_6link,0.7,0,0.002000713561470135,0.00013072958788831374,0.022494954608543456,0.23327204398778192,3.1803421328617847,0
4502,redundant_4link,1.0,0,0.003859246384067045,0.0002700644701664424,0.0498995400280881,0.4779198527267143,3.886358563289275,0
4503,short_2link,1.35,0,0.028886823811523403,0.001869023522763351,0.012257295736086374,0.8682644370194157,18.8426128396184,0
4504,soft_5link,1.75,1,0.29199088221824504,0.034643240179224766,0.03168384321369979,0.520282936840532,9.639079477295063,1
4505,wide_2link,2.25,1,0.5061113466404998,0.04354864039670514,0.09280048562732174,0.9211791822592719,1.7561254150782128,1
4506,snake_6link,0.35,0,0.015240173802747786,0.0001799797204282029,0.0065378285057658405,0.15118317111611754,6.859214150602867,0
4507,heavy_3link,0.7,0,0.0028869066118422933,0.00013554482831047368,0.025791558265841365,0.3988303383596268,2.1538900812302004,0
4508,teacher_2link,1.0,0,0.0006483558064331096,8.946626810945583e-05,0.1170556578845696,0.7458913727580626,5.64123866470396,0
4509,long_4link,1.35,1,0.02188167918867444,0.003657056282296143,0.0021472331536957,0.47069829104639976,133.74350285311132,1
4510,long_2link,1.75,1,0.41718581885011297,0.08688889733549474,0.21985862370255277,0.7496792262920844,3.625246485790919,1
4511,needle_5link,2.25,1,0.41958342258111103,0.025572803133673327,0.035596679350267765,0.5555082891923143,5.242389719901922,1
4512,asym_3link,0.35,0,0.008764734116696697,0.00015327798386371638,0.00668416164807627,0.22117963497109122,5.485186189223191,0
4513,large_6link,0.7,0,0.0013637479419123643,0.0001238934468707251,0.02005410373801773,0.22875025858096884,6.857880221183445,0
4514,redundant_4link,1.0,0,0.0024478350857042737,0.00018502755082151298,0.05473231034047995,0.48256173639424144,2.3866590202095135,0
4515,short_2link,1.35,1,0.13894924052686838,0.005350667573214206,0.026263719688130724,0.7621375668392175,4.5302835323878705,1
4516,soft_5link,1.75,1,0.03463152351153672,0.002454794169376655,0.07879680887179946,0.7591921894941248,3.046014013115532,1
4517,wide_2link,2.25,1,0.49134026942070264,0.0969250839898436,0.1805255719383862,0.6551729913815606,93.60416782222978,1
4518,snake_6link,0.35,0,0.0021369144209538735,0.00012010781018451772,0.00020135408394403827,0.15765281608556897,65.59434098673847,0
4519,heavy_3link,0.7,0,0.0017870688427273223,0.0001171376362541462,0.053739090424016055,0.3076685748370493,3.4409147097288098,0
4520,teacher_2link,1.0,0,0.04235148012332721,0.001125246206677525,0.02942895252802871,0.6208510394159541,18.61868707487513,0
4521,long_4link,1.35,1,0.22800894882805064,0.0325770380849017,0.2057229770861624,0.3995179604758439,3.5749893520003235,1
4522,long_2link,1.75,1,0.35593034254703637,0.024025679142439138,0.06728998553297753,0.7794620245306473,3.2340066973292108,1
4523,needle_5link,2.25,1,0.3219550051973263,0.02459030667694142,0.05851131964325979,0.7580514891295237,2.48034722086187,1
4524,asym_3link,0.35,0,0.009217389548038975,0.00011174349924767187,0.019178294132941615,0.20216665691715444,3.3840469123160526,0
4525,large_6link,0.7,0,0.005112181054148012,0.00017337760669196593,0.0260194928879305,0.3103620350945667,2.6173146628163355,0
4526,redundant_4link,1.0,0,0.001927761421259528,0.0001817230659496128,0.039172164884411796,0.47787200088317133,3.1690146609735943,0
4527,short_2link,1.35,0,0.0627070827278292,0.0038046686566373432,0.0039650602484147,0.4425393914892995,169.25995961769362,0
4528,soft_5link,1.75,1,0.17646637224342757,0.01597592384171549,0.10458810673230627,0.6418782776671834,1.9813766661109873,1
4529,wide_2link,2.25,1,0.533988533447422,0.10392202515731716,0.09755191507903496,0.5275825318571828,10.193603004189844,1
4530,snake_6link,0.35,0,0.0009392604595573226,3.519909122956052e-05,0.050025416555718766,0.1596791555604946,3.6812918652517777,0
4531,heavy_3link,0.7,0,0.0081141260481162,0.00020917846058852597,0.023418594268361417,0.3103786296533201,3.1152245678555084,0
4532,teacher_2link,1.0,0,0.0009930850997229039,0.00010939233716964355,0.033137309660520156,0.7216925626318408,2.9202065400798123,0
4533,long_4link,1.35,0,0.005211096073372067,0.0003085401910315803,0.059839785315297545,0.638459600431197,2.25998284798745,0
4534,long_2link,1.75,1,0.42534399372997783,0.07713624552179031,0.257167399893736,0.7408624086365354,2.668634244908202,1
4535,needle_5link,2.25,1,0.4788922436804792,0.07138585039614574,0.2265284611580891,0.4428881198137132,5.501970514301459,1
4536,asym_3link,0.35,0,0.016896592283370926,0.0005959119389431563,0.0006463065617101553,0.15722179883794726,133.2685075626645,0
4537,large_6link,0.7,0,0.008699013527210324,0.0002284282589675147,0.020380147666321874,0.282306780336266,3.841952528004356,0
4538,redundant_4link,1.0,0,0.004185548466129647,0.00038701727333368053,0.08768750643385288,0.470056171552261,7.123537065942461,0
4539,short_2link,1.35,1,0.052587446600849956,0.002632882324384625,0.028931313590425164,0.8731050926264061,3.760849279939094,1
4540,soft_5link,1.75,1,0.12073746861239597,0.019790539909362328,0.1271173675185197,0.7340757307475045,2.198108903941264,1
4541,wide_2link,2.25,1,0.39874176633552966,0.03210949036376042,0.03061056116087156,0.9097068730357448,6.031286343186614,1
4542,snake_6link,0.35,0,0.008083966190871802,0.00018184242046848215,0.0062754217555977725,0.1412907001891264,8.415369181969744,0
4543,heavy_3link,0.7,0,0.0010203410512655087,7.89993910017728e-05,0.045511212147063065,0.2792919737042561,4.86536814467267,0
4544,teacher_2link,1.0,0,0.004296979806904499,0.00024186209773424346,0.0721635875804135,0.6599447586023107,2.9872180079881483,0
4545,long_4link,1.35,1,0.042359579339458456,0.0075642643115203245,0.001660451472258282,0.4951992902295645,171.99459371908947,1
4546,long_2link,1.75,1,0.4259214195704528,0.03436379904204133,0.07724287664392816,0.6808241610241721,2.6924964555962028,1
4547,needle_5link,2.25,1,0.46521879097493335,0.05125350350680964,0.10284759523490758,0.38018034152645785,1.4733558702447929,1
4548,asym_3link,0.35,0,0.0014453703174593176,5.122435991021142e-05,0.03574786464771933,0.17010657522800132,4.690206123253014,0
4549,large_6link,0.7,0,0.002723714165002304,0.00025362879575274125,0.05694318347883366,0.2590845852005496,13.54548877305123,0
4550,redundant_4link,1.0,0,0.0072665712486324205,0.0003457922624552147,0.04072156198669894,0.49668216008253807,4.638949679151596,0
4551,short_2link,1.35,1,0.2076184961569004,0.0262393456876024,0.16014759671431975,0.8362389193227237,5.424632474430322,1
4552,soft_5link,1.75,1,0.38226957130003303,0.09035873100802713,0.042900544601354264,0.5292243867287825,7.069548798889601,1
4553,wide_2link,2.25,1,0.5144890008765287,0.07048109639659159,0.05508005170667407,0.9152167561044054,3.5601580896953284,1
4554,snake_6link,0.35,0,0.01814160943075126,0.0007516847038448995,0.0007627153848366713,0.11656440082874495,433.73565390415234,0
4555,heavy_3link,0.7,0,0.003684229892536241,0.00016677211303306366,0.06993019613386779,0.344976324798396,2.7626224979795473,0
4556,teacher_2link,1.0,0,0.004566930611428366,0.0006133130153698176,0.0050034226983168,0.6917804849183152,21.43092223165115,0
4557,long_4link,1.35,1,0.15351997613457474,0.018310620595750258,0.11314809209971072,0.46417589657501396,2.661534524331171,1
4558,long_2link,1.75,1,0.30240449583081863,0.04160472070289408,0.08236542720105536,0.8725789954913932,5.625212407360527,1
4559,needle_5link,2.25,1,0.21585400076379274,0.01864176874671736,0.058410438719410755,0.7011772932620245,2.664363040032663,1
4560,asym_3link,0.35,0,0.006232313037231583,0.00010530388617677563,0.010252834653772455,0.2012142851548017,3.2473460426179113,0
4561,large_6link,0.7,0,0.0025681878481872474,0.00022229118773228507,0.06976514335456943,0.2653016998121844,9.208499293019404,0
4562,redundant_4link,1.0,0,0.0011821005844774295,0.00013173170365053273,0.08416179437746862,0.4801831424462563,3.3681140382563273,0
4563,short_2link,1.35,1,0.23669786784120256,0.004130596775271768,0.004353342194637204,0.20486153237889376,146.68740650618287,0
4564,soft_5link,1.75,1,0.2682228124512039,0.046939408140863524,0.17721657690339412,0.5928662275000526,7.314378264494398,1
4565,wide_2link,2.25,1,0.4185991878195484,0.03693205424622763,0.06008379403642675,0.8095434834549421,10.114047599907568,1
4566,snake_6link,0.35,0,0.0024920602064390485,5.666632320872774e-05,0.01612897369561307,0.15249981553057873,1.5619406366591813,0
4567,heavy_3link,0.7,0,0.0204318043372222,0.0008490448125280304,0.02637235206495414,0.307648078245828,18.742406073167313,0
4568,teacher_2link,1.0,0,0.002734516764489646,0.00037755654198610056,0.039481400569992685,0.7048153015344594,14.382699458293667,0
4569,long_4link,1.35,0,0.007248899759397083,0.00039374845276341733,0.045975995081901054,0.6868081789758583,3.6784684502663754,0
4570,long_2link,1.75,1,0.41943706149773297,0.024570437811153863,0.0799660777571353,0.6866177813546357,6.761858925013859,1
4571,needle_5link,2.25,1,0.23402842699061766,0.03679674228784603,0.24669572986682892,0.6785395499873387,2.3205084250527155,1
4572,asym_3link,0.35,0,0.006521109232407576,0.00026902141874575263,0.0002798503694753731,0.17441307072055715,202.55484412790108,0
4573,large_6link,0.7,0,0.0021844450196857853,0.00021777633497378128,0.02053991975081216,0.2608830764037246,13.680826836580323,0
4574,redundant_4link,1.0,0,0.014786752772150876,0.0004355978101994291,0.05115810578133911,0.48365129189483125,6.353779707455279,0
4575,short_2link,1.35,1,0.08855622665533062,0.009454470476905579,0.012325488085545792,0.8143126385973684,8.36172965531514,1
4576,soft_5link,1.75,1,0.11182901634791624,0.010590095336885444,0.16584728269694554,0.7006466467863244,5.17704881831933,1
4577,wide_2link,2.25,1,0.5536584099271848,0.08781713710200892,0.07390950035438372,0.4538669781070919,3.2699641239351633,1
4578,snake_6link,0.35,0,0.0018804499097386965,6.11163672599529e-05,0.04546107720203177,0.158552998782498,3.9821823319061114,0
4579,heavy_3link,0.7,0,0.003932949612014662,0.00015449024493766774,0.05043767669029421,0.43663819939819587,2.2070291190807323,0
4580,teacher_2link,1.0,0,0.00584085868532081,0.0008586858238322877,0.001111435959181815,0.7054991291911167,118.98960615294688,0
4581,long_4link,1.35,0,0.029454540515268995,0.003366934555815695,0.003467525844654957,0.32849861846505535,269.1094700198174,0
4582,long_2link,1.75,1,0.3798975689354663,0.006868558846226651,0.014073993175478115,0.7500499803054974,21.74266020431003,1
4583,needle_5link,2.25,1,0.4428700449269348,0.03586612455353035,0.0769950090959928,0.40396570472321464,1.4928728142582972,1
4584,asym_3link,0.35,0,0.0015488612660064327,5.0221793747492287e-05,0.03486732736774564,0.19186156671221408,3.097858520755384,0
4585,large_6link,0.7,0,0.0038692475020636915,0.00013843350907307737,0.03801687837112745,0.2774669941815033,1.420788610411897,0
4586,redundant_4link,1.0,0,0.0032473968281503908,0.0004196373276023039,0.06125235837139089,0.4625769611442897,12.971590446948944,0
4587,short_2link,1.35,1,0.1832057649817169,0.02079607457612227,0.028287169482567074,0.8220942200051524,22.2938982275517,1
4588,soft_5link,1.75,1,0.2473605832586491,0.017667415268025694,0.0625129455552162,0.5738433184755349,2.4770561612277273,1
4589,wide_2link,2.25,1,0.37498589872732196,0.06697219960875667,0.0851113054554584,0.9971943983306603,5.327932768664443,1
4590,snake_6link,0.35,0,0.01446101732414746,0.0006102081393121819,0.0009012906554363765,0.13398368706904287,74.6253545297577,0
4591,heavy_3link,0.7,0,0.010373077316237735,0.00030066139736102524,0.01584934741315394,0.5385551151662071,5.036160933073329,0
4592,teacher_2link,1.0,0,0.0009105276756769012,0.00013633158397926315,0.12001903345720873,0.7452374802587666,13.984621193936313,0
4593,long_4link,1.35,1,0.12736131611017618,0.007891921470466766,0.030814648805781875,0.5377831327038965,4.692893361154817,1
4594,long_2link,1.75,0,0.023063352667389174,0.003907458243810554,0.012444638296791483,0.8790145975229302,123.16899344273497,0
4595,needle_5link,2.25,1,0.2572004889728335,0.04152752773099862,0.25689011862032135,0.6231904069478659,2.6286395966174836,1
4596,asym_3link,0.35,0,0.003274292489060829,9.194380867143628e-05,0.007569847808157752,0.1837097999021041,4.13677677993653,0
4597,large_6link,0.7,0,0.003361450300893339,0.00013296096213741328,0.04030342962856069,0.27669177441249243,1.5436058342246983,0
4598,redundant_4link,1.0,0,0.0013843638607528895,0.00018060529277865448,0.016505831485152233,0.4789279045561279,7.1969024154221435,0
4599,short_2link,1.35,0,0.06512000261022974,0.0038830578718905264,0.003906608859845313,0.4497693925641897,439.285633587544,0
4600,soft_5link,1.75,1,0.08495562686987855,0.022275096860607354,0.19526443589880427,0.7644014064600799,5.752616206848608,1
4601,wide_2link,2.25,1,0.48776721648860805,0.05932389139389094,0.030424657296409748,0.9045500344612512,17.982146339575355,1
4602,snake_6link,0.35,0,0.004049619144901761,7.096879648160134e-05,0.019582668693576992,0.14609651839216353,1.9586192451170015,0
4603,heavy_3link,0.7,0,0.0020393927381687606,0.00015714940986485758,0.0322780810572667,0.3564724744656195,7.763883858075841,0
4604,teacher_2link,1.0,0,0.00405014314709694,0.00025862310639364886,0.05862877115860249,0.6610126022328607,3.5538386340673336,0
4605,long_4link,1.35,0,0.0007277247310607887,0.00011703122643812878,0.04318445237827512,0.5683421270742549,4.613819176963699,0
4606,long_2link,1.75,1,0.3552509581846514,0.02680894710347143,0.07217209411278346,0.7800222195179528,2.514374944076241,1
4607,needle_5link,2.25,1,0.2852872599828543,0.018996319907099088,0.09485187217321724,0.5296282342087478,2.572296583109575,1
4608,asym_3link,0.35,0,0.020285195911176255,0.0006790312713149065,0.0006907185236432966,0.14189077985900872,311.26137361335753,0
4609,large_6link,0.7,0,0.001522776480910595,0.00010577827967074418,0.09705841213665528,0.23688143079961538,3.5061898244571705,0
4610,redundant_4link,1.0,0,0.0074362504524668905,0.0003912143533039607,0.030503971572980702,0.5075851874297197,5.613443159764653,0
4611,short_2link,1.35,1,0.209441881920021,0.015503600104893496,0.08606209034579995,0.6597365534927062,4.347227510915733,1
4612,soft_5link,1.75,1,0.23060379733910932,0.022009910352283796,0.10657838118880278,0.6381570310364304,1.5409162812965627,1
4613,wide_2link,2.25,1,0.4217473230219989,0.05712275605944121,0.06521803310607867,0.9690565169981449,1.9916806100710387,1
4614,snake_6link,0.35,0,0.03400629321313391,0.00023849633622956246,0.0053751598048377225,0.1490198126965916,10.108405078501493,0
4615,heavy_3link,0.7,0,0.002291863902995779,0.0001446705882839754,0.042741109504523395,0.409421681531719,3.6542451535417433,0
4616,teacher_2link,1.0,0,0.0013363283688065928,0.00014562071334698752,0.16168593250475674,0.7044724211363259,3.3624233286823166,0
4617,long_4link,1.35,0,0.027653291598516715,0.0032823623137882493,0.0034007388476219678,0.3545257555485609,244.74299040838682,0
4618,long_2link,1.75,1,0.3850351381799951,0.008643640563118166,0.02979563326873615,0.7502059194039464,14.711317767468154,1
4619,needle_5link,2.25,1,0.3776122317111134,0.06660166584565506,0.06245768439721657,0.41587166697557015,3.2095216386983054,1
4620,asym_3link,0.35,0,0.004527522376528494,0.00012797320725844584,0.011607547540297419,0.19979470202113087,5.8043713082847725,0
4621,large_6link,0.7,0,0.00539918008268018,0.0001748438267430702,0.03478684742443043,0.28058182515233254,3.0994685274405698,0
4622,redundant_4link,1.0,0,0.0017355652837189781,0.00021343314862036082,0.08639106925194462,0.506011970623749,6.222235367188558,0
4623,short_2link,1.35,0,0.003927059403929986,0.0004789190174659131,0.05686181654887635,0.9585893813078266,8.027814709329757,0
4624,soft_5link,1.75,1,0.3466582703222759,0.03023431497308654,0.07218140529784149,0.550228598527503,4.226993430644994,1
4625,wide_2link,2.25,1,0.4929014377016589,0.05888645052601424,0.10467116474464119,0.6661825254151301,1.7814388260229046,1
4626,snake_6link,0.35,0,0.026196164483123476,0.0008795732225076098,0.0009082346584353721,0.09328464274643217,295.5213595111974,0
4627,heavy_3link,0.7,0,0.0008102130483842439,6.490177825735241e-05,0.007145246465194497,0.2970283305789804,6.993915991714057,0
4628,teacher_2link,1.0,0,0.013672137765420771,0.00043021880418329033,0.05409436108293931,0.6587755467613765,6.216337815144844,0
4629,long_4link,1.35,0,0.0024912272229608667,0.00031643702411632854,0.03209930062387626,0.6883128141242554,4.201160581638602,0
4630,long_2link,1.75,0,0.09184100627760353,0.004747049756023459,0.006946533723513611,0.6078669832899072,84.40254455986376,0
4631,needle_5link,2.25,1,0.37350278450643776,0.06019243035418922,0.11000519384627455,0.4487652712339102,2.977296251571757,1
4632,asym_3link,0.35,0,0.004280139999338107,7.730739301019725e-05,0.01377095101283311,0.21563133236741006,1.9523917139766391,0
4633,large_6link,0.7,0,0.006187043453435663,0.00022146859784695733,0.04346801188889001,0.29744590944178856,4.5940658801548455,0
4634,redundant_4link,1.0,0,0.002946636895149758,0.0002941011802122183,0.025965486672040797,0.48346047170931766,5.755863910267936,0
4635,short_2link,1.35,0,0.03615546457069161,0.0033136776968783945,0.0033135767513754254,0.6692932710109795,2257.4666638020653,0
4636,soft_5link,1.75,1,0.37340100949592425,0.03906291389041497,0.1300465854685445,0.5226692052099424,13.087267971059328,1
4637,wide_2link,2.25,1,0.45904022551146223,0.07432831925309726,0.10692229613509822,0.9459529762429154,4.548091507428023,1
4638,snake_6link,0.35,0,0.0016647414919313424,4.7821756383763486e-05,0.02034779707904649,0.15766060747503993,2.462364846340634,0
4639,heavy_3link,0.7,0,0.0023073061804154324,0.00010658389353343545,0.02678693599324492,0.33486091934847856,1.2796786799329132,0
4640,teacher_2link,1.0,0,0.014106616201789025,0.00042678665657961583,0.0335293838160345,0.6594063886728748,6.140633009629569,0
4641,long_4link,1.35,1,0.03549100128285591,0.002834926564024708,0.0970555013135476,0.6918521270189901,2.1653405059634356,1
4642,long_2link,1.75,1,0.26241713373955133,0.05419508108736806,0.06291257181443943,0.9026221391484593,6.221624303747927,1
4643,needle_5link,2.25,1,0.2703449542094865,0.013440691893322414,0.03914004343029481,0.7361773746868217,4.59774263637263,1
4644,asym_3link,0.35,0,0.02517219373159302,0.0007366321709065015,0.0008911035840608486,0.14825350100001228,87.78377658767414,0
4645,large_6link,0.7,0,0.0008658524958711144,6.831329434392511e-05,0.07201792463510205,0.2311096404444339,4.59645254917988,0
4646,redundant_4link,1.0,0,0.001264350672247096,0.00014730596884638474,0.06600747469163458,0.48174845593638055,4.079276949043075,0
4647,short_2link,1.35,1,0.11475810478654379,0.01423833128418841,0.08921627522956391,0.8933353820347641,5.8979172887750995,1
4648,soft_5link,1.75,1,0.20201190292106533,0.013133351427236085,0.08378335232898931,0.6011253659953356,7.9924604165326745,1
4649,wide_2link,2.25,1,0.16389515532627918,0.006772452075481031,0.0071836730161583505,0.3702264529061452,116.44610290291067,0
4650,snake_6link,0.35,0,0.003907052943253853,6.920585863061948e-05,0.02052126881705215,0.1454796085702975,1.1041878519580326,0
4651,heavy_3link,0.7,0,0.0018228822357904495,0.00012172855666555947,0.026511085008642528,0.3851437125289791,3.4428954170990838,0
4652,teacher_2link,1.0,0,0.00217725710802882,0.00020985417231652155,0.051193190705740965,0.7360221581548663,3.81408398315088,0
4653,long_4link,1.35,0,0.052312901637093415,0.0035986624763339557,0.004404455419500766,0.3612216364070502,94.08446323396494,0
4654,long_2link,1.75,1,0.37704249942680923,0.023808125161997984,0.06627200112397462,0.7508990286141873,3.3009589691743146,1
4655,needle_5link,2.25,1,0.30225143563799045,0.04950286538751648,0.05802093410400069,0.5361014029112742,3.4187064614227225,1
4656,asym_3link,0.35,0,0.001648283913153772,5.939458946312862e-05,0.05333786597341742,0.18985514325112052,4.922115986966074,0
4657,large_6link,0.7,0,0.007456471173957502,0.00033345323748172617,0.04430031607437434,0.2732885189058392,7.0964068183754785,0
4658,redundant_4link,1.0,0,0.0006484330266191611,8.546758480481591e-05,0.05374324701083952,0.48548828340310174,8.458105111943295,0
4659,short_2link,1.35,0,0.006402260554474857,0.0007877516978217971,0.09244588348618762,0.9366759508651135,13.14127344532498,0
4660,soft_5link,1.75,1,0.36026015146623375,0.04479932241799766,0.14828450962295797,0.5427084257777975,2.3307370289780533,1
4661,wide_2link,2.25,1,0.5552672728402914,0.09378183098115625,0.08034352174737062,0.44749208689623476,3.744638272577185,1
4662,snake_6link,0.35,0,0.0022648277197928925,0.00012762137651600933,0.00014555638196064427,0.15574597773080284,148.85621891501435,0
4663,heavy_3link,0.7,0,0.026259565434556372,0.0003653208655128059,0.01339670928020522,0.3459815362664028,6.023561351575886,0
4664,teacher_2link,1.0,0,0.0033754932328463948,0.00022650186809006686,0.061800917438949665,0.7124929386039095,2.9657416333898055,0
4665,long_4link,1.35,1,0.03163477319592188,0.004530518972303515,0.02745209105053685,0.5958663890357964,4.56459472656798,1
4666,long_2link,1.75,1,0.2984636649464167,0.07087825064874503,0.09115244333412888,0.8797762628061294,7.911918426688198,1
4667,needle_5link,2.25,1,0.3981703939391658,0.03450722279094629,0.11668071396148148,0.5745849259821892,1.5454454808094595,1
4668,asym_3link,0.35,0,0.0026462136263282394,0.00010579219906941845,0.001299743739350671,0.1891888993860784,13.253336484648553,0
4669,large_6link,0.7,0,0.00130261779751412,0.00010647583002572685,0.017838772229806635,0.2535213062034535,4.534527612860915,0
4670,redundant_4link,1.0,0,0.0011219261060223765,0.00010818470403147237,0.1367307650436166,0.48351094490806595,2.380751483160572,0
4671,short_2link,1.35,1,0.2264022654255681,0.03284237950143869,0.03241004991546124,0.824542300483284,98.9945822624571,1
4672,soft_5link,1.75,1,0.3064756846436263,0.01988945976099045,0.051270916101121305,0.5783276011925217,4.3721668243027185,1
4673,wide_2link,2.25,1,0.3750351526325364,0.03514562528963712,0.06862054141002152,0.9983593300138722,2.2274118554088504,1
4674,snake_6link,0.35,0,0.0035629005802465807,0.00011690489847860315,0.046899100190961905,0.15066851123481967,6.191935051850604,0
4675,heavy_3link,0.7,0,0.0027187206720691967,0.00016743467230204219,0.03399033878875096,0.38557888603285306,4.061355033745086,0
4676,teacher_2link,1.0,0,0.0013159931457919773,0.00013299419771961983,0.03735313976959752,0.7078094589395276,2.7103046954761085,0
4677,long_4link,1.35,0,0.001654453591888908,0.00022043922943751668,0.1584096385480929,0.6546967875740067,3.0868879331283323,0
4678,long_2link,1.75,1,0.416977596065849,0.02664516351865957,0.07368433368773888,0.6943500458067534,3.77501509199832,1
4679,needle_5link,2.25,1,0.4362949535620948,0.07762000468168961,0.060028819939772944,0.3500136041101323,4.525393855643592,1
4680,asym_3link,0.35,1,0.16105080361311241,0.001050097090492581,0.0011400571092774158,0.0657422547645854,131.33871109515366,0
4681,large_6link,0.7,0,0.0020456260246235988,0.00010948647979731087,0.06977410273924249,0.23940208465181545,2.1177210750393374,0
4682,redundant_4link,1.0,0,0.009484031365112024,0.00035782193830039233,0.02645536301494599,0.5162475195579255,4.391862190555634,0
4683,short_2link,1.35,1,0.23333024830089716,0.008743632900049458,0.013160378674129855,0.5939252506962143,10.833199973432807,1
4684,soft_5link,1.75,1,0.24937962046966186,0.05374250619037259,0.11414283447388318,0.6287896073992685,5.588488599331004,1
4685,wide_2link,2.25,1,0.39498479338368075,0.02232176716922916,0.05702993108560724,0.976597115373203,8.238386973173203,1
4686,snake_6link,0.35,0,0.013035257456428412,0.0002275632656848039,0.023438372544635915,0.14891057400586344,9.7839794074888,0
4687,heavy_3link,0.7,0,0.009979144188207754,0.00022191961562930906,0.02640757796193217,0.3292703832651185,3.1431939955574033,0
4688,teacher_2link,1.0,0,0.018932948949464457,0.0007936561811614724,0.024345465124915946,0.6408680106318916,12.841688672135431,0
4689,long_4link,1.35,0,0.09814360363730437,0.0036018445850098486,0.004885073324239252,0.34022434907350557,74.87090247835368,0
4690,long_2link,1.75,1,0.26406820788607327,0.050660394860391575,0.11932305002007469,0.9016541988437276,4.2338641882419985,1
4691,needle_5link,2.25,1,0.44540976399915067,0.02861635317675476,0.06308809207799737,0.648273745779552,2.450066564126548,1
4692,asym_3link,0.35,0,0.001714517078577367,5.560375404665538e-05,0.010205277076199554,0.16872742132990537,3.4767365315442627,0
4693,large_6link,0.7,0,0.007379391386592537,0.00019016369392380397,0.02563241305213043,0.24882030562720855,3.080199719134337,0
4694,redundant_4link,1.0,0,0.0051237507381006716,0.00023549461106751827,0.040514128781486164,0.4832201522462608,2.4579374057036305,0
4695,short_2link,1.35,1,0.07441709355669372,0.0071708515666166085,0.03208347172813632,0.9197382975040469,3.0114592258879114,1
4696,soft_5link,1.75,1,0.16922199643191116,0.020346318775696697,0.14437595632470152,0.6812779157976149,1.4473487241081802,1
4697,wide_2link,2.25,1,0.544752979226945,0.07794146846667759,0.1354402464381487,0.48930652540563274,2.530445509523084,1
4698,snake_6link,0.35,0,0.003878637394429086,0.000214455815587344,0.0002948458536601267,0.15258989671367157,87.25554866169331,0
4699,heavy_3link,0.7,0,0.0017150474826476952,0.00010249691740086882,0.0756573752803324,0.26566778139610914,2.2874339973763713,0
4700,teacher_2link,1.0,0,0.003151373446528049,0.00022754674624287226,0.034061415820653765,0.6656212643408557,3.1587659872689735,0
4701,long_4link,1.35,1,0.03115860991247179,0.002558996819600754,0.06590813536454784,0.6180637643478624,3.061082400065705,1
4702,long_2link,1.75,1,0.39338953306178087,0.05791699192414144,0.06277185395215114,0.7754141991768625,2.5501494760814336,1
4703,needle_5link,2.25,1,0.45517554440535274,0.04993067906239246,0.06944438610972677,0.3521605590375779,1.8227858754290316,1
4704,asym_3link,0.35,0,0.00207851936632938,6.337082001536245e-05,0.008718856195318933,0.16995937927824187,3.2042562452687755,0
4705,large_6link,0.7,0,0.0027079700093413455,0.00013513097065898067,0.08059451436013096,0.2905592606597395,2.4805213244860473,0
4706,redundant_4link,1.0,0,0.0017637802707257632,0.00017759262918656845,0.030103521150318082,0.4779590456932363,3.5602903341366283,0
4707,short_2link,1.35,1,0.05891800716899646,0.007109293389961927,0.008285448864292019,0.8317232749327438,659.2919364220761,1
4708,soft_5link,1.75,1,0.04331944456228752,0.006683494850359764,0.12381657801408003,0.7746078960408227,2.939243273693531,1
4709,wide_2link,2.25,1,0.5454786867600406,0.10101993021806428,0.08748139360539309,0.461062571791612,15.57727602240279,1
4710,snake_6link,0.35,0,0.0006551347055718523,2.854124480715368e-05,0.02061535802376567,0.15841450664303403,7.505797030769176,0
4711,heavy_3link,0.7,0,0.001599246958676944,8.872868840917898e-05,0.06142689271728178,0.3381180097994384,1.658615040169083,0
4712,teacher_2link,1.0,0,0.02437961875116239,0.0007939234378859961,0.012132802349051487,0.6653886706739791,12.613965882038299,0
4713,long_4link,1.35,1,0.13028625866745655,0.014594143272736297,0.09334949688920367,0.4764144930350234,2.397460296028911,1
4714,long_2link,1.75,1,0.38845488918370846,0.07028730133593523,0.07779969529057312,0.7785033428244448,6.120009636118478,1
4715,needle_5link,2.25,1,0.3296534377309826,0.027196342852117014,0.11552953251730826,0.5254205045724887,2.1582919331609722,1
4716,asym_3link,0.35,0,0.015362906620407136,0.0005573836430713355,0.0006021672067163076,0.14781075877158242,135.72495723795896,0
4717,large_6link,0.7,0,0.007133282893696206,0.00027467583647902054,0.04740383162216686,0.2790456338088202,5.351109750022663,0
4718,redundant_4link,1.0,0,0.0027215624722065905,0.0001651221779180237,0.07120566434116515,0.49040172771046575,1.4730820633087134,0
4719,short_2link,1.35,0,0.009383955773391824,0.0006333958116625564,0.04996065198227218,0.9604291068029679,5.085319582704979,0
4720,soft_5link,1.75,1,0.15389823057137253,0.025404614955644302,0.27488326279729186,0.679176586156698,3.669264712332884,1
4721,wide_2link,2.25,1,0.5215316251705416,0.06655482684707881,0.17426728316074627,0.9118186798278852,2.8427897522957393,1
4722,snake_6link,0.35,0,0.002758351363288606,9.266773373358361e-05,0.022902540801462607,0.1522857664539323,5.04441598149602,0
4723,heavy_3link,0.7,0,0.007023862391215037,0.0002385850433242557,0.019327712525918014,0.48471758834148937,3.879183811899609,0
4724,teacher_2link,1.0,0,0.0055642542111572196,0.0004250499576236995,0.07186775420563203,0.659294502006375,7.222737216517958,0
4725,long_4link,1.35,0,0.008077050333951351,0.0014264902188400907,0.0017626145009405612,0.5110434837144318,93.36059608685825,0
4726,long_2link,1.75,1,0.4086641157277003,0.0517082651834446,0.05871833475591951,0.7029883885009625,3.2103048929892397,1
4727,needle_5link,2.25,1,0.32124026466840494,0.04144070092510162,0.06407966482383946,0.7490056383189654,7.195682120524071,1
4728,asym_3link,0.35,0,0.006511772605162753,0.00011178646847535531,0.01878227482318039,0.21349927613100747,3.6859579115773995,0
4729,large_6link,0.7,0,0.003147784794177968,0.00021862264570854587,0.06459598986848594,0.27466037582543285,6.112239161280806,0
4730,redundant_4link,1.0,0,0.00554710543247285,0.00023675041865245017,0.04302998425842356,0.4933884720107402,1.4944710642825039,0
4731,short_2link,1.35,1,0.22208938358899333,0.03081484619893153,0.12703889108156294,0.8274542027193827,9.848385773939896,1
4732,soft_5link,1.75,1,0.15770530723977857,0.03046764238071589,0.311928302400543,0.712585057372802,3.1919194806363906,1
4733,wide_2link,2.25,1,0.44453454775464146,0.04810595409859201,0.06921225396382878,0.8076648289435266,2.006853327727687,1
4734,snake_6link,0.35,0,0.0011584242443950378,6.562435324905312e-05,9.817224040502004e-05,0.15680763582699234,123.72444502232925,0
4735,heavy_3link,0.7,0,0.0007233764419429347,5.955154841224437e-05,0.015908006410826354,0.3044766793507868,9.070806512647643,0
4736,teacher_2link,1.0,0,0.009315153196410785,0.0007214155559999973,0.043195243564836075,0.6478676314563151,13.085137346223549,0
4737,long_4link,1.35,1,0.1459266180151284,0.015957508133146277,0.07197393350209112,0.4868842560191767,2.1181601139114794,1
4738,long_2link,1.75,1,0.3809907383061889,0.02569381340492286,0.07497491584574542,0.7450626872182775,2.9009460392439532,1
4739,needle_5link,2.25,1,0.41153767752552367,0.045721720451090145,0.08133454764101385,0.4288378745970614,4.645130029641085,1
4740,asym_3link,0.35,0,0.00440789322421929,7.434611235175832e-05,0.02111209569942201,0.21335667627650426,1.4728874639706597,0
4741,large_6link,0.7,0,0.0015208507571635567,0.00012547148834328215,0.01912318597695833,0.26380172530820145,5.249053697670201,0
4742,redundant_4link,1.0,0,0.018023719902162397,0.00042543209029999486,0.02600080358215535,0.4748771062661726,6.180543936665479,0
4743,short_2link,1.35,1,0.45826390110996046,0.00426213514330594,0.004265097637753072,0.06111000348663444,9978.425870330993,0
4744,soft_5link,1.75,1,0.3416766347454274,0.06625523020633385,0.08153965669924655,0.567751796909285,3.088148459409213,1
4745,wide_2link,2.25,1,0.5389509006327069,0.0636572036205704,0.06142974014573235,0.8996687081977666,6.3805925543876345,1
4746,snake_6link,0.35,0,0.005741018317001953,0.00020428395946896514,0.005819112760103279,0.14028916274840522,12.205251007764799,0
4747,heavy_3link,0.7,0,0.02020028669846813,0.0003175050264100787,0.020591158060585056,0.48532366572173397,5.253909472823231,0
4748,teacher_2link,1.0,0,0.004780342316011662,0.0003005746685520249,0.09012982356432346,0.659640395913046,4.379711063269844,0
4749,long_4link,1.35,1,0.20335857211624725,0.0196032408229967,0.10995260859065188,0.4376475247674938,2.301220574807927,1
4750,long_2link,1.75,1,0.42485077075013056,0.10111062417967263,0.17525102426505051,0.7407409060478972,8.01976144773306,1
4751,needle_5link,2.25,1,0.3662042288234657,0.05835008054106922,0.10017264657314895,0.4484372654641617,2.7018999056766138,1
4752,asym_3link,0.35,0,0.027459414871830266,0.0008018245484899903,0.0008095377634957285,0.12279278478155195,387.3083031772411,0
4753,large_6link,0.7,0,0.005140134576347585,0.0002268270774054346,0.06682475630063872,0.3022121614279274,4.5846566940107225,0
4754,redundant_4link,1.0,0,0.009100246322746038,0.0006425411744011651,0.0860195788655628,0.47631297647424475,10.66960013169627,0
4755,short_2link,1.35,1,0.2583197224322658,0.009579003971044865,0.03244510215702219,0.5998778735609881,3.3634525776236406,1
4756,soft_5link,1.75,1,0.19201255815331095,0.046782186578957136,0.1080192221599179,0.6753874388105718,6.312774924914197,1
4757,wide_2link,2.25,1,0.5462913084994555,0.04084283483552282,0.040614319886547276,0.8948713741108001,7.022240861360282,1
4758,snake_6link,0.35,0,0.0062844851626862545,0.00010061756639862437,0.011387014405719204,0.14427499488895254,3.667376789984184,0
4759,heavy_3link,0.7,0,0.0027447979423759947,0.0001223671280633509,0.033675730607314436,0.3263870975148337,1.6054375050630307,0
4760,teacher_2link,1.0,0,0.0021100195839915538,0.00030972203994255394,0.09858848333546755,0.7454661371771992,18.615184238897815,0
4761,long_4link,1.35,0,0.03482500156455639,0.003538737984790682,0.003681577362494404,0.3087900854866687,221.58506385477187,0
4762,long_2link,1.75,1,0.31768469756116624,0.055699787033671296,0.06462365929693184,0.8285545635394597,3.8296480023416617,1
4763,needle_5link,2.25,1,0.4177508140598764,0.021574108588442074,0.0411138042847966,0.4681576509447995,4.8534312992521,1
4764,asym_3link,0.35,0,0.002321645731404536,7.066309879830741e-05,0.011815066033793835,0.16160759413448053,3.373806642256613,0
4765,large_6link,0.7,0,0.0038049432329372674,0.0001379763068119469,0.03349306516789282,0.24889482116466935,1.7097347557302478,0
4766,redundant_4link,1.0,0,0.004044985468410329,0.00024971604665011295,0.08683834807444911,0.48467825735442416,3.3323207447592647,0
4767,short_2link,1.35,1,0.22127999963756548,0.01413932492245155,0.030552291738193627,0.646808321725244,3.0319052293745425,1
4768,soft_5link,1.75,1,0.3419592014032153,0.0806610427088359,0.04246529817941881,0.5553475299272955,9.761034744409717,1
4769,wide_2link,2.25,1,0.5222695711709417,0.07694340528404224,0.07531690282532014,0.5713478606520628,1.8510566101370336,1
4770,snake_6link,0.35,0,0.002521735640745127,0.0001416667385061575,0.0001846302205099918,0.15516764215282947,103.29520205011737,0
4771,heavy_3link,0.7,0,0.02039851426194288,0.0003306881826875791,0.020743765980280212,0.5194750750930919,5.276208451531586,0
4772,teacher_2link,1.0,1,0.36187037201827116,0.001905370936296805,0.006558240197392858,0.5368839231039688,36.60894812067517,0
4773,long_4link,1.35,1,0.056348392952416955,0.0036769706715108898,0.053093528838808655,0.5801603719601204,2.961460781842465,1
4774,long_2link,1.75,1,0.3933307845368542,0.05759309885671443,0.13856461356831043,0.7233731945012875,4.213093845119344,1
4775,needle_5link,2.25,1,0.44932607257832835,0.06795262134972643,0.050543292900752254,0.38928751174479553,2.7523468773741127,1
4776,asym_3link,0.35,0,0.004268088731928867,7.250273506998049e-05,0.01313542743068113,0.17916696112665118,1.1401482875040183,0
4777,large_6link,0.7,0,0.0044940192043920555,0.0001485606262602751,0.0330878096673718,0.2950650039400976,1.959703308535502,0
4778,redundant_4link,1.0,0,0.0008109707866272165,9.016145822915806e-05,0.15384484961751962,0.48902843401236956,3.308269564422791,0
4779,short_2link,1.35,1,0.2199947868169272,0.031884355274553904,0.032239267428391095,0.8277990786314042,211.24937604711167,1
4780,soft_5link,1.75,1,0.25891818387568294,0.017177836018412423,0.05775933297427879,0.5588509969143479,3.164277411311493,1
4781,wide_2link,2.25,1,0.5183292662209416,0.06757751286469757,0.055119164425116586,0.5783274567204546,3.6838278884881137,1
4782,snake_6link,0.35,0,0.005953404112271414,0.00012284761289110642,0.03267324259797194,0.14609710212987956,4.291317016385107,0
4783,heavy_3link,0.7,0,0.0011514722193944858,9.178371687750167e-05,0.005051295459204609,0.3282504685337686,7.087369201242599,0
4784,teacher_2link,1.0,0,0.0012536388892923946,0.00014849008386358755,0.023792703440424015,0.7080134100088287,4.1087320493616515,0
4785,long_4link,1.35,1,0.12406607855993287,0.007613777654809691,0.025453833515402962,0.6218023727820103,6.210110387294168,1
4786,long_2link,1.75,1,0.35524253381064497,0.06317239321785571,0.026350442892669447,0.7920831709750218,18.515589938389926,1
4787,needle_5link,2.25,1,0.4248886779715406,0.036852560305075104,0.0832679031306878,0.46422720632892317,1.4053700020396998,1
4788,asym_3link,0.35,0,0.0841740373362135,0.0010456767323479177,0.0010725643897604455,0.06103461711150818,240.0380574316454,0
4789,large_6link,0.7,0,0.009995448308050209,0.00022417746672132667,0.022255676063054036,0.31117662978714494,3.8028815326326186,0
4790,redundant_4link,1.0,0,0.0006538247568276836,8.102987231550245e-05,0.08083820805486529,0.4802502489058067,4.0943821821252975,0
4791,short_2link,1.35,1,0.2385943333820914,0.014773406630812313,0.08119479314368017,0.6098755323968241,6.461504684758107,1
4792,soft_5link,1.75,1,0.10519253058217783,0.007556981814420764,0.06274436182945149,0.6974059136383336,7.228684232701201,1
4793,wide_2link,2.25,1,0.288871131578312,0.027452685936077952,0.012207715334036572,0.5241448077805841,48.54626563164415,1
4794,snake_6link,0.35,0,0.010069789428234227,0.0002554419653002581,0.014281577672335694,0.13770856461018144,12.486867508253424,0
4795,heavy_3link,0.7,0,0.001289076124914719,9.078559812102721e-05,0.060743176043606496,0.306715875987081,4.015664500708396,0
4796,teacher_2link,1.0,0,0.018052118510257075,0.0020844346732797714,0.05005421533747951,0.5539031833231723,700.4089315152886,0
4797,long_4link,1.35,0,0.01984227526168427,0.0027638004155553803,0.003057087475848646,0.4097739338435364,136.61621698808938,0
4798,long_2link,1.75,1,0.3426032623515593,0.012031079697206761,0.019005738046816094,0.7790835810380686,14.14110098960244,1
4799,needle_5link,2.25,1,0.39665030732368334,0.04141805904033764,0.08396294759537569,0.5081718359801258,1.4568845039346807,1
4800,asym_3link,0.35,0,0.006887871079874255,0.00017101769987662053,0.015207958781241423,0.20010120081645258,7.074171036015241,0
4801,large_6link,0.7,0,0.0010711320899441479,0.00010343653019335288,0.01603481243647943,0.22972704784490489,8.2117117817565,0
4802,redundant_4link,1.0,0,0.0022280877823289565,0.00020468356177879416,0.12655531575628567,0.5042690416398923,3.6710398431297904,0
4803,short_2link,1.35,1,0.20107763067993145,0.02861299219475389,0.05515319116194434,0.8398222798171286,16.624463320700904,1
4804,soft_5link,1.75,1,0.12694960220646997,0.01831655149201414,0.18850964166667303,0.6872496377776208,3.0768931359423597,1
4805,wide_2link,2.25,1,0.3864363075194479,0.036797865298410816,0.06884901151266892,0.9637249208453618,2.284617663643691,1
4806,snake_6link,0.35,0,0.04508772366410701,0.0009995649445472465,0.0010390784348468208,0.0685473431085817,257.89839923399705,0
4807,heavy_3link,0.7,0,0.0025176863400865478,0.00014575704981926335,0.08122192344087459,0.3330609738506506,3.3051941808396132,0
4808,teacher_2link,1.0,0,0.0017184751462843012,0.0001944564509072772,0.12952508268305024,0.6948512946086123,4.563005911287643,0
4809,long_4link,1.35,1,0.19830887106298875,0.025694933064352374,0.04889521274924363,0.44570343742005,6.574122355915819,1
4810,long_2link,1.75,1,0.4190597179017364,0.028254636463864776,0.1053820138749377,0.6911252963153883,3.5395617482216517,1
4811,needle_5link,2.25,1,0.3937665997787626,0.028941761226990367,0.06484793474312062,0.5792658875476453,3.3124533471369153,1
4812,asym_3link,0.35,0,0.002177050785997149,5.7878306769041895e-05,0.032950922837795424,0.16550888324185237,2.1417818164295226,0
4813,large_6link,0.7,0,0.0009849936861714215,7.832615293280862e-05,0.0590132503235087,0.22584044377676657,3.3464340963591033,0
4814,redundant_4link,1.0,0,0.003014259174325696,0.00026873550086651773,0.0298905440792678,0.5087496206066822,4.673658428430074,0
4815,short_2link,1.35,0,0.09826108519605371,0.004091295602691598,0.004094147587465663,0.301592689574456,2166.6802930477734,0
4816,soft_5link,1.75,1,0.1273530614490193,0.0055977076779575845,0.062408516851609044,0.6740260735151543,6.479049516692754,1
4817,wide_2link,2.25,1,0.555413044785614,0.05085937686411398,0.05745186606367893,0.8946988993484597,2.6178076122230447,1
4818,snake_6link,0.35,0,0.022361848646763684,0.00019727749944073987,0.006107268517043422,0.1474377818614382,7.91075224400238,0
4819,heavy_3link,0.7,0,0.0019187575794633767,0.00011798841197894733,0.01965103882025768,0.27128761485654407,2.778093979707019,0
4820,teacher_2link,1.0,0,0.056620783799605695,0.0012119741345154172,0.020346136873840157,0.6147658434947373,20.202925882022775,0
4821,long_4link,1.35,1,0.09233489099501947,0.009599188791255089,0.05578995063916407,0.5189764122707182,2.2992553927827015,1
4822,long_2link,1.75,0,0.034223160997263656,0.0042865258868634085,0.04121342987302127,0.7647151788587384,88.87439016040966,0
4823,needle_5link,2.25,1,0.4778493399682355,0.046607354107232754,0.08134287445506931,0.38101180483566954,2.5298784998412964,1
4824,asym_3link,0.35,0,0.021733268503457893,0.0006863177640474026,0.0008160804852508079,0.15378021117250446,93.07793619288118,0
4825,large_6link,0.7,0,0.0013482930018961375,8.967524546242258e-05,0.031536858728953655,0.2649126016829998,2.323607083231685,0
4826,redundant_4link,1.0,0,0.0011382389541050024,0.00013017935799649303,0.11673339888870682,0.47662392597470893,3.830729157560466,0
4827,short_2link,1.35,1,0.06416809209654571,0.005411715795743617,0.03719372352582884,0.9007723598537016,13.313170529789746,1
4828,soft_5link,1.75,1,0.2345915070575093,0.024840635253149508,0.10535968844953164,0.5929261967545094,1.949357451142175,1
4829,wide_2link,2.25,1,0.5233323193257289,0.045148465622479636,0.060796586166282425,0.8945578906065412,12.746341930139117,1
4830,snake_6link,0.35,0,0.0007865555669602329,3.104863948387393e-05,0.038982756580630586,0.15790469333807292,3.195801746034102,0
4831,heavy_3link,0.7,0,0.004526531343769441,0.00021473964781232145,0.015848676765874415,0.3801223407933449,4.128768064818191,0
4832,teacher_2link,1.0,0,0.0070178357345227335,0.0003301406914827583,0.028015218958226746,0.6899675873605613,4.607939121739104,0
4833,long_4link,1.35,0,0.00820157940034155,0.0014617273405142864,0.0015320868136868074,0.5388249908771658,228.94118962381648,0
4834,long_2link,1.75,1,0.3032695006871405,0.06189752733416285,0.10421622299427495,0.8375946373701736,12.713483043735053,1
4835,needle_5link,2.25,1,0.518816549992488,0.07471545803563559,0.041048282981420915,0.2716903458293783,3.2801586994208147,1
4836,asym_3link,0.35,0,0.0032223209750395702,6.710173591761249e-05,0.031066268807070082,0.21237719105482838,1.6968666605594536,0
4837,large_6link,0.7,0,0.006695456942410411,0.00018517432914110508,0.027778235655931467,0.2863612224337947,1.3571150949393078,0
4838,redundant_4link,1.0,0,0.05375674817775717,0.0007414247179641731,0.016764010509740378,0.5468540481214256,11.06318945385922,0
4839,short_2link,1.35,1,0.22427574113181914,0.021872359914966562,0.046705042674236086,0.8250017785800031,4.053985286165855,1
4840,soft_5link,1.75,1,0.1403920770016632,0.028543071087076703,0.22900268397690593,0.6895590040590961,4.494852814971711,1
4841,wide_2link,2.25,1,0.428123116464609,0.0744735669954063,0.07690602381064134,0.9597591308933124,11.384090124104072,1
4842,snake_6link,0.35,0,0.14236636864911675,0.0010826769383459186,0.0011116413105756045,0.030072391120976403,313.78630703631575,0
4843,heavy_3link,0.7,0,0.0015572745607216312,9.361353763429708e-05,0.036784325679339855,0.28246755356231,2.1779587620706327,0
4844,teacher_2link,1.0,0,0.014853017885444656,0.0015028937288433751,0.021384600040890222,0.6498165091659223,39.521039936750356,0
4845,long_4link,1.35,0,0.0019222916221456154,0.00030058557245409457,0.028801348922648885,0.6443949393474728,6.622670076675812,0
4846,long_2link,1.75,1,0.32717224461467903,0.013091692701755007,0.022824010400197464,0.6892474835242587,30.235690473097872,1
4847,needle_5link,2.25,1,0.44466400128775585,0.08212228816390313,0.10411970917508176,0.38658853142069494,6.320008168389362,1
4848,asym_3link,0.35,0,0.0024060743610693483,8.872831617682159e-05,0.015542313977080911,0.2001195887141622,6.9962296092209035,0
4849,large_6link,0.7,0,0.005575859498841094,0.00019588876201087507,0.022850549073320833,0.23741046613518021,3.840122172316372,0
4850,redundant_4link,1.0,0,0.004544633725834992,0.0002175379490352976,0.05101544052491866,0.47157527789133463,2.116043830701101,0
4851,short_2link,1.35,1,0.03681849206217948,0.0037869542836881345,0.003282216163007883,0.8061653104723774,78.99769152268689,1
4852,soft_5link,1.75,1,0.2861549771832525,0.06676409329869804,0.19752362946850852,0.6124670452372504,6.120814427076682,1
4853,wide_2link,2.25,1,0.48207559711376713,0.0685715412646946,0.12605990032556236,0.4681269943740765,28.456038058949574,1
4854,snake_6link,0.35,0,0.0029740829985499657,9.818864361726775e-05,0.03712729314230654,0.1432200433452567,5.135560633257675,0
4855,heavy_3link,0.7,0,0.014082497055071416,0.0004684145565083361,0.014528478452279845,0.4655174743372974,8.801050475863214,0
4856,teacher_2link,1.0,0,0.0030180148830161973,0.00038314374421493606,0.024055510713154322,0.6923361577784247,10.962878569863875,0
4857,long_4link,1.35,1,0.05230396132390435,0.0027661048587216937,0.04794657653352475,0.5498417083359023,2.8055666112378694,1
4858,long_2link,1.75,1,0.29723142606236286,0.048690601515818235,0.06714497642162645,0.8571693639893968,2.8894322341627685,1
4859,needle_5link,2.25,1,0.3380043384095967,0.05888639106870542,0.062269933819612606,0.4523467057160353,2.628831148971972,1
4860,asym_3link,0.35,1,0.20405964807776153,0.001064004199281504,0.0011348556646641741,0.05371115156627033,148.956844132389,0
4861,large_6link,0.7,0,0.004969854089794331,0.00030406678938274073,0.016421082525080507,0.28111222804961306,7.738790226423856,0
4862,redundant_4link,1.0,0,0.0019644213802103906,0.00020538811555439792,0.1673185130424809,0.49960831147567836,4.158467893078777,0
4863,short_2link,1.35,1,0.24403517734536267,0.012648239659548104,0.07379832430866051,0.5966539785084024,7.597904148796751,1
4864,soft_5link,1.75,1,0.06843906852300968,0.006327349920032155,0.07765071618996185,0.7457518835983772,2.3353470462119916,1
4865,wide_2link,2.25,1,0.42444610046533776,0.03839297451508116,0.0587219039417292,0.8524757688699999,4.52383105555114,1
4866,snake_6link,0.35,0,0.0017171863206420488,4.9746115760806344e-05,0.044603461948812914,0.14883391348518912,2.0090883958300534,0
4867,heavy_3link,0.7,0,0.005318992329709899,0.00024055589588215258,0.04805548879597792,0.38101071121221514,4.436358079972683,0
4868,teacher_2link,1.0,0,0.024570410856982194,0.0004961165155122365,0.022611680473093736,0.6635673844802288,7.255687055108886,0
4869,long_4link,1.35,1,0.09630620602179302,0.013281575746580841,0.0038803356039332523,0.399608307762553,51.83262068164906,1
4870,long_2link,1.75,1,0.24163977594579628,0.020735349744626503,0.028287430180136748,0.919343025910676,9.018099019245186,1
4871,needle_5link,2.25,1,0.4462438335627586,0.0708334236866613,0.04132853970181344,0.35281180844397736,4.31870037228903,1
4872,asym_3link,0.35,0,0.0015086958205109144,5.773858519277161e-05,0.02630602747827847,0.1856469880838552,7.0650959009235015,0
4873,large_6link,0.7,0,0.0010396696588345963,8.026130167967418e-05,0.11185944611672095,0.22380002258717904,3.205764120699338,0
4874,redundant_4link,1.0,0,0.0035408405801633765,0.0002762494332741863,0.030836139861715486,0.5085165613351624,4.148914889913463,0
4875,short_2link,1.35,1,0.2430419820886798,0.025935151229857602,0.026255738926051313,0.8138623934855173,4.557892796551071,1
4876,soft_5link,1.75,1,0.053222009318458635,0.004877714667694121,0.1373129759327123,0.737793497482807,2.6735447965224046,1
4877,wide_2link,2.25,1,0.486220835406445,0.06630206765403208,0.07193860358968501,0.4992888392824851,22.55395673301259,1
4878,snake_6link,0.35,0,0.013840641792271152,0.0005378229452718346,0.0012392361713336236,0.14262456949606178,45.832511295052534,0
4879,heavy_3link,0.7,0,0.002766463411710467,0.00015725893080397065,0.02166453326390323,0.3670153083771815,3.433890252780722,0
4880,teacher_2link,1.0,0,0.0035376955315728673,0.00026140633839683616,0.029732028968930888,0.6641707915072087,3.9171054866417325,0
4881,long_4link,1.35,1,0.10817892623320868,0.007952205557626497,0.12747031103844525,0.6345753355067507,3.5057813091718892,1
4882,long_2link,1.75,1,0.3565474262350413,0.06172933162726163,0.10349312094606822,0.8033342943852172,12.463886767887686,1
4883,needle_5link,2.25,1,0.39179012506665567,0.0281723679887837,0.046207943812498105,0.5443165006853325,4.726948943248197,1
4884,asym_3link,0.35,0,0.05434851387051622,0.00036313703851619515,0.00338535420431559,0.1723614661170247,13.320561335129902,0
4885,large_6link,0.7,0,0.004977004738452069,0.0001571473082438093,0.03341418370947138,0.2504706469759163,1.9610173120212848,0
4886,redundant_4link,1.0,0,0.000624082857077957,8.740094974404389e-05,0.014881568800793235,0.4806254629715294,5.295171665799846,0
4887,short_2link,1.35,0,0.022782187383580118,0.00260858455124172,0.003185866382814776,0.829839225370066,271.25614654136126,0
4888,soft_5link,1.75,1,0.07199614813900468,0.0044078629245793205,0.050614555261210704,0.7348860369361828,4.998660083473712,1
4889,wide_2link,2.25,1,0.5321008694275031,0.06067065442897212,0.15441913847378036,0.9065767701509526,2.240841048787506,1
4890,snake_6link,0.35,0,0.002714685431046592,7.879856134068452e-05,0.020982059388355147,0.15536701634446384,3.469201901446028,0
4891,heavy_3link,0.7,0,0.007153480368783489,0.00042841532717496916,0.031398409684490654,0.3587232360659118,10.794501784550423,0
4892,teacher_2link,1.0,0,0.0019935293382858468,0.00027962920307157127,0.006538116564130536,0.7115296655975153,11.81766034632923,0
4893,long_4link,1.35,0,0.0023161834291050044,0.00020553991822462573,0.1176224381498014,0.6603302454899403,1.3252703494482998,0
4894,long_2link,1.75,1,0.3745238637744059,0.09498780350085517,0.09584466934044898,0.7839936735643607,628.7830430326837,1
4895,needle_5link,2.25,1,0.46224392878037823,0.05529128735818952,0.07255730216258019,0.3300239321667315,1.5131034454203827,1
4896,asym_3link,0.35,0,0.03545294807254106,0.000885464800112052,0.0009078593450368549,0.10329678777432455,240.8992568903608,0
4897,large_6link,0.7,0,0.009003238022711784,0.0002937271349340248,0.03702296111378422,0.2886836514368539,5.554026486542978,0
4898,redundant_4link,1.0,0,0.005284446656738473,0.0002789382620533902,0.03157851203842617,0.4731025452566371,3.5577513217070793,0
4899,short_2link,1.35,1,0.22748579643746814,0.024035581308561052,0.024552833261591227,0.8224120955065839,5.21775282858499,1
4900,soft_5link,1.75,1,0.34120903262013086,0.0743600959448053,0.2240744263743448,0.568390269106361,3.5931374148221247,1
4901,wide_2link,2.25,1,0.4629565869508285,0.07371403835016278,0.21350807635483643,0.9438424685936087,4.1664622918206184,1
4902,snake_6link,0.35,0,0.0006970046139360321,2.95245426318904e-05,0.01815673154546064,0.1568048716623323,3.867632186388261,0
4903,heavy_3link,0.7,0,0.004502033634236037,0.0001485308269037212,0.03345523398140474,0.4030715519391551,1.3974108037397908,0
4904,teacher_2link,1.0,0,0.005217182013587403,0.0004965320166488176,0.07497484888174309,0.7197532389513056,9.713729245785213,0
4905,long_4link,1.35,0,0.01644378154195079,0.0024974032483277594,0.0026435868517113805,0.450862643099697,184.16553516548564,0
4906,long_2link,1.75,1,0.3852679789956184,0.05986064948211814,0.11648740978298379,0.7839243929134886,3.1859080446049814,1
4907,needle_5link,2.25,1,0.3558564090594478,0.02890890436548762,0.07100313503186136,0.6983161425589889,2.667055317409129,1
4908,asym_3link,0.35,0,0.0006915767155717059,2.912396801316801e-05,0.019898644516095878,0.17742435427915854,15.346198254441838,0
4909,large_6link,0.7,0,0.003360296540500534,0.00012838839440678659,0.03851966257325467,0.2914882752651438,1.187001531828975,0
4910,redundant_4link,1.0,0,0.002523450675262586,0.0003180927020833315,0.06957379025613002,0.4956713318896004,10.025167696939468,0
4911,short_2link,1.35,1,0.2591455741946153,0.02569187562016151,0.07008990784124468,0.8052516076978692,3.1160166923555845,1
4912,soft_5link,1.75,0,0.004828507743048837,0.0010695829251159777,0.11191961842366704,0.7912323130778219,16.805647870643064,0
4913,wide_2link,2.25,1,0.5494753070059116,0.08242986378719241,0.07004143085306888,0.4706668586683308,2.875607253636593,1
4914,snake_6link,0.35,1,0.18178712663933946,0.0009421169392635311,0.001291492390964216,0.08289313291219308,84.34014253892279,0
4915,heavy_3link,0.7,0,0.015638555855903583,0.00028035685799018036,0.019882979699595453,0.3863989237924942,4.239060235813485,0
4916,teacher_2link,1.0,0,0.0007176263302175338,8.713260146056071e-05,0.16406241515951941,0.7337510842678487,3.456747589093522,0
4917,long_4link,1.35,1,0.13109277129026511,0.006280711728603751,0.04721795737426189,0.6330764207420432,3.3281467639750337,1
4918,long_2link,1.75,1,0.42839561697381945,0.03811014168213163,0.08044055096433121,0.6758396629998147,3.6231253760424638,1
4919,needle_5link,2.25,1,0.46548588999680374,0.053386021215399024,0.08681576134120403,0.3751466489956071,2.5139673995677407,1
4920,asym_3link,0.35,0,0.0026788930094845003,8.39388943325456e-05,0.04975167091012092,0.2051146494828713,4.244109717587058,0
4921,large_6link,0.7,0,0.0012232866916319176,8.008718732684001e-05,0.08535988096463143,0.23597892072037882,2.6885999036993042,0
4922,redundant_4link,1.0,0,0.004470561223259233,0.00026666522497928934,0.03841763893717479,0.48728212276419486,3.685150142162527,0
4923,short_2link,1.35,1,0.19367592728710736,0.004179252930480698,0.004269662380604262,0.1780129549561917,232.8218401388977,0
4924,soft_5link,1.75,1,0.2882094703347493,0.0721742824214973,0.06342683194913609,0.6113756081959577,6.982248198465557,1
4925,wide_2link,2.25,1,0.3712512725836554,0.06601900491396917,0.19633060030053184,0.9988361748284273,4.9426076554193195,1
4926,snake_6link,0.35,0,0.0007467854134404505,3.0422042938631723e-05,0.02873907213205107,0.15742689800447307,3.5316746141192996,0
4927,heavy_3link,0.7,0,0.0020558142619895585,0.00014855320836127314,0.10494250346990355,0.35335929706443175,5.207392221926191,0
4928,teacher_2link,1.0,0,0.0015342430803028347,0.00014811759119246005,0.033087054674805036,0.6989355640286632,2.6995764504519046,0
4929,long_4link,1.35,0,0.003538178027493581,0.00026037394744522557,0.0571269938319545,0.6845102540488344,1.5208791986327654,0
4930,long_2link,1.75,1,0.42507239479806724,0.10317841894659645,0.08845316580932225,0.7394965265549585,12.23174514415714,1
4931,needle_5link,2.25,1,0.27826802955578295,0.029092657070684484,0.07255367907550597,0.7416826819091724,8.527387953268795,1
4932,asym_3link,0.35,0,0.03970183159553425,0.0007800147827923489,0.001238184977098064,0.14977813389483913,50.184306982679665,0
4933,large_6link,0.7,0,0.002163869166971135,0.00013457136378349703,0.08927784754504381,0.2438491177703855,3.2462598343877076,0
4934,redundant_4link,1.0,0,0.003287123517696968,0.00023239684193032307,0.058972966166439524,0.5018607094491696,2.9865375612688556,0
4935,short_2link,1.35,1,0.22242923110887083,0.01523006504350257,0.07168967865199377,0.6206387957129164,8.851983138942542,1
4936,soft_5link,1.75,0,0.003093100927263261,0.000397529234236575,0.06146934475014209,0.7911723052715706,3.0206309400934477,0
4937,wide_2link,2.25,1,0.5306776342898452,0.06511243188674312,0.05222357908389045,0.906958961904515,2.9071248262379314,1
4938,snake_6link,0.35,0,0.012204418454122354,0.00019939548387368756,0.023339364326092914,0.14447163901474291,8.095604675370618,0
4939,heavy_3link,0.7,0,0.0030273176512974494,0.0001366860174047318,0.06511071069522685,0.38711048064015346,2.0600941023818,0
4940,teacher_2link,1.0,0,0.015817102832843866,0.0011612329274747473,0.0066549186038236015,0.6660701914848928,22.221595788485406,0
4941,long_4link,1.35,1,0.06835762123898936,0.012978640783278862,0.009746390842531224,0.5210565062955362,54.923006927854196,1
4942,long_2link,1.75,1,0.3887996203046028,0.08211761502933784,0.05415992997512166,0.7453051589607677,31.687381250346856,1
4943,needle_5link,2.25,1,0.30599149635253264,0.03835550287919467,0.05765660823793876,0.5993278961195412,1.706600046430463,1
4944,asym_3link,0.35,0,0.0020375953235042088,6.690625225743736e-05,0.012100350945899566,0.16688241900729114,3.8643746099594454,0
4945,large_6link,0.7,0,0.0016518714272870888,9.236269517661859e-05,0.07384174577876051,0.23508445097008657,1.528520400302805,0
4946,redundant_4link,1.0,0,0.0016067514764486167,0.000209904272216759,0.036032520870129515,0.48548198720045244,6.863758879341687,0
4947,short_2link,1.35,0,0.008816433679825857,0.0005422109329423734,0.028474501263461474,0.9531008019052211,3.8970638598257725,0
4948,soft_5link,1.75,1,0.2376931219666842,0.014770099270186198,0.08032865449148749,0.5894872136717324,3.723318559207105,1
4949,wide_2link,2.25,1,0.5115355586903984,0.08449753013755217,0.08383597875795792,0.6067036166605931,2.4572621728185875,1
4950,snake_6link,0.35,1,0.28196463634392005,0.0009592746363566605,0.0012791241861407805,0.07287902441585374,89.61587769645128,0
4951,heavy_3link,0.7,0,0.008853098445249733,0.00021398822011071508,0.023315991451351898,0.498086164081933,3.114331347965736,0
4952,teacher_2link,1.0,0,0.0007827744777105254,0.00010227795989033495,0.17707827952349095,0.7263490574383997,4.61730951544892,0
4953,long_4link,1.35,1,0.1353562114592867,0.0240839198439527,0.02292928599082352,0.48330334160260163,8.656287800512207,1
4954,long_2link,1.75,1,0.3480035559001481,0.022931658843763077,0.06191712492254653,0.7902252865142873,3.609775464486222,1
4955,needle_5link,2.25,1,0.49009572383792377,0.06213075445504925,0.07604886202741325,0.36634600673452217,3.820831787400099,1
4956,asym_3link,0.35,0,0.005230637783775831,0.00010071647370939929,0.009979427050129443,0.20087938811038047,3.17536005308462,0
4957,large_6link,0.7,0,0.017824504647468237,0.0002967106259770338,0.01652993610556103,0.24004456607572122,5.776406275056792,0
4958,redundant_4link,1.0,0,0.0022181049251792672,0.00021090661751175385,0.14291694769227245,0.4852975012229579,3.7610600286812987,0
4959,short_2link,1.35,1,0.19695486788134353,0.027192284909881764,0.025398400524807695,0.819475135476178,212.18459208261072,1
4960,soft_5link,1.75,1,0.2438254492747263,0.02894660683651033,0.03853831021340295,0.6183758203636062,6.365052198686178,1
4961,wide_2link,2.25,1,0.5231418813353584,0.07060793940605081,0.09777838011717947,0.910044956681287,4.387116032712125,1
4962,snake_6link,0.35,0,0.003498200555052464,7.267008426672718e-05,0.01470701876431185,0.14499577178329476,2.0402133567410874,0
4963,heavy_3link,0.7,0,0.006869666247898499,0.00018736964868254158,0.028863111570071952,0.4495427148903687,2.6874031010904798,0
4964,teacher_2link,1.0,0,0.0026241466395891476,0.0003351929854940563,0.06807613389502251,0.6952008164316463,9.771891633927169,0
4965,long_4link,1.35,1,0.13572526555246403,0.02242255268168875,0.05601100616284418,0.4604461623132314,4.089212885705633,1
4966,long_2link,1.75,1,0.3977015676683621,0.07572094758434741,0.07110238303066722,0.7680283207131218,6.960646421881281,1
4967,needle_5link,2.25,1,0.17605902542134702,0.010528680792473103,0.06265764495458276,0.8567322352431963,2.985842621524538,1
4968,asym_3link,0.35,0,0.13732718312784128,0.0009063401051502663,0.0013204995314603344,0.11624443879907354,56.841786766479906,0
4969,large_6link,0.7,0,0.003835367718240429,0.00013848978643554296,0.037701659318577725,0.24745837075893917,1.5281782257244867,0
4970,redundant_4link,1.0,0,0.0013279575185846915,0.00011786447816086525,0.05718413297105419,0.4779115528713434,2.125694919083098,0
4971,short_2link,1.35,1,0.2282565309780657,0.004504664077206491,0.022662260214259107,0.6621388462754648,7.371016445094707,1
4972,soft_5link,1.75,1,0.20511931577222398,0.04710204935423287,0.05022104823297589,0.6633636718604369,5.131352678705204,1
4973,wide_2link,2.25,1,0.4727584480922106,0.041438164171166254,0.08562809647303687,0.9397212414882413,1.8637874567159411,1
4974,snake_6link,0.35,0,0.009040813307992633,0.00011992084627287814,0.009665677047062338,0.1381873060930773,3.8256694320556335,0
4975,heavy_3link,0.7,0,0.001879507377347019,0.0001382300523638392,0.06586213307832284,0.36442260642032354,5.812164616040968,0
4976,teacher_2link,1.0,0,0.006297405813447259,0.0007632162898230521,0.04868124056088785,0.7221287041639448,20.796409455925403,0
4977,long_4link,1.35,0,0.05342691238425948,0.0031327864488767732,0.00527654758240864,0.48253598644932744,53.89296584995831,0
4978,long_2link,1.75,1,0.3965859909081227,0.08965219665459623,0.11549950690775891,0.7721675961997866,4.660735979794116,1
4979,needle_5link,2.25,1,0.42072217854731814,0.04477913439111145,0.06411377270271794,0.44947713179750765,4.446060550394634,1
4980,asym_3link,0.35,0,0.014600533617714883,0.0001422499997824069,0.008455364363510385,0.1801115800182589,4.442080116450488,0
4981,large_6link,0.7,0,0.0026371375728902265,0.0001808685626440977,0.07907962502879573,0.22246423804875143,4.892193211784252,0
4982,redundant_4link,1.0,0,0.02033733057804138,0.0004547782613925409,0.024815254801927384,0.4861405908460071,5.840843183557912,0
4983,short_2link,1.35,1,0.24836644990715143,0.010224921303971983,0.05747876384918408,0.5933109455011542,7.5932589739111584,1
4984,soft_5link,1.75,1,0.2096191521384865,0.05078101435661431,0.0569342427556998,0.6735286638226772,8.21084681222501,1
4985,wide_2link,2.25,1,0.47796641347995494,0.0752718117790692,0.0665475105498994,0.9348572558015298,4.832495065945161,1
4986,snake_6link,0.35,0,0.0005005516311545736,2.8396731874820856e-05,6.771093266052973e-05,0.15750049225358279,85.7215856780053,0
4987,heavy_3link,0.7,0,0.00837263536223319,0.00021794988116967048,0.02346937993934484,0.34496974484590026,3.0675554161616048,0
4988,teacher_2link,1.0,0,0.012296794545183499,0.0003517041450093661,0.02854013398488406,0.6695076475718229,4.755449923990248,0
4989,long_4link,1.35,1,0.20048007822310254,0.02363470301692589,0.05485548218416263,0.44642866722602714,4.794560193321902,1
4990,long_2link,1.75,1,0.3941209350702547,0.010342121628541383,0.029206012570660175,0.7415935942279102,10.235328730051474,1
4991,needle_5link,2.25,1,0.449323376619365,0.059873140037722726,0.09611796976896726,0.39450302196269393,2.1843310298050276,1
4992,asym_3link,0.35,0,0.006012601185542804,0.0001537548544860807,0.007625345788564645,0.18449965469242496,6.441699066111699,0
4993,large_6link,0.7,0,0.024625690448706238,0.00039857647930847343,0.01222030940083792,0.31898091323524064,8.152997430448133,0
4994,redundant_4link,1.0,0,0.009343541841200224,0.00035135835453109146,0.02699442568636997,0.5073133634500732,4.475577516225423,0
4995,short_2link,1.35,1,0.17808162446891243,0.025052758665633716,0.02804628367389107,0.8404462151246094,99.35105332288109,1
4996,soft_5link,1.75,1,0.23584124233262035,0.017009204302419034,0.07318605815603083,0.6458520327391086,1.8744544449424532,1
4997,wide_2link,2.25,1,0.5357958475911667,0.028305747742624152,0.08294375278149,0.9065132801776365,3.681884697848206,1
4998,snake_6link,0.35,0,0.0008386466381766038,3.452864073466662e-05,0.015887448973752865,0.15952443609876782,3.232776291195578,0
4999,heavy_3link,0.7,0,0.007996081475872685,0.0003402890002436582,0.034584114411227454,0.38381869973819055,6.67844361793584,0
5000,teacher_2link,1.0,0,0.0021693687881869993,0.00018726416809534613,0.05827361023169346,0.7340554934810652,2.8968049826329216,0
5001,long_4link,1.35,0,0.034998387855925246,0.0008907737537580211,0.027208431886445318,0.5402547796194446,9.21344389065288,0
5002,long_2link,1.75,1,0.39904346398170515,0.02369323761469719,0.07908679959262697,0.7207192084641805,3.55554679781084,1
5003,needle_5link,2.25,1,0.22425926836399834,0.03293985217294224,0.16669970953960803,0.6524877298270659,2.7019239756236124,1
5004,asym_3link,0.35,0,0.02783128029177794,0.0008033570679617799,0.0008252376674741504,0.12818796577842304,236.78969134374782,0
5005,large_6link,0.7,0,0.03554328338406209,0.000489927198367474,0.009937555634225584,0.2941013252310332,10.501605838505307,0
5006,redundant_4link,1.0,0,0.00799394640621387,0.00035819628978062514,0.028502756014727376,0.5096481838033562,4.765579086149186,0
5007,short_2link,1.35,1,0.2584917098964239,0.010053501335600408,0.03285312397430626,0.5947554116503138,4.504749499261731,1
5008,soft_5link,1.75,1,0.2696278174492427,0.05028926462320742,0.09351703914773069,0.6042872716767916,7.383733476292441,1
5009,wide_2link,2.25,1,0.5043457464010462,0.10024091660227286,0.16823521140092354,0.6294334815589955,20.933513065515097,1
5010,snake_6link,0.35,0,0.002163833546306707,8.785922598195664e-05,0.03559790303557916,0.16118175867137008,6.209718248924255,0
5011,heavy_3link,0.7,0,0.005287478814950019,0.00023851111848868632,0.039744066077518264,0.46830078669166186,4.379929910111395,0
5012,teacher_2link,1.0,0,0.006801464271771301,0.0005148748302778261,0.015106254188272132,0.7060518969883702,8.926309986265935,0
5013,long_4link,1.35,0,0.010618080701452379,0.0018214847554932103,0.0018650308457163122,0.5080108957590153,287.80014156680375,0
5014,long_2link,1.75,1,0.37823578862457713,0.014371962226086027,0.040095417596127114,0.7535972207402347,7.065073620595459,1
5015,needle_5link,2.25,1,0.3784985071474333,0.019406904156714377,0.03860877760143883,0.5923993117965617,5.640400879278057,1
5016,asym_3link,0.35,0,0.009995638348365048,0.0002208162400940343,0.012837816059283661,0.19122652582587277,8.953993743619641,0
5017,large_6link,0.7,0,0.0014412821741047383,9.777306774310622e-05,0.029478437609754042,0.230047725077228,2.7886790396882666,0
5018,redundant_4link,1.0,0,0.0011030701569574948,0.00010922496375709244,0.03751056941096956,0.48320550615473373,2.2845439922725035,0
5019,short_2link,1.35,0,0.03694174436885837,0.0032857831437794974,0.0034786272244863663,0.642313014731648,143.4261233526136,0
5020,soft_5link,1.75,1,0.3678996950752166,0.054555975546524166,0.08648349250435367,0.5264531149403174,6.990715442129803,1
5021,wide_2link,2.25,1,0.41980917258539036,0.04741258079531949,0.0656861859731851,0.5541349521414062,28.0280021982075,1
5022,snake_6link,0.35,0,0.0035044026027436577,0.00019444254900763118,0.00044411843361693545,0.15586639904020705,80.18416673639899,0
5023,heavy_3link,0.7,0,0.027630630017394506,0.0005018657207499003,0.016877672162781222,0.5154284151708137,8.813268482336106,0
5024,teacher_2link,1.0,0,0.004061158734760959,0.00031856603314071565,0.11057220743998182,0.6635003592055073,5.221327880161673,0
5025,long_4link,1.35,0,0.004186357077691761,0.0005086826183567989,0.02804521259465556,0.7054556834250796,6.7253093410049365,0
5026,long_2link,1.75,1,0.23316558494320086,0.02490545882871794,0.06457710502259903,0.9536019448652242,2.643383624229913,1
5027,needle_5link,2.25,1,0.40440745138466283,0.02836616356417481,0.06417260669123478,0.6795855097367277,2.3373904700279233,1
5028,asym_3link,0.35,0,0.006236579408714008,0.00012742386126597693,0.0271622695089095,0.22518231894242785,4.59822803829344,0
5029,large_6link,0.7,0,0.004668409919641316,0.0001593870885273628,0.04005792588431711,0.2712115987069412,2.6776775903718097,0
5030,redundant_4link,1.0,0,0.004548074196709274,0.0006286778319417092,0.04564741226675438,0.4790694056161401,24.79427978738671,0
5031,short_2link,1.35,1,0.9222425609576842,0.004136190229187888,0.004406514783381867,0.20455887246599397,133.087743241685,0
5032,soft_5link,1.75,1,0.2338147481481439,0.03789293311917222,0.05150095973763928,0.5861327904374535,7.139887319634605,1
5033,wide_2link,2.25,1,0.5556859794503193,0.050535758399487186,0.07181586113931966,0.8948442273452071,2.0663792737610533,1
5034,snake_6link,0.35,0,0.0038952641986229127,9.939638259671399e-05,0.029165359237866784,0.13596780341941672,4.096442537153976,0
5035,heavy_3link,0.7,0,0.0013184807316543262,9.140899735034149e-05,0.050800365569061395,0.2904152787162845,3.972467856725595,0
5036,teacher_2link,1.0,0,0.004772291322296339,0.0002840849150295588,0.03559760442860014,0.6594819713006632,3.9642571592223295,0
5037,long_4link,1.35,0,0.0011787898643737175,0.00016929600418070373,0.054067243021784624,0.6269389617752161,3.6050121262968107,0
5038,long_2link,1.75,1,0.32126438435037985,0.07450863527514087,0.11683690601500714,0.7788532979459711,3994.5033657797117,1
5039,needle_5link,2.25,1,0.35114796669696396,0.032153288997301493,0.04641006181777213,0.6388071271682441,3.035794966482656,1
5040,asym_3link,0.35,0,0.025582101677085127,0.0007617595117171823,0.0008235558495860172,0.12110068574700739,136.63076374016413,0
5041,large_6link,0.7,0,0.0019008196696355395,9.706035594860557e-05,0.054784012626724644,0.22593106029345408,1.9794526268029704,0
5042,redundant_4link,1.0,0,0.003589130395162451,0.0004042723743593153,0.11289563213180182,0.4837782763590826,9.61628790710239,0
5043,short_2link,1.35,1,0.0051662626796691175,0.0004466268786884023,0.06821280634832094,0.9348138561002042,2.865677658374751,1
5044,soft_5link,1.75,1,0.04193605937677241,0.0025021517051800556,0.07874643216891763,0.796376013120422,4.854169642648582,1
5045,wide_2link,2.25,1,0.3861114361950269,0.03848430086955602,0.033940197128948545,0.6188012759168676,27.112278752284077,1
5046,snake_6link,0.35,0,0.0016215153225161865,5.126986679932154e-05,0.043152174448958025,0.16079779968842056,2.556744324964075,0
5047,heavy_3link,0.7,0,0.0040503579945808145,0.00014341443435769434,0.0332457670121276,0.4017625483957462,1.7038224551534347,0
5048,teacher_2link,1.0,0,0.025047524026285108,0.001691534122693009,0.07199094800671914,0.5620834462944208,35.926427655857154,0
5049,long_4link,1.35,1,0.12209905137700607,0.019519240101628147,0.0027728252400863298,0.41083870666398264,67.25700513196257,1
5050,long_2link,1.75,1,0.4263948266282377,0.10178524085853333,0.08473398469701428,0.7376315607974118,11.817473241943254,1
5051,needle_5link,2.25,1,0.36154950334744923,0.05251960699151823,0.07520956136383018,0.5106919640605232,2.2937093603007073,1
5052,asym_3link,0.35,0,0.001095588257606857,4.050175469098561e-05,0.015132131875047387,0.16872523158429195,4.190296891768252,0
5053,large_6link,0.7,0,0.0030992546098324047,0.00012436406395814912,0.04474062061309308,0.28255361406222274,1.2667676320382155,0
5054,redundant_4link,1.0,0,0.0030765385055139447,0.00022280432921225382,0.03269028095748944,0.4792905298132428,2.89988813245652,0
5055,short_2link,1.35,0,0.021643090907471144,0.0016906017896415428,0.07530530425189673,0.9142631096065137,17.908554140286324,0
5056,soft_5link,1.75,1,0.24403575003385086,0.012977231327776081,0.06864746135272565,0.557298172398727,10.39518494298594,1
5057,wide_2link,2.25,1,0.539886522888112,0.06357493460047352,0.07659697166082649,0.9019250720432453,3.3345997887607535,1
5058,snake_6link,0.35,0,0.021458808059403103,0.0007933053267006963,0.000926023022161387,0.10474617286180889,147.04334893063643,0
5059,heavy_3link,0.7,0,0.001262878353993368,8.017197615723302e-05,0.018009774355687153,0.3115597554267812,2.9096283797357896,0
5060,teacher_2link,1.0,0,0.03125676736252251,0.0006036390741645003,0.018369404946002865,0.6644090555463803,9.099808295633546,0
5061,long_4link,1.35,1,0.06934737013470724,0.010588432642781169,0.03942863396583063,0.5163515961462818,3.294468673995041,1
5062,long_2link,1.75,1,0.21751275671240786,0.02375278065064636,0.06395875425444326,0.9690827378871766,4.431844207057673,1
5063,needle_5link,2.25,1,0.464203777868417,0.06496771890917118,0.048719274231059775,0.33432109455108283,2.3409170281595344,1
5064,asym_3link,0.35,0,0.008389504842433441,0.00012696255957837557,0.017456708836779716,0.23463356766885077,3.9306041147380557,0
5065,large_6link,0.7,0,0.002148552824683728,0.0001335498525022824,0.09858784035523366,0.26376629370659566,3.282357408197549,0
5066,redundant_4link,1.0,0,0.005757054240137098,0.0002604371437402353,0.04883739488034221,0.4760597138544882,2.785997217341813,0
5067,short_2link,1.35,0,0.11478859841289851,0.00413285261417819,0.0041425531493220384,0.271530237874397,700.4868324838616,0
5068,soft_5link,1.75,1,0.2526381722538966,0.05818497646072382,0.03723409512191272,0.623653747113957,8.152443015853393,1
5069,wide_2link,2.25,1,0.5181600190119537,0.03345933237305034,0.06474659891133072,0.9153958638396194,2.6372257537706205,1
5070,snake_6link,0.35,0,0.0022510763662839735,7.593161215438464e-05,0.042510108523105924,0.147990831840111,3.9537894143626646,0
5071,heavy_3link,0.7,0,0.0010338378952871267,7.638935078197232e-05,0.048412298948350835,0.3118714766999898,4.650270647018841,0
5072,teacher_2link,1.0,0,0.002604343460310183,0.00019476217145594177,0.03569174933786601,0.6714809626506427,2.562121988140574,0
5073,long_4link,1.35,1,0.05492409701018638,0.008458696009835344,0.04580549640232624,0.5253726681608374,7.956611942322915,1
5074,long_2link,1.75,1,0.41548140666670813,0.10435312073954431,0.09395352740529722,0.7469569748504864,30.48363699473598,1
5075,needle_5link,2.25,1,0.4098737858992582,0.023725505503648096,0.06038373366906392,0.5027970171475311,3.6677909493923013,1
5076,asym_3link,0.35,0,0.012175892687656484,0.0004629440359155773,0.0005463080972156908,0.16349178302480077,97.66692887337301,0
5077,large_6link,0.7,0,0.006689730831388429,0.0001816962722028265,0.02746421247805147,0.24564898308928512,2.42314632340032,0
5078,redundant_4link,1.0,0,0.0018803048620001947,0.00022369022990161223,0.02933564221696283,0.4742900787269218,5.569995746902102,0
5079,short_2link,1.35,1,0.2356807381331056,0.03378061881821253,0.052539234525249945,0.8157902495585476,49.626545330312695,1
5080,soft_5link,1.75,1,0.30648410042065194,0.039478776497398754,0.016694875379626207,0.5574875733052505,17.40586994594346,1
5081,wide_2link,2.25,1,0.4399839431457629,0.07548145522698954,0.07618352056858557,0.9557246100752917,7.364342484851509,1
5082,snake_6link,0.35,0,0.03203554316321045,0.00023194565061794713,0.007936900187388475,0.1398224673275533,10.171391477639917,0
5083,heavy_3link,0.7,0,0.0028292586501846013,0.00017956609128781984,0.014363575593225427,0.33938210338512514,4.691601460468296,0
5084,teacher_2link,1.0,0,0.002712175844140372,0.00032665272889741576,0.01390655073768954,0.7404570869136498,8.34527108594147,0
5085,long_4link,1.35,1,0.7958538272958405,0.0040283058684529634,0.00452381344242984,0.23243034243982813,126.96112526742351,0
5086,long_2link,1.75,1,0.4234804516942927,0.07347057447098693,0.06682825108066386,0.7429416372096358,2.4133174463939193,1
5087,needle_5link,2.25,1,0.4803127573047904,0.04143298022743001,0.10938300975048623,0.375161938786142,1.2697886904048235,1
5088,asym_3link,0.35,0,0.002695230016073478,8.735344271441741e-05,0.020455164632197168,0.2003614580202693,5.175041360706852,0
5089,large_6link,0.7,0,0.004500038226406306,0.00020417383856048194,0.024019300122276606,0.24169641411998344,4.060155547719709,0
5090,redundant_4link,1.0,0,0.0027000905901636662,0.00022090605520139233,0.049150098003258515,0.48449039556440643,3.343482059366425,0
5091,short_2link,1.35,1,0.05406509215831524,0.005722496884986964,0.09810702961027633,0.9325672011035638,3.8011278241774287,1
5092,soft_5link,1.75,1,0.31341851100405266,0.04035409744087012,0.0730668684524987,0.5178538237808755,4.330280792152402,1
5093,wide_2link,2.25,1,0.5253986933914994,0.06799000529977922,0.09126056760737901,0.5597861345814056,2.0692683066492004,1
5094,snake_6link,0.35,0,0.027608402994808826,0.0008884085681485227,0.000937531049496398,0.09014899081610597,220.97284115983788,0
5095,heavy_3link,0.7,0,0.0011687370538694581,7.576215682920048e-05,0.06436483235643156,0.31181645280128983,2.921142877576808,0
5096,teacher_2link,1.0,0,0.14181556246407245,0.0017128661202642068,0.006190236903704513,0.5697786318595995,31.322130477858547,0
5097,long_4link,1.35,1,0.0038537249218550686,0.00043988133899673583,0.17696957989867465,0.6049073368183308,1.804617841748229,1
5098,long_2link,1.75,1,0.2023241823736724,0.0201326985896708,0.084223040895284,0.986136825320651,2.897956023013255,1
5099,needle_5link,2.25,1,0.2805696427358191,0.044220235474421186,0.12828197274815883,0.6318510855048217,9.108348198464684,1
5100,asym_3link,0.35,0,0.002602424688799107,5.683691975421343e-05,0.024025862631212654,0.1727820153494678,1.3586611276587812,0
5101,large_6link,0.7,0,0.004788177605248144,0.00016507884853597882,0.04632583247704019,0.26226113569353554,2.2778960153501187,0
5102,redundant_4link,1.0,0,0.003280586307829902,0.00025493352670379483,0.0858579254716626,0.4960853186437652,3.754961238109568,0
5103,short_2link,1.35,0,0.07452078512176605,0.003973000216120761,0.003974237475849051,0.3891165205975172,13645.652619944294,0
5104,soft_5link,1.75,1,0.19834718874203128,0.04012138458911079,0.22882805385234004,0.6854409804915961,3.593539183010343,1
5105,wide_2link,2.25,1,0.5399033334407475,0.08059091542214854,0.0586790218995102,0.4979929583498633,5.198999286990536,1
5106,snake_6link,0.35,0,0.005405975796277811,9.06459108102166e-05,0.012216083540786809,0.1412212448195049,2.771015317602531,0
5107,heavy_3link,0.7,0,0.002781461885571382,0.00012944129378976763,0.022912847080660888,0.4055185790521353,1.9540029914453447,0
5108,teacher_2link,1.0,0,0.0019909578047810146,0.00028738308937751407,0.02861802302984699,0.7464899839599259,14.724061468591165,0
5109,long_4link,1.35,0,0.0012441981299215932,0.0001987184235475654,0.22597326865657447,0.6318891916008006,4.425119660822091,0
5110,long_2link,1.75,1,0.2828532961466476,0.053295943481178484,0.06224154998415841,0.8760155885574497,4.249148870906756,1
5111,needle_5link,2.25,1,0.34698827238219065,0.04321233375999693,0.19596042343902467,0.5709537346121307,1.9452109558075033,1
5112,asym_3link,0.35,0,0.014383068919965613,0.0005334389449790677,0.0005584812377991862,0.15808655974541896,195.09582034120987,0
5113,large_6link,0.7,0,0.0012873089169434294,9.36209018477261e-05,0.08093028113902448,0.24577566863359337,3.8358412801741033,0
5114,redundant_4link,1.0,0,0.0005242800822880435,7.281208336246937e-05,0.01480810324137014,0.48151815234793166,7.283212878786137,0
5115,short_2link,1.35,1,0.25857000828958127,0.011601817840824143,0.06002735321732924,0.593369696297004,4.047343131112012,1
5116,soft_5link,1.75,1,0.23683898666579709,0.055161481783247764,0.18954694761761842,0.6463157388690538,6.069818392353811,1
5117,wide_2link,2.25,1,0.5118858580653067,0.06363138750228985,0.0695093531898993,0.6053791256195948,1.9571275373258654,1
5118,snake_6link,0.35,0,0.003946679443217104,9.876400919969681e-05,0.012561294628448915,0.15200317929612275,3.8295975127499786,0
5119,heavy_3link,0.7,0,0.0024199399540267875,0.00012054139914929849,0.025340572685251545,0.30056496376767916,1.9425998915206575,0
5120,teacher_2link,1.0,0,0.020614799462870596,0.000553395381669308,0.029022442687868306,0.6553075103212811,8.31460761744688,0
5121,long_4link,1.35,1,0.018004352246731473,0.0026428135013181276,0.0031337241943313146,0.43088294780641223,77.3758279915073,1
5122,long_2link,1.75,1,0.3289021782014952,0.06173890842456334,0.04821113490279296,0.8113719951750195,5.9344525431314405,1
5123,needle_5link,2.25,1,0.4374858981365917,0.05442356667516681,0.09462484198917526,0.4456390817675272,3.2417807739924456,1
5124,asym_3link,0.35,0,0.004862435356488904,8.407188792334263e-05,0.012533086371586294,0.17265952052477687,2.287992287128769,0
5125,large_6link,0.7,0,0.022155211690778304,0.0003520009691149989,0.015611261313520143,0.2675658397943279,6.587988979769137,0
5126,redundant_4link,1.0,0,0.000644898485625096,8.281632167206263e-05,0.17895092315369882,0.48469165049595087,5.046601894056852,0
5127,short_2link,1.35,1,0.08237482440368488,0.009576718063977026,0.031469082634640586,0.9140656919078922,4.827218287530128,1
5128,soft_5link,1.75,1,0.25189422441731685,0.057161501063186466,0.16450454039544718,0.6356566541974292,5.100696494100618,1
5129,wide_2link,2.25,1,0.5513032984524494,0.05275405396393126,0.08952434036039454,0.8970332738520698,1.8959814170017961,1
5130,snake_6link,0.35,0,0.0013103090590442484,7.416321930109698e-05,0.0001183643447879222,0.15653775326905614,101.64379259774437,0
5131,heavy_3link,0.7,0,0.0009191208440944732,6.720706541139315e-05,0.021659007234600274,0.3137108458090812,3.096395048425018,0
5132,teacher_2link,1.0,0,0.013434107363725327,0.0008087089815174759,0.016011614314046733,0.6819353327587373,13.814005007464187,0
5133,long_4link,1.35,0,0.00271412477939252,0.00032128088242969476,0.031081557836795084,0.6896278243100544,3.988349803544526,0
5134,long_2link,1.75,1,0.2669919308742225,0.0478722213898247,0.08718428135442588,0.9156845527424149,2.7249324244649853,1
5135,needle_5link,2.25,1,0.3809454507368835,0.04046298153654005,0.04833365798029929,0.6811864017270648,3.1219087028990233,1
5136,asym_3link,0.35,0,0.001240731150293363,4.014370989804607e-05,0.009230752989528008,0.17764419802429246,3.61466176899453,0
5137,large_6link,0.7,0,0.0018764039820324272,9.769862057521142e-05,0.0730835924959046,0.24624692962051375,1.5279474868754561,0
5138,redundant_4link,1.0,0,0.006899646869969372,0.00029714220086006997,0.029452641733094476,0.5062714648053723,3.026467442787202,0
5139,short_2link,1.35,0,0.03406475729276404,0.00322362252621771,0.003257316097731538,0.7069952256085839,329.2204013551131,0
5140,soft_5link,1.75,1,0.2495985110316756,0.043605371391943475,0.24956403480888606,0.6440139965188888,2.457365219537782,1
5141,wide_2link,2.25,1,0.5279227105701831,0.1000265046091518,0.09126661453618581,0.5017646634247401,34.85608812176534,1
5142,snake_6link,0.35,0,0.0021963230223509423,7.691389268140066e-05,0.014437989904398787,0.16007338403896323,4.3566227097306625,0
5143,heavy_3link,0.7,0,0.0027619669632718367,0.00019128554520853887,0.009706133318450627,0.30069799193069885,5.859564483784063,0
5144,teacher_2link,1.0,0,0.0215910495221968,0.002039464637169588,0.003578039089149137,0.5678866544324299,68.89741729906233,0
5145,long_4link,1.35,0,0.008041221767284706,0.0005060970516098943,0.037765032332771745,0.5897585544843547,4.671725770772268,0
5146,long_2link,1.75,1,0.2386051083716407,0.021495199536704535,0.09369800077884571,0.9315745244108798,6.240851846660709,1
5147,needle_5link,2.25,1,0.5272977646383521,0.023068996235726582,0.050427317498816564,0.3935357697235477,11.128979584913317,1
5148,asym_3link,0.35,0,0.002262069647512823,9.59491028702097e-05,9.726547749910045e-05,0.1767810686595228,538.1689510013141,0
5149,large_6link,0.7,0,0.020774738414442134,0.00037427911488402307,0.012828890310858397,0.33072888259386746,7.5990618993302,0
5150,redundant_4link,1.0,0,0.005168173395715241,0.0005219943952418718,0.062393809212951706,0.5121242312447724,10.740347733751543,0
5151,short_2link,1.35,1,0.022802276667540554,0.0015287309852179529,0.029815836321286163,0.9512301880575134,4.1544302290728705,1
5152,soft_5link,1.75,0,0.012607805195551148,0.001600188860353504,0.028808689775058918,0.7443426380947631,17.22322156040306,0
5153,wide_2link,2.25,1,0.46932602023873354,0.06469352439212808,0.19552809631547652,0.9408807381386595,2.358216005995574,1
5154,snake_6link,0.35,0,0.004189794490478433,0.00011413969544731727,0.011104880169048622,0.13740345217068908,4.949234794316768,0
5155,heavy_3link,0.7,0,0.001243353931451364,9.848692278391018e-05,0.050228171520151674,0.330383760196533,7.099652710769024,0
5156,teacher_2link,1.0,0,0.03374537902031828,0.0016899878362791828,0.005751922710935401,0.5593832144062587,33.189029090166756,0
5157,long_4link,1.35,1,0.2792890132811253,0.00414302134148238,0.004383591395313605,0.15326933592165695,188.3530060908923,0
5158,long_2link,1.75,1,0.20240032705881877,0.039329059329456795,0.06815659422274115,0.9879207541053819,3.6397124442134645,1
5159,needle_5link,2.25,1,0.3314891843104459,0.04409473385827435,0.05519525278001524,0.5235901593574328,4.831710643863506,1
5160,asym_3link,0.35,0,0.0014527387916887582,5.018709608332151e-05,0.01700128455555677,0.1775204357164738,4.509031256473821,0
5161,large_6link,0.7,0,0.0014992266911817598,0.00011879733997924145,0.09639209790660899,0.27549280394877756,4.034306446575524,0
5162,redundant_4link,1.0,0,0.0024427076657880095,0.00021630387601023478,0.1381266126891031,0.47990274832342383,3.569900763620989,0
5163,short_2link,1.35,1,0.25359738943011767,0.02411787161426106,0.06085846482189604,0.8084103572567064,3.0510686524545374,1
5164,soft_5link,1.75,1,0.1823403783122036,0.03542753118633623,0.19709477782676205,0.6770804686828862,5.078671338926321,1
5165,wide_2link,2.25,1,0.5507683842163142,0.08315420579477983,0.17941360712646012,0.4680366110289083,1.9725122943188598,1
5166,snake_6link,0.35,0,0.00959991373961145,0.00047881128637897023,0.0005852327559507849,0.14429018658079742,109.84407794936392,0
5167,heavy_3link,0.7,0,0.0009405648573272902,6.788983311431763e-05,0.02728375534690101,0.3111327566253685,2.9599374263351663,0
5168,teacher_2link,1.0,0,0.000902266680629735,0.0001099988798284382,0.023819714603755093,0.7489239854088456,3.789026573418742,0
5169,long_4link,1.35,1,0.07825578126709189,0.011802536384476123,0.04423869088457956,0.5125344232938049,3.0172978605140774,1
5170,long_2link,1.75,1,0.3580922451316291,0.083240506843872,0.1364127118430456,0.8143621129124397,5.493736593255161,1
5171,needle_5link,2.25,1,0.5202745748573083,0.042793392303669554,0.07831462563188134,0.3077009983261524,2.7225888383872916,1
5172,asym_3link,0.35,0,0.007397963508723739,0.00010368103438224751,0.011243507146460798,0.21368425151561637,3.089168473818297,0
5173,large_6link,0.7,0,0.004062409746649825,0.00020092553304880357,0.01918918541863794,0.2707303441512512,4.03315931166867,0
5174,redundant_4link,1.0,0,0.01163096180787991,0.0004116403681939024,0.024050946209035935,0.4957072186447101,5.7007437392840306,0
5175,short_2link,1.35,1,0.20942505058094113,0.029929261161112827,0.030214365578091287,0.8275008809738649,765.1165140448499,1
5176,soft_5link,1.75,0,0.0033814100903595368,0.000582032402695507,0.08463720684246691,0.8028407174531735,6.634105056616549,0
5177,wide_2link,2.25,1,0.45485420169890783,0.0312553703257218,0.058069836744186705,0.9503221372908099,3.0112649673930947,1
5178,snake_6link,0.35,0,0.004066268054527281,0.00012267365062950503,0.04718438114341354,0.14917724842266258,5.963627172753003,0
5179,heavy_3link,0.7,0,0.0009585056063013231,7.074011213158644e-05,0.026612228265298566,0.3059064734366094,4.5746657644771895,0
5180,teacher_2link,1.0,0,0.031014034784955027,0.002322188028929873,0.007481031224925585,0.4610675258669173,75.39349019885168,0
5181,long_4link,1.35,1,0.05462572289958156,0.007925549090489032,0.10859830627597238,0.5762670087322976,4.4521816380456904,1
5182,long_2link,1.75,1,0.35821724102838276,0.08119337987816355,0.12371555093869843,0.814248652786267,4.839326445724354,1
5183,needle_5link,2.25,1,0.3684021776038005,0.03733673493870762,0.046216855074754676,0.5826265522417902,4.420854932303499,1
5184,asym_3link,0.35,0,0.05384289318898045,0.0009714165243034778,0.0010353143318425765,0.07761429789344375,149.8550687952153,0
5185,large_6link,0.7,0,0.005500801461996183,0.00022687563548341497,0.04137401281463371,0.2516605587290928,4.4492078901036765,0
5186,redundant_4link,1.0,0,0.008693975295686785,0.0003691482880689427,0.03198460974778923,0.4530246617765947,4.793465858644431,0
5187,short_2link,1.35,1,0.24831228120612853,0.013803620293663828,0.027047886172707827,0.6017760626046833,5.183700330508006,1
5188,soft_5link,1.75,1,0.27066438441386714,0.01774338293579908,0.05562888270485139,0.6145506872532775,5.728835256844942,1
5189,wide_2link,2.25,1,0.3925673930810244,0.0370062078182311,0.06396101240779366,0.9474134659836931,2.4401346845350074,1
5190,snake_6link,0.35,0,0.0026904230892910164,6.308472663323983e-05,0.024449815331673213,0.1569660841446816,2.037280796425799,0
5191,heavy_3link,0.7,0,0.0026229462568123857,0.00017241142477461536,0.04421355816428887,0.41921998939979305,4.70634630907416,0
5192,teacher_2link,1.0,0,0.0025026245388157465,0.0003766284211762754,0.10691748871705727,0.7414594609938687,37.050966358064244,0
5193,long_4link,1.35,0,0.03295993550828413,0.003475589978768367,0.003633046491201161,0.3632821911541923,209.06100759326762,0
5194,long_2link,1.75,1,0.4163273406002685,0.09970571921406804,0.13108998665976018,0.7377395447368001,30.464693590106215,1
5195,needle_5link,2.25,1,0.3233576619868018,0.038046842605219844,0.1627460614705975,0.6163708424159969,1.9114546854445096,1
5196,asym_3link,0.35,0,0.01200257554902934,0.0001247249857317406,0.01060442932479134,0.1861360085520841,3.8691998222106645,0
5197,large_6link,0.7,0,0.0021451457415686,0.00012353731302194206,0.05870558633619609,0.24290038969575994,2.5102968640742436,0
5198,redundant_4link,1.0,0,0.004511270330854098,0.00024047386826500083,0.0451003371111246,0.5027940747669876,2.6290972872766414,0
5199,short_2link,1.35,1,0.10708895374854073,0.004163482208502125,0.040074252069947455,0.7866565394312349,8.024268086596248,1
5200,soft_5link,1.75,1,0.19094983436373528,0.02274099619198049,0.16878559281454938,0.6313684620718365,1.6927257835295817,1
5201,wide_2link,2.25,1,0.5036784694478501,0.04061598140680783,0.08272812059328781,0.9226396560247953,1.959902432862877,1
5202,snake_6link,0.35,0,0.06574832387190087,0.0009526437934810594,0.0012035157282742142,0.0747423321188502,100.05922860962434,0
5203,heavy_3link,0.7,0,0.00352125893866674,0.00017409286313126374,0.08052092959641224,0.3397946917308223,3.219978473126637,0
5204,teacher_2link,1.0,0,0.015131281995146751,0.000466716348929491,0.021424162719016777,0.6575403544615543,6.854075775439948,0
5205,long_4link,1.35,1,0.0260099267535715,0.0025587895143538947,0.08806828860246423,0.5818008455386806,4.359387291401409,1
5206,long_2link,1.75,1,0.4280958156409299,0.09555939053077546,0.09067483456697405,0.7371682889311297,6.051632717893267,1
5207,needle_5link,2.25,1,0.46245888904162347,0.08716717542609195,0.08747737023749202,0.3531053664555117,5.314814111731797,1
5208,asym_3link,0.35,0,0.006998190964724171,0.00026114696651361293,0.033462148175817726,0.15683167064682652,21.786595472907933,0
5209,large_6link,0.7,0,0.006660863143177531,0.00024413266499464926,0.03818563093454702,0.2871275206107068,4.89889562777259,0
5210,redundant_4link,1.0,0,0.008557101288584069,0.00041266065846854404,0.02183494307878057,0.5054554446419466,6.0030702135896625,0
5211,short_2link,1.35,1,0.22334061144520648,0.03242808143723192,0.032513001755043305,0.8266553690375984,150.73613361261647,1
5212,soft_5link,1.75,1,0.2507404833436794,0.025749628550928334,0.05962279107101105,0.5273684135949585,11.988092176179784,1
5213,wide_2link,2.25,1,0.4949146625613732,0.03526753515889189,0.07951566873054194,0.927746830478664,2.4215731805875103,1
5214,snake_6link,0.35,0,0.0028254934079345005,0.00011285719591814882,0.0291601480932267,0.14886486589689318,8.16030129428698,0
5215,heavy_3link,0.7,0,0.004036490479692704,0.0002687964335013688,0.0208720436322003,0.328243414621851,7.746187670909123,0
5216,teacher_2link,1.0,0,0.002681960559604549,0.00023634072245188602,0.03504688416037444,0.7282785457016917,3.9526611503397633,0
5217,long_4link,1.35,0,0.0036668510175711967,0.0003280309309733568,0.05053057978012971,0.6290000072770816,2.985773145617341,0
5218,long_2link,1.75,1,0.0866565335261311,0.016029951520420364,0.027449256582288403,0.8414721479349552,247.25489834722094,1
5219,needle_5link,2.25,1,0.3802270816539568,0.06494824220209978,0.1343723958666643,0.43143289289390657,8.027753019010065,1
5220,asym_3link,0.35,0,0.0006835872936311607,2.9088343422134897e-05,4.0671839841915776e-05,0.1774653988240599,112.68557380993975,0
5221,large_6link,0.7,0,0.005520015859216508,0.00022957413829255123,0.04183000826516651,0.2537955898801212,4.419323053822952,0
5222,redundant_4link,1.0,0,0.0007270661984520088,8.627425721314753e-05,0.0780215906631303,0.4855410081359242,3.383019197409067,0
5223,short_2link,1.35,1,0.25614874373871377,0.010638192442622436,0.023057919976064697,0.5933709311463359,5.351941201031781,1
5224,soft_5link,1.75,1,0.04306400807180668,0.0030388304932733082,0.06308477749740433,0.7434813796453906,2.7320322118763043,1
5225,wide_2link,2.25,1,0.45797267502047684,0.07541385169487087,0.06766075647247895,0.9401011983394646,12.035859132067747,1
5226,snake_6link,0.35,0,0.005299513263205723,9.622242200602342e-05,0.011215666259902161,0.1446133184554638,2.4797913237798097,0
5227,heavy_3link,0.7,0,0.012181931942081068,0.00024567937897907236,0.025108175268126448,0.4739801341536574,3.8389734558045396,0
5228,teacher_2link,1.0,0,0.004958644864854456,0.0003034701615438066,0.028895105857307327,0.7027684131850364,4.393831890458985,0
5229,long_4link,1.35,0,0.04469846723007168,0.003551425871288951,0.0042381955457250296,0.2938015620226122,101.22231740977517,0
5230,long_2link,1.75,1,0.332081246639874,0.06372352135842362,0.15048937410655666,0.8044790152026232,8.070529729406335,1
5231,needle_5link,2.25,1,0.2275554575755331,0.01947010213471658,0.12362316657298592,0.6307021061546952,2.2148475043365314,1
5232,asym_3link,0.35,0,0.012506884014140091,0.00023051487555230473,0.008488181043828463,0.19703904834401778,8.718889942011202,0
5233,large_6link,0.7,0,0.0012535372396403613,8.401379231081113e-05,0.05705276902504849,0.22153903055079613,2.0071092316367056,0
5234,redundant_4link,1.0,0,0.005345406393970261,0.0007186024718109446,0.09127940208437141,0.4564584274453643,26.027879749773906,0
5235,short_2link,1.35,1,0.22571547625881755,0.031731596097739914,0.06219834326289295,0.8135356770215169,71.74158784499957,1
5236,soft_5link,1.75,1,0.24205520615563303,0.03114218755510415,0.13372168905631612,0.5775733160823056,3.789348987302698,1
5237,wide_2link,2.25,1,0.5113699044352898,0.08314692438383586,0.08253230561419028,0.6072865443637522,2.346476028505323,1
5238,snake_6link,0.35,0,0.005093052318050519,0.00027805744815014916,0.00037631916210800526,0.15392494781109084,116.99895105871003,0
5239,heavy_3link,0.7,0,0.0037839930143325077,0.00016844530032915234,0.042990396796957174,0.43470447564470277,2.885886596038838,0
5240,teacher_2link,1.0,0,0.004238743298759191,0.0004959200332168457,0.08035548336253648,0.6789241056050441,12.144343541720836,0
5241,long_4link,1.35,0,0.0033253916036855243,0.00029615912684843567,0.05160655525646783,0.6515310298523677,2.557946386917338,0
5242,long_2link,1.75,1,0.33357015466544926,0.06277981265060163,0.0338777121235802,0.7843734072381966,16.430930896591363,1
5243,needle_5link,2.25,1,0.36579002633625674,0.03149370518745294,0.08631315197297602,0.5342411428112307,1.9535385733584836,1
5244,asym_3link,0.35,0,0.0010088602429815484,3.9958453333166165e-05,0.00368939562453329,0.17289853357429769,6.056093506544934,0
5245,large_6link,0.7,0,0.0008991087263183871,8.838898467193532e-05,0.03440423796789959,0.24222877906348408,9.213363183083006,0
5246,redundant_4link,1.0,0,0.0014902349544838307,0.00015499536137551632,0.06053207684301965,0.4808719721101873,3.3924088219902764,0
5247,short_2link,1.35,1,0.03760548559703514,0.004404955346929138,0.00507659607447558,0.8297160317726666,1119.9920600081446,1
5248,soft_5link,1.75,1,0.38418868554771624,0.0536211204284455,0.15141236378726824,0.5230118899292449,5.505555176424596,1
5249,wide_2link,2.25,1,0.5532168870872359,0.08208312857043719,0.18025395540077177,0.4584710996158268,1.910259352499886,1
5250,snake_6link,0.35,0,0.0019424141253730882,8.671506808819556e-05,0.00944310402292155,0.1525624021797358,8.626767841269572,0
5251,heavy_3link,0.7,0,0.002450254694968346,0.00013892737020438845,0.033560612138356684,0.3206633634181923,3.118224349564086,0
5252,teacher_2link,1.0,0,0.0019120860119507266,0.0001769621489474219,0.045812081648790866,0.7390086566454411,2.992497106137425,0
5253,long_4link,1.35,0,0.0019494647968633667,0.00022299844450816042,0.19100492354936982,0.662511512487548,2.432534564519061,0
5254,long_2link,1.75,1,0.42339715199635447,0.07824729905463822,0.17378095007275207,0.742573836451826,3.4384033585056,1
5255,needle_5link,2.25,1,0.21169626171864464,0.012370881806405169,0.06697849511118205,0.7458328655573437,3.46611133101775,1
5256,asym_3link,0.35,0,0.005371046812782441,0.00022360520547831192,0.0002416496121221206,0.17647068727562856,140.96593189033078,0
5257,large_6link,0.7,0,0.0019172782006529096,0.00011926167795307077,0.061097371726200334,0.23095566567774145,2.6599857862006253,0
5258,redundant_4link,1.0,0,0.0014017021198404424,0.00018609511312983834,0.015372591259739032,0.47060531697200086,8.607938111092473,0
5259,short_2link,1.35,1,0.25673529103895626,0.004241916334323679,0.017839626735549265,0.6311424682504123,9.168453273371677,1
5260,soft_5link,1.75,1,0.3374707989704579,0.06316924258630048,0.06685459881362649,0.5496338804339538,6.943714158686057,1
5261,wide_2link,2.25,1,0.5531396576799913,0.08619534065059886,0.07323589308080099,0.4563366915984579,3.0264281981342904,1
5262,snake_6link,0.35,0,0.004648715804341674,7.987466276612329e-05,0.012662624775750794,0.1527994906338476,1.9671658029549393,0
5263,heavy_3link,0.7,0,0.02190357570558583,0.00034023635893934754,0.016334221014713844,0.5124772128032689,5.663128833812273,0
5264,teacher_2link,1.0,0,0.0019638407136587394,0.0002763889386169615,0.055239121482881355,0.7122598156078754,11.927467394904818,0
5265,long_4link,1.35,0,0.11911986949837221,0.003247542166455697,0.005540034213224668,0.4585744200368363,53.41412365682986,0
5266,long_2link,1.75,1,0.32693266821867556,0.043850352510221124,0.054107044247445196,0.8479874352894277,3.312254725617584,1
5267,needle_5link,2.25,1,0.3133778914837628,0.05048640672329507,0.05823545097412808,0.5640137272045254,2.582333122654375,1
5268,asym_3link,0.35,0,0.02554488914471719,0.0004448521818970013,0.0028073187359756308,0.19719034391779958,18.626530776321406,0
5269,large_6link,0.7,0,0.007946726779139907,0.0003489833712845859,0.016764854706186588,0.31190395083693173,7.952856937208696,0
5270,redundant_4link,1.0,0,0.0043914815836262186,0.00036201657704885027,0.02083808103146523,0.5055136982422527,6.048443953778014,0
5271,short_2link,1.35,1,0.13684619467124146,0.010142786597335376,0.03432490343761794,0.8790503986197511,3.0788860525940134,1
5272,soft_5link,1.75,1,0.3885457429364982,0.07017171860782405,0.07396012355242311,0.5251333872606385,4.05426279057419,1
5273,wide_2link,2.25,1,0.45653544736567103,0.04752771071183236,0.04905628976438139,0.7698631948595274,3.199816714387459,1
5274,snake_6link,0.35,0,0.01549658219399885,0.0006717426396117732,0.000792835805961986,0.1252617239348897,141.27223461404424,0
5275,heavy_3link,0.7,0,0.0007621505437402799,6.396932758603245e-05,0.0074640252838801754,0.3011264191946488,9.696645693086737,0
5276,teacher_2link,1.0,0,0.0046542884487265224,0.0003690610827251462,0.08246721851429227,0.662059905339508,6.249758084564099,0
5277,long_4link,1.35,1,0.04823584760840635,0.0027271539834350725,0.046589975157119136,0.5801798390951306,3.534554042399189,1
5278,long_2link,1.75,1,0.39373562599967926,0.07159438061196814,0.19250143674393436,0.7732875589587057,5.549610353234882,1
5279,needle_5link,2.25,1,0.29234740513476337,0.023535080426769883,0.09743710839317599,0.5309567461304087,2.235492522201777,1
5280,asym_3link,0.35,0,0.003843871250732632,0.00011326786939496455,0.006740852288865901,0.17887971903081534,5.357554622136295,0
5281,large_6link,0.7,0,0.0005072659325993138,5.0982966364580683e-05,0.02387984137650043,0.23843762341118507,6.6388503835213735,0
5282,redundant_4link,1.0,0,0.0022349696764365976,0.0001588091141549921,0.10306449988329867,0.4864124910576662,1.7037010502754635,0
5283,short_2link,1.35,0,0.14510876338408255,0.004166882557866224,0.004212421775526464,0.23517597779621688,348.32949717500384,0
5284,soft_5link,1.75,1,0.2874161741828459,0.0274165545216948,0.12024497228049506,0.6007056013149622,2.404383198248034,1
5285,wide_2link,2.25,1,0.4746638489392544,0.054385146624253304,0.11150363797185367,0.6373178217205645,12.085945317849546,1
5286,snake_6link,0.35,0,0.002385973809573473,9.424031766707586e-05,0.015403114525889387,0.1489895925058807,7.0915361233655405,0
5287,heavy_3link,0.7,0,0.0027056219649141105,0.00019715312793227766,0.06965536643663633,0.400530369576504,6.84577113683132,0
5288,teacher_2link,1.0,0,0.04066429309457691,0.0015783633008313086,0.009680605839698382,0.6018080589767244,29.13014888372841,0
5289,long_4link,1.35,1,0.08454189837729931,0.008230800469414897,0.03461793776571842,0.6506040433095701,4.10597712017109,1
5290,long_2link,1.75,1,0.4130364931741215,0.08026029595081983,0.057182740841909954,0.7529457185785086,5.171430510523886,1
5291,needle_5link,2.25,1,0.4305250967314825,0.03549231676722655,0.0938353568457583,0.712373173150827,5.119919032273767,1
5292,asym_3link,0.35,0,0.006073604215478628,0.00025111949573095613,0.00029809319625773135,0.17629131476667304,118.84006422857664,0
5293,large_6link,0.7,0,0.003881242865397244,0.00018386514359000007,0.02523104952692747,0.23426839058915983,3.5443680997308338,0
5294,redundant_4link,1.0,0,0.0014566323372717938,0.0001461087889368519,0.0862181704657228,0.48590837044109797,3.135344402097648,0
5295,short_2link,1.35,1,0.2224536646302187,0.01224988989840171,0.013452967395799214,0.59990431776729,11.555028012928881,1
5296,soft_5link,1.75,1,0.187513686142629,0.011267956505307984,0.05975022004338756,0.6690665845044876,3.570873903697307,1
5297,wide_2link,2.25,1,0.5156032635977398,0.10225069280695659,0.15248376235954575,0.5924177370526628,17.562351342029093,1
5298,snake_6link,0.35,0,0.005013810180019047,0.00011615922720199291,0.022424661889950237,0.14300732663008614,4.983086284351626,0
5299,heavy_3link,0.7,0,0.012957719123025594,0.000568731550832448,0.026522339533494498,0.4229009414577558,11.924458641575727,0
5300,teacher_2link,1.0,0,0.0034951277320532234,0.00034839930613948653,0.016648126636381974,0.672661187696183,6.886085289186219,0
5301,long_4link,1.35,0,0.0984697568583585,0.0035159743223520585,0.005007306263788532,0.367805025128883,68.40701699290857,0
5302,long_2link,1.75,1,0.4202975173669459,0.025326973536626735,0.05518499691354342,0.6870163378584133,5.840931915772115,1
5303,needle_5link,2.25,1,0.4770438838269285,0.06587039390006992,0.02275757211984109,0.34034758357009326,8.91887580000112,1
5304,asym_3link,0.35,0,0.0019428714018203852,6.690863818933716e-05,0.023365517699023668,0.18057068077903826,5.203765152656993,0
5305,large_6link,0.7,0,0.0009662036666060014,7.740164576777962e-05,0.024480217518626907,0.2276894886812689,3.5912274383040366,0
5306,redundant_4link,1.0,0,0.005397091769215526,0.00056464223431297,0.06599368460301028,0.4794344584697844,12.143725887397956,0
5307,short_2link,1.35,0,0.013736669910303617,0.0009411437995424491,0.032712591760545875,0.942968066674514,8.32939773242497,0
5308,soft_5link,1.75,1,0.2584482298382917,0.02401034179919509,0.07289389248289393,0.6070729800720663,2.475088065393357,1
5309,wide_2link,2.25,1,0.5083330901601038,0.09880540370726326,0.11387855391017518,0.6167217771383677,7.171970674991997,1
5310,snake_6link,0.35,1,0.4057303520083228,0.0010896785828943768,0.0011228013669478177,0.025111861734116416,297.22875831139476,0
5311,heavy_3link,0.7,0,0.002260602641692694,0.0001489797116715357,0.033756309851124294,0.40777848196772654,4.109284312684821,0
5312,teacher_2link,1.0,1,0.2544987285954828,0.0027433061442165554,0.0059434735570046745,0.3389978278861647,85.50537534550025,0
5313,long_4link,1.35,1,0.05340721510431157,0.008038616548528516,0.14306453716023224,0.5686449517974891,4.358518135945637,1
5314,long_2link,1.75,1,0.24706700796500142,0.05381085633090724,0.2087938778920534,0.920275127362087,9.926441052176234,1
5315,needle_5link,2.25,1,0.35693244189721757,0.026467444655484323,0.05621079133348761,0.6044954989201753,3.0680588355775766,1
5316,asym_3link,0.35,0,0.0010351293111830677,4.1459850169659584e-05,0.03131410203781951,0.17136993462830558,7.323347657937883,0
5317,large_6link,0.7,0,0.0008913831902568814,7.43224096114e-05,0.0997735888780753,0.24299113041456097,4.3630687577295095,0
5318,redundant_4link,1.0,0,0.011178633054739966,0.00034944502531994556,0.028280997826475203,0.5172337026064142,4.417870485689657,0
5319,short_2link,1.35,1,0.17106550006767662,0.0226120980612593,0.01956708859727835,0.8154483920014343,170.6283274410817,1
5320,soft_5link,1.75,1,0.08609975935572926,0.014612972351803404,0.06811425131587946,0.727395882749593,3.825731366760553,1
5321,wide_2link,2.25,1,0.5407387030265157,0.08047726998790566,0.07692387781436978,0.5061470372198534,1.8763548530920513,1
5322,snake_6link,0.35,0,0.0023053526068461056,8.65717204131739e-05,0.011316688223581495,0.14837666159186305,5.60561997780706,0
5323,heavy_3link,0.7,0,0.0056008766409531814,0.00026643631046557013,0.020116019343407766,0.32401681309570485,5.3557023818170375,0
5324,teacher_2link,1.0,0,0.0022870508159719555,0.00032723361340560747,0.1339877762207965,0.7457563551059109,15.465638907693906,0
5325,long_4link,1.35,1,0.11414854287037088,0.014127165976297401,0.20626773127149398,0.47714158799831136,2.302677535832361,1
5326,long_2link,1.75,1,0.4228188555325589,0.08812925988686317,0.2378517659808512,0.7424506236501938,5.727260029984464,1
5327,needle_5link,2.25,1,0.37240083559847753,0.025500648589672287,0.08756485606767678,0.7219434497267435,2.623597993227474,1
5328,asym_3link,0.35,0,0.028083322882188833,0.0008066479470295791,0.0008278917547979901,0.1279869719901579,235.98495626079583,0
5329,large_6link,0.7,0,0.0038776920139178216,0.00023820242831911286,0.06119567689080353,0.2646160810652315,6.04015119229238,0
5330,redundant_4link,1.0,0,0.013173584115602627,0.000520955114461679,0.019125131582896648,0.5402265512099946,7.04940016277079,0
5331,short_2link,1.35,1,0.14203536550337656,0.014840594455918723,0.0642093381224414,0.8767605584996699,3.338750701360252,1
5332,soft_5link,1.75,1,0.12369880262784909,0.00737293343293959,0.0623071697923918,0.667761063985995,3.811003769582569,1
5333,wide_2link,2.25,1,0.5462303372391736,0.04231298755867614,0.08292466558552007,0.9001225120607944,2.0169689706598617,1
5334,snake_6link,0.35,0,0.007385149481548478,0.00020229203809609967,0.015067580170822138,0.13702813712927842,9.649491051145414,0
5335,heavy_3link,0.7,0,0.001931317125777134,0.0001249971278313441,0.0660680269140117,0.38176812682168415,3.4505082892695573,0
5336,teacher_2link,1.0,0,0.004711296751700904,0.0003296132532819204,0.028809545651195007,0.708889437854674,5.150870797411844,0
5337,long_4link,1.35,0,0.015253611833962682,0.002389472632026156,0.0024530079984091046,0.47492862311309647,272.1250476284352,0
5338,long_2link,1.75,1,0.4167066524345801,0.052085447012289676,0.03569265413954568,0.6883672268523466,5.826488701322842,1
5339,needle_5link,2.25,1,0.31679697907816234,0.04719203634581614,0.047801396176864096,0.6182487766594071,3.0089920962264793,1
5340,asym_3link,0.35,0,0.002856379909354549,8.400405049558454e-05,0.009663485367231026,0.17180668695124157,3.999403106879746,0
5341,large_6link,0.7,0,0.01272403118181212,0.00031887031322920745,0.016450233371185508,0.24713664251852385,6.463759601314457,0
5342,redundant_4link,1.0,0,0.0019235547886100011,0.00018788053884768042,0.03438852297118681,0.48759492581674224,3.7888079989503822,0
5343,short_2link,1.35,0,0.03153040827619679,0.0030030566827736927,0.06398288554150623,0.7709409401447304,86.96119653803414,0
5344,soft_5link,1.75,1,0.36416657777685774,0.08450648240622094,0.11247549130152794,0.5377006811813161,10.437874835999537,1
5345,wide_2link,2.25,1,0.49753780651950064,0.03536558379645275,0.07675020228691132,0.9263094967572412,2.411490386255518,1
5346,snake_6link,0.35,0,0.001792269952058735,0.0001012660595159157,0.00011854527802233409,0.15643444249979607,176.05855221293794,0
5347,heavy_3link,0.7,0,0.010312831785519372,0.0005541398568041576,0.045254883299919675,0.38507005255561716,12.990274046248503,0
5348,teacher_2link,1.0,0,0.005173442752829317,0.0007694600908235217,0.09478362797307112,0.7214546292417867,159.58653087546915,0
5349,long_4link,1.35,1,0.11633085556073854,0.0061026241358877065,0.038422994031166446,0.6176668142736156,4.142333901258254,1
5350,long_2link,1.75,1,0.3498499884832704,0.015675585464893584,0.05642349436226922,0.7848672697128308,8.106848118121803,1
5351,needle_5link,2.25,1,0.3481817661959846,0.028856904090426076,0.0646719091634482,0.5583153960471523,2.7586963782961957,1
5352,asym_3link,0.35,0,0.014389429209133187,0.00013672767313497637,0.008955488619476126,0.2155400710110467,3.642004500153562,0
5353,large_6link,0.7,0,0.0023251869654132232,0.00013719971594652446,0.07801927459702909,0.2307404737342711,2.9775311908787625,0
5354,redundant_4link,1.0,0,0.0006952217819158098,8.350776572217752e-05,0.0282330015122269,0.48493331101133985,3.2113101953756593,0
5355,short_2link,1.35,1,0.2236308033477317,0.032475212878549375,0.03251703627795075,0.8264753616890209,334.05593742297634,1
5356,soft_5link,1.75,1,0.1486008696423417,0.008478611717095984,0.055494506155528145,0.6868493078110848,1.173021491139889,1
5357,wide_2link,2.25,1,0.5431772961655977,0.040829719893211304,0.07156643555730158,0.894776971096746,7.984184024378746,1
5358,snake_6link,0.35,0,0.0023160719367853536,7.83701348554002e-05,0.012254731814236823,0.14464541986557805,4.275674661219187,0
5359,heavy_3link,0.7,0,0.0026002438505999662,0.00012322367772559705,0.07011368078449824,0.3764238769595085,1.848967425912225,0
5360,teacher_2link,1.0,0,0.01052740755430518,0.0011994852232352603,0.04941295424845772,0.6874679249060915,33.287993176293384,0
5361,long_4link,1.35,1,0.17363235729467927,0.01929085798877804,0.08443136039593425,0.4518636001002931,1.9578995041051797,1
5362,long_2link,1.75,1,0.3620753714428018,0.021834067483417006,0.06184268936857195,0.7715549578550643,3.8753119079567386,1
5363,needle_5link,2.25,1,0.4354033223706163,0.05203951583775367,0.12283573517079145,0.3484231659400445,1.4634187318632654,1
5364,asym_3link,0.35,0,0.031513610310509976,0.000850864697414994,0.0008639938957790718,0.11103016135970631,346.5107568713344,0
5365,large_6link,0.7,0,0.0035589423494488443,0.00018525412662995588,0.020165098105180364,0.21686893549321362,3.842977415252299,0
5366,redundant_4link,1.0,0,0.0028335604864263082,0.00018626673377736706,0.0936987996340187,0.49121953492642884,1.9355696697004137,0
5367,short_2link,1.35,1,0.17299739790064278,0.015001030343578033,0.08325946182469272,0.7080688658049559,5.308046875582235,1
5368,soft_5link,1.75,1,0.31056628741223324,0.0231861176550219,0.08781661007840105,0.574829382536276,1.2819579924412767,1
5369,wide_2link,2.25,1,0.5558748130093253,0.08110922780957146,0.07616556650590964,0.4476548260769045,1.9559504252756006,1
5370,snake_6link,0.35,0,0.0023219485593985846,8.705304580527999e-05,0.020606485295718326,0.16135151236875284,5.470204419496422,0
5371,heavy_3link,0.7,0,0.002419726190485872,0.0001247056365211622,0.07858219369806792,0.395987773440701,2.1712524652822345,0
5372,teacher_2link,1.0,0,0.0012759349127543084,0.00016413875025012063,0.15066123784285226,0.7486824349207756,5.519438309351178,0
5373,long_4link,1.35,0,0.033905093889294295,0.0035094026372547433,0.003656793519041467,0.32669187329613786,217.39737441432106,0
5374,long_2link,1.75,1,0.35628265839935586,0.06214823077372772,0.021920877588139775,0.7508123680313298,16.141543947016935,1
5375,needle_5link,2.25,1,0.30351052158280356,0.021646505080980587,0.10442319086027486,0.622050699054266,2.433726729505426,1
5376,asym_3link,0.35,0,0.01169104612262616,0.00013824181688709447,0.015274604592587273,0.19249828767773544,4.354088035127244,0
5377,large_6link,0.7,0,0.002990304778411759,0.00012840852572006267,0.052422367069166365,0.26323173426260965,1.8455999433406083,0
5378,redundant_4link,1.0,0,0.0040479274650450005,0.0002433758809224476,0.10161139931156953,0.48518890308684914,3.2266499826934436,0
5379,short_2link,1.35,1,0.22775427238844678,0.031855994376971015,0.03131822320521397,0.8240337052955136,10.906365593409726,1
5380,soft_5link,1.75,1,0.301698877716532,0.04605692209130631,0.04103327061060883,0.5519631435794683,13.710116381047762,1
5381,wide_2link,2.25,1,0.5536305756003368,0.052881302200446255,0.061012435582944925,0.895705214123803,2.2593104114920006,1
5382,snake_6link,0.35,0,0.0003835381605219939,2.1743887818510327e-05,0.00014657018502125648,0.15736929182347076,66.467421935584,0
5383,heavy_3link,0.7,0,0.01348203268203302,0.0003093563912599968,0.01595043611120703,0.3713428259028894,5.010904923304758,0
5384,teacher_2link,1.0,0,0.015912178582557022,0.0004262178278903281,0.024636404481137658,0.6612850075537325,6.092302061121803,0
5385,long_4link,1.35,0,0.01050097996530824,0.001025646208542253,0.013485536948856675,0.6722055722224477,12.549181528018059,0
5386,long_2link,1.75,1,0.2823423109858731,0.03752589057799022,0.03720106068054649,0.892700724001349,6.8949349371321,1
5387,needle_5link,2.25,1,0.35882174699306635,0.025191755006009797,0.0990855985237172,0.673531997107094,2.8117657118345103,1
5388,asym_3link,0.35,0,0.004600905420551557,0.00011812968487871421,0.006568777108718235,0.19518339784363017,4.79104234601484,0
5389,large_6link,0.7,0,0.004876954904180903,0.00017195243438479317,0.049730254842601594,0.264700413929395,2.2670105677169388,0
5390,redundant_4link,1.0,0,0.04694956972047767,0.0006853366518614414,0.016818929534155803,0.4475408343001778,10.253774737032913,0
5391,short_2link,1.35,1,0.21339420364696174,0.030397086005767536,0.029753199915584276,0.8237082985797872,367.47879385395794,1
5392,soft_5link,1.75,1,0.12533459854081627,0.019104090963127714,0.05470355605952346,0.6487842137843123,16.912160082149654,1
5393,wide_2link,2.25,0,0.10629086553446826,0.006746876293117497,0.006754916123353449,0.3752135661617424,969.1713023631291,0
5394,snake_6link,0.35,0,0.005679283719664171,9.574524361197976e-05,0.014541596989833951,0.15148117780778927,3.627328312819699,0
5395,heavy_3link,0.7,0,0.0027318446436173645,0.0001306147461169366,0.02717982752879498,0.3455887198048033,2.069116914353757,0
5396,teacher_2link,1.0,0,0.0007062898502192063,8.608004981146116e-05,0.03820552656053403,0.7448886932209067,3.4832055814104605,0
5397,long_4link,1.35,0,0.0011864888842031925,0.00015973482725170401,0.20292682327330147,0.6264088866247252,2.376213418137798,0
5398,long_2link,1.75,1,0.42437383184750566,0.08577368156178752,0.08069922267287516,0.74119441004593,4.635099475956912,1
5399,needle_5link,2.25,1,0.26578463823757154,0.020179397797816797,0.07876224795406134,0.8457472147855895,4.155774527952396,1
5400,asym_3link,0.35,0,0.0037116555127927413,0.00015621876360376595,0.00023226141462401195,0.1756154918312101,113.05861760472563,0
5401,large_6link,0.7,0,0.0031966268056247567,0.00017536179124539716,0.020544022509964142,0.22736308681647707,3.6768709438577223,0
5402,redundant_4link,1.0,0,0.0035682000035459124,0.0002723152620761825,0.1279790544510889,0.48625312151058503,4.26401160108187,0
5403,short_2link,1.35,1,0.1276398353922922,0.0034397018168930878,0.01120083937091705,0.732796472892187,13.489867078611367,1
5404,soft_5link,1.75,1,0.12225874636874776,0.026878115834678105,0.07189344382617135,0.7324649797990619,4.2581904132288395,1
5405,wide_2link,2.25,1,0.37116540055871694,0.02790111758996814,0.044265697565207346,0.9924249841900076,4.815784731792718,1
5406,snake_6link,0.35,0,0.0012252629711286469,4.124581946315262e-05,0.014170956022321973,0.16016800699435366,3.0237160334533537,0
5407,heavy_3link,0.7,0,0.002988751518275156,0.0002007760189311058,0.045684643791512186,0.3229337920482399,5.997993417595024,0
5408,teacher_2link,1.0,0,0.0018629699681483407,0.00017458099376885976,0.05151774202236836,0.7399038196426813,3.005847619214532,0
5409,long_4link,1.35,1,0.08965874254472135,0.014872067517537143,0.002394599497211583,0.434050930170001,79.34733591021235,1
5410,long_2link,1.75,1,0.3978083725842344,0.06859003174639149,0.11028661336837242,0.769871499705337,3.9689039625865985,1
5411,needle_5link,2.25,1,0.25748742442442085,0.03581316326311987,0.2038887161433307,0.6641943550112855,2.1655823395865155,1
5412,asym_3link,0.35,0,0.0023425099970876503,7.972403794320236e-05,0.037654610581924944,0.2050557435275011,4.901306807517631,0
5413,large_6link,0.7,0,0.008449436263373722,0.00021048873098813368,0.021011402897129005,0.28384431875791194,2.1912940947485193,0
5414,redundant_4link,1.0,0,0.002194836921844933,0.00021606657404923458,0.11970428825105914,0.4761692290550017,4.073059427146953,0
5415,short_2link,1.35,0,0.04812687834474682,0.0036441042841540727,0.025837185503905385,0.5571838757692922,1436.059691628308,0
5416,soft_5link,1.75,1,0.16716429321260484,0.01958337063867402,0.15920622902644557,0.6742460704859624,1.915385522309214,1
5417,wide_2link,2.25,1,0.554756063060253,0.09613254381528907,0.16992177793734164,0.44751507519119094,4.8773491634270965,1
5418,snake_6link,0.35,0,0.01152109167661537,0.0005604203932474113,0.0005818792308672189,0.1370320589348448,263.63456508169173,0
5419,heavy_3link,0.7,0,0.0065758406276499055,0.00020212400333476986,0.02363073647549856,0.47725002440408265,2.909942399683074,0
5420,teacher_2link,1.0,0,0.0009435890396325433,0.00010200172501427278,0.032637443713194034,0.7480896633260814,2.7136819868979463,0
5421,long_4link,1.35,1,0.1504542573630852,0.008559152090800144,0.057036432409599845,0.6140618500061504,1.900426948781895,1
5422,long_2link,1.75,1,0.2567631321864304,0.03125535482981641,0.0533183394707475,0.9235278754406717,5.41031022424007,1
5423,needle_5link,2.25,1,0.4130128360209648,0.07154034417874619,0.05782651282374217,0.3853909708732379,4.529671942456019,1
5424,asym_3link,0.35,0,0.008570479209672861,0.0002523607697128102,0.012430945753221304,0.19813018703415777,12.706707177016222,0
5425,large_6link,0.7,0,0.0016130240774287492,9.734599107813958e-05,0.027727288763871996,0.260426964683642,2.030797365545251,0
5426,redundant_4link,1.0,0,0.007278821832841366,0.0006349396296456544,0.01780442389915819,0.5280152656559466,11.977886309988326,0
5427,short_2link,1.35,0,0.023011867813462202,0.002630917104417075,0.0030827518146751146,0.8324607722771203,566.9399693885911,0
5428,soft_5link,1.75,1,0.1250936126307193,0.021877771113372753,0.17133595590115935,0.7018233600803795,4.134541781760064,1
5429,wide_2link,2.25,1,0.5331027134849767,0.06572204302534082,0.09561865753788211,0.9054995827883722,3.2439073487119567,1
5430,snake_6link,0.35,0,0.0009561954920409106,3.6131734140169483e-05,0.026838105925980852,0.15305987006474958,2.9982412997825314,0
5431,heavy_3link,0.7,0,0.0021133400891502224,0.00014375947594948962,0.05012319325477068,0.27834951129799984,4.20968619210832,0
5432,teacher_2link,1.0,0,0.003407256047665608,0.0002505318541542269,0.03026222485185829,0.7160771651104864,3.682258134382296,0
5433,long_4link,1.35,1,0.06952716420979559,0.010389019990106262,0.09242729195301219,0.5419057104799903,3.937649018264937,1
5434,long_2link,1.75,1,0.41759498969926684,0.02862211371706137,0.10380836717921303,0.6933388725354154,3.255916167445012,1
5435,needle_5link,2.25,1,0.3611086740114475,0.038574510652407946,0.09690680920332802,0.4934911626713553,1.0804300393895006,1
5436,asym_3link,0.35,1,0.23219223377157946,0.0010280252238299853,0.0011798250800696996,0.0761370667687898,100.06717388748513,0
5437,large_6link,0.7,0,0.0070565824350162926,0.00018961966838847356,0.025079993357077328,0.24313422427588252,2.893066242651289,0
5438,redundant_4link,1.0,0,0.003108734513464316,0.00020552478001794483,0.0955096802824912,0.490132451642031,2.4358243779876396,0
5439,short_2link,1.35,1,0.1452942081709679,0.013884513720238493,0.1151591404110641,0.7421018486595887,6.733441346163182,1
5440,soft_5link,1.75,1,0.3798448401565197,0.05731536306887459,0.14755811123517093,0.5321874412290787,2.980012994329894,1
5441,wide_2link,2.25,1,0.5508599168656495,0.09757087573516028,0.1194028267005172,0.46594469895242274,3.904965088383265,1
5442,snake_6link,0.35,0,0.021618081288783203,0.00019865238833228623,0.006243388785105327,0.1421206733150785,8.180340468644857,0
5443,heavy_3link,0.7,0,0.001822176243240265,0.00013417587711671825,0.07911892585704924,0.2820437368415349,5.1268179980874855,0
5444,teacher_2link,1.0,0,0.002695622142970503,0.0002596615066189,0.07000174646316099,0.7314602092598206,4.824405717413777,0
5445,long_4link,1.35,1,0.2112533197023606,0.003955743780963828,0.004571875526348752,0.26998078553515187,113.41027351326395,0
5446,long_2link,1.75,1,0.13057725242808044,0.022369711834073984,0.11845338324909778,0.8516108112261795,61.92067360696384,1
5447,needle_5link,2.25,1,0.34261240537096627,0.02294926801859141,0.06807808401900084,0.4857384428978277,4.048438551791213,1
5448,asym_3link,0.35,0,0.0064253625162972615,0.00012031655173083094,0.03265895441619888,0.20537253740715267,4.17546799326588,0
5449,large_6link,0.7,0,0.002906136622791811,0.00013864425128663662,0.032677198170895046,0.22292185919712854,2.4602577967918378,0
5450,redundant_4link,1.0,0,0.004694572156779266,0.00046536923690000345,0.10108837877756693,0.522887412345001,9.327565302142037,0
5451,short_2link,1.35,0,0.027288816028644847,0.0025188570530017586,0.00760060995831759,0.7290631958847626,40.24592535322024,0
5452,soft_5link,1.75,1,0.26250006060681286,0.0585469761700789,0.15620986427471512,0.6319069849654546,3.697917670878534,1
5453,wide_2link,2.25,1,0.4046883822266652,0.0492295412614278,0.02418414758085285,0.477196773949955,40.90345445388532,1
5454,snake_6link,0.35,0,0.05470423984758829,0.0009874166769930242,0.001116909467394369,0.06901683671119746,142.26039951692565,0
5455,heavy_3link,0.7,0,0.0028670518454269236,0.0001658564388164031,0.015230894799411894,0.354072118595391,3.70353803800267,0
5456,teacher_2link,1.0,0,0.006376499727596186,0.0004115835018191532,0.04319252979124682,0.7019590153350063,6.551866148890722,0
5457,long_4link,1.35,1,0.1987075115316497,0.033912627830040794,0.028060320156934593,0.4264187608776561,10.072929614830086,1
5458,long_2link,1.75,1,0.3408078522153208,0.0827979958370462,0.14127991192595168,0.7909264974323088,426.40663150314083,1
5459,needle_5link,2.25,1,0.441328009235276,0.04548993055301524,0.08898875444217626,0.42392418680436045,1.5936143851038231,1
5460,asym_3link,0.35,0,0.014045898724011692,0.00026947728275092034,0.003695218265945516,0.19413178235418582,10.649473542489662,0
5461,large_6link,0.7,0,0.0013618313752508104,0.0001102257569990657,0.08493571141044123,0.25846044695421355,4.763929109757105,0
5462,redundant_4link,1.0,0,0.0006195203450589418,8.638026673123655e-05,0.046615566618867475,0.480685254867162,7.219951257532698,0
5463,short_2link,1.35,1,0.3445713542292651,0.0042377863373090335,0.004275049336066233,0.1031166979076197,370.4120155302001,0
5464,soft_5link,1.75,1,0.17603506638465774,0.012846108699901436,0.05528780754792275,0.6688314013687088,4.016366385300446,1
5465,wide_2link,2.25,1,0.4529961746726085,0.07301897102302839,0.07196725686548569,0.9496976073298279,4.084027879526414,1
5466,snake_6link,0.35,0,0.009967220573082277,0.00024110949148077859,0.016531614955577607,0.14757249224476437,11.804782164950815,0
5467,heavy_3link,0.7,0,0.011644786146786225,0.0002493792096833457,0.019482771476529857,0.530002435101146,3.782065666547511,0
5468,teacher_2link,1.0,0,0.0010803307071654122,0.00011628546920751032,0.1415826670539506,0.7493208112573334,2.8546932746606926,0
5469,long_4link,1.35,0,0.0017341282642137634,0.00018924997579422917,0.15735722215197426,0.6720154461463084,1.812563824014649,0
5470,long_2link,1.75,1,0.2952849551768482,0.036581733101760584,0.05624437452834163,0.8832663193271855,3.2137415224346877,1
5471,needle_5link,2.25,1,0.4399816562908682,0.049379371586302005,0.07508721832308941,0.4173820981023624,1.7795100554142815,1
5472,asym_3link,0.35,0,0.01148501089815989,0.0004433991233253767,0.0004925980834775867,0.1578727552394507,117.55356013943526,0
5473,large_6link,0.7,0,0.0031708766970141773,0.00012480545538427594,0.042380600265943376,0.29009730218754326,1.6251272917294997,0
5474,redundant_4link,1.0,0,0.003454287181081272,0.00040929788046062426,0.1213812825544768,0.46179462761263446,10.555592725304066,0
5475,short_2link,1.35,0,0.03809840273628858,0.0032708468092722625,0.003715682885732397,0.6968057302767887,102.78603683344608,0
5476,soft_5link,1.75,1,0.26196101532335636,0.026600444091724407,0.09901286027673818,0.6080150263509987,1.3498723764113145,1
5477,wide_2link,2.25,1,0.5480205626159035,0.10220108553789399,0.09133700096980024,0.4748761188227766,6.510734055784808,1
5478,snake_6link,0.35,0,0.011380197972598306,0.00014355550458011092,0.008991202247965298,0.1390986680622703,3.6160523483155163,0
5479,heavy_3link,0.7,0,0.0017417874707199724,9.387186776851373e-05,0.026833321273605635,0.27797610362790354,1.6197086982934195,0
5480,teacher_2link,1.0,0,0.0007403829020503112,0.00011326907816889039,0.052457370793287675,0.7419593387060024,30.915868079850988,0
5481,long_4link,1.35,0,0.03064991963448393,0.0029949232338808583,0.0044807974557762595,0.37929812447006456,63.1774511966574,0
5482,long_2link,1.75,1,0.38416581433836705,0.018380207738127274,0.05021734942043157,0.6872271051756065,19.021494398301964,1
5483,needle_5link,2.25,1,0.4895507560159651,0.008879084400061094,0.026957284195607258,0.6387140853103641,12.932964578657362,1
5484,asym_3link,0.35,0,0.0083140303285883,0.00010718962368701071,0.014929150740018373,0.20681587510912391,3.211120275126338,0
5485,large_6link,0.7,0,0.002298175624278451,0.00013476648953924768,0.036609700053332445,0.27963463879319167,2.949775417626817,0
5486,redundant_4link,1.0,0,0.003228073216911766,0.0002474009349534527,0.033220377506938896,0.49294803699205897,3.734652856121828,0
5487,short_2link,1.35,1,0.21527817213752046,0.019989963539169472,0.07824741242573048,0.8305092511648615,3.7468672121453457,1
5488,soft_5link,1.75,1,0.14257430061735848,0.03305470467548426,0.09720578695638186,0.7257292479888837,4.564452985387255,1
5489,wide_2link,2.25,1,0.5120681083294834,0.09782901565783016,0.14388760114715973,0.6046071843910069,5.494936115252937,1
5490,snake_6link,0.35,1,0.16395262201529148,0.0008946762575019301,0.0013619529128412117,0.09246297135886677,71.27121180158748,0
5491,heavy_3link,0.7,0,0.0038104899946522744,0.00013694608039517306,0.03675835908948568,0.39107208492796985,1.3766744155757777,0
5492,teacher_2link,1.0,0,0.003656497731785383,0.00026720496240858165,0.02824078581464237,0.6635846277585917,4.008299877495122,0
5493,long_4link,1.35,1,0.13430213393526644,0.007670636390447203,0.04996463157797574,0.5451639958944543,3.5085021448228164,1
5494,long_2link,1.75,1,0.40669371230328133,0.05580096494670534,0.08183516377499082,0.7040466009552298,4.730104020581676,1
5495,needle_5link,2.25,1,0.4858429320730889,0.05377055778631317,0.11520966239500692,0.4003302514310682,2.3324847546426786,1
5496,asym_3link,0.35,0,0.001565218741684092,4.624196754932445e-05,0.009505096744390693,0.16905100556527666,2.1760363678040076,0
5497,large_6link,0.7,0,0.002880930921519158,0.00015142231979521599,0.07769821748206639,0.2502642153687007,2.935090601884077,0
5498,redundant_4link,1.0,0,0.0056519073207876545,0.0003992172876252197,0.0737818198029225,0.47454571407521723,6.3801489316923785,0
5499,short_2link,1.35,1,0.2222501266222755,0.032243767658542415,0.032376607453106526,0.8268562298738603,412.8706325299105,1
5500,soft_5link,1.75,1,0.1579416172121744,0.011751486694335431,0.053343917222662456,0.6680317464745501,6.718995660644152,1
5501,wide_2link,2.25,1,0.5004431995291897,0.06051287008371813,0.0443159847256147,0.6346389680756168,3.9973994689522088,1
5502,snake_6link,0.35,0,0.0016452814019859033,6.715445965777228e-05,0.018678223567028203,0.15854316271487878,5.303018323110965,0
5503,heavy_3link,0.7,0,0.0019827206281984836,0.00015106360038622132,0.03635300151721814,0.3724659641103871,6.915723814124234,0
5504,teacher_2link,1.0,0,0.001962292478410395,0.00023043490883561748,0.01766904684761717,0.743468443521307,5.705383205281121,0
5505,long_4link,1.35,1,0.0666599526516666,0.009401260181725626,0.03806579506922935,0.5412887894333575,2.9202157949750687,1
5506,long_2link,1.75,1,0.40836846640458213,0.09068245456122843,0.08695876180110661,0.741149861847423,24.702738573656777,1
5507,needle_5link,2.25,1,0.2534125255667612,0.008921298268413758,0.02693663518821734,0.6841432974194829,8.952967272896618,1
5508,asym_3link,0.35,0,0.010482022493077009,0.00040188166483072046,0.0005910298959160073,0.15512738686241898,58.549077907031446,0
5509,large_6link,0.7,0,0.0014888235037261665,0.00010725318136680665,0.07074811536928516,0.2536672517627325,3.78576322865717,0
5510,redundant_4link,1.0,0,0.010513989743972756,0.0007796584114699131,0.015094207515584941,0.4944814174151752,14.159444977920174,0
5511,short_2link,1.35,1,0.1783423988393663,0.025264253968834013,0.06854678363150489,0.852588091191779,19.337240098277583,1
5512,soft_5link,1.75,1,0.17303537215785722,0.0204161145754381,0.051686234666951415,0.6594453018986567,4.486162503302901,1
5513,wide_2link,2.25,1,0.4971795885732663,0.0983846652517841,0.10019224342559478,0.6518146998375643,14.273181137713063,1
5514,snake_6link,0.35,0,0.0021216080612499826,8.798890734578452e-05,0.05970606209147455,0.14586559918794662,6.758060879121856,0
5515,heavy_3link,0.7,0,0.09634836664191596,0.0007571803061172854,0.007090970031789174,0.4563579991744832,13.867692830949233,0
5516,teacher_2link,1.0,0,0.022268574415000655,0.0009577057756523044,0.01710936482554761,0.630811443198849,15.921034321787472,0
5517,long_4link,1.35,0,0.006100269971388421,0.0011074430788126845,0.001984516422503996,0.5695863539123408,79.37632716149513,0
5518,long_2link,1.75,1,0.42367474867811283,0.08962666324873325,0.3015262899492155,0.7425392896693623,3.966630909912209,1
5519,needle_5link,2.25,1,0.3291738097431511,0.05978632830003979,0.24517790464180578,0.4608721047741599,4.757408819826121,1
5520,asym_3link,0.35,0,0.0012751106226702182,4.062271213910026e-05,0.010913184357172324,0.17540954192390187,2.434589543822124,0
5521,large_6link,0.7,0,0.002150579968118036,0.000130498630120659,0.03483564875353887,0.22290573742584166,2.927635860489212,0
5522,redundant_4link,1.0,0,0.008685880933795732,0.00031545832618796543,0.046196890211670394,0.4691125252599827,4.224581942402731,0
5523,short_2link,1.35,1,0.10351336665772193,0.014123178609267073,0.02501996665987461,0.8933971486421564,20.869271515235933,1
5524,soft_5link,1.75,1,0.21980191776503266,0.030826397752959714,0.030961118622148,0.6071077626317242,10.252650790025273,1
5525,wide_2link,2.25,1,0.5219435413452138,0.06816490907589272,0.11648605111090361,0.5694869237818743,2.7926112293211705,1
5526,snake_6link,0.35,0,0.07758591492365707,0.0010661519599396562,0.001082975061035163,0.04062095934726848,419.2822300730107,0
5527,heavy_3link,0.7,0,0.009939940200789062,0.00041919816887164195,0.015693566561597563,0.4753809453216707,8.273330295823776,0
5528,teacher_2link,1.0,0,0.007843693443829621,0.00040474198110950144,0.02207283437645195,0.6925769032649194,6.093928056956078,0
5529,long_4link,1.35,1,0.008894842211226755,0.0008394513330134501,0.06999123212286026,0.6200796493583526,1.5481889042713646,1
5530,long_2link,1.75,1,0.4173224017282866,0.04619539310575358,0.11440087718397689,0.6917846422776653,2.379128350962778,1
5531,needle_5link,2.25,1,0.37746863230581135,0.02955371066515023,0.09108647785568773,0.6837041211783476,1.8533705796518376,1
5532,asym_3link,0.35,0,0.0010890603229426667,4.1050291872987234e-05,0.006920622604701579,0.16960380241463138,4.219882052542531,0
5533,large_6link,0.7,0,0.0024436753995220667,0.00016017676047123833,0.053455037549201494,0.2418036481346676,4.06261985129677,0
5534,redundant_4link,1.0,0,0.0014346677685746537,0.00017466745245811558,0.02681599102605856,0.4962861243745779,5.064152592826724,0
5535,short_2link,1.35,1,0.21997237068445008,0.03112730599632179,0.028853892837372344,0.8178704153846283,113.83785321663179,1
5536,soft_5link,1.75,1,0.34805878649486016,0.04645770112317557,0.023972561019716822,0.531746502582083,12.829405190164813,1
5537,wide_2link,2.25,1,0.5055622997218776,0.025165518414862142,0.022140082833537873,0.8979644672475294,14.583901713199195,1
5538,snake_6link,0.35,0,0.02450083769223902,0.000182329295471219,0.007420990550685233,0.1477440663489438,7.781523518559641,0
5539,heavy_3link,0.7,0,0.0011514593009511697,7.788493633843378e-05,0.0487475118358162,0.2766373402915818,2.54767880616821,0
5540,teacher_2link,1.0,0,0.012422147986465123,0.0005642520092850641,0.017028805222890016,0.6835692623930164,8.826019193215043,0
5541,long_4link,1.35,1,0.009523575692347932,0.0006302718185350395,0.053235370311548104,0.6628970326432978,3.4603867863157416,1
5542,long_2link,1.75,1,0.3611820522208773,0.024967967998856123,0.06550023942656753,0.7722108316059609,2.984508783609511,1
5543,needle_5link,2.25,1,0.4136264800031106,0.04205296171041382,0.07904719137520197,0.6044517438197866,2.2278777213232708,1
5544,asym_3link,0.35,0,0.009372904177324705,0.00036887217887707116,0.0004890495990408372,0.15914365563871719,69.32722228663161,0
5545,large_6link,0.7,0,0.0013707644800214536,9.242144577458092e-05,0.048738631477424826,0.22609244666422185,2.3825246026985694,0
5546,redundant_4link,1.0,0,0.004317759039429583,0.00020810527877910206,0.050565136933146786,0.4823112823882137,1.391182890574369,0
5547,short_2link,1.35,1,0.17261998228871941,0.006286176500890372,0.030971744446888078,0.7212666078291751,3.564562032130045,1
5548,soft_5link,1.75,1,0.27093376836015676,0.07081601648801354,0.20272903049924565,0.6235968871140651,11.45241324038938,1
5549,wide_2link,2.25,1,0.43624171076610246,0.04364914078158743,0.06399722364679537,0.8286086765174181,2.81610450699922,1
5550,snake_6link,0.35,0,0.005960223012142692,0.0001128114541983906,0.01907057447906398,0.15505087597964257,3.4276910509952194,0
5551,heavy_3link,0.7,0,0.01650695755005221,0.00038703235235184875,0.012113957971298281,0.4421283188975337,6.601392480104305,0
5552,teacher_2link,1.0,0,0.0029272195446552332,0.00022634837195600795,0.11978653986419126,0.6681600306915054,3.316190880957061,0
5553,long_4link,1.35,1,0.1599301958051699,0.003909589596303405,0.004596250086967843,0.31551047803396165,106.9136597839187,0
5554,long_2link,1.75,1,0.39996555894376984,0.0968197425689197,0.24514455163913407,0.768432711783706,6.979783914732558,1
5555,needle_5link,2.25,1,0.4524648090160753,0.07951298916612658,0.29413713495699845,0.3508319153037377,3.7471385569669597,1
5556,asym_3link,0.35,0,0.002637487348665789,5.7007858572815414e-05,0.030508993443326936,0.1823604547598429,1.3424887366275957,0
5557,large_6link,0.7,0,0.0022372078268548513,0.0001301423308956052,0.02677209637025039,0.22152489918587148,2.7341640711490176,0
5558,redundant_4link,1.0,0,0.001787360493413639,0.00017362994475028924,0.07647659656953923,0.48522098416793863,3.4098464774227963,0
5559,short_2link,1.35,1,0.22932440043829708,0.0275541440246745,0.012590357973726688,0.8159212045369418,11.965042827281604,1
5560,soft_5link,1.75,1,0.18572676522599005,0.032170945767021314,0.0579422216118736,0.6464599542692887,9.850084014387452,1
5561,wide_2link,2.25,1,0.5399602818615324,0.08762182822566332,0.1098849850364239,0.5086498806886821,2.3444799486584404,1
5562,snake_6link,0.35,0,0.004863369718338678,0.00026757630820494957,0.0003338573642690426,0.1534283359799414,245.07716987784195,0
5563,heavy_3link,0.7,0,0.003167521506267269,0.00016595171582993885,0.020356353471944776,0.3907107430884527,3.2576143315504242,0
5564,teacher_2link,1.0,0,0.023393047732723576,0.0014362026472105759,0.0058947283853725205,0.5905757834719404,27.59097201162176,0
5565,long_4link,1.35,0,0.002846905589761378,0.0002430536812769262,0.12573866900809236,0.658593211736858,1.6973990533571617,0
5566,long_2link,1.75,1,0.38492957348780915,0.09021859034241977,0.11502159779305343,0.7849177150228267,5.5577195690839405,1
5567,needle_5link,2.25,1,0.37888503275367874,0.05604966516338562,0.15681909296310312,0.5831454752717514,6.752028356672352,1
5568,asym_3link,0.35,0,0.003059553565597548,6.484071219408465e-05,0.023634579812936037,0.2126767942793182,1.6326163876904318,0
5569,large_6link,0.7,0,0.021231351754586805,0.000329315918857093,0.015588366302756777,0.32183493616325176,5.774236251165206,0
5570,redundant_4link,1.0,0,0.0056715757282507755,0.0002717184745331268,0.03586279994696144,0.49913384144169964,2.944735378834643,0
5571,short_2link,1.35,1,0.1608013786124632,0.02186141504718058,0.0232930667466792,0.8326511015265481,317.5381857426003,1
5572,soft_5link,1.75,1,0.3163449304669965,0.04347693237228058,0.12233729549409339,0.5667426985621634,5.308610161250364,1
5573,wide_2link,2.25,1,0.4200323326437379,0.03916104725412673,0.05601387903659902,0.8712473691505213,3.3025559841624417,1
5574,snake_6link,0.35,0,0.0009182935353552443,3.983074183965493e-05,0.05847772172386951,0.15943798939111556,4.531830320117697,0
5575,heavy_3link,0.7,0,0.0013649504836705667,9.016926765506617e-05,0.051541856701314996,0.27757529157766514,2.7156270160549707,0
5576,teacher_2link,1.0,0,0.001046196286704237,0.0001535532061964257,0.028072319328718696,0.7468822828920993,11.05877266570712,0
5577,long_4link,1.35,1,0.04556772202086595,0.0034098646885092703,0.05755957770694241,0.5526921999251738,1.3294364547480322,1
5578,long_2link,1.75,1,0.3216033409066205,0.043103945646916136,0.052020834896107766,0.8537267108052476,3.499871623531207,1
5579,needle_5link,2.25,1,0.38013010175543244,0.03063340127515687,0.09593340940660236,0.5640320967812334,1.361754127290542,1
5580,asym_3link,0.35,1,0.2160731796808299,0.0010271701172926472,0.0011793990549846443,0.08672536905974888,100.08404892741987,0
5581,large_6link,0.7,0,0.010283270659291943,0.0003259283082290136,0.04428187247648452,0.28766959637956613,6.344610245179117,0
5582,redundant_4link,1.0,0,0.02468426583527593,0.000510245763344201,0.021429226216759974,0.5144353832500059,7.288296445888613,0
5583,short_2link,1.35,1,0.03423362943800488,0.002114626261091839,0.03327371280119494,0.9456215142507662,2.777848142899392,1
5584,soft_5link,1.75,1,0.1882587144860824,0.03580561382174318,0.30317298507691676,0.6749479420019803,3.493438886385614,1
5585,wide_2link,2.25,1,0.5538460767895734,0.04763283685092107,0.1274045569098467,0.8944276335254606,4.192198422169387,1
5586,snake_6link,0.35,0,0.006051257645808583,9.201438445187716e-05,0.01501268670291007,0.15113473319279982,2.262796229565012,0
5587,heavy_3link,0.7,0,0.0017376794092045014,0.0001026521545491146,0.05149149092198503,0.26442468797449087,2.219415675585252,0
5588,teacher_2link,1.0,0,0.005601210208538609,0.0002517778628032468,0.038401451613962606,0.6609558518502295,2.945481527942894,0
5589,long_4link,1.35,1,0.056116455363138265,0.010621569506546625,0.009054545126551098,0.5291659917046605,349.6043928918774,1
5590,long_2link,1.75,1,0.4226431020675789,0.028199545687795584,0.06035350033657281,0.6844205543395938,4.8040456311680355,1
5591,needle_5link,2.25,1,0.30948328147514764,0.03027796356287017,0.1111623406097882,0.6450450304753154,1.0976599787564805,1
5592,asym_3link,0.35,0,0.0210911706964784,0.00017710727413021752,0.0070253651792567375,0.2168209964126964,5.831181474368615,0
5593,large_6link,0.7,0,0.0013484816240251067,0.00012449509566656567,0.035085436120512924,0.23046685799678565,6.78077904993547,0
5594,redundant_4link,1.0,0,0.0006520222062027584,8.10887670364071e-05,0.026866756354907016,0.4815606650604818,3.6858919960609366,0
5595,short_2link,1.35,1,0.19204477884015209,0.006538263059120484,0.03189124978665234,0.6964242545840782,3.6076233293547584,1
5596,soft_5link,1.75,1,0.16975178948649017,0.03524032711613743,0.16345193511533154,0.7097600736451087,7.103343069359093,1
5597,wide_2link,2.25,1,0.5337123254810522,0.06581822638439244,0.06885485160995593,0.901587512949014,7.141050101464365,1
5598,snake_6link,0.35,0,0.012004826235902755,0.0005715133409269437,0.0006392084995449374,0.13350907150777133,153.33469989763825,0
5599,heavy_3link,0.7,0,0.005546745653083108,0.00016552804157686388,0.03481840399542235,0.43928938334074147,2.037345673367971,0
5600,teacher_2link,1.0,0,0.006828712336175064,0.0006520350631906301,0.00985967659691925,0.7131723102838557,13.101877334960559,0
5601,long_4link,1.35,1,0.15465482632318717,0.023679508623904943,0.030143730678550244,0.46633056152821456,9.794140037045189,1
5602,long_2link,1.75,1,0.4271919003136686,0.04135079693198058,0.13900657681154702,0.6761470634038764,4.4336244091173915,1
5603,needle_5link,2.25,1,0.27805037944062455,0.02241419508487302,0.09279112920208328,0.8368772008953981,4.10916777348314,1
5604,asym_3link,0.35,0,0.004309975254674612,0.00010099477932500099,0.02128390417687973,0.21521559830245343,3.7677379408475122,0
5605,large_6link,0.7,0,0.004051226166024591,0.00014348993482860874,0.04454325167698676,0.2867616180815782,2.2966380873423433,0
5606,redundant_4link,1.0,0,0.0032035959258688218,0.00025070862715822703,0.0285868587727413,0.4872601528521645,3.8601223084892125,0
5607,short_2link,1.35,1,0.02513795642561507,0.0030310350547853356,0.008244481314890514,0.8574585460479087,139.59917975611543,1
5608,soft_5link,1.75,1,0.0635402213386757,0.0018212794332812463,0.02551356008852079,0.7007008789486149,11.036090305859345,1
5609,wide_2link,2.25,1,0.4916716655609536,0.0938780827981276,0.09654998325175672,0.6691424124308739,5.6268313044413345,1
5610,snake_6link,0.35,0,0.0006501750469893475,2.847201725447897e-05,0.010266130753975892,0.15718373928078194,3.8409151874749274,0
5611,heavy_3link,0.7,0,0.007678897824149294,0.0004896374155390014,0.004446122667609211,0.29038904519274866,13.554716356358934,0
5612,teacher_2link,1.0,0,0.0006844135057255686,8.364539956056161e-05,0.05289065597350317,0.7435369110729276,3.48509142488337,0
5613,long_4link,1.35,1,0.13668156224109473,0.020840373480608108,0.0524728483108979,0.4625018484085827,3.975769306106318,1
5614,long_2link,1.75,1,0.2985204113708484,0.07378428845219852,0.0902165614473576,0.8736846594159507,25.47097553777454,1
5615,needle_5link,2.25,1,0.5191218502373118,0.06882369523903613,0.049635370858123196,0.2789840107501171,2.5367106388377434,1
5616,asym_3link,0.35,0,0.010923233358375316,0.0004284053660832017,0.00043369486227616457,0.16581201868914977,350.9946658896218,0
5617,large_6link,0.7,0,0.00312364741368119,0.00015212069336580572,0.02517634688117724,0.28428432863562,2.6783323259746274,0
5618,redundant_4link,1.0,0,0.0006882377103396051,8.688766336977759e-05,0.17108644326774497,0.48406091001292456,5.180725415726991,0
5619,short_2link,1.35,1,0.0046403233724071685,0.00047368325656931286,0.050032822127006236,0.9339984632021103,4.289986383320302,1
5620,soft_5link,1.75,1,0.28851260815785595,0.07345592279881201,0.052284847152407596,0.593910515803498,10.400966181150444,1
5621,wide_2link,2.25,1,0.4866817382012131,0.07558106930728625,0.14324724821222234,0.9296823192474021,5.18223878926337,1
5622,snake_6link,0.35,0,0.0014537944712084536,5.535937588521843e-05,0.02260282313436878,0.14971634510413448,3.6889814014867124,0
5623,heavy_3link,0.7,0,0.002085700643486614,0.00011440561013133647,0.03572580994418677,0.3283503969908368,2.280614942985422,0
5624,teacher_2link,1.0,0,0.004838911081736832,0.000261215553374162,0.05804126704165909,0.6967781447963565,3.35584478920104,0
5625,long_4link,1.35,0,0.04371281297377251,0.003696713738653687,0.003957008234238137,0.3293124872550298,167.70507881962308,0
5626,long_2link,1.75,1,0.37409406135347534,0.09039580688876661,0.223604130377773,0.7967729250405199,6.910676172296433,1
5627,needle_5link,2.25,1,0.3048825667999393,0.050703860345381414,0.06373663649185526,0.5351432114519415,2.96567703768111,1
5628,asym_3link,0.35,0,0.0014329156607941218,5.1899109029477896e-05,0.01567708686503604,0.16847925085006388,4.730806092277912,0
5629,large_6link,0.7,0,0.005496110072446744,0.00023832271756302743,0.04049877417492243,0.2281854340307699,5.072971310591883,0
5630,redundant_4link,1.0,0,0.001369445997474051,0.00014123557492041146,0.03522967738919829,0.4899585719529894,3.653656527179301,0
5631,short_2link,1.35,1,0.07448602760233368,0.008439680893861618,0.12175819719449112,0.9192045049068267,4.4866242569704,1
5632,soft_5link,1.75,1,0.1387848018427528,0.023504843087125738,0.0569684854847988,0.6757982495034224,4.3705480951157805,1
5633,wide_2link,2.25,1,0.5487991261023433,0.08496337896376237,0.11018222919077779,0.475557603889879,2.0934861189325384,1
5634,snake_6link,0.35,0,0.012652198979742183,0.0005407158140879095,0.0010091892755680859,0.12982100421504122,56.80498832153603,0
5635,heavy_3link,0.7,0,0.01053556046199129,0.00034436421616617117,0.012211891294845635,0.34308995657678526,6.155026570413429,0
5636,teacher_2link,1.0,0,0.0008746003375600417,0.00013246159275794693,0.06640505704489942,0.7337839061261532,18.554349735815112,0
5637,long_4link,1.35,0,0.00630131664315187,0.0004063497994594005,0.06865276113366368,0.6636635660659874,3.939476747404074,0
5638,long_2link,1.75,1,0.3004292581209426,0.041529117670282,0.10264870160283204,0.873961812006568,6.181092622428063,1
5639,needle_5link,2.25,1,0.4164233075159997,0.03387826583855492,0.0877207180941708,0.5966828226311739,1.3500299996797744,1
5640,asym_3link,0.35,0,0.0022602059577832064,6.609881412510722e-05,0.01974615866589468,0.17066113062839017,3.176308933353425,0
5641,large_6link,0.7,0,0.02448857441717073,0.0003505607086508566,0.014828555454956137,0.28759511407816574,6.802363284645947,0
5642,redundant_4link,1.0,0,0.00144459954811324,0.0001956425857019911,0.0360394042084044,0.4832802378867032,8.983173844950507,0
5643,short_2link,1.35,1,0.04423553154736316,0.005168295045380832,0.0048238827086470315,0.8246714543294468,2213.282535325162,1
5644,soft_5link,1.75,1,0.37677830197024265,0.07634854295089433,0.34263498151026595,0.5325700038735813,4.7765505087618,1
5645,wide_2link,2.25,1,0.48853150843396015,0.09677891743477406,0.1000402340022294,0.6766832770668154,21.966355540417617,1
5646,snake_6link,0.35,0,0.003373645699607552,8.393202053053789e-05,0.01261808986312951,0.15748306181349864,3.4316881246036117,0
5647,heavy_3link,0.7,0,0.0034660449293607135,0.00016911177779228666,0.0584364613479559,0.4383121243770293,3.124486863587157,0
5648,teacher_2link,1.0,0,0.005011980995485169,0.00038383716254530934,0.021808844383200042,0.6606711236660043,6.4317790765705505,0
5649,long_4link,1.35,1,0.1273867579589147,0.01651558182917057,0.11748136494405323,0.5224313313779374,4.149205191509966,1
5650,long_2link,1.75,1,0.4233090929664382,0.10405634616986754,0.2591072225882292,0.7412506707683011,14.243053088141195,1
5651,needle_5link,2.25,1,0.47819861603062186,0.07273479903742618,0.11859668292473624,0.33424778143214795,3.4927311886543473,1
5652,asym_3link,0.35,0,0.012987834925241413,0.0004921101307370644,0.0005483415318841208,0.1645968417828765,167.33011389466193,0
5653,large_6link,0.7,0,0.004194702581515109,0.00014893838457667442,0.044062892340596446,0.25315189966067153,2.0578227893413685,0
5654,redundant_4link,1.0,0,0.0025131973272004868,0.0002192366887231611,0.03232550644898146,0.4808911464172052,3.570642241784556,0
5655,short_2link,1.35,0,0.0034483587439277166,0.0003207846990694033,0.1396537438392102,0.94119341046346,3.28334487261485,0
5656,soft_5link,1.75,1,0.1240071063375925,0.018243919253438726,0.06961128684323409,0.6446742076837346,13.783330706726527,1
5657,wide_2link,2.25,1,0.5513343039540065,0.040919194508070945,0.09719990714702241,0.8951201056744976,5.056982753561243,1
5658,snake_6link,0.35,0,0.007216575531515063,0.0001667988348268518,0.013560654387293999,0.14497831158904223,7.607037843655306,0
5659,heavy_3link,0.7,0,0.00275521088314404,0.00012836416128806784,0.042682874407487456,0.3943735599393954,1.9246380667772427,0
5660,teacher_2link,1.0,0,0.0007037072875563181,8.999490268346611e-05,0.0738331992760798,0.7465030352805978,4.106583401642314,0
5661,long_4link,1.35,0,0.08970274473800206,0.0038048321950761087,0.004556321612342762,0.24797418917541728,100.29465172366183,0
5662,long_2link,1.75,1,0.40500410536239745,0.011935265942918136,0.029720280686548826,0.7231794985534914,8.748461025228083,1
5663,needle_5link,2.25,1,0.45089020126701707,0.0394709348624906,0.09232327551761657,0.4154911100465157,1.5607315109938715,1
5664,asym_3link,0.35,0,0.004402739852596938,7.349401034698004e-05,0.018511966602111313,0.2081625508711467,1.2088676311085909,0
5665,large_6link,0.7,0,0.0049518723429178065,0.0002094745158692471,0.03352829396555749,0.27286264652024345,3.827975376169818,0
5666,redundant_4link,1.0,0,0.004423722657053671,0.0003224883019622022,0.03456200631328365,0.5153055095167178,4.83375845138437,0
5667,short_2link,1.35,1,0.20501935099482058,0.016046928954835758,0.07044674778237817,0.6625914900072406,5.41996360462711,1
5668,soft_5link,1.75,1,0.29518664638464026,0.03486175274533695,0.05448637507277242,0.5777408615043067,5.142574815852767,1
5669,wide_2link,2.25,1,0.42439547990536874,0.021698073149040407,0.04052488718394732,0.9631267072715435,7.206558338990322,1
5670,snake_6link,0.35,0,0.004962407215521447,0.00027081296135518816,0.00034642353479763586,0.1544285261419993,99.20017556629466,0
5671,heavy_3link,0.7,0,0.005371591377513482,0.00025888149714027445,0.04587258578586304,0.3813972749598277,5.204501624975089,0
5672,teacher_2link,1.0,0,0.007280443176842027,0.00027987142565212873,0.03527848253788133,0.6777373065069652,3.454424798169504,0
5673,long_4link,1.35,1,0.25039006939813474,0.03638670771137514,0.020108173216245803,0.3826245120477616,5.786094243128682,1
5674,long_2link,1.75,1,0.425014509198793,0.03422746836410504,0.1090700133737696,0.6822420034132197,2.5347676583093692,1
5675,needle_5link,2.25,1,0.4106513142239183,0.03802342060785316,0.08101093985593871,0.47411673748538913,1.0805201623337988,1
5676,asym_3link,0.35,0,0.003981479732783238,0.00010838065796080645,0.008548034997548682,0.19737428263126103,4.642363705597912,0
5677,large_6link,0.7,0,0.001683352535792758,9.415904805042208e-05,0.07013689354324541,0.2630556390557964,2.555430273497357,0
5678,redundant_4link,1.0,0,0.0009262242224956092,0.00010646412684438119,0.0959432059816426,0.4813222203366808,3.4277519406981276,0
5679,short_2link,1.35,0,0.1471995217858685,0.004089954495629572,0.00429973874692933,0.24478975933287017,151.13390568205222,0
5680,soft_5link,1.75,1,0.05608679833053,0.008905650468268357,0.19102651891557101,0.7858817369535116,2.254235485728957,1
5681,wide_2link,2.25,1,0.5395744687679813,0.0325788318066215,0.0908827312548617,0.9040783329982944,3.1010235188796416,1
5682,snake_6link,0.35,0,0.01036087394575711,0.00015616416193037235,0.020971337828649322,0.13586732595808723,5.766451733570832,0
5683,heavy_3link,0.7,0,0.0008141985415346957,6.779187227649138e-05,0.011326734998432744,0.3163711715588211,8.111276297943983,0
5684,teacher_2link,1.0,0,0.0035996036193221767,0.0002623181873769683,0.03129226499790827,0.6637367641378891,3.902194083687034,0
5685,long_4link,1.35,0,0.004105570787743189,0.00033156211071380036,0.054585362138375525,0.6358690836766777,3.081962014431637,0
5686,long_2link,1.75,1,0.4126278248607935,0.08949491522817515,0.0870954500740193,0.7546373107317969,4.075463757864606,1
5687,needle_5link,2.25,1,0.45716492092278505,0.08097255090558086,0.15438041155760573,0.3519063459286706,5.757254731896524,1
5688,asym_3link,0.35,0,0.002526217013945488,0.00010703609201451009,0.00014600151368906604,0.17756095534334485,203.89344302769314,0
5689,large_6link,0.7,0,0.0037627033224049747,0.00015485915770874613,0.02828049360134887,0.25372973926516246,2.1879715866892857,0
5690,redundant_4link,1.0,0,0.004167641654386354,0.00027137612599212644,0.029969228776468453,0.4970154047148284,3.856260305657201,0
5691,short_2link,1.35,1,0.2476930303974685,0.007228469631254204,0.018913444480689587,0.6011652939147438,8.219911987238708,1
5692,soft_5link,1.75,1,0.32269241284822164,0.07212571149755499,0.05531089821284432,0.5837272268564314,3.492513044413558,1
5693,wide_2link,2.25,1,0.5485485520020222,0.08371844226955183,0.0681458816909183,0.4727492052088488,3.444264845165497,1
5694,snake_6link,0.35,0,0.0018108846795667824,5.667224583528392e-05,0.037452684977327816,0.16028404410420968,2.5518333996026685,0
5695,heavy_3link,0.7,0,0.00105644383790161,7.319487517102258e-05,0.02789135304901836,0.286279135056228,2.622743986942452,0
5696,teacher_2link,1.0,0,0.1375406909625273,0.0012744307389552683,0.014961525446426326,0.6136177659703738,21.258177806250387,0
5697,long_4link,1.35,1,0.6098560405052896,0.0034660650594326146,0.005259176965166888,0.408704801311507,61.903283056904954,0
5698,long_2link,1.75,1,0.2555832188282689,0.0461723132197853,0.06067461485186033,0.9136517702605437,3.3723896121685755,1
5699,needle_5link,2.25,1,0.2745951967798198,0.03192840241099883,0.10635432068559085,0.678128351349792,1.633485791777748,1
5700,asym_3link,0.35,0,0.0010322848539273653,3.556293813165645e-05,0.021499942336187006,0.18072585207465025,2.8196436660332003,0
5701,large_6link,0.7,0,0.001192354875671792,8.879526788384441e-05,0.02219274631451649,0.21948462709351507,2.7586988734962414,0
5702,redundant_4link,1.0,0,0.0010030342016389855,0.00010625142166140121,0.08631101169354932,0.48079456839962753,2.6099923385853394,0
5703,short_2link,1.35,1,0.14817534246828554,0.004514436365106161,0.019441588324798188,0.7370159685395951,8.501454697402469,1
5704,soft_5link,1.75,1,0.2217799736537296,0.051596514359935154,0.23018648963196045,0.6484062255200007,5.349759665133694,1
5705,wide_2link,2.25,1,0.5443319036942572,0.03826211299388872,0.07305591222927221,0.9012567052770061,2.4558465137771823,1
5706,snake_6link,0.35,0,0.010785957952188651,0.0005251802322278438,0.000617090234379342,0.1376375123150988,123.72353489572566,0
5707,heavy_3link,0.7,0,0.0037703844897888994,0.00021807785258019216,0.05665241398589043,0.36515097646152367,4.998592016570766,0
5708,teacher_2link,1.0,0,0.004178248225580511,0.0002645611139233409,0.033617629632319714,0.6606976075692543,3.662575993608507,0
5709,long_4link,1.35,0,0.0028817527230758553,0.00024168853098200982,0.07348519898017739,0.6466267615318682,1.6015698793048456,0
5710,long_2link,1.75,1,0.3024627757359717,0.057552133746694996,0.0717051958674865,0.8760702274221651,2.9976809972190526,1
5711,needle_5link,2.25,1,0.3551375458275812,0.052811494524434933,0.23054539132659677,0.5336859580936798,2.2915850314401185,1
5712,asym_3link,0.35,0,0.016389869382186097,0.00014183007521092472,0.008667209629469732,0.2000988900221252,4.033291552409012,0
5713,large_6link,0.7,0,0.0011846990784832856,7.943174554461849e-05,0.10727367940905456,0.2356490704317259,2.2014162877897956,0
5714,redundant_4link,1.0,0,0.010399592448248573,0.00039516314538790313,0.024375550320474056,0.5066113725596707,5.187378129129711,0
5715,short_2link,1.35,0,0.037752107289787694,0.003232783002261197,0.003721322496800316,0.6298874412062035,91.26757877631431,0
5716,soft_5link,1.75,1,0.3314343152101817,0.07706771675014566,0.05115806644461072,0.5745863117919817,5.498655251457651,1
5717,wide_2link,2.25,1,0.45541752713076394,0.04187724548084806,0.10434857589952537,0.9496231014052003,1.7954554886730667,1
5718,snake_6link,0.35,0,0.008005616688458415,0.0001011813177005407,0.012666826042101781,0.153133016206415,3.7680228814085712,0
5719,heavy_3link,0.7,0,0.0031709898278412764,0.00016163679741466947,0.021867918682164457,0.34923535944199735,3.0618621093549443,0
5720,teacher_2link,1.0,0,0.0010392328180406404,0.00012318512364190644,0.05053437538646107,0.7160561725948457,3.6964286193369755,0
5721,long_4link,1.35,0,0.0027858271615843833,0.00029136854710463576,0.12099118280444632,0.6847415682687393,3.0807079205436425,0
5722,long_2link,1.75,1,0.418003752946727,0.0242234466948112,0.04644600202504485,0.6922884498660351,5.0239435799572005,1
5723,needle_5link,2.25,1,0.453723901939183,0.03245174649336756,0.09891143370738004,0.690540603939442,5.020440539444408,1
5724,asym_3link,0.35,0,0.015282166121422183,0.0005493364996862098,0.0006410669993769125,0.15000286526617615,94.6773414225811,0
5725,large_6link,0.7,0,0.001210840230640782,0.00011084189230781438,0.0317410505302882,0.2232129271866985,5.961781357665638,0
5726,redundant_4link,1.0,0,0.001260251562113212,0.00011237203663189674,0.13555161003107644,0.4897768022139552,2.1699593460205118,0
5727,short_2link,1.35,1,0.1910492690991547,0.019140194692618573,0.017149516457801696,0.8426614258247462,6.251542204855608,1
5728,soft_5link,1.75,0,0.001981803800071212,0.0003935142911487283,0.04865761988227022,0.8027201346688142,5.334193755917008,0
5729,wide_2link,2.25,1,0.5529942803448755,0.05426636290087518,0.04901592758953877,0.8955168391874626,3.097245362870882,1
5730,snake_6link,0.35,0,0.015469907386988344,0.0001540375770115097,0.007842769709376628,0.1473539192335395,6.414837867043984,0
5731,heavy_3link,0.7,0,0.004133353412729067,0.00018856201889322528,0.02125773287327423,0.39697082073361223,3.376938789771508,0
5732,teacher_2link,1.0,0,0.003824055825173828,0.00023838112236298985,0.08981450921054683,0.6613118824736866,3.078358903250239,0
5733,long_4link,1.35,0,0.015752990834206164,0.002348126027249513,0.002999419155146555,0.5040237610643065,84.99176158633917,0
5734,long_2link,1.75,0,0.05805287211318537,0.004914150221850937,0.042554063518574256,0.585370085825649,128.13336055728777,0
5735,needle_5link,2.25,1,0.421879363116383,0.07243161604904881,0.05919841958705531,0.3877467508828491,5.262080052742425,1
5736,asym_3link,0.35,0,0.014399538753120665,0.00017487409979926615,0.0069043789862216105,0.2101962386258009,5.919103429235632,0
5737,large_6link,0.7,0,0.012803776694994093,0.0002616771084566629,0.03089775688198638,0.2536462184753266,4.761073876255719,0
5738,redundant_4link,1.0,0,0.002025528024449011,0.0002330324532624915,0.03795103296488223,0.476629225445658,5.603269473522731,0
5739,short_2link,1.35,1,0.029225952535212957,0.003345007378035697,0.11371508264433114,0.8720931370114193,14.313054581228403,1
5740,soft_5link,1.75,1,0.35401890405733843,0.03353328674215975,0.07912815233765401,0.5498248398381768,7.57090458929435,1
5741,wide_2link,2.25,1,0.41456930421946797,0.06034559362730653,0.08187876461949513,0.889043019547007,2.035729086857541,1
5742,snake_6link,0.35,0,0.01715714077663782,0.0007232978184211277,0.0007622381112178313,0.11691601274924243,227.25537544663936,0
5743,heavy_3link,0.7,0,0.002289425282664867,0.00012379007220118677,0.02547458761932135,0.2873784036251117,2.32490283917784,0
5744,teacher_2link,1.0,0,0.0013458593300139882,0.000183415686972447,0.06923148787694582,0.7142041563426806,7.385296806233916,0
5745,long_4link,1.35,0,0.017997153337051448,0.0005901471461445532,0.03077538234743414,0.6973275786177331,5.370832335592037,0
5746,long_2link,1.75,1,0.40214358544157247,0.07837493519276323,0.07104686269753628,0.7630977506806266,7.31265496120954,1
5747,needle_5link,2.25,1,0.2621662999408526,0.025603536847348646,0.09850891020727422,0.6997144362244614,1.552824450554123,1
5748,asym_3link,0.35,0,0.008616883690897444,0.00010277350868018874,0.01394196590652375,0.19858655864075975,2.9479818273123923,0
5749,large_6link,0.7,0,0.008914944765133825,0.00038874439643202344,0.01526794294032105,0.2966188626818755,9.07123574397817,0
5750,redundant_4link,1.0,0,0.0012679169577044691,0.00016845261828025916,0.020805639693742377,0.47529368963137975,7.7237249136426245,0
5751,short_2link,1.35,0,0.03361222643185117,0.003199138213382965,0.0032576464801823456,0.6872778271066152,257.610794668906,0
5752,soft_5link,1.75,1,0.031103250009853634,0.005209187160563564,0.14808431139810138,0.7850116167706362,3.0147056640303274,1
5753,wide_2link,2.25,1,0.53638855230614,0.05258168275138703,0.021115680343968286,0.895351055028032,9.673091492521317,1
5754,snake_6link,0.35,0,0.016805020451136393,0.00016230776386775623,0.015101491094962815,0.1515140434166224,6.451058849789873,0
5755,heavy_3link,0.7,0,0.0052907201717546926,0.0002074138302689208,0.02098866146211995,0.46069091797597744,3.39671081516196,0
5756,teacher_2link,1.0,0,0.0017185176894810908,0.00016569244530075897,0.04006067764637756,0.7424053331380586,2.9837618189120367,0
5757,long_4link,1.35,1,0.07915687619663618,0.012822657859349607,0.030738201219602197,0.5208954437289283,4.628770335226952,1
5758,long_2link,1.75,1,0.35149373164235204,0.06026108803254292,0.14977809165053824,0.7813222437598627,4.563406600299205,1
5759,needle_5link,2.25,1,0.3134071736563234,0.02558972973899193,0.13037055799157962,0.7665221953496942,3.544893597634118,1
5760,asym_3link,0.35,0,0.03776503245813487,0.000876936760778666,0.0009821848900094191,0.11349135816165641,111.08264756346759,0
5761,large_6link,0.7,0,0.00074011230475837,6.443270261800303e-05,0.017936959728644456,0.23257054152349318,4.80294935116997,0
5762,redundant_4link,1.0,0,0.0014111146413416866,0.00012639449320328789,0.03982227939437401,0.48446565588986756,2.1517877151059217,0
5763,short_2link,1.35,1,0.2287853389002334,0.006645528290607069,0.030934154613035933,0.6494000049505234,4.053585431274341,1
5764,soft_5link,1.75,1,0.24871203732209837,0.06649907219567704,0.17188751033136368,0.6426359499077369,12.35199917129942,1
5765,wide_2link,2.25,1,0.5367816674047919,0.03921417917114071,0.08917945712256589,0.9051649379307345,2.1911432723885507,1
5766,snake_6link,0.35,0,0.0018603232843396405,5.001425196721031e-05,0.027476820244957716,0.1576990662035514,2.686259292344785,0
5767,heavy_3link,0.7,0,0.003580452123737514,0.00013408989938679596,0.03487544630779392,0.3841879031199761,1.3317408706040061,0
5768,teacher_2link,1.0,0,0.003127442283305116,0.0003640513887070386,0.011763762624149165,0.7372098956797184,8.750375984277177,0
5769,long_4link,1.35,1,0.10134552314003427,0.017752542203510323,0.0021362398975355006,0.4516696518747892,79.17229047923146,1
5770,long_2link,1.75,1,0.3988388044117225,0.05840938133355002,0.14281898164527657,0.7144986191111407,5.197209429995013,1
5771,needle_5link,2.25,1,0.41933002426939264,0.03447846183124128,0.11804351302550486,0.5882791380929023,1.7837169342856312,1
5772,asym_3link,0.35,0,0.0008022577145111908,3.149986333501595e-05,0.013618764366877522,0.17688706340165283,5.9002204147566975,0
5773,large_6link,0.7,0,0.021164130335670724,0.0003227470788608854,0.016952825675874087,0.2724225252498372,6.386979432651542,0
5774,redundant_4link,1.0,0,0.002025537087282949,0.0002520066188107142,0.15801371848870646,0.4731073914848287,6.8854979901254545,0
5775,short_2link,1.35,1,0.06656737844820029,0.0070510480586685,0.07185869951098824,0.9245239520632624,3.749328017312858,1
5776,soft_5link,1.75,1,0.17120560876032492,0.007970233671811494,0.053771949166690695,0.6575563249162145,4.77045013874418,1
5777,wide_2link,2.25,1,0.5275545935820487,0.07805558686826274,0.07586559115397569,0.5532227461831466,1.859897616337146,1
5778,snake_6link,0.35,0,0.0178897410937107,0.0007041287639061194,0.0009060916335575071,0.12309283563063785,96.32558709848382,0
5779,heavy_3link,0.7,0,0.01669238360421486,0.0003320326819167561,0.014772905859425355,0.5122653664087272,5.356289445467414,0
5780,teacher_2link,1.0,0,0.0004450051808568699,6.758546966458969e-05,0.1249735805662933,0.7391825319237023,16.754661090566476,0
5781,long_4link,1.35,1,0.08943892019265749,0.005861875048987912,0.0738605038950816,0.6610226807835982,1.7857891510127475,1
5782,long_2link,1.75,1,0.3704555056103154,0.05745805209298496,0.07279361920911166,0.7997647829565666,3.717713243374291,1
5783,needle_5link,2.25,1,0.2940765133307714,0.02634778812046719,0.12689004290070757,0.5397428589285101,2.345920071969597,1
5784,asym_3link,0.35,0,0.004587296316419904,7.921714577284908e-05,0.013689395360302543,0.1899340204128961,1.9715459375163364,0
5785,large_6link,0.7,0,0.003269683699348403,0.0001678785105748643,0.043450716601200506,0.25833721696967304,3.279626133230603,0
5786,redundant_4link,1.0,0,0.00524987588578444,0.0005241835558372777,0.0888461253076515,0.47383207000983746,10.663480416207955,0
5787,short_2link,1.35,0,0.06864492899261951,0.0039201883365494175,0.0039341358802225225,0.4276571516485815,568.789259709777,0
5788,soft_5link,1.75,1,0.17629027130151248,0.013060270755987296,0.0769230324334616,0.6697882797472787,1.4399065550045762,1
5789,wide_2link,2.25,1,0.5203626450270468,0.07002760721320951,0.16894989706994093,0.9072752971135978,8.511434545200913,1
5790,snake_6link,0.35,0,0.0018656394090820587,4.851104523330345e-05,0.01701069086100802,0.15496136985523276,1.7564291890095194,0
5791,heavy_3link,0.7,0,0.005721527579588804,0.00016805995875416636,0.031114017465134067,0.38584121161210927,2.271953739815865,0
5792,teacher_2link,1.0,0,0.0011186374324368053,0.00013691583786920833,0.04760351284460781,0.7131191482097723,4.2623199926213475,0
5793,long_4link,1.35,0,0.0016483886833602013,0.00020991423480817118,0.04411167646244751,0.6585755605708566,2.7162093716622064,0
5794,long_2link,1.75,1,0.3897964678422918,0.09769159574099606,0.09873866205201515,0.7621353392127086,131.35090633713725,1
5795,needle_5link,2.25,1,0.4854824303184608,0.05699792780251423,0.030144108373641787,0.47840907845704345,5.59182042139387,1
5796,asym_3link,0.35,0,0.0009925023105520452,4.222423975512226e-05,0.00016164033546836362,0.1775050561354637,205.4747226672831,0
5797,large_6link,0.7,0,0.0031034552815867164,0.00016093797342023187,0.056959533699054585,0.2209238962960497,3.3091539593587664,0
5798,redundant_4link,1.0,0,0.0013154822226314,0.00013928637666452368,0.03477899421165736,0.4834509793109679,3.122526201309204,0
5799,short_2link,1.35,1,0.043694727975396704,0.005692911798281124,0.02130779020348587,0.9344380214158939,12.32679102996214,1
5800,soft_5link,1.75,0,0.004691332008741491,0.00047819474040952133,0.06313584615977769,0.7875420746664064,3.9479580507623004,0
5801,wide_2link,2.25,1,0.3660821632884338,0.05008669299622825,0.03876098776798865,0.47706535368892744,105.44174402925307,1
5802,snake_6link,0.35,0,0.004654238404088953,7.915714888623228e-05,0.020324550388194192,0.15304443840849602,1.5686190729563956,0
5803,heavy_3link,0.7,0,0.005611806873639082,0.00023199484189385968,0.019899912145075933,0.5048007020385455,4.014362799517837,0
5804,teacher_2link,1.0,0,0.000506578018036389,7.689958958986486e-05,0.05045148526610591,0.7417444201734659,16.844511162716277,0
5805,long_4link,1.35,0,0.01335713810486539,0.002142300433715186,0.002615360685200312,0.5198256840730144,116.17055759810754,0
5806,long_2link,1.75,1,0.3213771505441249,0.04963694977169827,0.02287366377699662,0.841200536107747,11.599681745953616,1
5807,needle_5link,2.25,1,0.36720771419691217,0.022965992406140046,0.056932976013151185,0.6625251135207085,1.370031470134488,1
5808,asym_3link,0.35,0,0.001438677394920525,4.6426230241836324e-05,0.01798298138926411,0.16910729468870908,2.753270282457369,0
5809,large_6link,0.7,0,0.003234580341460888,0.00017007398501318798,0.022562971813689898,0.26091817402840384,3.466121044129172,0
5810,redundant_4link,1.0,0,0.02988940026323213,0.0008225398585852747,0.012068209977953792,0.5192084359381925,12.823676820461626,0
5811,short_2link,1.35,1,0.2384920921848871,0.02395361764414354,0.025001032896856904,0.8167670785123233,3.943117851245201,1
5812,soft_5link,1.75,1,0.1384502931813506,0.021082046813452802,0.03672962784003779,0.6478846802158379,6.621661834137084,1
5813,wide_2link,2.25,1,0.5206850494966296,0.07005794907550007,0.05227658279606343,0.9117608774831506,3.770855008066386,1
5814,snake_6link,0.35,0,0.029713031339527615,0.0009023368705325147,0.0009693805296303778,0.09214448143086418,187.99781290095822,0
5815,heavy_3link,0.7,0,0.0028903426875307686,0.00013714143917501972,0.019970556442847613,0.3955401893636656,2.207944404001298,0
5816,teacher_2link,1.0,0,0.002010598294112776,0.00017468452233934215,0.03474699156883794,0.7370324203844966,2.6858020066711585,0
5817,long_4link,1.35,1,0.09118037723820609,0.014566588290312243,0.05316273052852102,0.5046866001327575,4.0390279157815,1
5818,long_2link,1.75,1,0.29707716200696066,0.02098675377994504,0.03734032091634014,0.8541690681240356,6.285713789458862,1
5819,needle_5link,2.25,1,0.38363697966626215,0.07037357271547674,0.17212020940661119,0.4377426757656865,6.461502073157237,1
5820,asym_3link,0.35,0,0.011918130285745322,0.00017059465943068704,0.006493571654104641,0.19686314668544758,5.951528109392911,0
5821,large_6link,0.7,0,0.001578864853628171,8.956580594475286e-05,0.08379517798371154,0.24790650332706782,1.6435358840516743,0
5822,redundant_4link,1.0,0,0.004599281422293335,0.00036167458177735164,0.02801199046364307,0.5092304351139221,5.823967620178377,0
5823,short_2link,1.35,0,0.02304590290555226,0.0026188540603883158,0.002852086857668501,0.8212564183547946,188.78401922401338,0
5824,soft_5link,1.75,1,0.09840861435745157,0.017165527506544997,0.10687641267645585,0.7040841437686508,4.1072594746928,1
5825,wide_2link,2.25,1,0.5418645535188245,0.05088756210165989,0.022017096990866843,0.8948321216834964,8.363106393429403,1
5826,snake_6link,0.35,0,0.005691592715045194,0.0001884355184708073,0.024904516158246313,0.1466594979768106,10.443726320863172,0
5827,heavy_3link,0.7,0,0.009437198259149479,0.00022093787586642294,0.027025750658091183,0.34134641720031944,3.1120350987286867,0
5828,teacher_2link,1.0,0,0.07062646658892391,0.0023747351315359174,0.02976960390375772,0.4610309899016457,58.48712185694877,0
5829,long_4link,1.35,0,0.010983319912643107,0.0005566666165214852,0.03275045041830159,0.5969852833332836,5.381799752251797,0
5830,long_2link,1.75,1,0.42804849311027765,0.037568333075039095,0.05675852915889667,0.6759362840326808,4.001558180894234,1
5831,needle_5link,2.25,1,0.2878001282649256,0.048586730152077026,0.06071873826169585,0.5422136334620393,2.5936011762832725,1
5832,asym_3link,0.35,0,0.057551993917702805,0.001005665542527542,0.0010135940599617919,0.07875168268338546,432.15047246357966,0
5833,large_6link,0.7,0,0.002615821973470707,0.00017727004588680763,0.02363372516638011,0.2857258875973973,4.729428513813084,0
5834,redundant_4link,1.0,0,0.005657267495495343,0.00023841353001138302,0.03626388297969886,0.5087579219517862,1.1286934180321768,0
5835,short_2link,1.35,1,0.13467850623718666,0.01765615754387271,0.0450990646185373,0.8298383363586681,703.6400982228134,1
5836,soft_5link,1.75,1,0.2307459462468353,0.06182589844052709,0.06342026222072583,0.6538152405126737,9.351512048285379,1
5837,wide_2link,2.25,1,0.5345426063237386,0.10078881761469742,0.1534652467766599,0.52740038782621,5.215444473135111,1
5838,snake_6link,0.35,0,0.0004849969403686326,2.437464099736974e-05,0.039271365192055006,0.15743562693995855,6.249292012723113,0
5839,heavy_3link,0.7,0,0.001958764212549869,0.00010627550310856828,0.04014028418655209,0.36445920342195187,1.9386389706834133,0
5840,teacher_2link,1.0,1,0.47354559244508887,0.003130772980679192,0.003247855815583718,0.09752052126791844,354.7511046485397,0
5841,long_4link,1.35,1,0.10096240175839866,0.015137356707357164,0.0033736590336521867,0.40881402822376417,55.18983254041702,1
5842,long_2link,1.75,1,0.36915315229544277,0.05294868110955398,0.05969344391967358,0.8017600467708484,2.864367455103949,1
5843,needle_5link,2.25,1,0.3148895190506884,0.02980230632709847,0.11867586157406432,0.602655323204888,2.0800642561448575,1
5844,asym_3link,0.35,0,0.005664604427205407,0.00013272630164962846,0.0064514135858915475,0.1944319350764918,5.137713309970719,0
5845,large_6link,0.7,0,0.002406057094811253,0.0001517017907133016,0.020734966846870782,0.22653207668692532,3.643450853135608,0
5846,redundant_4link,1.0,0,0.0015699790041077872,0.00013061103528090977,0.039127246077413254,0.48163058672917686,1.8430254013754344,0
5847,short_2link,1.35,1,0.11059985465967913,0.015038612461845988,0.08294740317738343,0.8928411594341567,14.56670674206187,1
5848,soft_5link,1.75,1,0.23912842128060957,0.033609611294381024,0.10085516895172944,0.6008830176417846,2.9984846418450215,1
5849,wide_2link,2.25,1,0.4635336833628341,0.0640566417022682,0.040374530069491384,0.46506218564222235,33.138765027776984,1
5850,snake_6link,0.35,0,0.04968600252246907,0.0009416907143334742,0.0011576552708825552,0.07380613646565244,107.36873849838334,0
5851,heavy_3link,0.7,0,0.0009714685484811072,6.928100392743743e-05,0.01489356592288179,0.2981485806878944,4.0209354973026254,0
5852,teacher_2link,1.0,0,0.0020542635112364214,0.00023081366413871496,0.033110752349632705,0.6893715423262043,5.265646581079399,0
5853,long_4link,1.35,0,0.0026913485783491967,0.0003599007918305546,0.029313730153292628,0.692567442068174,5.147352186973789,0
5854,long_2link,1.75,1,0.4268385636493186,0.04221333859096233,0.132976025721226,0.676521494086068,4.470127868205016,1
5855,needle_5link,2.25,1,0.35381165002290416,0.05271223188379603,0.05288159827975336,0.47337203098631603,2.3312826919967238,1
5856,asym_3link,0.35,0,0.007302429571504456,0.00010331456621192585,0.017374380222534663,0.19595790361121768,3.022388203467262,0
5857,large_6link,0.7,0,0.001079649707130903,7.784930858306793e-05,0.031137215812076083,0.22430123635057728,2.6342079737714164,0
5858,redundant_4link,1.0,0,0.0015777765989903247,0.00015171223787073486,0.03547482488328489,0.4787966275484471,2.7678783107167395,0
5859,short_2link,1.35,1,0.05285039357675133,0.006335265683532655,0.007540028044424884,0.8319468332953389,648.2179908768328,1
5860,soft_5link,1.75,1,0.22887814651047225,0.03417395265117342,0.06845167871475182,0.6074920031377292,3.2442046725043103,1
5861,wide_2link,2.25,1,0.5038430387326479,0.07078844922310167,0.15228556843491164,0.9211268318001409,3.337803011566342,1
5862,snake_6link,0.35,0,0.0010463482495555328,4.331414202100436e-05,0.03655900221164091,0.15887686144384006,4.605417741603979,0
5863,heavy_3link,0.7,0,0.0018504500447727105,0.00011833907086298041,0.015541050584882742,0.27597992530659565,3.036049599774622,0
5864,teacher_2link,1.0,0,0.040996062604492636,0.0025011795378337546,0.018780964985160898,0.4117733928886182,82.42840411691117,0
5865,long_4link,1.35,0,0.0033150533838827404,0.00025083588746786193,0.07357641732730102,0.6846770189982937,1.5290736555208273,0
5866,long_2link,1.75,1,0.42551458321324953,0.0911198891481378,0.07991410021776815,0.7404791582130178,4.244415219274962,1
5867,needle_5link,2.25,1,0.3725137449250062,0.030797864688110133,0.11757323408692515,0.6289632059406596,1.7261604831610176,1
5868,asym_3link,0.35,1,0.5462138945302473,0.00095755566507328,0.0012793952029178178,0.10169248070330018,66.39611102382824,0
5869,large_6link,0.7,0,0.003765198335878359,0.00014698410179490919,0.03249162561507619,0.2875782435210526,2.0837466078008635,0
5870,redundant_4link,1.0,0,0.007676562982431256,0.0003427813648875069,0.03083975839735212,0.4591708440596532,4.721974930735238,0
5871,short_2link,1.35,1,0.21594212660815798,0.0052544717722579955,0.02458610311045193,0.6707412868978417,5.762060327232375,1
5872,soft_5link,1.75,1,0.34694759627740956,0.030581246172108233,0.053570095353827965,0.5566180977879099,5.8004792010282955,1
5873,wide_2link,2.25,1,0.4298695427663264,0.06816658504513362,0.19155721553297106,0.8474597737505649,2.441822023268382,1
5874,snake_6link,0.35,0,0.002017384880615506,5.8498638847389684e-05,0.019518235370164366,0.15939732137561638,2.362598673592206,0
5875,heavy_3link,0.7,0,0.00970123579873146,0.0003633990723862293,0.01083735246467123,0.4951909005144451,6.879384601274866,0
5876,teacher_2link,1.0,0,0.0007388259423180306,8.595669866094338e-05,0.0520907079324093,0.7406502672742622,3.062429318254055,0
5877,long_4link,1.35,0,0.004598054590060449,0.0008482461967784979,0.004501985192371912,0.5800693710341126,64.22066735824151,0
5878,long_2link,1.75,1,0.2839281290664658,0.008183672843213525,0.013785277186416254,0.7787222407167378,28.032057014157935,1
5879,needle_5link,2.25,1,0.42781229496808254,0.06479385649505917,0.05461649687169671,0.39374463675594273,3.18881819308355,1
5880,asym_3link,0.35,0,0.0045472275314348875,7.647506892720521e-05,0.014982194752277848,0.18700800489206,1.7061401298906205,0
5881,large_6link,0.7,0,0.00319826241078073,0.00012645101282430233,0.04578501462693062,0.25135507079648545,1.666089119569817,0
5882,redundant_4link,1.0,0,0.00236862482660688,0.00028215147920779906,0.03413343054300385,0.47561092741077177,7.427805319782243,0
5883,short_2link,1.35,1,0.2506557850408598,0.005448342993545657,0.01765207965700903,0.6145645249041403,8.386973877285875,1
5884,soft_5link,1.75,1,0.23219254877364504,0.04776009061379817,0.3446422265481816,0.6371359758943554,4.460208453984256,1
5885,wide_2link,2.25,1,0.5422592683073497,0.08224119833931595,0.06069455081854615,0.4896159273822548,5.2235966492445645,1
5886,snake_6link,0.35,0,0.01418090288434578,0.0006367255535226811,0.0007542102092578068,0.1311043003578114,141.20057315267334,0
5887,heavy_3link,0.7,0,0.001776231560322378,9.789830316833071e-05,0.04698892982514228,0.27009526929080835,1.7943661631223329,0
5888,teacher_2link,1.0,0,0.03303947336018823,0.0009173241122421682,0.0196271712321439,0.63574255373547,14.736754549453078,0
5889,long_4link,1.35,1,0.05053113455404836,0.006272248440041418,0.032007657691713064,0.5175372048894497,4.5481703523517565,1
5890,long_2link,1.75,1,0.30789562572121404,0.03921230227042749,0.11989950550180768,0.8692187195167267,3.2080391095623746,1
5891,needle_5link,2.25,1,0.4638552443454228,0.046949259967174445,0.06213757101918514,0.34376424729556593,1.47823697262685,1
5892,asym_3link,0.35,0,0.013004488860064282,0.00013115621562625318,0.014965704131990979,0.2058725019698027,3.4969105891323737,0
5893,large_6link,0.7,0,0.011927714694404372,0.0004626329971988646,0.013436693101219572,0.2679902973533288,10.56148758551046,0
5894,redundant_4link,1.0,0,0.0006086298261579595,8.023175627217805e-05,0.05457547771619788,0.4804863265873799,5.03333195050011,0
5895,short_2link,1.35,1,0.21587306486095906,0.030575327642694394,0.028962510602191672,0.8201107520473329,162.55300642723623,1
5896,soft_5link,1.75,1,0.19835127865591493,0.017180181057067617,0.07516143785465614,0.652946144559563,2.2725590357726233,1
5897,wide_2link,2.25,1,0.5505715697134644,0.04288469764116333,0.11183085116754356,0.8978489295573729,2.0831707489696263,1
5898,snake_6link,0.35,0,0.0011584434077901741,4.066028374241242e-05,0.053414265501744405,0.15899477506584017,2.520604827752165,0
5899,heavy_3link,0.7,0,0.002797996635937041,0.00013975894475574456,0.07338396455572263,0.37087178013361743,2.4463829021109365,0
5900,teacher_2link,1.0,0,0.01035938502403333,0.00032817822706315787,0.03520753007619134,0.6729439968730979,4.341384772553902,0
5901,long_4link,1.35,1,0.12889553439022625,0.004874988794299304,0.02776666494085424,0.522507947554368,6.256630207510657,1
5902,long_2link,1.75,1,0.3048061875813558,0.021118155154738267,0.040419815639930544,0.845192172438477,5.71017252353641,1
5903,needle_5link,2.25,1,0.5098375255404757,0.052716580930960384,0.06413522090370825,0.3081765531944663,2.1328030608882105,1
5904,asym_3link,0.35,0,0.0248310034585714,0.0007032522266339554,0.0009713379552720811,0.12642799430875049,62.21538176711264,0
5905,large_6link,0.7,0,0.003038244824332337,0.00012343234597456647,0.044501189994784335,0.2564293938390704,1.4466059020852589,0
5906,redundant_4link,1.0,0,0.0007895243490158935,9.08145613213977e-05,0.03706637717066598,0.4808494029569622,3.2810141132546473,0
5907,short_2link,1.35,1,0.1573836642798001,0.005065898128391747,0.007824231803528228,0.5943821879046166,21.267775164180346,1
5908,soft_5link,1.75,1,0.3477795283044102,0.09334631133570491,0.05661156799482363,0.5600297536481524,8.156975434767144,1
5909,wide_2link,2.25,1,0.4813528239396869,0.055430032693983555,0.09899081262191184,0.7003897868427402,2.2120691180686705,1
5910,snake_6link,0.35,0,0.0009504549094435475,3.733634638257519e-05,0.04660529840721074,0.1547798418213095,4.331011291780054,0
5911,heavy_3link,0.7,0,0.0047069817897132426,0.00019442712267966767,0.02204103913899873,0.2850888308488746,3.349341953536723,0
5912,teacher_2link,1.0,0,0.0043310595616596744,0.00032470697270722533,0.09091636697496083,0.6620614943300344,5.218491128685575,0
5913,long_4link,1.35,1,0.165007834392961,0.004123990150135174,0.004346298502981356,0.1741223342168485,192.21407800844528,0
5914,long_2link,1.75,1,0.3393505087335094,0.05488680230278698,0.10890101706144503,0.8250378846757283,10.3097801361297,1
5915,needle_5link,2.25,1,0.4956628974389842,0.07509794563058833,0.06332163614008413,0.350530330074318,4.695324976020533,1
5916,asym_3link,0.35,0,0.005547257732433962,0.00012976514507200877,0.025902993642420175,0.19811830204709802,4.990522385555641,0
5917,large_6link,0.7,0,0.0022005929331316287,0.00012922155262304962,0.04187181623550927,0.2547286486071643,2.884286610624021,0
5918,redundant_4link,1.0,0,0.004564214793128814,0.00028122377218981213,0.02860135520436725,0.5015042314264789,3.6678526819634065,0
5919,short_2link,1.35,1,0.25689573117750997,0.031210371450814657,0.022070528303907176,0.8057389481640793,6.0325358777765645,1
5920,soft_5link,1.75,1,0.19393869034574537,0.01873593373430034,0.06863502963312433,0.6274201095546914,3.2909539902911553,1
5921,wide_2link,2.25,1,0.5274746568665294,0.0714722716557764,0.05608209019272735,0.5484030641454156,3.434602622557417,1
5922,snake_6link,0.35,0,0.008285875900963266,0.00043154202985789896,0.0004504937398942949,0.14604840618733228,245.66734002634573,0
5923,heavy_3link,0.7,0,0.017852600650415544,0.0002992304251171447,0.02282227738169566,0.5330330495216056,4.770382439408618,0
5924,teacher_2link,1.0,0,0.0023778666362434526,0.00019111632070346673,0.05673379677433105,0.7296651609768524,2.7160912529983565,0
5925,long_4link,1.35,1,0.17031798004129742,0.01755818378447968,0.0715802732256066,0.4452579986170069,1.537470303905673,1
5926,long_2link,1.75,1,0.42751781629481983,0.08547617879652845,0.09293894816304184,0.7383459133474967,3.5003984771854713,1
5927,needle_5link,2.25,1,0.3850155244719767,0.06997771507300106,0.06380730469193259,0.4044803332276714,5.629290442522761,1
5928,asym_3link,0.35,0,0.0031585438521517617,0.00011336214535238704,0.0061573558623407975,0.1970863843363446,7.730203987972662,0
5929,large_6link,0.7,0,0.00629359113295465,0.00019958213157985594,0.04231813394883364,0.2776024876640745,3.2539669559813404,0
5930,redundant_4link,1.0,0,0.0011846598533008788,0.00014892043044109786,0.1431147238483056,0.4972114701500537,5.0213796481998205,0
5931,short_2link,1.35,1,0.21529453711610416,0.030989524938129755,0.031239793668905454,0.8273524857021615,646.4381661275679,1
5932,soft_5link,1.75,1,0.2150730119766378,0.033972364651672644,0.20846328057783095,0.6688948267210121,2.4023773647451687,1
5933,wide_2link,2.25,1,0.4713454912704533,0.07629595527840131,0.19319643754545254,0.9345130151361019,9.882028325008378,1
5934,snake_6link,0.35,0,0.0012680108654373999,5.064818014580506e-05,0.011557261470954873,0.1563679945815631,6.430937836497788,0
5935,heavy_3link,0.7,0,0.009006629058813815,0.00048391139403325845,0.008641686986191515,0.3705458786836311,11.171575735228982,0
5936,teacher_2link,1.0,0,0.0009441272430897431,0.00010250194719118665,0.04109244114036742,0.7268743622078558,2.7461424993016856,0
5937,long_4link,1.35,1,0.0624622076910974,0.0045378898159633505,0.055748351409224094,0.5236640706394274,1.0658091365982214,1
5938,long_2link,1.75,1,0.30525658561780333,0.062029337327992505,0.26515401108164693,0.8392404996309931,10.063278380676696,1
5939,needle_5link,2.25,1,0.5000351358698576,0.05767036215685027,0.15997464058731858,0.34622775451282817,3.4331950117267223,1
5940,asym_3link,0.35,0,0.06926642503977139,0.0010197005643175006,0.0010591914808613708,0.08041600153134533,197.20273569573945,0
5941,large_6link,0.7,0,0.003499383706299816,0.0001518015230773764,0.02843152070332469,0.23176502216464423,2.6056972678994836,0
5942,redundant_4link,1.0,0,0.0010004361834010237,0.0001360676700609276,0.07107150672335452,0.4898422128220544,9.891145821989914,0
5943,short_2link,1.35,1,0.23863149075262613,0.0149824314727491,0.04460682661333605,0.6127499561798792,5.806990895846656,1
5944,soft_5link,1.75,1,0.16544866449910042,0.0377608757536066,0.1371819565181164,0.6690123951744252,7.939233494348445,1
5945,wide_2link,2.25,1,0.4267599937758605,0.022386673334771196,0.05343174845506037,0.9629591810434082,6.603471361563645,1
5946,snake_6link,0.35,0,0.004684358203103249,0.00018774680740118088,0.027990491553326724,0.15251305003113558,12.821199870039031,0
5947,heavy_3link,0.7,0,0.0031084715322713206,0.00012378803983125716,0.03102452889039358,0.34758862528234147,1.1683312043696532,0
5948,teacher_2link,1.0,0,0.007229333566684824,0.0009250644849953289,0.08137160026365699,0.7149926788794235,30.32899841025885,0
5949,long_4link,1.35,0,0.007925444375007884,0.001401926815433773,0.0017873173396594697,0.553454970740129,89.40718037665569,0
5950,long_2link,1.75,1,0.22368692048346125,0.025108055436553024,0.043694984046399266,0.960684717014531,5.339242616347854,1
5951,needle_5link,2.25,1,0.3800975597702226,0.028941130695376505,0.0436918306288515,0.647793311012991,3.979612370408198,1
5952,asym_3link,0.35,0,0.0018232515969686324,6.224544964819312e-05,0.018164112890894507,0.19981718270993873,3.9003226974203926,0
5953,large_6link,0.7,0,0.002803496634498608,0.00013976587318813318,0.05788347085606675,0.2571067142269358,2.481360102376531,0
5954,redundant_4link,1.0,0,0.002444504901159048,0.00017023400392129827,0.10229716128670772,0.48752497867107586,1.8651933273004815,0
5955,short_2link,1.35,1,0.2359864278166133,0.005470618150660953,0.030057583464017816,0.646073983945315,5.603096678461676,1
5956,soft_5link,1.75,1,0.19541753531496472,0.015407918172840979,0.07292603171242926,0.6545639615408572,1.2102936468387322,1
5957,wide_2link,2.25,1,0.4638491548359268,0.06618951569243392,0.04475353151287259,0.45307710387388433,37.22559249353388,1
5958,snake_6link,0.35,0,0.07811962458375284,0.0009245763893070476,0.0012682342726375966,0.08141232395916599,84.09643682538787,0
5959,heavy_3link,0.7,0,0.0017479032681149557,0.00012618953164355453,0.009732437288857945,0.26377089047807306,4.397557516752925,0
5960,teacher_2link,1.0,0,0.002119811041208273,0.00018460813508544593,0.035070777000560154,0.6808221154645862,2.8803091559038134,0
5961,long_4link,1.35,0,0.00508850013416007,0.00030595019395905664,0.07138083232759478,0.695767763081803,2.1104513742514786,0
5962,long_2link,1.75,1,0.4185272946779218,0.08947315242575549,0.08174768078283763,0.7481875482154158,3.9658890227800914,1
5963,needle_5link,2.25,1,0.3402013298006709,0.06280735119001365,0.0655221760717688,0.4889663095991493,4.15969173938655,1
5964,asym_3link,0.35,0,0.01003029722926935,0.00012511629966591658,0.009449143345296881,0.2114263781205664,3.8553560386656236,0
5965,large_6link,0.7,0,0.0018465492005138426,0.0001384464149715129,0.06556420219287412,0.22073675154147573,4.182134942136419,0
5966,redundant_4link,1.0,0,0.002625224177586392,0.00027876954660978115,0.03416821871377384,0.5048505253453547,5.888638579032087,0
5967,short_2link,1.35,1,0.21836490031427833,0.031536253383232495,0.031717884183667014,0.8270617667732142,704.3309666366333,1
5968,soft_5link,1.75,1,0.2015879660608704,0.031138802396276026,0.23292289598475163,0.6834832844684959,2.1438706113560886,1
5969,wide_2link,2.25,1,0.5402902117982574,0.07773171847136251,0.06308083831956993,0.5038477045436478,3.2262628062194953,1
5970,snake_6link,0.35,0,0.0015890281452822276,5.838663378626184e-05,0.04975072828897119,0.1611258835811043,3.5643220596791325,0
5971,heavy_3link,0.7,0,0.0060586127552352195,0.0002197199914105001,0.03341913896762696,0.2939910343774738,3.6177942050862373,0
5972,teacher_2link,1.0,0,0.0004913251055704236,7.026774926629384e-05,0.13053323934834604,0.7392061219385825,6.702848075901346,0
5973,long_4link,1.35,1,0.08476602906464138,0.012397991934808816,0.06237657929564814,0.5569742175277655,4.04677141718253,1
5974,long_2link,1.75,1,0.3869832491621465,0.009180832719332436,0.03424938318711324,0.7490883078582322,13.102797350927398,1
5975,needle_5link,2.25,1,0.30660544916647553,0.04035264678556759,0.038337640063095965,0.6503334410156251,7.68122519739901,1
5976,asym_3link,0.35,0,0.0007963545648699528,3.38859836199337e-05,5.410772456443504e-05,0.17713494195176072,115.95975060167137,0
5977,large_6link,0.7,0,0.0010877505470808246,8.742436231852893e-05,0.13707741079439206,0.2550621388923149,3.8971785400926877,0
5978,redundant_4link,1.0,0,0.00929808897718591,0.00030510395417384425,0.03628102823065601,0.506326029449756,3.2409005563294135,0
5979,short_2link,1.35,1,0.17587015567303976,0.0237214013336615,0.09837525905788332,0.8205224145561976,314.5662540321929,1
5980,soft_5link,1.75,1,0.3599244167947933,0.04387654771295989,0.037303648074079966,0.5413189397426003,6.865652603242429,1
5981,wide_2link,2.25,1,0.5162270588673649,0.06294593021701558,0.057782369691086154,0.9149380024601692,2.261440534431003,1
5982,snake_6link,0.35,0,0.012652906444952892,0.00012539641589417788,0.011623388117606128,0.13611295499778692,4.744530168719345,0
5983,heavy_3link,0.7,0,0.003891013966236168,0.0002292475228560325,0.010963086873554703,0.2626279963421944,5.386277940481319,0
5984,teacher_2link,1.0,0,0.0017777274927231073,0.0001760192485453294,0.06474154914911778,0.6898549556422893,3.3040518718792247,0
5985,long_4link,1.35,1,0.0945936583683701,0.017829216634962154,0.008376696442848056,0.49593592798224084,58.6758218694072,1
5986,long_2link,1.75,1,0.34061581013232445,0.05404436123017817,0.05345683764939912,0.797468218829661,3.141367734679538,1
5987,needle_5link,2.25,1,0.36930513395052644,0.03240012948968767,0.0884359191241272,0.5767887866245568,1.5871900323261896,1
5988,asym_3link,0.35,0,0.0016997689379604599,5.1724957003981054e-05,0.010537257687732483,0.20137563675274223,2.5250798405400134,0
5989,large_6link,0.7,0,0.0034171845634966037,0.00013605250242365748,0.03696699201658653,0.29255730836547084,2.173231361442324,0
5990,redundant_4link,1.0,0,0.007522655503589006,0.00040961495543229967,0.05741119184157658,0.5054499891668276,5.86198207923547,0
5991,short_2link,1.35,1,0.258936446323849,0.03039028709994256,0.14455431353730802,0.8051268285908041,4.712858699552448,1
5992,soft_5link,1.75,1,0.17551444600638746,0.015980025734252706,0.0867597184633899,0.6666556981065964,1.1295972571196855,1
5993,wide_2link,2.25,1,0.1693608007172464,0.007142417165333199,0.01372211635176529,0.9889480470193429,31.354065518959494,1
5994,snake_6link,0.35,0,0.022203469506857414,0.0006631719981547299,0.0013577354220644141,0.11550331484234037,50.84939598795096,0
5995,heavy_3link,0.7,0,0.0009977801485398718,7.932131466158159e-05,0.005537288705390108,0.2980807841837205,5.828795187039994,0
5996,teacher_2link,1.0,0,0.009719436685775915,0.0008508256570151022,0.008056996416408778,0.6974302259021242,16.686772485828854,0
5997,long_4link,1.35,1,0.08767023162951734,0.014672406642112123,0.1820596645499225,0.5047791194193252,5.846422952676192,1
5998,long_2link,1.75,1,0.42686266162398107,0.09027091718525675,0.07174188121184835,0.7384745798423645,5.19192753905021,1
5999,needle_5link,2.25,1,0.4305220093974737,0.04414339618616477,0.11736117263150195,0.3924054985431028,1.28491907948321,1
6000,asym_3link,0.35,0,0.004211153794712573,9.11919176865874e-05,0.012434569752220159,0.16795680952929368,3.104310546254383,0
6001,large_6link,0.7,0,0.0005704669113499641,5.385466475956064e-05,0.17272484760119908,0.23881603107124677,4.727648200309077,0
6002,redundant_4link,1.0,0,0.0011869362577905313,0.00014825300021458293,0.17362974974742387,0.48930695657273826,4.470271543690362,0
6003,short_2link,1.35,1,0.1967072824406749,0.004112877809794908,0.00434763769540575,0.26122022514259235,143.61400421884946,0
6004,soft_5link,1.75,1,0.13552289228047834,0.026789922245376144,0.06520878399817102,0.6882641766528342,8.966833347338826,1
6005,wide_2link,2.25,1,0.5298971667030795,0.1023768908558108,0.09734784579246188,0.5436361304809672,7.205400022858259,1
6006,snake_6link,0.35,0,0.0024422413930375035,7.040894805247739e-05,0.04574214005867276,0.14870273133438394,3.0552727612144728,0
6007,heavy_3link,0.7,0,0.005657558043082356,0.00016650623382275792,0.036305088340732344,0.4416192669284924,2.0930962316401596,0
6008,teacher_2link,1.0,0,0.0008090199044044736,9.169681777341479e-05,0.04642949663710136,0.7339543956009289,2.9217561814078983,0
6009,long_4link,1.35,1,0.2026923070891873,0.01838992279796942,0.08046869820798021,0.42650142025240745,1.7226552369252552,1
6010,long_2link,1.75,1,0.4162785487627916,0.025401592577225046,0.05709960375802655,0.6954659505036884,4.096626003899298,1
6011,needle_5link,2.25,1,0.4055821018548877,0.06816971230073779,0.058702165348343174,0.4340941114463565,3.434437693900812,1
6012,asym_3link,0.35,0,0.002785531380805557,0.00011779509391236671,0.0001422278331674011,0.17524988835885905,103.08948431755596,0
6013,large_6link,0.7,0,0.0039071504486037556,0.00013914073193278443,0.034063703834170025,0.25704176104723037,1.2166310373630385,0
6014,redundant_4link,1.0,0,0.016573971467424734,0.000544412117689758,0.03736548154898316,0.5384468608039712,8.002534117615902,0
6015,short_2link,1.35,1,0.1490771767101264,0.01401950254470516,0.009656894623944305,0.7119207695856619,11.9871560605764,1
6016,soft_5link,1.75,1,0.008942680399401827,0.0016831672383492468,0.17472367624969012,0.8063958511511157,14.064243319099893,1
6017,wide_2link,2.25,1,0.41292771005256923,0.024253339819803762,0.03281409969825659,0.9716050406767713,5.959342254948436,1
6018,snake_6link,0.35,0,0.006480827175428985,0.00014714058876532152,0.015830734332272247,0.1428384407463364,6.095912797727851,0
6019,heavy_3link,0.7,0,0.013905592911079099,0.0005406938072600932,0.020890390989133423,0.36907774805972077,10.849138792599993,0
6020,teacher_2link,1.0,0,0.0015066060332879219,0.00017648669431519098,0.02743213819032876,0.7466088461479011,4.527528213484124,0
6021,long_4link,1.35,1,0.5688548570928311,0.003237971899515556,0.005639431496765905,0.43522746478387475,51.78081080363487,0
6022,long_2link,1.75,1,0.41870655220059294,0.023847400100144623,0.05144058109009282,0.6874790115438246,6.998652673221746,1
6023,needle_5link,2.25,1,0.25324233797608886,0.023250744112827924,0.08943250869925753,0.5824878329632239,1.7751514217403488,1
6024,asym_3link,0.35,0,0.0014539218334898667,5.6471387592647026e-05,0.018074924008118852,0.16694115368877901,6.024426233504284,0
6025,large_6link,0.7,0,0.0015464386948630209,0.00010780889072472417,0.10815254694452979,0.2255797767686965,3.10390769126918,0
6026,redundant_4link,1.0,0,0.0007215160693967339,8.982792565235829e-05,0.04514906473666724,0.48453004122806836,4.031767839872948,0
6027,short_2link,1.35,1,0.07012411468635678,0.00667259932001415,0.12983178041430804,0.8489165810971451,4.061250889134154,1
6028,soft_5link,1.75,1,0.07965695437308244,0.008699576739132216,0.035516686785217126,0.6689837009586164,12.720682094757878,1
6029,wide_2link,2.25,1,0.4513264074550119,0.06634243971113153,0.04940237571784685,0.9255483959778619,20.73393618986947,1
6030,snake_6link,0.35,0,0.003387993415785344,0.00018940599127772635,0.00019853667594612275,0.15535615672027955,252.6290553683021,0
6031,heavy_3link,0.7,0,0.0030251836903642214,0.00014342765821528122,0.025799515594312844,0.3782986927417935,2.357689017138038,0
6032,teacher_2link,1.0,0,0.0014729334175022511,0.00015500129204618185,0.042344609483241855,0.7460972869233483,3.2867094602156097,0
6033,long_4link,1.35,1,0.22527107629625584,0.027694093420103514,0.018020658107658325,0.3917458366175187,13.683038696826873,1
6034,long_2link,1.75,1,0.3890754677844176,0.08105536682779561,0.15874653528982932,0.7804261131439335,3.508165819262115,1
6035,needle_5link,2.25,1,0.3363828922506866,0.046209256346881986,0.0756250860007218,0.5388581270736267,1.956423144999986,1
6036,asym_3link,0.35,0,0.0037374276162050082,0.00011262422961412251,0.005582272679078861,0.1668630871127748,5.447589024678578,0
6037,large_6link,0.7,0,0.003240399533232883,0.0001689087103447668,0.021449026007303217,0.2339644578151956,3.3859505893906716,0
6038,redundant_4link,1.0,0,0.01174120022880547,0.0006559506450989052,0.04174125247793404,0.47953676153506475,10.207615623780988,0
6039,short_2link,1.35,0,0.056208710302189636,0.0037451804697421144,0.0038458799964738465,0.5216502403699839,207.10911327883971,0
6040,soft_5link,1.75,0,0.006693701089632559,0.00045577428970531875,0.07888743141779847,0.8057624641752344,1.5616892859036713,0
6041,wide_2link,2.25,1,0.5545960061029389,0.09190173862449726,0.08162903012885772,0.45168621155364985,2.9382878947976923,1
6042,snake_6link,0.35,0,0.005361481243051761,0.00014836854117016777,0.03297847939151717,0.14620457198455772,6.8495076076070935,0
6043,heavy_3link,0.7,0,0.01076166287419249,0.00026850895293081513,0.017156841382889438,0.5311815453665346,4.3114317612895,0
6044,teacher_2link,1.0,0,0.0009023949382001892,9.62706522831016e-05,0.03554377816736029,0.7344099032491046,2.574898127519383,0
6045,long_4link,1.35,0,0.02748951481861514,0.0025239967030731116,0.02610117484358174,0.5149479369134747,40.63990127377457,0
6046,long_2link,1.75,1,0.34551324897958713,0.017020933386752493,0.03543268062324909,0.7912811796578213,7.148720210990657,1
6047,needle_5link,2.25,1,0.2717557931360802,0.013004704518913376,0.040964578942003546,0.6186197010182067,5.8975507628374375,1
6048,asym_3link,0.35,0,0.044631648669041825,0.0008531770144975291,0.0011470087228178376,0.14252247122880396,65.45170904919995,0
6049,large_6link,0.7,0,0.0017949440094575512,9.468223688404858e-05,0.054620905955058745,0.23615901200045286,1.805519844741488,0
6050,redundant_4link,1.0,0,0.0012524265304156455,0.00012360531450600673,0.11888035379840985,0.48601518314168873,2.483224540490228,0
6051,short_2link,1.35,1,0.20737061365181184,0.004842862028157844,0.02173571085888027,0.6810079888487381,6.724303994756935,1
6052,soft_5link,1.75,1,0.3209977993812183,0.0685882125485349,0.03795392208227684,0.5656747852908371,7.4753889826207125,1
6053,wide_2link,2.25,1,0.506988914804707,0.0405734872202682,0.07820055528456701,0.9208518229895466,1.9665313548889223,1
6054,snake_6link,0.35,0,0.005187685932175604,0.00014097831109119823,0.008979859746790577,0.14723479248851068,6.419763192599828,0
6055,heavy_3link,0.7,0,0.014463915844887798,0.0006328942957280412,0.02259420236140158,0.41849835200351054,13.447608396687672,0
6056,teacher_2link,1.0,0,0.0025048610381238905,0.00031351683731370346,0.014764766898551933,0.7427735918287922,8.712723329481115,0
6057,long_4link,1.35,0,0.11495813678249317,0.004129685687745512,0.00425816954320887,0.15408257081702437,252.6803956131724,0
6058,long_2link,1.75,1,0.3069773553204115,0.0455166637725207,0.01802895126852348,0.8556184226734695,11.859586444532583,1
6059,needle_5link,2.25,1,0.3875362307486913,0.020108009036713503,0.029597901017244178,0.48703625431857517,6.759855045820747,1
6060,asym_3link,0.35,0,0.005218339688438804,8.128633605245535e-05,0.020639527893756515,0.20447905441650943,1.9279337440627122,0
6061,large_6link,0.7,0,0.004784633798582242,0.0001688271805719654,0.047968771377688665,0.2911370143094211,2.166593339533065,0
6062,redundant_4link,1.0,0,0.0009913474496663099,9.972503097501347e-05,0.16280852387631337,0.4876000870213862,2.491512752758879,0
6063,short_2link,1.35,1,0.006336587106980263,0.0007970804323944615,0.01907002104385577,0.9606240327689243,9.788497286349852,1
6064,soft_5link,1.75,1,0.19457446688394128,0.012370000335341852,0.07414567137488505,0.6677260950315729,1.5427714781424144,1
6065,wide_2link,2.25,1,0.4354106387856131,0.07851246089676937,0.20829695119116354,0.831491341004468,4.148392429465247,1
6066,snake_6link,0.35,0,0.023159350144933755,0.0008174766763825526,0.0009193513528319183,0.10578813239084424,145.2944876630363,0
6067,heavy_3link,0.7,0,0.00318787646902184,0.0001332652388506073,0.051590231551365585,0.41442361744929107,1.7644236928254973,0
6068,teacher_2link,1.0,0,0.001505902727333336,0.00016062550823801075,0.03508507404510314,0.7457387111739884,3.470241611474853,0
6069,long_4link,1.35,1,0.11142848072637702,0.013090217446621342,0.03672930784103822,0.5263058351543656,4.399197355920119,1
6070,long_2link,1.75,1,0.2167771453953892,0.024059646511893663,0.04416912276781167,0.9676719052579039,5.7760900871784,1
6071,needle_5link,2.25,1,0.28091297205536114,0.03121389894548609,0.07628566319037756,0.690923522831389,2.196976762703172,1
6072,asym_3link,0.35,0,0.008685724881157573,0.00016192156555595684,0.014005552148713078,0.21671275938924392,5.639208592330694,0
6073,large_6link,0.7,0,0.013189541275259623,0.00042952165546547105,0.022020779279795677,0.26385959165613715,9.458741021652202,0
6074,redundant_4link,1.0,0,0.007714575663715526,0.000781670459676697,0.008930296690259227,0.47423794151055,16.838508321466218,0
6075,short_2link,1.35,1,0.22185085973323085,0.03197771051187277,0.03144528910984464,0.8241461106682788,274.3745613976921,1
6076,soft_5link,1.75,1,0.3829035667454562,0.09393579218280176,0.21518056385814885,0.5248894913936577,9.078434633766799,1
6077,wide_2link,2.25,1,0.5281577505161152,0.08909548725144757,0.11058268143898564,0.4472137044353912,23.24390377292131,1
6078,snake_6link,0.35,0,0.0009353826528863474,4.65263956204681e-05,0.017049755949240034,0.15876460083628807,14.663076180878265,0
6079,heavy_3link,0.7,0,0.0033191539789242355,0.0001744222420100457,0.03733609570726927,0.34947549317622656,3.4815721640655326,0
6080,teacher_2link,1.0,0,0.0006837016711636662,8.52908993116981e-05,0.0241423308638028,0.7450686498441568,3.7291447333118195,0
6081,long_4link,1.35,1,0.09173097934631452,0.006364634006141901,0.07301967280176355,0.6585909618541169,1.668189074851481,1
6082,long_2link,1.75,1,0.4275033895184506,0.03643460536193458,0.13251856977808854,0.6762503318880472,4.449453560058103,1
6083,needle_5link,2.25,1,0.48667247505780836,0.06925877403912116,0.1837441959099342,0.3131968718647764,2.3100233969605504,1
6084,asym_3link,0.35,0,0.12357982744855774,0.0010140393975271809,0.0011640457199061298,0.08964570085783688,99.92636305231564,0
6085,large_6link,0.7,0,0.01137286917293173,0.0005314205075247543,0.0228178200133927,0.32973270848037456,12.70144738768487,0
6086,redundant_4link,1.0,0,0.0021149303740672573,0.00022899968512781136,0.023515254283397156,0.4783616916233365,5.082204364451552,0
6087,short_2link,1.35,1,0.17929302151171217,0.025315857567943925,0.11257031647257738,0.8419093351372666,83.44611345068472,1
6088,soft_5link,1.75,1,0.35922386543093743,0.056553882501356866,0.07235647519064237,0.5523106144658735,2.4806314642893916,1
6089,wide_2link,2.25,1,0.3420581374799892,0.007037058474489828,0.010770527268045739,0.1802454579712633,248.06172211164238,0
6090,snake_6link,0.35,0,0.02982595175023963,0.00021221033978004883,0.010612457986211082,0.14884262612982208,8.56245932512056,0
6091,heavy_3link,0.7,0,0.0016814930727436824,0.00010490769148813641,0.021005397950736124,0.3764708721217824,2.549604192287017,0
6092,teacher_2link,1.0,0,0.004715509295571966,0.00041006946948456894,0.01842009717214517,0.7178219790846019,7.414386828777277,0
6093,long_4link,1.35,1,0.3007397609654033,0.00402113666935588,0.004515727190910794,0.23249512088774768,127.36588739750789,0
6094,long_2link,1.75,1,0.4159186032409904,0.02698960119901865,0.06033717798640057,0.6959393399942998,3.550946207839242,1
6095,needle_5link,2.25,1,0.4053433404007599,0.04758363560700672,0.18145024015719538,0.49550915499221726,1.8539442006680027,1
6096,asym_3link,0.35,0,0.00792743178673029,0.00012421021512627867,0.008688092988982448,0.17138265338566058,4.0962930030528755,0
6097,large_6link,0.7,0,0.0009777450701829147,9.142707470810947e-05,0.01817486993278454,0.2521088228524081,6.077398812897599,0
6098,redundant_4link,1.0,0,0.006252976251435366,0.0004530895835648704,0.024791878351989597,0.4814852488165901,7.380611772091521,0
6099,short_2link,1.35,1,0.1901735745572211,0.021484908029519873,0.07915740151653601,0.8254829135132375,18.249245641244638,1
6100,soft_5link,1.75,1,0.15654226515989186,0.013942407370803581,0.018431749347125007,0.6455223091359221,15.638148350219382,1
6101,wide_2link,2.25,1,0.17662842827694603,0.008702288003950195,0.009774463554076995,0.9923323582576423,28.160466372830996,1
6102,snake_6link,0.35,0,0.015644179349918373,0.000686704616440535,0.0007204894217184349,0.12191257303343106,241.45552397599926,0
6103,heavy_3link,0.7,0,0.003242381333294643,0.00019292716646270695,0.056102754207080927,0.35943741385189487,4.55108910163868,0
6104,teacher_2link,1.0,0,0.0005431299918888103,7.373694632993674e-05,0.15996878581161633,0.7396014991169295,4.9757069476225855,0
6105,long_4link,1.35,1,0.12462496117799979,0.01358599232190571,0.09243016102123658,0.47154459243127905,2.384640326688826,1
6106,long_2link,1.75,1,0.21325919345930552,0.04453857932662128,0.06919705245707584,0.9701262265616856,5.225972414608814,1
6107,needle_5link,2.25,1,0.5127094075968147,0.06271503915943533,0.06255844663046113,0.3129697453231232,2.555812222478946,1
6108,asym_3link,0.35,0,0.0036561402691066233,8.517903319058492e-05,0.012047508816604496,0.18785461496455994,2.9300573305045,0
6109,large_6link,0.7,0,0.00751313075961598,0.00026198339703962305,0.01722837135589518,0.2881811731386187,5.351207825411191,0
6110,redundant_4link,1.0,0,0.0027026102658542516,0.00018273111854416856,0.04290128621018631,0.48289595041527555,2.014449946414713,0
6111,short_2link,1.35,1,0.21178309671380952,0.004077658649379898,0.0043969339291128956,0.2800935280117262,121.85001745125116,0
6112,soft_5link,1.75,1,0.2434077104270655,0.013651521680786228,0.03737141013524678,0.6403902665846604,7.1285558318021645,1
6113,wide_2link,2.25,1,0.5475423659589737,0.03506554915937072,0.07236281962975279,0.8966401735883742,5.774372797810932,1
6114,snake_6link,0.35,0,0.03040602735059105,0.00019349475079060623,0.00651974813993988,0.15036408710222407,7.2559408658395,0
6115,heavy_3link,0.7,0,0.002830814380706754,0.00014114534987141997,0.04997446538567263,0.2617523188004543,2.477866168085754,0
6116,teacher_2link,1.0,0,0.0019609167821501286,0.0001730849435272864,0.11122257365683058,0.7380018250159087,2.7200683395988188,0
6117,long_4link,1.35,0,0.0014966457782871038,0.00022206956193767175,0.02643391325285112,0.6653750843181616,4.041957528820831,0
6118,long_2link,1.75,1,0.3594038554042702,0.07764258266688259,0.08341589900114454,0.8129791029917938,4.002788975985902,1
6119,needle_5link,2.25,1,0.4893420907068256,0.04951933431835562,0.10930215224566493,0.3936192106698295,2.755387601197659,1
6120,asym_3link,0.35,0,0.030734805678580928,0.0008365977220802183,0.000866196564693978,0.12230809185619004,203.74354985286126,0
6121,large_6link,0.7,0,0.001990795004167939,0.00010964679352264119,0.06969661105597512,0.2881822718251523,1.9557582862732121,0
6122,redundant_4link,1.0,0,0.0005359453956710521,8.189396640254798e-05,0.0037509582151513286,0.4835468630911772,22.2174010113429,0
6123,short_2link,1.35,0,0.00869799035309799,0.0004759987865905414,0.043318097932003655,0.9399480110120992,2.908582038296064,0
6124,soft_5link,1.75,1,0.3738646379736716,0.054588178191912834,0.20697208636677655,0.5346074615437463,2.923511464142293,1
6125,wide_2link,2.25,1,0.4370741979656668,0.007037144552937056,0.007291222633323372,0.20919600363329366,215.1399719902825,0
6126,snake_6link,0.35,0,0.0026816229972985955,6.148641487192608e-05,0.031892075546286355,0.14375537805695626,1.7416287464771711,0
6127,heavy_3link,0.7,0,0.004858138005926919,0.0003328855661084025,0.01149913150370562,0.3812260111051617,10.009255605064741,0
6128,teacher_2link,1.0,0,0.0007804158536792784,0.00011956874901694671,0.006715541527679701,0.7416193481581496,38.44998765818222,0
6129,long_4link,1.35,0,0.017440861121492637,0.002535490500515096,0.0029889330300360978,0.49573204412561417,105.32720496613446,0
6130,long_2link,1.75,1,0.4088263335521452,0.02317120602216168,0.08498498246290095,0.7070122571894013,4.066126306408617,1
6131,needle_5link,2.25,1,0.4775632148059457,0.054982601969886816,0.06735545424846204,0.4113712722318728,2.6430407557723927,1
6132,asym_3link,0.35,0,0.0007687531868712394,3.121537047075453e-05,0.019847743642185674,0.1750855046688513,8.222484954952552,0
6133,large_6link,0.7,0,0.0031538892857243548,0.00012431817922421544,0.03766685875685771,0.2490394920430505,1.2526922225087702,0
6134,redundant_4link,1.0,0,0.0024814141619027242,0.00017943200567444514,0.11366218561089536,0.48554184436245673,2.1552446574166595,0
6135,short_2link,1.35,1,0.11581582265797216,0.005066803516843827,0.03543473814536465,0.7944157845112882,3.1684106847847393,1
6136,soft_5link,1.75,1,0.36576786319247284,0.07339713937159187,0.13201341505388905,0.5363132675925117,5.885827855553166,1
6137,wide_2link,2.25,1,0.5242367325318225,0.07066271771066511,0.0513378240284089,0.5566728268773627,4.123407489861115,1
6138,snake_6link,0.35,0,0.096010741230609,0.0009849581644526,0.0012037607544171914,0.07290886827035686,108.79165749620569,0
6139,heavy_3link,0.7,0,0.027763911867322213,0.0012673475498461715,0.0144531566859787,0.288453588437338,35.47283963713608,0
6140,teacher_2link,1.0,0,0.0018589889652454122,0.00017627427329108863,0.03143748819855623,0.7400372776130485,3.0917315913531644,0
6141,long_4link,1.35,1,0.004667844509451062,0.0004429347019567596,0.07829799428187945,0.6657651659592687,2.968493225678646,1
6142,long_2link,1.75,1,0.42836994747567925,0.08432861306706128,0.10057760186784752,0.7372964295188953,3.6222626403662193,1
6143,needle_5link,2.25,1,0.3107570219021443,0.04076802509954016,0.08664119236401345,0.500819828059048,1.4623018382919932,1
6144,asym_3link,0.35,0,0.004091712545609219,7.326924909225091e-05,0.021466217428309762,0.17461180434910217,1.599226228735815,0
6145,large_6link,0.7,0,0.0016053683097164847,9.166694163332092e-05,0.0675814972526721,0.25023678829167906,1.637271459432446,0
6146,redundant_4link,1.0,0,0.0032628403305602414,0.0003109260559454674,0.07285196204049162,0.4709919459517593,5.807538104776297,0
6147,short_2link,1.35,1,0.21826932907261146,0.031199410790622384,0.030252371260587947,0.8225435493737127,223.31787220634587,1
6148,soft_5link,1.75,1,0.15619764160788846,0.02428726989455142,0.17276026333347075,0.676406841260973,4.020481001609621,1
6149,wide_2link,2.25,1,0.440702873343236,0.025794850107015575,0.041744885216234165,0.9579501225725675,4.455871611449396,1
6150,snake_6link,0.35,0,0.0013556402780441823,4.641662747781197e-05,0.05143724609413981,0.14979850698162608,3.48206090164779,0
6151,heavy_3link,0.7,0,0.0021891916896201106,0.00011115658222687606,0.02863594956802613,0.31365878086731036,1.814683261576935,0
6152,teacher_2link,1.0,0,0.0015942176102721162,0.00018483261424857126,0.07022088142762883,0.6984321039004877,4.592755690391188,0
6153,long_4link,1.35,0,0.0008292109868224889,0.0001273353097864919,0.042181894281988555,0.5919601930906301,2.889809189084068,0
6154,long_2link,1.75,1,0.3561728524074049,0.0899776662816821,0.11197491143728876,0.8033411941912361,114.94053565600032,1
6155,needle_5link,2.25,1,0.5033282853800819,0.041097340650958505,0.06850436451340677,0.4055420667478473,4.13663502891322,1
6156,asym_3link,0.35,0,0.027588082116513417,0.0007515779639143995,0.0009644745131748646,0.11762405997585526,72.4407074468396,0
6157,large_6link,0.7,0,0.0028392280184369977,0.00018732759416317484,0.04561179336517255,0.25478947847327127,5.085701124679524,0
6158,redundant_4link,1.0,0,0.004107359329107156,0.00020823607686654312,0.04369735040728843,0.4844581673964293,1.5372715444653942,0
6159,short_2link,1.35,1,0.06624259065081674,0.004734727403047271,0.05553541315456344,0.9227085120595682,4.038825506071936,1
6160,soft_5link,1.75,1,0.37109586385149723,0.09052555059807621,0.08202556110699544,0.5377903905840454,9.347464991181877,1
6161,wide_2link,2.25,1,0.45057919506133354,0.0711920892185876,0.23051797315136469,0.7902099366931765,2.342412463334958,1
6162,snake_6link,0.35,0,0.0025523349455956893,6.936348958019918e-05,0.023406156296815847,0.15348536257699044,3.045656455741086,0
6163,heavy_3link,0.7,0,0.004277585076672965,0.00015886227555708923,0.027201180670394128,0.4153787617119098,2.3039392888883525,0
6164,teacher_2link,1.0,0,0.0011423961049493306,0.0001587028955117789,0.011791773228222101,0.7193303413067206,7.414383047751875,0
6165,long_4link,1.35,1,0.051810832621341396,0.007360128160261547,0.0033411297764887565,0.4049416681740349,72.01620336939439,1
6166,long_2link,1.75,1,0.4211272283284262,0.09120326672849974,0.09983573978153802,0.7430118676495425,8.373039732549723,1
6167,needle_5link,2.25,1,0.30231764051565296,0.029414175404378986,0.09264096349513436,0.6667588704239447,1.0687729147942908,1
6168,asym_3link,0.35,0,0.0029515319779892047,0.00011413575003384256,0.0018030579421748109,0.16213913121252424,10.282046194583444,0
6169,large_6link,0.7,0,0.0023257052546967055,0.00013850682819237017,0.02644933430742399,0.24386611452599063,3.071193790184659,0
6170,redundant_4link,1.0,0,0.013717198523003661,0.0005086097422432134,0.02047271433239893,0.4886395210271748,6.8732029230399,0
6171,short_2link,1.35,1,0.2522435552724556,0.012876643086391635,0.023784842140343387,0.5966381746478789,5.211654719124256,1
6172,soft_5link,1.75,1,0.11644616233495936,0.011170240586787958,0.0488460445584268,0.6991632830863368,5.393459703131561,1
6173,wide_2link,2.25,1,0.41450397010710577,0.047514397644659895,0.01796756132577952,0.5330228635361038,30.95329343534233,1
6174,snake_6link,0.35,1,0.22982858287692576,0.0010882048887540813,0.0011184307586600383,0.02749531381194616,308.2865832548832,0
6175,heavy_3link,0.7,0,0.006603435475475568,0.00034759238070815345,0.01488020832829652,0.27202136062502774,7.6628517141822154,0
6176,teacher_2link,1.0,0,0.001443384827977171,0.0002020857415459951,0.11822941031296859,0.7159953301203905,9.044924244254215,0
6177,long_4link,1.35,0,0.0019704017683853685,0.0002234946585976569,0.11142587758378074,0.6766656443120458,2.3831121150569157,0
6178,long_2link,1.75,1,0.41793584372710635,0.051321967285224195,0.03815060059695589,0.6873078029152834,5.404188680996114,1
6179,needle_5link,2.25,1,0.38298701424258547,0.024618649985153427,0.05680041766530861,0.5487519173093495,1.564131066199561,1
6180,asym_3link,0.35,0,0.0021638291853240347,8.193145989235387e-05,0.004730284807475739,0.1775513055494044,8.007500465273935,0
6181,large_6link,0.7,0,0.003309897178430807,0.00012869885885128526,0.04653104055354661,0.28783396470125283,1.4413674720766805,0
6182,redundant_4link,1.0,0,0.00374617348286028,0.0004167721955864037,0.016037311724246238,0.5031269516099196,9.465925086361151,0
6183,short_2link,1.35,0,0.08193746012318545,0.004016484775724247,0.004024735054201593,0.3534359875367379,758.2532555925869,0
6184,soft_5link,1.75,1,0.3434328080483295,0.06013416172006974,0.21531026966539676,0.5640558253559904,3.2037678708355823,1
6185,wide_2link,2.25,1,0.5550945079166419,0.09023523953361111,0.07687074718227772,0.448428244980226,3.3185836931001904,1
6186,snake_6link,0.35,0,0.006889875197966691,0.0002294752266994268,0.00474731678383748,0.14916681713360122,13.080365724093495,0
6187,heavy_3link,0.7,0,0.007995413522512805,0.0002695052009905688,0.016399315193225905,0.4513827433536198,4.668109266615221,0
6188,teacher_2link,1.0,0,0.0035652859027591973,0.00038906060726207894,0.02498226264977506,0.7324462557642184,8.54470013497762,0
6189,long_4link,1.35,1,0.0199748294392384,0.002448854964323912,0.10822768798723502,0.5636509908810928,4.911509029939396,1
6190,long_2link,1.75,1,0.31740947245649226,0.06307138111224031,0.1820490434602408,0.8231654209248055,9.405314981444924,1
6191,needle_5link,2.25,1,0.49469814481048036,0.05676430099034879,0.06270946956953045,0.3170827061107662,1.9724394909470115,1
6192,asym_3link,0.35,0,0.0034870690443313756,0.000147043089368137,0.00022661289241719665,0.17662604769075219,149.90754295195862,0
6193,large_6link,0.7,0,0.0017410437147128725,0.00014404715615200892,0.031636050444172635,0.25678246942982436,6.651439903097331,0
6194,redundant_4link,1.0,0,0.022390785653518517,0.0005942986230556331,0.028064100176992342,0.4900160783624539,9.188130319632263,0
6195,short_2link,1.35,1,0.2479538716746001,0.007654426122980129,0.04334892412186132,0.6196453900064715,3.8751781277428137,1
6196,soft_5link,1.75,1,0.1939755546404869,0.016832163127583875,0.04116589281780663,0.6522940567972939,6.458696913405344,1
6197,wide_2link,2.25,1,0.5278350169084073,0.03539311216563053,0.06805147978937351,0.9101072659538727,2.490529643330748,1
6198,snake_6link,0.35,0,0.003980251314909384,9.090905783783788e-05,0.023105979859362833,0.1486286566662656,3.122978353673902,0
6199,heavy_3link,0.7,0,0.0008524546117677462,6.480492825684637e-05,0.008840617887834712,0.30811998914026195,4.780335891466866,0
6200,teacher_2link,1.0,0,0.0009434498829568747,0.00013922365456955584,0.1350670165200337,0.7463487081271152,11.231579734538624,0
6201,long_4link,1.35,0,0.021387617171382378,0.0026628056072599106,0.003965736802007134,0.5190430921112656,64.98179239410311,0
6202,long_2link,1.75,1,0.41270728637844056,0.05339793489211476,0.03497160794738042,0.6899594290027329,7.969653806621644,1
6203,needle_5link,2.25,1,0.42164167512311795,0.08525774637655781,0.06960806617812758,0.401895019839968,10.960822387642297,1
6204,asym_3link,0.35,0,0.007630861839269854,0.00021532796612871663,0.012892370118884321,0.1938683573760778,10.198063402712348,0
6205,large_6link,0.7,0,0.0019227633755663396,9.988450443099587e-05,0.03408940881448671,0.2865545607560815,1.4924928150177847,0
6206,redundant_4link,1.0,0,0.0006306558362032158,7.949339085503626e-05,0.11706352768034803,0.4817298450988175,5.961602450273477,0
6207,short_2link,1.35,1,0.2295191461083322,0.02524125534628932,0.05697655814549623,0.8231110190691849,3.531047755750968,1
6208,soft_5link,1.75,1,0.06944864810505491,0.01810578058812938,0.12399540446799807,0.7647077579204524,8.454658153508458,1
6209,wide_2link,2.25,1,0.4400042961364342,0.0236048990652413,0.06114658697902333,0.9575802968738353,5.370737069068596,1
6210,snake_6link,0.35,0,0.007910881483319069,0.0004090123559705459,0.0005125338751180274,0.14872974407985304,103.09289388543176,0
6211,heavy_3link,0.7,0,0.0012901684552495266,0.00010223846096596143,0.05600534113097765,0.30437944752276136,6.86450312028447,0
6212,teacher_2link,1.0,0,0.0034096609973361925,0.00024292150318300796,0.03242834448317296,0.7147729035124857,3.4492942150267516,0
6213,long_4link,1.35,0,0.013331116159799063,0.0005442854201486477,0.033766758878177164,0.733531444396528,4.673300219558509,0
6214,long_2link,1.75,1,0.40114824840351404,0.009264621643627114,0.016665126761770146,0.7107563853256705,17.449173752800032,1
6215,needle_5link,2.25,1,0.49941166144310484,0.04809974959272826,0.06524722899053906,0.3255951829809549,1.8663300541460706,1
6216,asym_3link,0.35,0,0.04890111462551873,0.0006809783557770573,0.016055265666318583,0.17875658594728908,32.87182771973441,0
6217,large_6link,0.7,0,0.009169288757862272,0.0002377833324501274,0.03926267844258279,0.28322563928361144,4.598742716546212,0
6218,redundant_4link,1.0,0,0.0048230629477555385,0.00048275656163963355,0.06572945067667979,0.47691467461484005,9.799830761029177,0
6219,short_2link,1.35,0,0.07297479020202262,0.003930926447479691,0.00400260163084457,0.42388362710383837,251.985261287852,0
6220,soft_5link,1.75,1,0.17500799244008253,0.03356632709603703,0.04379838204569687,0.6512497417343921,6.597404975541867,1
6221,wide_2link,2.25,1,0.5541416338611858,0.09219367119128369,0.1507864320607898,0.44973539258813244,4.419156723217223,1
6222,snake_6link,0.35,0,0.0077150552306535555,9.93196988177502e-05,0.012102931196503583,0.1464474601940898,3.0195845966594383,0
6223,heavy_3link,0.7,0,0.0013204578257852589,8.270021954961256e-05,0.03275048649391048,0.2880021584392394,2.1280597398679024,0
6224,teacher_2link,1.0,0,0.0017508327610236457,0.00023191578596322993,0.11331282963786139,0.7472662068157615,7.853878325885208,0
6225,long_4link,1.35,0,0.00839224089755343,0.0005177373621075225,0.03253381101043162,0.7034690319273614,5.106079204170548,0
6226,long_2link,1.75,1,0.3936802313866703,0.07820483651259086,0.07782933910103501,0.7754079281627586,3.094412553880902,1
6227,needle_5link,2.25,1,0.39077866073103024,0.07491667017877349,0.07361134328234774,0.40490751362357974,6.835416303738134,1
6228,asym_3link,0.35,0,0.01024023552618358,0.00040054820972857227,0.00047766959337059345,0.15830079285429063,88.1949559407005,0
6229,large_6link,0.7,0,0.0047047758213827106,0.00015585534510049128,0.03147778702110232,0.2796916955131097,1.6329988443179424,0
6230,redundant_4link,1.0,0,0.005481210889941241,0.0002655055266294546,0.03221897963296704,0.4704171215407128,2.7905194492849157,0
6231,short_2link,1.35,1,0.208437585512331,0.022324431777282668,0.014392296204640045,0.8316095862220085,7.260389142615742,1
6232,soft_5link,1.75,1,0.1770512452509832,0.010661327959618034,0.0496284398147366,0.6652130805049431,6.0095388379241745,1
6233,wide_2link,2.25,1,0.5022115266272507,0.061099011622733596,0.09473887560513003,0.6308386552844292,3.6171699760698073,1
6234,snake_6link,0.35,0,0.0007237713897563153,3.516434263942701e-05,0.010977720238607347,0.1576004001906033,8.772341878522743,0
6235,heavy_3link,0.7,0,0.002660524739252423,0.00012166712177404945,0.0707279184299411,0.38611866915553694,1.6761276293472298,0
6236,teacher_2link,1.0,0,0.0009235984048225934,0.0001297306870207869,0.07202499063066155,0.7244393745594574,7.12027208456607,0
6237,long_4link,1.35,0,0.022537837646079938,0.002934795911951437,0.003299170117938692,0.39594177526623475,126.28268194545734,0
6238,long_2link,1.75,1,0.4173859427661742,0.09527020132929304,0.31911573449152375,0.7493668361786476,5.164571250650078,1
6239,needle_5link,2.25,1,0.29354984251218597,0.03728698828144097,0.17281071755324567,0.5659843254653288,1.472722723821541,1
6240,asym_3link,0.35,0,0.004377196292870596,0.00010260824392299822,0.019209174241036506,0.16833709298237332,3.8476207365413924,0
6241,large_6link,0.7,0,0.0044411781817162675,0.0002785025457885121,0.015364123232772618,0.24441874367509445,7.16134523736603,0
6242,redundant_4link,1.0,0,0.0011208936823878931,0.00011141055219258275,0.16165816632047936,0.4905587610575954,2.410355962599488,0
6243,short_2link,1.35,1,0.2457819242171644,0.00755028506051505,0.02995826896739747,0.6231708460461526,3.8237252010242173,1
6244,soft_5link,1.75,1,0.25402223508666,0.04848754587012114,0.2722215423948237,0.641337334554967,3.067735647470079,1
6245,wide_2link,2.25,1,0.4051878695394233,0.03602254758370176,0.049020459365392,0.9107360033049426,3.4266176436301454,1
6246,snake_6link,0.35,0,0.007302827544133329,0.00038196852233478296,0.000491878253518819,0.14684608181070383,101.13486147211415,0
6247,heavy_3link,0.7,0,0.0026416738563217056,0.00013852211686448472,0.024082095098013227,0.30079524842140265,2.5841691037382057,0
6248,teacher_2link,1.0,0,0.002766210034572579,0.00021386796157694293,0.0348139152291181,0.6695806207717474,3.0576212398172986,0
6249,long_4link,1.35,1,0.020371712963389445,0.0021001879068798224,0.04387108932061682,0.7184015617386876,3.868033674868097,1
6250,long_2link,1.75,1,0.3380965573294918,0.05676165492399013,0.15061203433465492,0.8098443317395614,17.699386420687446,1
6251,needle_5link,2.25,1,0.2861844137769828,0.039384115415083513,0.09517736593143336,0.6668182944581685,9.345861472797804,1
6252,asym_3link,0.35,0,0.008262850241659531,0.000253323552022651,0.03408079354055398,0.2151783501607712,13.392880301082405,0
6253,large_6link,0.7,0,0.003597088164388548,0.00020124635967824008,0.03924541145689269,0.30005135892959034,4.520361715117699,0
6254,redundant_4link,1.0,0,0.0031572202335197483,0.00020573103746486174,0.09276820570428695,0.4998525372225143,2.365344864900518,0
6255,short_2link,1.35,0,0.023289714728314075,0.0026415812609195837,0.002782916249778417,0.8209836682335349,235.30249510164498,0
6256,soft_5link,1.75,1,0.2832913340609763,0.03955584216480151,0.11333348025333881,0.6079440235416046,2.6587303421280746,1
6257,wide_2link,2.25,1,0.5178376272642793,0.08479990158719496,0.083250109751819,0.5859333416056917,2.3858729784831136,1
6258,snake_6link,0.35,0,0.0058486391895795796,0.00016344440340463105,0.030200519520956273,0.1357572175487425,7.945075524660941,0
6259,heavy_3link,0.7,0,0.01924198726642498,0.00030785406477782106,0.020041424640500193,0.4846921152020873,4.739305232513082,0
6260,teacher_2link,1.0,0,0.0010724666089166298,0.0001370286432586394,0.04688576624356695,0.7491260247827695,4.850930123971478,0
6261,long_4link,1.35,1,0.2552216632038485,0.02123388457879863,0.10621236829112614,0.4160687627801489,4.9546169334240435,1
6262,long_2link,1.75,1,0.41269142936139996,0.08167890987800867,0.05706097592769306,0.7529923204280617,5.812565199406479,1
6263,needle_5link,2.25,1,0.4581874867081853,0.021869406204300373,0.047275093199041184,0.6927820553246624,3.486186287125177,1
6264,asym_3link,0.35,0,0.0036166442923127487,0.00015223411715859257,0.0001807792034130357,0.17291356661656618,90.40001076111562,0
6265,large_6link,0.7,0,0.00866045776408873,0.0003026648521333215,0.016090997829064237,0.26092329861673835,5.95834395994624,0
6266,redundant_4link,1.0,0,0.0011251357050018652,0.00013040057190317306,0.0274302740115891,0.48511597932243505,4.919440573233877,0
6267,short_2link,1.35,1,0.11808945344650028,0.016066954134405616,0.10959935666189434,0.888925639072377,13.39242900639785,1
6268,soft_5link,1.75,1,0.2167888184335564,0.042398747373892494,0.13254917007149133,0.6677508689803511,3.3156154624802348,1
6269,wide_2link,2.25,1,0.43673356158525845,0.058615137663185525,0.06442015165108742,0.9600502224141085,2.012781149239016,1
6270,snake_6link,0.35,0,0.004194179069751742,0.00013182349083075968,0.0076083572157365775,0.15367133207967923,6.7265865929853215,0
6271,heavy_3link,0.7,0,0.004313939404730479,0.00015385600842864923,0.03068560696928375,0.4091297677275358,1.9553961113919973,0
6272,teacher_2link,1.0,0,0.00691914199140896,0.0002825995321489127,0.04110379716527654,0.6818155053668029,3.551039772876221,0
6273,long_4link,1.35,0,0.021414002292910073,0.0024208375857884654,0.005074946206716097,0.5820611818637635,44.230516638864046,0
6274,long_2link,1.75,1,0.388644518680074,0.043998992565456245,0.020171144511453593,0.6820129386036474,19.057199257992387,1
6275,needle_5link,2.25,1,0.46981606914148516,0.0405084712831793,0.02808325259889472,0.3645017252002332,6.773137730815303,1
6276,asym_3link,0.35,0,0.00496810804716025,8.077091814240032e-05,0.02359867756874151,0.2191965847614531,1.8194454927073969,0
6277,large_6link,0.7,0,0.003299161810992073,0.00019445598847201125,0.019537983202450586,0.279845114625157,4.487602092058811,0
6278,redundant_4link,1.0,0,0.0008957790535984219,0.00010372696957441083,0.17715451305587274,0.4918308058785962,3.450636905059411,0
6279,short_2link,1.35,1,0.21302474869725208,0.030139274841399184,0.046042231152148234,0.8328636932022897,13.403087076420261,1
6280,soft_5link,1.75,1,0.30497146008857384,0.05215470714543766,0.17988087421928065,0.5886276060939506,3.7184865185121603,1
6281,wide_2link,2.25,1,0.5491501903595857,0.08592340588150345,0.08014075962355423,0.4741349794410739,2.1614559593246363,1
6282,snake_6link,0.35,1,0.22732400546098272,0.001092369042231139,0.0011145416743591175,0.023671494871357283,365.966042597714,0
6283,heavy_3link,0.7,0,0.004573697068456078,0.00020669958963003484,0.04235241235883397,0.412425042768953,3.7679158427359978,0
6284,teacher_2link,1.0,0,0.0041040465270936995,0.00026121948529687553,0.09931290690715926,0.6608787076206584,3.6022587137267097,0
6285,long_4link,1.35,1,0.1932001243363084,0.004028497238024741,0.021249744809772746,0.600015284757233,11.162885309710044,1
6286,long_2link,1.75,1,0.3952698964657637,0.022503468338112145,0.05929430327967604,0.7263492349297449,3.7658622414212606,1
6287,needle_5link,2.25,1,0.2918488001012735,0.045410010521721264,0.05478191745068543,0.529673374601771,2.6426665712528736,1
6288,asym_3link,0.35,0,0.003450975628176913,7.793533072014222e-05,0.01141644796811287,0.1604980071629152,2.5250222031959333,0
6289,large_6link,0.7,0,0.002788197873511011,0.00011731615262997955,0.03308514691966734,0.23052008160765752,1.2044657235972853,0
6290,redundant_4link,1.0,0,0.003338120776134144,0.00022851247375773277,0.049954584659313475,0.49102745270301085,2.9766151036740363,0
6291,short_2link,1.35,1,0.15512364607134524,0.0201418963236531,0.017246739946656438,0.815879154955935,198.53736276094372,1
6292,soft_5link,1.75,1,0.31458128097577315,0.03226405625593217,0.03720091439555548,0.5502551606802305,9.20318193391912,1
6293,wide_2link,2.25,1,0.5412667809242191,0.08676249785895658,0.0637555953827495,0.4661827012088177,10.636834795830168,1
6294,snake_6link,0.35,0,0.00621517616608526,0.00012383081601942555,0.029806398031647557,0.1511957402357947,5.110162949088437,0
6295,heavy_3link,0.7,0,0.009446257490227037,0.0003235338209894597,0.025043125920004693,0.44429951925898603,5.674978052977264,0
6296,teacher_2link,1.0,0,0.0022295433902504436,0.0003223504858276643,0.07704362240806505,0.7155818948015729,16.577541278532728,0
6297,long_4link,1.35,1,0.0536008813114718,0.0031853604015051515,0.052305213777053626,0.572806707747264,2.7657855105058844,1
6298,long_2link,1.75,1,0.26321049652543305,0.04082150180471036,0.0760990737031597,0.7532088831674262,40.92749006267606,1
6299,needle_5link,2.25,1,0.2442200151060153,0.018533607331294607,0.08112808205286215,0.5467425939511786,2.2305305986178694,1
6300,asym_3link,0.35,0,0.004748085670550217,0.00019819292878495967,0.00023812858690069538,0.17817865007152728,88.11116260642977,0
6301,large_6link,0.7,0,0.002572843060425392,0.00011259198343689235,0.030373291846583085,0.23084620487578522,1.1450207505327485,0
6302,redundant_4link,1.0,0,0.0019326994556622555,0.00022341535988061728,0.1477244838465369,0.47390186003371104,6.591918861933224,0
6303,short_2link,1.35,1,0.2549208067331973,0.02493173796302933,0.10859925316892824,0.8075988427460916,3.202120118568696,1
6304,soft_5link,1.75,1,0.3381749182751623,0.05629581897972165,0.19612918343618477,0.5591941409605513,3.8561176883407478,1
6305,wide_2link,2.25,1,0.537384998808988,0.029901368981551893,0.05204471726216672,0.9054747763538689,3.4608555205448592,1
6306,snake_6link,0.35,0,0.008928644202093132,0.0001750454651315862,0.02092369881324088,0.1419608002483085,7.054882877518742,0
6307,heavy_3link,0.7,0,0.006779124267823929,0.0003053374651061378,0.012077394818068365,0.43439815190748043,5.94434169360482,0
6308,teacher_2link,1.0,0,0.0008145163129959394,9.036416317324344e-05,0.04237761116791629,0.7421016326065446,2.7601834132919687,0
6309,long_4link,1.35,0,0.016926470131476593,0.0025427911643143594,0.002698474575410804,0.429023037767599,181.20866366694975,0
6310,long_2link,1.75,1,0.33625690979963824,0.06097737354248208,0.24282005411268576,0.8386441782284971,2.610193206293897,1
6311,needle_5link,2.25,1,0.33930481242104793,0.06993010336614702,0.07308274568338702,0.4731340882941943,7.812136854710693,1
6312,asym_3link,0.35,0,0.003014260803799692,6.431274216801695e-05,0.013982952367128643,0.1730678473811019,1.6280179394133427,0
6313,large_6link,0.7,0,0.0014757892803969523,0.00010801121403936178,0.1251947102917399,0.2669289855079619,3.3442652875644816,0
6314,redundant_4link,1.0,0,0.0009374654029992227,9.735446241993245e-05,0.04116502317767291,0.4845255687988572,2.50833583505756,0
6315,short_2link,1.35,1,0.18018796784670085,0.0065465213954175846,0.03208001708777364,0.7115511791556364,3.348557064194456,1
6316,soft_5link,1.75,1,0.3753535800400027,0.04318973684004799,0.030855682804060855,0.5214379616994286,8.706883202709077,1
6317,wide_2link,2.25,1,0.4755029804615893,0.07120098845624187,0.06588884183297618,0.9369950618510445,3.2856671948530125,1
6318,snake_6link,0.35,0,0.01700102805788168,0.0006959061321440195,0.0008755299356405916,0.11989785800591653,110.75201864729343,0
6319,heavy_3link,0.7,0,0.00446614401957996,0.00020559333577059002,0.017050107391610822,0.3768147862961333,3.8300031816832445,0
6320,teacher_2link,1.0,0,0.014173015870510716,0.0004874417322587497,0.02071324594780291,0.6557323870769217,7.266682470041386,0
6321,long_4link,1.35,1,0.08518721690163283,0.010222236906086084,0.153974304058022,0.49547908019578557,2.0851344829726863,1
6322,long_2link,1.75,1,0.4249380451136967,0.09051397088739069,0.13370219952893625,0.7401987206262625,5.9619215337048335,1
6323,needle_5link,2.25,1,0.2982457432661676,0.03508224205513481,0.023390083947123892,0.7405715712704973,11.85181546149489,1
6324,asym_3link,0.35,1,0.3056691340504426,0.0006173260688671654,0.0024698127923088098,0.19368917754392312,25.698371623068457,0
6325,large_6link,0.7,0,0.007112227529532518,0.00018676797138751487,0.02730823151895764,0.25029841779791806,3.0184993941045546,0
6326,redundant_4link,1.0,0,0.004950261341900596,0.00022287026293611633,0.04816622781775602,0.4901041812301179,1.936353925924183,0
6327,short_2link,1.35,1,0.1051272532149699,0.013062203921871436,0.011738786129838589,0.8210682255011545,533.5756700273877,1
6328,soft_5link,1.75,1,0.2308152193561824,0.03124156084752666,0.19594403887083056,0.6256425154309994,3.436713303179465,1
6329,wide_2link,2.25,1,0.5371334436975712,0.0820913034573686,0.07852385294546284,0.5192077537565009,1.9893622637495285,1
6330,snake_6link,0.35,0,0.0029261378434268116,0.0001233050409959209,0.006632256300446716,0.15773219752791204,9.21074861240676,0
6331,heavy_3link,0.7,0,0.0069694537025647265,0.00019761364056397742,0.024237967923323802,0.34471188231172273,2.878874081439169,0
6332,teacher_2link,1.0,0,0.005982380293087683,0.0003022336432821424,0.0353536260036051,0.6931988006948905,4.12809252365129,0
6333,long_4link,1.35,1,0.0056926632391133564,0.0004719846293584894,0.1349912107208175,0.6352497065799764,3.0056073839358164,1
6334,long_2link,1.75,1,0.2812512063271712,0.06309663783355089,0.27966967491151395,0.8992651112450951,5.506252331894954,1
6335,needle_5link,2.25,1,0.37734258334890014,0.020333441581636646,0.03610515098647436,0.5068615858232705,5.498842399487173,1
6336,asym_3link,0.35,1,0.1833518015124789,0.0010807392675612093,0.0011137805899239129,0.04670688909153889,224.12749943025887,0
6337,large_6link,0.7,0,0.001779173214175069,0.00012302166480281755,0.02189802851818884,0.21937910676137637,3.200782896374704,0
6338,redundant_4link,1.0,0,0.0007521265591376034,8.740449180276929e-05,0.07133595031918284,0.4866989522814179,3.8095608311008626,0
6339,short_2link,1.35,0,0.03575280206489902,0.003275871172047305,0.015474117075144752,0.6607661119722048,220.74155906777227,0
6340,soft_5link,1.75,1,0.10736057449262537,0.02413722680316824,0.18414894372715096,0.7083461200785761,11.811004452940214,1
6341,wide_2link,2.25,1,0.4558792707004487,0.07196901105466666,0.18772778057373668,0.7752315725367478,2.319338098429021,1
6342,snake_6link,0.35,0,0.0008167909694085062,3.172257586327717e-05,0.027924855363446847,0.15834254749851567,5.055287322226901,0
6343,heavy_3link,0.7,0,0.008146521072403991,0.00026606378259284126,0.01594066386143925,0.3493244714635161,4.413913730445909,0
6344,teacher_2link,1.0,0,0.017601440510211633,0.0010965909437491916,0.020256286976084063,0.664057779308571,19.752509471586713,0
6345,long_4link,1.35,0,0.008799229918047427,0.0015555454879056586,0.0015999328483676163,0.532764267485204,288.72346070823545,0
6346,long_2link,1.75,1,0.42649587040021986,0.07731651741973136,0.17505620895708177,0.7395969661221873,2.6925598898360663,1
6347,needle_5link,2.25,1,0.3776704817258099,0.03550217469659872,0.08289375354038214,0.5204580190642667,1.422158739025677,1
6348,asym_3link,0.35,0,0.018757877402794915,0.00023142939610963168,0.0050038033482022355,0.19405205001461592,8.07324607221197,0
6349,large_6link,0.7,0,0.005449817445504092,0.00023445645518506563,0.04180750182952373,0.2580005793080095,4.74413318359284,0
6350,redundant_4link,1.0,0,0.008500409758639062,0.0003484043365127448,0.02771455571744138,0.4677083138534227,4.92142091359923,0
6351,short_2link,1.35,1,0.03400840685289933,0.0033877935943481506,0.14068105933887873,0.9457691574072703,3.363946940011881,1
6352,soft_5link,1.75,1,0.2563150658027326,0.07029638194424605,0.09544114491267294,0.6201519472739085,18.303507429685276,1
6353,wide_2link,2.25,1,0.5280423271644499,0.07092725319006604,0.05986582020676623,0.5482383989501286,2.911244924788141,1
6354,snake_6link,0.35,0,0.11344940438877317,0.0009910663718396536,0.0012074296073195454,0.06703399167119657,109.73742116252672,0
6355,heavy_3link,0.7,0,0.016306166719088893,0.00028602551978903205,0.02311953754353423,0.5345599959924353,4.334978747525092,0
6356,teacher_2link,1.0,0,0.003308201913451747,0.00046163437801901674,0.14835128476720505,0.7038661773608698,18.65018564490856,0
6357,long_4link,1.35,0,0.020797692468807177,0.0011354948337445729,0.016538265541783056,0.6409929969357792,12.332133206739512,0
6358,long_2link,1.75,1,0.42072375416900604,0.04730496809975534,0.057843097087807514,0.6864109721263627,3.0500694504918227,1
6359,needle_5link,2.25,1,0.34226425002825456,0.013699301532725753,0.05784507354423794,0.6102806026968576,4.797802440687733,1
6360,asym_3link,0.35,0,0.004814968692598025,8.328736780493515e-05,0.013733333121951704,0.2120233133902655,2.2600301345695804,0
6361,large_6link,0.7,0,0.0034746579512568753,0.00019417056459321673,0.04246369202720584,0.3008452052128668,4.374211071218504,0
6362,redundant_4link,1.0,0,0.0021962370047401733,0.00021027866324783919,0.12177487620251742,0.510639966410489,3.826817633227483,0
6363,short_2link,1.35,1,0.15396362394803814,0.020342741418518037,0.019491671703623675,0.8228962723365144,636.8713385627682,1
6364,soft_5link,1.75,1,0.33354032254367866,0.09072088894003102,0.12638055063196477,0.5730107349806157,14.28004386943727,1
6365,wide_2link,2.25,1,0.4307966303181132,0.04060423027976666,0.05425483574892049,0.8394097102089298,3.7884960406133197,1
6366,snake_6link,0.35,0,0.0034207247235003005,0.00015172867573480433,0.04684390583011924,0.15529146853940098,13.142974750270374,0
6367,heavy_3link,0.7,0,0.0017122447705506046,0.00011301310636180171,0.08547935564658872,0.30734341673536536,3.5300647685139346,0
6368,teacher_2link,1.0,0,0.0013388763836720587,0.00017397497264645152,0.07576857673967678,0.7102392756391863,5.9295100643433525,0
6369,long_4link,1.35,1,0.1491494932108917,0.01116778072835495,0.05746059699959343,0.499912263441099,1.7071629286120995,1
6370,long_2link,1.75,1,0.36915690339677626,0.054904543216830616,0.21385081384426222,0.758014321465613,3.1400599445916897,1
6371,needle_5link,2.25,1,0.44052059789048714,0.03979383660249994,0.07451740537546017,0.4763902871547622,1.9501708541266258,1
6372,asym_3link,0.35,0,0.0033296630324028695,0.00014037041632457522,0.0003281839176612396,0.17897728333872734,86.2159716313947,0
6373,large_6link,0.7,0,0.012372713293696713,0.0002569104654432598,0.018833399026116932,0.23885236350814,4.669020938465177,0
6374,redundant_4link,1.0,0,0.0008103923693597017,9.435426970220156e-05,0.03826996917059181,0.4898424218731466,3.528424954984642,0
6375,short_2link,1.35,1,0.2572994434326976,0.009038005388311367,0.050169950236480444,0.6014183652447793,3.8758002175627118,1
6376,soft_5link,1.75,1,0.24832448033201737,0.01324893560261828,0.07243620210335872,0.5511419335028895,9.903000624939043,1
6377,wide_2link,2.25,1,0.5529668806223933,0.09964017543328775,0.10411476988956317,0.4509051518741144,7.218344773978311,1
6378,snake_6link,0.35,0,0.004868153192834707,0.00015655638400038292,0.012827222060109937,0.1512512782642819,8.26462688609664,0
6379,heavy_3link,0.7,0,0.0011260370437686156,7.524714308467916e-05,0.01707009339201006,0.33041717277290233,2.6793883911002983,0
6380,teacher_2link,1.0,0,0.0006192898466849246,9.310729982554952e-05,0.12178045938096888,0.735419508922374,13.245765279869074,0
6381,long_4link,1.35,0,0.05663496692291308,0.002833992300282789,0.005991461902511042,0.5005419361441453,42.1285783610644,0
6382,long_2link,1.75,1,0.36750496699618174,0.06409114804680209,0.06615765884691206,0.7497349187765769,10.60577570315818,1
6383,needle_5link,2.25,1,0.35567355760840386,0.03967652492153109,0.1754581393216378,0.6095737841836557,2.1392593106380526,1
6384,asym_3link,0.35,0,0.0012589147033393374,4.993955107041991e-05,0.017386870455458923,0.17926684471486282,8.50432082908465,0
6385,large_6link,0.7,0,0.005118443637296937,0.00023384603833308395,0.020109331008412286,0.27569667678516674,4.635711757566907,0
6386,redundant_4link,1.0,0,0.011432996355336181,0.0003609755165754381,0.029226685126438414,0.4563288904754478,4.819093536548482,0
6387,short_2link,1.35,1,0.07095170650072997,0.005391872876964244,0.021470575889215648,0.9178108707667729,5.175697100086243,1
6388,soft_5link,1.75,1,0.34752568181694654,0.07811835474527146,0.042859494777212195,0.552315962288754,6.0742118767589295,1
6389,wide_2link,2.25,1,0.5333487763067315,0.01217423041292539,0.03265522632728183,0.9187842266736583,9.050457448532939,1
6390,snake_6link,0.35,0,0.10828260514876967,0.0006587154600292627,0.001850784517850163,0.12017647956243788,38.20496362285054,0
6391,heavy_3link,0.7,0,0.007014628974295939,0.00018622800085660318,0.03041696165731467,0.4508390693664599,2.5883882589678757,0
6392,teacher_2link,1.0,0,0.008975268602808437,0.0004639072846511828,0.019801872918286258,0.6910891381169245,7.173750508003372,0
6393,long_4link,1.35,1,0.16266441383850713,0.021117145513025203,0.03792238862444302,0.5060089377478347,6.498814734714279,1
6394,long_2link,1.75,1,0.428347418624327,0.036970735285333206,0.05865081927422929,0.6762987457427246,3.414505710788649,1
6395,needle_5link,2.25,1,0.20059631506313383,0.024756962215548167,0.14726236818440364,0.7080008282244601,2.524843531849093,1
6396,asym_3link,0.35,0,0.0063117321635592135,0.0001945796382764872,0.034431121682255025,0.20390801717816218,10.058743729228691,0
6397,large_6link,0.7,0,0.0025160609257063407,0.00011193319024167121,0.04921843213005125,0.23741476012014567,2.4427037060626535,0
6398,redundant_4link,1.0,0,0.005877100918920208,0.00030583780737206687,0.027851492889184398,0.5144447763852625,3.7050243976547277,0
6399,short_2link,1.35,0,0.02915925217898959,0.003006757405567992,0.0030176071883605414,0.7592060158691124,895.5397617984087,0
6400,soft_5link,1.75,1,0.3978078837630648,0.09775869453060711,0.3655568251790633,0.5167068393389233,9.725695852310777,1
6401,wide_2link,2.25,1,0.554792441599706,0.04513276245472049,0.08059028882723523,0.895586064181532,2.0353719286683436,1
6402,snake_6link,0.35,0,0.008013194874553629,0.00016768652413569557,0.008774025559254219,0.14753135491527328,7.089337079052171,0
6403,heavy_3link,0.7,0,0.002588196224514238,0.00011287958579641668,0.027248649858094286,0.3169340478761326,1.3083710432761346,0
6404,teacher_2link,1.0,0,0.007666727753862248,0.0008297753428094906,0.030066069396393495,0.7114837122601363,19.283494662612675,0
6405,long_4link,1.35,0,0.0022433287378083528,0.0003178873149886108,0.13440338014544345,0.6623094492035098,5.0860721440077326,0
6406,long_2link,1.75,1,0.38545297806096857,0.011981129256243415,0.030436798961923864,0.7476593813263316,8.77047056834083,1
6407,needle_5link,2.25,1,0.422376172693899,0.05305330107321564,0.1210221786751435,0.5363072520030076,2.804070709056195,1
6408,asym_3link,0.35,0,0.06650864903351054,0.0009974963152599384,0.0010764458016068682,0.08078377329173364,136.63939486616192,0
6409,large_6link,0.7,0,0.011909718914676043,0.00026265217259380697,0.021073541524553912,0.2646164308891894,4.465608349944157,0
6410,redundant_4link,1.0,0,0.018148270566309518,0.0004477570714573326,0.02219189626948227,0.4925406260680314,6.569109983811696,0
6411,short_2link,1.35,1,0.5150389711631321,0.003582407600090439,0.005398985589917479,0.44611836361879625,52.4723262622583,0
6412,soft_5link,1.75,1,0.013935758631937373,0.000854679515567969,0.049561114598365916,0.8153324689641879,5.796605903064097,1
6413,wide_2link,2.25,1,0.4530171846740931,0.08712869349188128,0.09590619524320694,0.7810603191764053,8.306561695289215,1
6414,snake_6link,0.35,0,0.0011393420992581635,5.689067280829456e-05,0.019692941834121673,0.15862630650245174,14.818120705490449,0
6415,heavy_3link,0.7,0,0.00604206457453367,0.0001799070766309972,0.046304103020397794,0.4532865866033854,2.553735155515406,0
6416,teacher_2link,1.0,0,0.009043055070941206,0.00032167276159920455,0.03132929986665282,0.661913785506243,4.263660157265655,0
6417,long_4link,1.35,0,0.07327659576051358,0.0039161838098777995,0.004288501682145374,0.27973389692324163,144.37978065510487,0
6418,long_2link,1.75,1,0.37646213724262795,0.06018500834252923,0.056038756051319756,0.7930832098809191,3.9028010173934296,1
6419,needle_5link,2.25,1,0.28041967521882394,0.04675827524348913,0.07232013791572638,0.6887859136492889,4.329952279405448,1
6420,asym_3link,0.35,0,0.0055628640694883776,0.00010099292600639502,0.011224574303430088,0.2006400094540357,3.184047149312894,0
6421,large_6link,0.7,0,0.001264249205009228,7.872717260094902e-05,0.09655349382502748,0.2495915478048772,1.846461843156087,0
6422,redundant_4link,1.0,0,0.00461495910858427,0.00046075143504536884,0.014446562771823669,0.4964851847336702,9.317878636692924,0
6423,short_2link,1.35,1,0.2079356436296426,0.0026691998790866517,0.017282794637175865,0.6771122941557434,20.814025886125393,1
6424,soft_5link,1.75,1,0.13195928807202095,0.029518284215295412,0.16523528913910376,0.7261045314901547,4.581313538327128,1
6425,wide_2link,2.25,1,0.48800083003847855,0.021274122158335816,0.06468684399641979,0.933309265799026,4.898684863293818,1
6426,snake_6link,0.35,0,0.052124899848265405,0.001010676015659971,0.0010712202712787218,0.05984250540458704,209.65118249324334,0
6427,heavy_3link,0.7,0,0.0009588475554017455,8.092988384344865e-05,0.02628963320794628,0.2969138450289892,12.430345962355515,0
6428,teacher_2link,1.0,0,0.004591950043057695,0.00024712492780372105,0.036821489684511356,0.6965536331264209,3.0423049214442486,0
6429,long_4link,1.35,1,0.19373336735983226,0.026250290208404647,0.1840603976664447,0.4251771126897097,2.8507149069835958,1
6430,long_2link,1.75,1,0.41739542065911056,0.09246444881637797,0.11838610323104157,0.7493940109473042,4.504738879207469,1
6431,needle_5link,2.25,1,0.4239529518404373,0.054185725010815575,0.20765038355904358,0.37087482950306455,1.889969859947891,1
6432,asym_3link,0.35,0,0.002808985910535343,7.364102957971888e-05,0.02872671150969381,0.17268427135013703,2.8136508102990923,0
6433,large_6link,0.7,0,0.0017931792092908557,0.0001355136018625552,0.030896078616381113,0.22549896057474422,4.268904232757266,0
6434,redundant_4link,1.0,0,0.0009782011652669067,0.00013334523803846754,0.01698767100650351,0.4851501181801272,7.402044432014837,0
6435,short_2link,1.35,1,0.1701217413539228,0.02392284049738302,0.028045743349506307,0.8466545244365902,68.92289839581076,1
6436,soft_5link,1.75,1,0.12729838792875878,0.028522596795151445,0.21457373865033944,0.7331215046404256,3.762639705033289,1
6437,wide_2link,2.25,1,0.5472237330542473,0.05765284102019523,0.05454372765261711,0.8987105582372276,2.4931193483035665,1
6438,snake_6link,0.35,0,0.0020120532005723428,6.42708313026641e-05,0.03134372265902261,0.15917225686543654,3.190633943498627,0
6439,heavy_3link,0.7,0,0.003612415078085987,0.00017877388760196113,0.05118957898733129,0.4545978320847813,3.3461067810821676,0
6440,teacher_2link,1.0,0,0.0016677135773720995,0.00021912808445848976,0.027742205523028335,0.7061917848644559,7.297388508947199,0
6441,long_4link,1.35,1,0.030349554417537273,0.0031353998417384538,0.1579456779118517,0.5893736298277399,1.6742013903473543,1
6442,long_2link,1.75,1,0.42783391942032123,0.09098781602133944,0.07758671883251367,0.7378568261195995,4.38876387991768,1
6443,needle_5link,2.25,1,0.37942784712293665,0.035739930558123516,0.09397310789898812,0.5271113151889084,1.5390162635738571,1
6444,asym_3link,0.35,0,0.004914494909945444,0.0002050949848080309,0.00034789189085170563,0.17651591776170691,105.58779745680073,0
6445,large_6link,0.7,0,0.0020482045401014506,0.0001002463126979999,0.028041841743638017,0.2288076396589938,1.1309105496637997,0
6446,redundant_4link,1.0,0,0.0038639529158701713,0.0004225422819358971,0.04683231051881662,0.4497145508667142,9.630391086387727,0
6447,short_2link,1.35,1,0.23911112446725563,0.01159270677493272,0.01928741885960761,0.5946501224907602,9.116383365464447,1
6448,soft_5link,1.75,1,0.24536960998436527,0.013070787928016378,0.05520700606430225,0.6343954811592811,4.5619045561849,1
6449,wide_2link,2.25,1,0.4339470249310564,0.046017276684635317,0.03973561183438346,0.6392072418662967,19.18377249178048,1
6450,snake_6link,0.35,0,0.0011191349614180163,3.8466690733921646e-05,0.04914160715234483,0.1512019807241832,2.393094975071454,0
6451,heavy_3link,0.7,0,0.008438203837089639,0.0002104249907358669,0.023335455708342192,0.3346137078600641,2.880726931547294,0
6452,teacher_2link,1.0,0,0.0007762310635220878,8.998750232989303e-05,0.03340629140796574,0.7453122820499091,3.075243955794658,0
6453,long_4link,1.35,1,0.008740837660165526,0.0016412071705785938,0.007582551967725692,0.5630474332942713,128.90397285109907,1
6454,long_2link,1.75,1,0.19740440792434713,0.020568923850430344,0.048984547331030553,0.9922785888005985,4.12405727961109,1
6455,needle_5link,2.25,1,0.42203817159233303,0.0707271124130798,0.10515347242606254,0.4114543435997506,3.331778242793126,1
6456,asym_3link,0.35,0,0.011355241309696265,0.00012671581548712337,0.009549009857185018,0.20614111302878563,3.9436842202082065,0
6457,large_6link,0.7,0,0.001866080043910407,0.00011546448287197715,0.0706124522710102,0.2272242395099135,2.886871160040033,0
6458,redundant_4link,1.0,0,0.005179674088947259,0.0005604475218456756,0.00985814460259738,0.5256626542237766,12.488539446570268,0
6459,short_2link,1.35,1,0.028108547650389604,0.003205781981668205,0.09436235953594126,0.8690287898076104,15.278414206014695,1
6460,soft_5link,1.75,1,0.3480455645992074,0.0435778365011825,0.07722493628529055,0.5551349251336868,2.6603736320908853,1
6461,wide_2link,2.25,1,0.5362667747964565,0.01250040655736747,0.01990819724107843,0.9121296962465928,10.56574609090999,1
6462,snake_6link,0.35,1,0.1634313200137157,0.0010491938855270938,0.0011533750658390734,0.04438720091186127,162.8793216824937,0
6463,heavy_3link,0.7,0,0.017427360605163103,0.0005267847048955675,0.008360165389064976,0.44411297514622716,9.82082681924063,0
6464,teacher_2link,1.0,0,0.0011674585838256791,0.00017499368319869306,0.02929536184873832,0.7455066413271915,16.404582327906216,0
6465,long_4link,1.35,0,0.00850835274254687,0.0004638460976885317,0.03871333060778313,0.6911434854927023,4.239398654209228,0
6466,long_2link,1.75,1,0.42271336988460884,0.047596160320183226,0.0469969945038429,0.6823475281563682,4.210377342242366,1
6467,needle_5link,2.25,1,0.42264466924403005,0.033488718705791815,0.07022510685165648,0.48245150934760345,2.4453935687351533,1
6468,asym_3link,0.35,0,0.0045454301731588645,0.00013249481291078774,0.005998278713929937,0.20313645089867513,6.306795654469155,0
6469,large_6link,0.7,0,0.002022370864266886,0.00015030554342755542,0.08538345763302305,0.2749623526136754,4.501182820143506,0
6470,redundant_4link,1.0,0,0.0012564193250313189,0.00013837250418864837,0.19122499538181972,0.4884492901647356,3.273569876663197,0
6471,short_2link,1.35,1,0.023429459618322695,0.0027689280917937917,0.006011717873528834,0.8469403519463327,210.92821439065446,1
6472,soft_5link,1.75,1,0.29094253227019395,0.05650610972573062,0.07668803920790514,0.6076922242561548,2.657431448327752,1
6473,wide_2link,2.25,1,0.5488429646704938,0.07662237868705936,0.10127453900564277,0.475089657136112,1.9779052131884827,1
6474,snake_6link,0.35,0,0.015918741055817635,0.00015463168413720177,0.009100785798951896,0.13806151134498093,5.9301538935299405,0
6475,heavy_3link,0.7,0,0.020708011984199266,0.0009290835346055366,0.018361268988026955,0.3143395510655654,21.79648869372274,0
6476,teacher_2link,1.0,0,0.016872370268694304,0.0009883004283864935,0.008654336010319999,0.6696371158854203,17.254794347621587,0
6477,long_4link,1.35,0,0.006818317304797905,0.0003538254506834072,0.052799586895348936,0.5964180286066879,2.591442141274828,0
6478,long_2link,1.75,1,0.24911088363668857,0.03513764279075536,0.01134550109455978,0.843756073948442,30.437080486355516,1
6479,needle_5link,2.25,1,0.46407143003776335,0.07561434263649963,0.05175440506728682,0.4093471113514683,4.834934730455491,1
6480,asym_3link,0.35,1,0.1529727089940574,0.0010478003467889435,0.001140266880507588,0.06740985800588997,129.7899971426307,0
6481,large_6link,0.7,0,0.002512910498337039,0.00011973494308849643,0.029206348421544244,0.23080782481799736,1.7938299247978697,0
6482,redundant_4link,1.0,0,0.0010984806174255542,0.00010897784595072863,0.05537279803806557,0.4818065872578329,2.348935018822641,0
6483,short_2link,1.35,1,0.09400739096782035,0.00852321190221793,0.031716140404541675,0.8181454049732326,3.793493977486587,1
6484,soft_5link,1.75,1,0.25496309082006313,0.028625380289281653,0.03158211676762812,0.6098748053811529,8.092270779154356,1
6485,wide_2link,2.25,1,0.4814966201905972,0.03395225881673806,0.06716129467786816,0.9352241194906367,2.57270432657709,1
6486,snake_6link,0.35,0,0.006043909000305868,0.0001321487128666399,0.024482408428414596,0.15125436098399828,5.892951512743783,0
6487,heavy_3link,0.7,0,0.002842826408209855,0.00014145595858049256,0.024551511553877095,0.3760733258271217,2.4763715155576365,0
6488,teacher_2link,1.0,0,0.004464076299582979,0.00034064490903598735,0.0691353596913414,0.7132008814157025,5.578660758419686,0
6489,long_4link,1.35,1,0.010487877805177443,0.0019773776450457826,0.008355819207350167,0.5629603885308592,108.81569677732935,1
6490,long_2link,1.75,1,0.36410661927741966,0.06355103574980044,0.0836596297607587,0.7494000631161376,12.773855211046914,1
6491,needle_5link,2.25,1,0.38410155742223423,0.06372986330831068,0.27193602458099253,0.5284911623402517,2.687606644837331,1
6492,asym_3link,0.35,0,0.007004169182363497,0.00012871209312943514,0.013311719755513256,0.21232276647577478,4.189226323887019,0
6493,large_6link,0.7,0,0.002637198663183352,0.00019750624986355713,0.04384969033038378,0.26199662809003027,6.176849457723715,0
6494,redundant_4link,1.0,0,0.015430447574941594,0.00042466969549114717,0.02388382651407081,0.4989884375360233,5.671065849958515,0
6495,short_2link,1.35,1,0.13145021998206008,0.014385831177345544,0.03492491077339209,0.8833026977709789,3.7644046371536177,1
6496,soft_5link,1.75,1,0.32676521035691847,0.05077376745906606,0.07375156966443404,0.5760042974462571,2.8522878495771096,1
6497,wide_2link,2.25,1,0.5211941008676425,0.0988082766301383,0.09598846060651908,0.5742036951010498,5.106626783115262,1
6498,snake_6link,0.35,0,0.05084272884111144,0.0008759983434733027,0.001270215939704086,0.09294858418288184,76.39215871279127,0
6499,heavy_3link,0.7,0,0.0022204114768422604,0.0001325887371489123,0.01929770600712566,0.403622924647709,2.9935113266032842,0
6500,teacher_2link,1.0,0,0.07578491986181154,0.001478039232397432,0.007718727037826705,0.6026644702434711,25.807633611055262,0
6501,long_4link,1.35,0,0.001021675456393578,0.0001609703029990194,0.03695955253734095,0.606513866084097,4.285586663277358,0
6502,long_2link,1.75,1,0.29492373089848795,0.05581979839524971,0.07106670231022644,0.8844611269949664,2.9856550618445223,1
6503,needle_5link,2.25,1,0.45473273727236924,0.03927464124279292,0.04678626457896942,0.47902234438623853,3.7795294873095227,1
6504,asym_3link,0.35,0,0.0020823665402452617,6.08774858134009e-05,0.008381913672180882,0.18200507526141668,3.3541208360826307,0
6505,large_6link,0.7,0,0.005180573867402215,0.0001699895617516745,0.027251376689534812,0.2590170859520982,2.677333914998247,0
6506,redundant_4link,1.0,0,0.0012130221685391837,0.0001221160418629357,0.036307318906851196,0.48252688673632965,2.655464297256871,0
6507,short_2link,1.35,0,0.0452163252208241,0.003530275162073046,0.003678310066546621,0.5639707746169733,168.09147630039703,0
6508,soft_5link,1.75,1,0.16196251486036803,0.03157293803024637,0.12595932404117424,0.6904821374101502,9.484068604087659,1
6509,wide_2link,2.25,1,0.5081733738131714,0.07558125068377267,0.05949647550903178,0.4716022066210661,21.44845627679081,1
6510,snake_6link,0.35,0,0.0027467679546450356,0.00011538469548301794,0.027932256464421844,0.14563463469772936,8.527280169019297,0
6511,heavy_3link,0.7,0,0.0026730980310540765,0.00012015110526870488,0.06501434843932448,0.4023946353706984,1.5675237882495103,0
6512,teacher_2link,1.0,0,0.0038360276892573622,0.0005208293619031661,0.05392720733013178,0.7388665494366918,18.63973464378775,0
6513,long_4link,1.35,1,0.06285703381766379,0.011228323224103777,0.04479006427290215,0.523259746128278,5.816404801032177,1
6514,long_2link,1.75,1,0.37025314519870806,0.059621201200766395,0.0276604383069236,0.7268792312023551,16.697554774882594,1
6515,needle_5link,2.25,1,0.4334760189575294,0.05536294728386886,0.07526039548838068,0.38838066490936923,1.8637773720004207,1
6516,asym_3link,0.35,0,0.020731304154518355,0.0006848892520347706,0.0007464650015239344,0.1339087894666724,192.44473214448416,0
6517,large_6link,0.7,0,0.0013826731278551098,0.00010687822493670056,0.030550525893080226,0.2657564693238175,3.5336671459781868,0
6518,redundant_4link,1.0,0,0.0006555750174309185,8.146155708545936e-05,0.04136195538492284,0.48234874326659083,3.4399930966028456,0
6519,short_2link,1.35,1,0.03797352970752759,0.003407478544635942,0.03001711378432775,0.8917152973666812,3.249307032303047,1
6520,soft_5link,1.75,1,0.17410262037221041,0.03949045689950591,0.07097239531541828,0.7026521280677054,5.734300875932787,1
6521,wide_2link,2.25,1,0.5493401078432649,0.03619684903797825,0.058128608880029395,0.8983398720806963,3.3501255248674195,1
6522,snake_6link,0.35,0,0.003491617270306954,7.950032188747881e-05,0.02361363664536176,0.14548890437154022,2.883274124775588,0
6523,heavy_3link,0.7,0,0.02135708313391141,0.0003234972940680169,0.02018297236903822,0.5349197976031763,5.134313698290037,0
6524,teacher_2link,1.0,0,0.008673631348718078,0.00030926609742417126,0.03432420446135386,0.6771921441294383,4.019974847514524,0
6525,long_4link,1.35,0,0.10579046588488113,0.0038853272527217078,0.004518540002627473,0.2964823006335419,110.27540525289601,0
6526,long_2link,1.75,1,0.39709333127236884,0.07478134480556539,0.046553352437332204,0.7690329428795719,6.488898258148102,1
6527,needle_5link,2.25,1,0.3598245159968907,0.02841642526018632,0.10098333278956889,0.6890875034321077,1.9014353728253375,1
6528,asym_3link,0.35,0,0.0022696827382593637,6.904876192598333e-05,0.024119894817106458,0.187098133947663,3.950714117692516,0
6529,large_6link,0.7,0,0.004046638849948241,0.00014839630281608101,0.02459444574859978,0.275847852148527,1.687593828091153,0
6530,redundant_4link,1.0,0,0.002937602775870406,0.00028195281121581634,0.027720494789080938,0.488031781835519,5.271522185377227,0
6531,short_2link,1.35,1,0.2508128723486157,0.006929158386353385,0.01849031661052371,0.6045610951246772,7.368949472966115,1
6532,soft_5link,1.75,1,0.321807532545335,0.07029745790952635,0.045821472204908446,0.5649908209213381,9.076945197508794,1
6533,wide_2link,2.25,1,0.4875766127619539,0.09539465895983947,0.1490796350918074,0.6813064528338925,9.177824726120903,1
6534,snake_6link,0.35,0,0.05158902141946822,0.0009738003510921396,0.0011205306183373575,0.06988455945438109,132.60496807798108,0
6535,heavy_3link,0.7,0,0.002744295231968791,0.00015405691002895594,0.021125094053520616,0.3811122909887897,3.2425493139308657,0
6536,teacher_2link,1.0,0,0.0008409333557875147,9.467898987179379e-05,0.0642027845865902,0.7465943025334274,2.904880054252728,0
6537,long_4link,1.35,0,0.0019251101624781122,0.00022352229420536128,0.11114096185090819,0.6247971285350179,2.808543114178194,0
6538,long_2link,1.75,1,0.39084794286927266,0.030844690712211062,0.01735366631598016,0.6761033114957153,18.782671443574902,1
6539,needle_5link,2.25,1,0.4715880451444023,0.0648328669865519,0.018104283045607513,0.4586575807945602,11.693574724567467,1
6540,asym_3link,0.35,0,0.0033490010033162356,0.00010575418120201325,0.020497967698608982,0.16596746795114872,5.562309853330497,0
6541,large_6link,0.7,0,0.000719132814789132,5.936319492454772e-05,0.09979336691398216,0.24600288364210174,3.484397477713167,0
6542,redundant_4link,1.0,0,0.008890072815041585,0.0006768168658241421,0.09574741285814567,0.5055942742849897,12.045126509896896,0
6543,short_2link,1.35,0,0.02557321905928924,0.002802412849071485,0.0028054727458467466,0.7991208154124103,898.3644346805419,0
6544,soft_5link,1.75,1,0.22483693239382624,0.056508577864302946,0.15484922679068805,0.6595666771385152,5.816327919797058,1
6545,wide_2link,2.25,1,0.5544572930056095,0.04385603349769583,0.06872663173851783,0.8948012509250092,3.64742302865355,1
6546,snake_6link,0.35,0,0.002541065642341159,0.00012372747175209837,0.004846300120252031,0.15232346101483177,13.267619115284633,0
6547,heavy_3link,0.7,0,0.0008833182320141581,6.713839658095771e-05,0.011039385037129314,0.29016895536753157,3.623342005542776,0
6548,teacher_2link,1.0,0,0.004713266932040247,0.0003607442622126541,0.0636141401280125,0.7125353686334672,5.98031315918111,0
6549,long_4link,1.35,1,0.05617620695891113,0.0037780647020705725,0.06850885095437545,0.6578031558918621,1.894189337261172,1
6550,long_2link,1.75,1,0.2861489445749269,0.022630884550317223,0.04919744015130232,0.8719571308075619,4.39912040845741,1
6551,needle_5link,2.25,1,0.4698929914370984,0.08697142941012026,0.1295201457094387,0.35136760994047755,5.399275565718437,1
6552,asym_3link,0.35,0,0.02757544677225112,0.0007786251242850103,0.0008829113415949167,0.13890704262843728,105.55434782575212,0
6553,large_6link,0.7,0,0.003793732104492803,0.00013932088254150582,0.045581512866583344,0.27450770944202646,1.6022476169348863,0
6554,redundant_4link,1.0,0,0.0006955060688935142,8.67804078842711e-05,0.09077415135516331,0.4807578130517879,4.250265674364806,0
6555,short_2link,1.35,1,0.10489963481015688,0.009104283120818936,0.030097828099791224,0.8043491874215911,3.490118055048941,1
6556,soft_5link,1.75,1,0.2925488019981433,0.013859268970656594,0.03843199952729524,0.5223274896500869,6.172197501479108,1
6557,wide_2link,2.25,1,0.551376476580025,0.037999023143830156,0.05640433932439802,0.8970553731678103,3.3982486144644537,1
6558,snake_6link,0.35,0,0.0014552868876378177,6.554936047396346e-05,0.025635493665214493,0.1586220421646312,6.714146196681153,0
6559,heavy_3link,0.7,0,0.0017994873773223745,0.000127753184300892,0.09509394444264381,0.35351433280391925,4.348923575631266,0
6560,teacher_2link,1.0,0,0.0033053063742160067,0.0004941477064325342,0.0034893066858335477,0.7380098370086189,45.27035468682157,0
6561,long_4link,1.35,1,0.05211941332454219,0.0091019808923308,0.0018029791937771156,0.4758030671830579,123.3096661481546,1
6562,long_2link,1.75,1,0.2286434890952795,0.05069897820078154,0.07716623077379635,0.9577008974149596,6.121110971667259,1
6563,needle_5link,2.25,1,0.4816854434262366,0.03729222284858585,0.08951708992274118,0.35665671021317946,2.261045879422556,1
6564,asym_3link,0.35,0,0.030540503847167794,0.00020863256125914196,0.005932156537856858,0.23367009241696124,6.804742263883168,0
6565,large_6link,0.7,0,0.0017974251131556093,0.00013412229287743436,0.030679907312776065,0.23008566900514485,4.444685374884121,0
6566,redundant_4link,1.0,0,0.002057423103138883,0.00022721583815898887,0.0421931109606,0.4863997128874765,5.043699432969193,0
6567,short_2link,1.35,1,0.2340380516230676,0.028371885974421352,0.027126152458664506,0.8203289503280294,4.62571023754175,1
6568,soft_5link,1.75,1,0.26813681130538786,0.038469717932726584,0.09169202991108091,0.6127406084508337,4.578551864778998,1
6569,wide_2link,2.25,1,0.5408845774650126,0.09207155720760324,0.19381627581054434,0.5050016772652653,2.785878705132476,1
6570,snake_6link,0.35,0,0.02218080160902328,0.0008084112220403943,0.0008916877639195452,0.10821586526607284,160.57494608756727,0
6571,heavy_3link,0.7,0,0.0035384549320333306,0.00027636400473086265,0.004008566879302073,0.269541628308465,12.641772204579057,0
6572,teacher_2link,1.0,0,0.002303269041835821,0.00019890985942297082,0.08275200430021085,0.731959031775603,3.1249975153549974,0
6573,long_4link,1.35,1,0.18903041077178714,0.025459832552519344,0.02471578341458925,0.43710749160541157,5.077536411263996,1
6574,long_2link,1.75,1,0.3587100010781858,0.06460920862355188,0.03372225446627072,0.7656367844426629,8.9242739761773,1
6575,needle_5link,2.25,1,0.4344410179897983,0.07755478392767094,0.05013296819644161,0.4008613768449547,7.017615976127699,1
6576,asym_3link,0.35,0,0.0031952166113130005,7.008142880412895e-05,0.014001644125791038,0.18400423557024814,2.0181488638489844,0
6577,large_6link,0.7,0,0.000985678656674936,9.130867931957165e-05,0.07135763865829459,0.23973583029971127,7.898717624042838,0
6578,redundant_4link,1.0,0,0.007918187705226164,0.00032498710735304,0.028800150223913173,0.47834596209321273,4.0142843118721325,0
6579,short_2link,1.35,0,0.026924907410093592,0.0028847721341053586,0.002924206544145001,0.7851697430992092,5387.583477920851,0
6580,soft_5link,1.75,1,0.3567330325305193,0.05289824221132636,0.050167101222616466,0.540751855581493,4.603337182895213,1
6581,wide_2link,2.25,1,0.45605976935428305,0.061896128430682255,0.0642281060868645,0.948613692942973,2.163413727111864,1
6582,snake_6link,0.35,0,0.0047645416107133165,0.0001690259270394163,0.007304400695164036,0.1466693824220645,9.916679596280526,0
6583,heavy_3link,0.7,0,0.006520772658657023,0.00028707863910596923,0.01263051577624454,0.3346551754676978,5.607197746415471,0
6584,teacher_2link,1.0,0,0.0029932332928800914,0.00020627644449224222,0.05451704642079894,0.7171028034508161,2.5838938930398716,0
6585,long_4link,1.35,1,0.05272666101106696,0.006968501222636544,0.21809940295624783,0.6099278272485323,4.561318849771669,1
6586,long_2link,1.75,1,0.4132040526929041,0.06345287481460356,0.059667300396875414,0.7539136886037624,2.4211462439598574,1
6587,needle_5link,2.25,1,0.2769628708222071,0.05526901157520398,0.2511761316292034,0.5688333430457801,6.383167321523763,1
6588,asym_3link,0.35,0,0.012042373229791351,0.000463380323161331,0.00048454710535283534,0.16506687877735773,179.6498974635821,0
6589,large_6link,0.7,0,0.01563659242943842,0.0002785456259753005,0.017778917569764668,0.2775539403874,5.312442676666918,0
6590,redundant_4link,1.0,0,0.002498834858879642,0.00027191001802021807,0.019572384266371312,0.4934040010985132,5.9257905242046505,0
6591,short_2link,1.35,1,0.17141957067825758,0.01525303642486241,0.052394598502024915,0.6870973490340682,10.604302071179495,1
6592,soft_5link,1.75,1,0.3012931422743503,0.03667283248466594,0.05042991702699483,0.5784343938099787,5.973038417883596,1
6593,wide_2link,2.25,1,0.48195966265119433,0.07574437580616707,0.06532799851366007,0.9323308335443565,5.248968678985654,1
6594,snake_6link,0.35,0,0.001276225205567845,4.964954401385344e-05,0.023278566414312304,0.1575236128163012,4.809623979247582,0
6595,heavy_3link,0.7,0,0.0021900579242404615,0.00011499751273743413,0.019952678406468034,0.2614474476227071,2.0083347539217073,0
6596,teacher_2link,1.0,0,0.005545288973664724,0.0002490934202737978,0.0389566603440841,0.6838494949247722,2.8816212803803105,0
6597,long_4link,1.35,1,0.07372626475101007,0.013637818986160635,0.0049474300022318875,0.4954283301813993,86.99050166358073,1
6598,long_2link,1.75,1,0.40516815457908784,0.019722097884361512,0.054177559871466205,0.7135808522142053,4.901661046812385,1
6599,needle_5link,2.25,1,0.3264740323084428,0.03676234256189744,0.100940150991,0.6109240393233234,2.4345827825042936,1
6600,asym_3link,0.35,0,0.0047023375459395575,0.00014243092219847625,0.005451247582374367,0.18895120941389565,7.148980717973589,0
6601,large_6link,0.7,0,0.006058788833388519,0.00017437592414537703,0.028185406732095415,0.2953623900066631,2.3752178950707985,0
6602,redundant_4link,1.0,0,0.0006306404594280523,7.941327937579873e-05,0.06355693618695091,0.4853518913170579,3.508119187282116,0
6603,short_2link,1.35,1,0.1927442005232468,0.016194516590385254,0.02292172354750221,0.6718053262510105,7.554868261530957,1
6604,soft_5link,1.75,1,0.05131489429330713,0.003873715187146464,0.07895466991578119,0.7511335964547606,1.713031178659236,1
6605,wide_2link,2.25,1,0.515341560507562,0.09066598875121047,0.10183898164229004,0.5940349078230168,3.087860425052258,1
6606,snake_6link,0.35,0,0.0005536966694017735,3.141576139806984e-05,6.272837249531548e-05,0.15733103849856195,164.85803037212133,0
6607,heavy_3link,0.7,0,0.06791066390013384,0.000826636299443481,0.007170354832234562,0.508093137984928,15.55169538651878,0
6608,teacher_2link,1.0,0,0.001882720232804009,0.00021689071112812442,0.018779952574076053,0.7434758080677503,5.202546648338061,0
6609,long_4link,1.35,1,0.16383410381878685,0.023854896770887722,0.13712531337132355,0.46743007147287025,15.417403491275984,1
6610,long_2link,1.75,1,0.38524291207661,0.06985368606494402,0.04561155122675856,0.781324418390579,6.820648355839737,1
6611,needle_5link,2.25,1,0.43554391156865757,0.041466313465233155,0.058324304580143614,0.4934902077942866,2.72588498038048,1
6612,asym_3link,0.35,0,0.007549590861167872,0.00016630810525132284,0.007971896364474847,0.20724571875323258,6.329825094872225,0
6613,large_6link,0.7,0,0.001116487877890287,9.458237276570479e-05,0.0914179384675244,0.25735111348440276,4.145222308251186,0
6614,redundant_4link,1.0,0,0.0005288698128503958,7.431239398561155e-05,0.13358911954592653,0.4856915826024501,5.781950934054778,0
6615,short_2link,1.35,1,0.974188076455376,0.0042236300832110526,0.004325671694195085,0.12033082724847168,231.2151433718764,0
6616,soft_5link,1.75,1,0.15072254902130122,0.011242212018721137,0.07785112192315982,0.6521423675230975,1.8245471380488623,1
6617,wide_2link,2.25,1,0.47026720841305586,0.07636938800476963,0.09795400226105348,0.7337000335468826,2.4535579270873376,1
6618,snake_6link,0.35,0,0.021272534352906786,0.0001812827155350782,0.007341597173584319,0.15483582214561994,7.7572525380484905,0
6619,heavy_3link,0.7,0,0.017187029684691393,0.000321358211042584,0.014912658898724753,0.5434256318696404,5.1964360095898225,0
6620,teacher_2link,1.0,0,0.0008099016323930022,0.00010358488869505169,0.11387454410489065,0.7253577971489475,4.297434392725537,0
6621,long_4link,1.35,1,0.04931276990323888,0.00464184564520305,0.08796656577548866,0.5500296176763027,1.4758046500824769,1
6622,long_2link,1.75,1,0.42813316462689466,0.09415588886341654,0.28410605983627346,0.7373252817569212,5.32799197306271,1
6623,needle_5link,2.25,1,0.39484011492770116,0.07159483211989143,0.16103850347474138,0.383519579524601,8.48921591468365,1
6624,asym_3link,0.35,0,0.013111869976702837,0.0004982031465999481,0.0005008887851255248,0.15689983120599635,511.26348774103536,0
6625,large_6link,0.7,0,0.0018114850262304395,0.00014687746463088773,0.035445550935929195,0.2707544666439113,5.252921781093031,0
6626,redundant_4link,1.0,0,0.006124751161299574,0.0006995306694598906,0.09616991170812556,0.46166826833111224,16.930719739929735,0
6627,short_2link,1.35,1,0.30276430281990374,0.0027295116514817583,0.009633377449393037,0.6556886582727198,20.447162430135567,1
6628,soft_5link,1.75,1,0.1010537594939642,0.023006520534984094,0.22425681817787382,0.7499692248493182,3.8710255644102727,1
6629,wide_2link,2.25,1,0.5526605341951192,0.054686478959729015,0.04971372697558865,0.89572583177387,3.017227799688561,1
6630,snake_6link,0.35,0,0.0038161090113568484,8.289751281509454e-05,0.035036086846764646,0.14446432309141335,2.9779333059992763,0
6631,heavy_3link,0.7,0,0.0011703258315307907,7.709745906594591e-05,0.027437478488346077,0.2951778393798749,3.2337292967473945,0
6632,teacher_2link,1.0,0,0.0006682882920267317,9.472323690489136e-05,0.019554736159996654,0.745951897430054,6.725951286840825,0
6633,long_4link,1.35,0,0.027431368458976597,0.00328356296160726,0.0033527154353563994,0.34675891316791974,305.8608499527519,0
6634,long_2link,1.75,1,0.3958326972029595,0.02778032604184844,0.08663617715340763,0.724189903717917,2.648711711317284,1
6635,needle_5link,2.25,1,0.3350864260937445,0.06233075782186389,0.10069081511755745,0.4623821095270748,5.805345232652339,1
6636,asym_3link,0.35,0,0.0027959143924006537,5.891192763842039e-05,0.02027829170790503,0.171724230009463,1.309798995264581,0
6637,large_6link,0.7,0,0.006585255604116735,0.00028425427619662667,0.05155120494897906,0.25594216246598234,5.780582473478844,0
6638,redundant_4link,1.0,0,0.0018685891993181817,0.00017508440664279547,0.03181265677110898,0.47325741984426123,3.00466628512887,0
6639,short_2link,1.35,0,0.012733045296996332,0.0008330022733045241,0.0360799137877238,0.9416229278915254,7.072754813036044,0
6640,soft_5link,1.75,1,0.3084335939475102,0.06120369539570959,0.05789008781614351,0.5889867677354401,6.165072362236929,1
6641,wide_2link,2.25,1,0.5072113981436105,0.014942312003355957,0.02786314294337977,0.9268410681791517,7.2903782702992475,1
6642,snake_6link,0.35,0,0.00969587783978719,0.000488373675001024,0.000541571871760304,0.14236190989566203,168.13352792064825,0
6643,heavy_3link,0.7,0,0.00819248334481197,0.00029347570969646584,0.03523153348792674,0.4628135274421838,5.223173656950885,0
6644,teacher_2link,1.0,0,0.0036796744264720937,0.0005054534094457456,0.01382861707432289,0.6995147978738883,18.992751599881878,0
6645,long_4link,1.35,0,0.0008116256218738412,0.00012480174402364674,0.052004507390604124,0.5637608577722251,4.152098893588374,0
6646,long_2link,1.75,1,0.3584464983824209,0.08826499844328105,0.0884702359246769,0.7811647104727493,4306.963929906386,1
6647,needle_5link,2.25,1,0.39755834712902927,0.028290215643216463,0.06730507113912346,0.5583408615576582,1.6080106358267634,1
6648,asym_3link,0.35,0,0.006358986138738812,0.00013506975501734905,0.036636168250676664,0.21295957794994327,5.085526510720001,0
6649,large_6link,0.7,0,0.00343957209377343,0.000254232201605683,0.04743203159914305,0.22775036502080356,7.670354871615852,0
6650,redundant_4link,1.0,0,0.0005737429009030117,8.01039927830631e-05,0.11431686744121947,0.48121290975350245,6.023484420915833,0
6651,short_2link,1.35,1,0.2239400781797201,0.032505737752916035,0.03244937190295731,0.8260680773914272,702.8108953484154,1
6652,soft_5link,1.75,1,0.3399832884109371,0.013784979357364906,0.03288329221432296,0.5173333829244275,8.059362384610914,1
6653,wide_2link,2.25,1,0.5558535291881957,0.045676814700107184,0.06979258985885771,0.8949485081586319,2.1974825596172396,1
6654,snake_6link,0.35,0,0.0032931287337361974,0.00010232605398562573,0.008639982656781755,0.16134488697696592,5.152038710088859,0
6655,heavy_3link,0.7,0,0.0014488625182662968,8.680431956821139e-05,0.08708325343105051,0.28803461959919435,1.979566326158473,0
6656,teacher_2link,1.0,0,0.006208243877289677,0.0002859414313934638,0.040055374142908086,0.6594713451464773,3.712089227061365,0
6657,long_4link,1.35,0,0.0006815260099312803,0.0001128012718818998,0.05039061138921912,0.5783608238188933,5.01913488759541,0
6658,long_2link,1.75,1,0.28145210834050155,0.05757694526064311,0.05929722880571044,0.8760531083440573,6.802169487834543,1
6659,needle_5link,2.25,1,0.2963144256508514,0.03336935073099633,0.02978042066644247,0.6218231453883035,6.062024604857917,1
6660,asym_3link,0.35,0,0.000933838246382732,3.9728733462738844e-05,8.831312343700268e-05,0.1777798764692196,119.0351386008579,0
6661,large_6link,0.7,0,0.003930213195071695,0.00015893027325960624,0.05521735182096917,0.22801002008883423,2.2728626839787798,0
6662,redundant_4link,1.0,0,0.0006844149347263233,8.80451960954195e-05,0.02381000625856388,0.48518705080778796,4.080508897071535,0
6663,short_2link,1.35,1,0.16236049952572199,0.021303842823020325,0.027781736876912797,0.8636744088081286,7.115541951960335,1
6664,soft_5link,1.75,1,0.09126103514344071,0.020019969097121747,0.09713716287414532,0.7475115517404575,4.3117342821919875,1
6665,wide_2link,2.25,1,0.4564722909319521,0.07402616333048181,0.2280507196668085,0.9474993114187046,4.454024940005189,1
6666,snake_6link,0.35,0,0.017339922332781695,0.00014677481004549898,0.010105939152221436,0.1397867767998039,5.855577394586302,0
6667,heavy_3link,0.7,0,0.003673409350869477,0.00018827354140825208,0.05392941077688584,0.3687670666935708,3.688845900814141,0
6668,teacher_2link,1.0,0,0.0004744661278978241,6.91641993452311e-05,0.08077799198456412,0.7408795014968034,7.889037205561273,0
6669,long_4link,1.35,0,0.05678596441928576,0.003788678456020251,0.0042205881793710145,0.2522384277776935,131.85401659376336,0
6670,long_2link,1.75,1,0.3749832284920764,0.058138837192810426,0.024935402690224467,0.7181881305121773,16.953025495195256,1
6671,needle_5link,2.25,1,0.28613116177058256,0.027119751567376265,0.10759233265435325,0.6631880315881454,1.245373539063373,1
6672,asym_3link,0.35,0,0.000991996124801166,3.4916830832604574e-05,0.006938716025867614,0.1802518164712996,3.7159212492134714,0
6673,large_6link,0.7,0,0.000623886774660191,5.5852760131347975e-05,0.019036614258703684,0.23275249476738946,6.472458140114876,0
6674,redundant_4link,1.0,0,0.004166373228262015,0.00022078310539874158,0.06051905958010563,0.4888385133157563,1.8903166539445933,0
6675,short_2link,1.35,1,0.22444024763076792,0.0155045476390067,0.11148991572349158,0.6381864258086547,4.429127923810056,1
6676,soft_5link,1.75,1,0.16419057833190684,0.04030714046117202,0.05742203557550495,0.7046960482412821,5.097419441721779,1
6677,wide_2link,2.25,1,0.4034636169912035,0.06324598135429572,0.07652166903722724,0.9180550081688635,2.467104162189036,1
6678,snake_6link,0.35,0,0.06349655893102268,0.0009844482338381795,0.001164707755766744,0.06774908307632846,124.25551916752134,0
6679,heavy_3link,0.7,0,0.004506899211595737,0.0002378195178152671,0.012758137711325574,0.30853612880441966,4.999564013834616,0
6680,teacher_2link,1.0,0,0.0026279251299937017,0.0002524674249232964,0.12674048933952853,0.6761174746669146,4.662505016763944,0
6681,long_4link,1.35,1,0.005100800273165198,0.0007914057389992873,0.029736624665245858,0.5643615482871107,3.5341245482082972,1
6682,long_2link,1.75,1,0.2211539937074456,0.04085895661757958,0.19174572817238017,0.9669919779789253,3.0807944318271923,1
6683,needle_5link,2.25,1,0.3336389528646646,0.05829571467905395,0.05911567750218776,0.5508151077688297,3.4588966644977406,1
6684,asym_3link,0.35,0,0.004132748831837885,9.932473436156528e-05,0.011220759576926953,0.18203117287492585,3.7269210425960506,0
6685,large_6link,0.7,0,0.0029654545582155256,0.00015021750691704942,0.04180925662403006,0.2977369921367334,2.8394327162218485,0
6686,redundant_4link,1.0,0,0.0016644435868323213,0.00015541479972294218,0.11771922206439543,0.5007498550840337,2.75432176802621,0
6687,short_2link,1.35,1,0.8878182655939768,0.004179553990239651,0.0043648074436514195,0.1670996104653618,163.69275015344195,0
6688,soft_5link,1.75,1,0.09780656934637086,0.023065203295580438,0.02359572128842622,0.7180486859291368,14.5997857757443,1
6689,wide_2link,2.25,1,0.4747722133565289,0.052005222309494725,0.07393999976844183,0.6891157775312404,7.244572225992102,1
6690,snake_6link,0.35,0,0.0014835695746983702,6.681924975044997e-05,0.01493783338619862,0.1560823078517835,7.989918298079668,0
6691,heavy_3link,0.7,0,0.0014573240761700254,9.353815963360188e-05,0.01710666293284914,0.3557301181073906,2.6015582409516074,0
6692,teacher_2link,1.0,0,0.008445284825808343,0.00043375190330727925,0.03838998792749061,0.6553727241422853,6.61905773999447,0
6693,long_4link,1.35,0,0.0017365817823425226,0.00020846197182496047,0.1315082279062034,0.6850809631099268,2.405490292365984,0
6694,long_2link,1.75,1,0.16160665972846724,0.036531037220559164,0.209298691271615,0.999045775473835,32.03194365091863,1
6695,needle_5link,2.25,1,0.4522962787092208,0.04747785687433041,0.14014307731950013,0.3981253144832959,1.1573649419653411,1
6696,asym_3link,0.35,0,0.11841348237076614,0.0010324730578103389,0.0011377246295998496,0.07852166555126189,120.48811390241755,0
6697,large_6link,0.7,0,0.008426836146899905,0.0002879994648020374,0.034109746355286526,0.2855250713686526,5.501317375173835,0
6698,redundant_4link,1.0,0,0.0024927946696323123,0.0002166824582509681,0.10062119009633236,0.48953714920632035,3.526148600044103,0
6699,short_2link,1.35,1,0.03121646569254849,0.0016345505819565195,0.051929293461072,0.8880522362702403,7.04148897352651,1
6700,soft_5link,1.75,1,0.06551995912432765,0.008664049510892885,0.17632550961147983,0.7607684889578817,2.174297012745402,1
6701,wide_2link,2.25,1,0.54481039559352,0.1009742907346488,0.11738900663081044,0.4619737436586542,16.251775242321578,1
6702,snake_6link,0.35,0,0.004781195133458489,0.00013246789195199535,0.027450523340432697,0.14747488135079545,6.1262825234797225,0
6703,heavy_3link,0.7,0,0.016962133665570676,0.00031012038014644714,0.01665350311309907,0.5030930651710226,4.841299245163988,0
6704,teacher_2link,1.0,0,0.011860111920746423,0.0003445207422283539,0.030756830232015343,0.6687396068313627,4.62475655154483,0
6705,long_4link,1.35,0,0.05946832838023427,0.003501077955536861,0.004709615522050862,0.4339881521006021,75.75349953178434,0
6706,long_2link,1.75,1,0.3738952934361472,0.06969434048646089,0.15748784180427336,0.7808486294106028,15.493886485334041,1
6707,needle_5link,2.25,1,0.4603058713745399,0.06845808385536878,0.07712017017278791,0.37741960055167917,2.8178103660784477,1
6708,asym_3link,0.35,0,0.01909255428902177,0.00031588522607394745,0.019112255830883548,0.17161255888621244,12.338838431448943,0
6709,large_6link,0.7,0,0.0069436548767911185,0.000186929012648722,0.02610868681145432,0.262392711699078,2.5583092728378256,0
6710,redundant_4link,1.0,0,0.0014849287325316303,0.00016592837415105508,0.08334057806710533,0.47526306047339645,3.8364692661120356,0
6711,short_2link,1.35,0,0.013317294955536843,0.0007827702113376766,0.027191631440981096,0.9277291752899135,6.3161256436759325,0
6712,soft_5link,1.75,1,0.16612049124889786,0.03656696322158386,0.06811149732780776,0.7092420531888086,5.8201424616546555,1
6713,wide_2link,2.25,1,0.41177968577099866,0.05841390020008627,0.07687803024609159,0.9750631462072576,2.1544490280225963,1
6714,snake_6link,0.35,0,0.016057569378952825,0.0006518534076350512,0.0009205238607609904,0.12822516289506292,80.245316843042,0
6715,heavy_3link,0.7,0,0.009615034523097891,0.00021707522117431704,0.022559743790493563,0.36100825145781706,2.8888407299226793,0
6716,teacher_2link,1.0,0,0.02217760293315633,0.0005612569214368183,0.018470200648082778,0.670106717096583,8.432278424116149,0
6717,long_4link,1.35,0,0.0035876056155926418,0.0003786654527554284,0.04295241622825359,0.7306383015785771,4.2220462233565454,0
6718,long_2link,1.75,1,0.24488301210709715,0.04915612632627013,0.17623238217700402,0.8607142382965247,32.55151207034611,1
6719,needle_5link,2.25,1,0.44101377868285146,0.030711310286962886,0.0707372674982166,0.6575203773596562,2.402051520094212,1
6720,asym_3link,0.35,0,0.015911108762331167,0.00014433945297014718,0.010508597633457118,0.2162562383106756,3.9924114653100373,0
6721,large_6link,0.7,0,0.0037692428087337014,0.00013595672676900138,0.044359261574911775,0.23548959231744446,1.1524431146551517,0
6722,redundant_4link,1.0,0,0.0015131173890213922,0.00021024000735097857,0.016565879323114232,0.4902867683430493,10.867356226305468,0
6723,short_2link,1.35,1,0.28213068973899785,0.0042097031176978284,0.004287871625104509,0.16553988252295995,250.3015696136238,0
6724,soft_5link,1.75,1,0.2823426833463061,0.057325488231437786,0.028793104841412637,0.569226428210721,16.836170386627177,1
6725,wide_2link,2.25,1,0.5300625985812465,0.02422618659779095,0.02144174634344219,0.9003036194431063,9.694095900676194,1
6726,snake_6link,0.35,0,0.0027569623266869544,7.795554938184637e-05,0.03233806314349482,0.15848139123073537,3.3223410122073833,0
6727,heavy_3link,0.7,0,0.0026046723828156483,0.00011979799223160117,0.06104427121955527,0.400675267422847,1.6409198143583654,0
6728,teacher_2link,1.0,0,0.0009944750844297539,0.00013382285704306967,0.07851480859596612,0.748818135656694,5.811798830408208,0
6729,long_4link,1.35,0,0.004964877639504563,0.0005337760956959735,0.046085835394695046,0.690903613011303,6.390571980084301,0
6730,long_2link,1.75,1,0.2689896650254553,0.03369298815632324,0.041931046121133894,0.9100708935197772,5.298839666630208,1
6731,needle_5link,2.25,1,0.5178181373042415,0.034601945077150996,0.08365637135123256,0.44656630474493686,5.0592842557470945,1
6732,asym_3link,0.35,1,0.1545543342572872,0.00105339414657136,0.0011341612739824783,0.06870253758520807,139.0206144796737,0
6733,large_6link,0.7,0,0.0019896075072585893,0.00010266729486513548,0.03812978729139397,0.23833755544717924,1.6563310557073403,0
6734,redundant_4link,1.0,0,0.01450557981511628,0.0003953634340217227,0.02765433315433689,0.4951757161484802,5.33989755183378,0
6735,short_2link,1.35,1,0.2504156999197283,0.006372027706778336,0.03982913563739319,0.6191948756610134,5.544984990325628,1
6736,soft_5link,1.75,0,0.0152031767448374,0.0011090530806729293,0.040120795616294676,0.7745755171906091,9.597143899056787,0
6737,wide_2link,2.25,1,0.30849019421937035,0.052175521770098245,0.07094332049703402,0.9763286145552127,44.47936773092207,1
6738,snake_6link,0.35,0,0.0005557909942926134,2.6823973927612722e-05,0.009234706786235032,0.15766875340738445,7.312954119256479,0
6739,heavy_3link,0.7,0,0.005715178860848631,0.00020365231368652814,0.019906317237235006,0.4681273610026321,3.334293347955017,0
6740,teacher_2link,1.0,0,0.03330638329987593,0.001526179871822773,0.017782369230945977,0.5794684604679761,28.347905340154703,0
6741,long_4link,1.35,0,0.01316807274252459,0.0021229237631323807,0.0024385796653878925,0.5121581596236882,119.96277149778207,0
6742,long_2link,1.75,1,0.0889702253768601,0.00855988656631727,0.05809665188333775,0.9790538745352411,30.609944042118492,1
6743,needle_5link,2.25,1,0.35431787639374185,0.04393848612890927,0.1322519744390473,0.5790591755660806,1.6476992183916919,1
6744,asym_3link,0.35,0,0.0020502685995048096,6.760650913673928e-05,0.005709502235424824,0.16113555553649145,3.8535821226290956,0
6745,large_6link,0.7,0,0.0049377642336104356,0.0002760087219193432,0.0837248810534141,0.25680596393239763,6.363639585598489,0
6746,redundant_4link,1.0,0,0.0008642332819517942,9.394113429310405e-05,0.059448780053452235,0.4785169964318298,3.2251656062521112,0
6747,short_2link,1.35,1,0.10722081097858231,0.0046502102756505025,0.03818419530353913,0.8026314458045312,4.249561623813666,1
6748,soft_5link,1.75,1,0.11187792794049338,0.01847907246071054,0.05539367764955627,0.7077250580852661,5.266189120800472,1
6749,wide_2link,2.25,1,0.5335755502500775,0.04064241571862776,0.08513950599758657,0.9067579560440984,2.031857159373787,1
6750,snake_6link,0.35,1,0.42808746382169727,0.0010339473672885892,0.0011845354066661415,0.055034333458615976,134.98233838358715,0
6751,heavy_3link,0.7,0,0.002277021440755617,0.00013596343684251484,0.02069165790209672,0.29804381745729647,3.081143401872955,0
6752,teacher_2link,1.0,0,0.003643761633110572,0.000234864241226697,0.058631116665310914,0.7090424090729252,3.0646857388262894,0
6753,long_4link,1.35,1,0.11026852141064047,0.0023232237112403805,0.020259515513040928,0.689200110466687,9.654730330443623,1
6754,long_2link,1.75,1,0.31986822084880806,0.05333828701190973,0.2363620963448478,0.8259137947407507,3.2855184379764544,1
6755,needle_5link,2.25,1,0.402822413246692,0.036235349667885976,0.0811692901346719,0.37739460496599003,1.3991286311036601,1
6756,asym_3link,0.35,0,0.0045630018179025865,9.640835971815193e-05,0.012301560220885265,0.22438329862166262,3.1857906350579377,0
6757,large_6link,0.7,0,0.0024891158331828965,0.00013955594491628067,0.025844478799521092,0.27473321753746555,2.8545559898690964,0
6758,redundant_4link,1.0,0,0.001284198472599947,0.0001563289888383039,0.05566714640943821,0.48840586133435737,5.171559207378702,0
6759,short_2link,1.35,1,0.22258124029347479,0.03228665996272756,0.0323511145245933,0.8265697598566613,924.0727282707643,1
6760,soft_5link,1.75,1,0.2483615893081477,0.053123083163997345,0.12572770858906845,0.6376448652720135,4.419434018915318,1
6761,wide_2link,2.25,1,0.5516985236498478,0.055658433726487155,0.044162660581997984,0.8958624062731727,3.5003252970978527,1
6762,snake_6link,0.35,0,0.0051809638902184955,8.207204315246941e-05,0.01550258361176354,0.15557651623614946,2.138146167507078,0
6763,heavy_3link,0.7,0,0.0008555377658456977,6.48322613395967e-05,0.010729149669467367,0.2941682624987152,3.953730462310692,0
6764,teacher_2link,1.0,0,0.026136812091035903,0.0021175695001520362,0.010213781193558294,0.5458915409019535,62.11808713588715,0
6765,long_4link,1.35,1,0.23505899171326844,0.028427581796159267,0.15096307846541454,0.4007059126534707,3.0636071617935428,1
6766,long_2link,1.75,1,0.4279982294000691,0.09522831956688639,0.07770070708320614,0.7371836401047869,6.176400431137218,1
6767,needle_5link,2.25,1,0.3553078402093804,0.04032559725409383,0.18871321643999528,0.5861157869569326,2.4176134226339077,1
6768,asym_3link,0.35,0,0.008095086085524636,0.0003209256840111614,0.0005193178431825009,0.18043231222048947,50.805592785128376,0
6769,large_6link,0.7,0,0.0021263663583685026,0.00011663481698000628,0.03472201677384431,0.284588615141689,2.155644482044764,0
6770,redundant_4link,1.0,0,0.005899188548851092,0.00028293961049699666,0.035601238455821776,0.5106804938677609,3.4701996444167733,0
6771,short_2link,1.35,1,0.10162586837396699,0.007376231551533313,0.06777201108727436,0.9008516304741109,3.449183192735479,1
6772,soft_5link,1.75,0,0.0012655679784314446,0.00027337791274638704,0.05299214326613215,0.816411224428958,4.521664898176435,0
6773,wide_2link,2.25,1,0.5556848580448687,0.08832873260174538,0.08395807963535205,0.44726314726231653,2.7066127924162053,1
6774,snake_6link,0.35,0,0.0021121018030728716,5.697382882685096e-05,0.015442595590543718,0.15720767197178057,2.089373969657945,0
6775,heavy_3link,0.7,0,0.04865457449806811,0.0015717473776900226,0.02338590521918552,0.35336855169364995,46.11613855927516,0
6776,teacher_2link,1.0,0,0.055753618233052006,0.0008554394396140067,0.011664909214036968,0.6516304701361156,13.435131745004973,0
6777,long_4link,1.35,0,0.025636086542505425,0.0029225105172309444,0.004020045898794512,0.5006446652394982,73.41191759057372,0
6778,long_2link,1.75,1,0.3991166581948317,0.06585354911659548,0.05230564961627172,0.7687758593084877,3.340843172812108,1
6779,needle_5link,2.25,1,0.39088936253120593,0.02284310908587142,0.02832873100954275,0.6920982335629606,6.683602142173583,1
6780,asym_3link,0.35,0,0.0013761673449306615,4.274198734619697e-05,0.03263517911462465,0.18219664109692246,2.5153406372651674,0
6781,large_6link,0.7,0,0.0009398332644504382,8.110325723472339e-05,0.01962903413784776,0.229506118440259,4.340343014226848,0
6782,redundant_4link,1.0,0,0.013461632061348854,0.00044048171161213624,0.021935785487084084,0.5464138865547883,5.768442060336459,0
6783,short_2link,1.35,0,0.015918107626529024,0.0010456748519137614,0.01837608714531522,0.9303515658573165,9.289107944565696,0
6784,soft_5link,1.75,1,0.18161893481155664,0.023804452510815068,0.17515375983530124,0.673234919196992,1.7145141951101301,1
6785,wide_2link,2.25,1,0.40291242629354906,0.04265660501388751,0.026144425575825504,0.5873639189155979,27.425047186026696,1
6786,snake_6link,0.35,0,0.010532141105702336,0.0005135914620673929,0.0006302167163190769,0.13517731962688087,109.98454111513729,0
6787,heavy_3link,0.7,0,0.002698486448784718,0.00012735257301037278,0.022404235337931497,0.26731123909093957,1.9446246856457845,0
6788,teacher_2link,1.0,0,0.0026497942572476486,0.00024021218233774019,0.030110235951320948,0.729545124277802,4.1452375849179885,0
6789,long_4link,1.35,1,0.008190024306397464,0.0011731848961688421,0.2125655661615308,0.5522663241674076,3.83812193816415,1
6790,long_2link,1.75,1,0.42642030613160176,0.07836968599130782,0.20472420508450626,0.7396664654059253,2.7732898845220046,1
6791,needle_5link,2.25,1,0.3028820522197483,0.03934407777891985,0.11879059318008384,0.7737443278453502,4.9793610569176225,1
6792,asym_3link,0.35,0,0.008241788155089518,0.00010116314734201616,0.013277977943237824,0.2208203923661778,2.646076428056204,0
6793,large_6link,0.7,0,0.014034261755502556,0.0002741842268538433,0.02466262566349073,0.2448603616536655,5.131513545368605,0
6794,redundant_4link,1.0,0,0.022886106277184255,0.0005645604268316103,0.01776681543012251,0.49460864480813954,8.333336432253075,0
6795,short_2link,1.35,1,0.20287310284696006,0.028941340136433832,0.029970910227362948,0.8307807297970636,222.02609128074883,1
6796,soft_5link,1.75,1,0.05130210472386856,0.006761611709487004,0.04517654286400764,0.7525244605522936,7.3295928840661,1
6797,wide_2link,2.25,1,0.5542286176520468,0.07734794658007373,0.07490995995860837,0.45481290730278984,1.6700288751064751,1
6798,snake_6link,0.35,0,0.003386385854040628,7.353905905379004e-05,0.02235982293659141,0.15391273711471895,2.4696440467116716,0
6799,heavy_3link,0.7,0,0.0008608645047135543,6.92555395546036e-05,0.08930423228764106,0.31581358831437617,6.116614453236285,0
6800,teacher_2link,1.0,0,0.00609839795118453,0.00029098223679613865,0.08055513182733376,0.6590951185050896,3.846665429241353,0
6801,long_4link,1.35,1,0.04072461094899401,0.0034621046865201677,0.06854537296239151,0.6723271505647483,1.8707129630791988,1
6802,long_2link,1.75,1,0.40081573833008155,0.05876542518341203,0.04618491954172012,0.7066145015403027,8.234544487104552,1
6803,needle_5link,2.25,1,0.474685311845605,0.040746696061292435,0.04339858962623746,0.4955545420202461,4.169302450180021,1
6804,asym_3link,0.35,0,0.05440501855407574,0.0009135058809948573,0.0011387145378709206,0.12021915492156318,78.34985475268184,0
6805,large_6link,0.7,0,0.005909536188871102,0.00017087462661472295,0.03236128921879341,0.24399275008284757,2.846987236780489,0
6806,redundant_4link,1.0,0,0.0015012087102471156,0.0001436044605089648,0.07393757408120215,0.4888098729291532,2.6129301673971264,0
6807,short_2link,1.35,1,0.10967844575487438,0.010361426048690885,0.12052591755236368,0.7958676548704623,4.606817224722297,1
6808,soft_5link,1.75,1,0.3268686613895064,0.026779988609224696,0.07429418776108211,0.5764915189048144,2.1932977372052744,1
6809,wide_2link,2.25,1,0.5531365814331064,0.05369079548811906,0.0932445483374248,0.8958386997577289,2.444741565336584,1
6810,snake_6link,0.35,0,0.0014637671804547585,4.343233188482477e-05,0.04420332539324957,0.15411963149934324,2.4275488601448054,0
6811,heavy_3link,0.7,0,0.01736230315409287,0.0003205453058113474,0.015305781235844787,0.4203441701719353,5.08881242341688,0
6812,teacher_2link,1.0,0,0.000724740152570315,0.00010839372063373048,0.055045530784867625,0.7445419624881905,12.46383466779065,0
6813,long_4link,1.35,1,0.15104725178896594,0.00389211817504144,0.004600022203376953,0.32944028178264756,104.41636939343591,0
6814,long_2link,1.75,1,0.2343776698042623,0.04849832773869724,0.29088833364556244,0.9413910259142351,5.38556725310371,1
6815,needle_5link,2.25,1,0.34358222170740504,0.05216841276707635,0.04616866307732852,0.5920310572802582,3.3030127303247747,1
6816,asym_3link,0.35,0,0.0013665750598567709,4.6467501650322574e-05,0.01101188013083335,0.1881108911183807,3.709574675107335,0
6817,large_6link,0.7,0,0.004085755786458264,0.0001854840906732218,0.021159193809886432,0.30188986207250285,3.472773871778057,0
6818,redundant_4link,1.0,0,0.004159578506282448,0.0002289588670048768,0.03517965822296218,0.4687439754055219,2.3480560123803977,0
6819,short_2link,1.35,1,0.22025350526537946,0.031616902209772216,0.03085675087429126,0.823257666832013,238.41042563627644,1
6820,soft_5link,1.75,1,0.18240916864904566,0.04622869832747528,0.05442691817825617,0.6949720886899081,10.055021527935658,1
6821,wide_2link,2.25,1,0.3977636017449862,0.07131644394588434,0.08361989507087975,0.9818553761665257,7.43749509511191,1
6822,snake_6link,0.35,0,0.0030929060314781077,0.00017211841054162294,0.000288922032532824,0.15719851680978156,67.38770819368548,0
6823,heavy_3link,0.7,0,0.0010022412785245657,7.266083379472346e-05,0.012857819029950578,0.31889686530779043,3.7352021871073564,0
6824,teacher_2link,1.0,0,0.0310088043187235,0.0015294007142634537,0.008782101172718642,0.6140409188994058,28.734256021572925,0
6825,long_4link,1.35,1,0.15630191257968742,0.018657888532678912,0.01520064977128712,0.5976590641935239,10.940590968822201,1
6826,long_2link,1.75,1,0.38776075995962767,0.008646707608314166,0.03365386539984644,0.7488204474104818,14.339356541588463,1
6827,needle_5link,2.25,1,0.49802478912303805,0.07255112229535886,0.0926722134342737,0.36257539472393985,4.810451053176475,1
6828,asym_3link,0.35,0,0.014326705749430655,0.00014943202514685065,0.008070648333752433,0.2218537927029821,4.686517318262866,0
6829,large_6link,0.7,0,0.003426477716309621,0.0002890772549236397,0.009472925707593791,0.2740917774482906,11.21415384956595,0
6830,redundant_4link,1.0,0,0.002136647704672706,0.00025470838697036566,0.016727256714185075,0.48107262255240907,6.738817050814315,0
6831,short_2link,1.35,1,0.12786086138309352,0.015671435310249403,0.010152999896364178,0.8092438965731478,124.12987315932041,1
6832,soft_5link,1.75,1,0.3175930891588369,0.05170585407019265,0.11616493158632513,0.5659538136040975,9.920755057562642,1
6833,wide_2link,2.25,1,0.5078263470895178,0.0633958155945677,0.10164605264910664,0.6109131015687521,4.058328736774619,1
6834,snake_6link,0.35,0,0.0020952060965438927,7.48980399881365e-05,0.03769327438425235,0.16106521887213518,4.314915266673163,0
6835,heavy_3link,0.7,0,0.0009732230170485162,6.92423784965956e-05,0.01836771836660087,0.31475788172544544,3.509525283729855,0
6836,teacher_2link,1.0,0,0.004789125440097433,0.00028861734413153167,0.02908527647947727,0.6594879202719932,4.074124216955849,0
6837,long_4link,1.35,1,0.042580700034152937,0.0028302089830225096,0.07949227232398214,0.5710141775662797,1.150046997180379,1
6838,long_2link,1.75,1,0.30809050581896025,0.01329472154691184,0.012388548405954816,0.6861914918459482,33.406535050552954,1
6839,needle_5link,2.25,1,0.31993622052407467,0.03983334876000922,0.03406098630130522,0.7566994978046004,4.884022736199733,1
6840,asym_3link,0.35,0,0.021169893319984024,0.0006946699210534005,0.0007163241238312462,0.14440177354518302,217.02224075441788,0
6841,large_6link,0.7,0,0.008266982321066995,0.0002192096393764867,0.02709135370958895,0.301195509056935,3.9428404909497172,0
6842,redundant_4link,1.0,0,0.0012448990465998304,0.0001586594314961085,0.10720370958461256,0.4717682063307065,6.118256641353193,0
6843,short_2link,1.35,1,0.02945561655630671,0.003783133555950776,0.0431697993205733,0.9070295285065761,43.8419038503634,1
6844,soft_5link,1.75,1,0.24021051552931932,0.06435983637593318,0.09164303180091973,0.6467660205454198,12.313471018777955,1
6845,wide_2link,2.25,1,0.5513407975882778,0.052868596691868136,0.11052124822090433,0.8949287559237049,4.8249323355357845,1
6846,snake_6link,0.35,0,0.004853821594701062,8.413453747501141e-05,0.015083549757297756,0.14583485047934705,2.5432683749435676,0
6847,heavy_3link,0.7,0,0.013946353097035246,0.00035441779181416864,0.012896312592579597,0.44222066795332493,5.977072133602232,0
6848,teacher_2link,1.0,0,0.025816050568263967,0.0011401638047555851,0.008183527041383814,0.649164433870319,19.55536927335048,0
6849,long_4link,1.35,0,0.028130308072349543,0.003222479658138277,0.0036094746270735473,0.41652184481407806,129.26791528425113,0
6850,long_2link,1.75,1,0.3889844406033873,0.07768107410810779,0.2647919134988032,0.7805466323331329,3.13475512816046,1
6851,needle_5link,2.25,1,0.4328279971147537,0.05578352603072312,0.11359797316205446,0.4084075723532762,2.3355957863064125,1
6852,asym_3link,0.35,0,0.0016385815897294461,5.090795027296989e-05,0.007854219279180003,0.1947417631913442,2.725461077958543,0
6853,large_6link,0.7,0,0.002078998970085456,0.00010416040585384934,0.04930551081491213,0.22691618006337813,1.516990113548491,0
6854,redundant_4link,1.0,0,0.007786177910392567,0.0006845522456072255,0.04888414345877595,0.46289480671056327,13.051815405918259,0
6855,short_2link,1.35,0,0.011694501789992987,0.0006579749767459233,0.023907205261339763,0.9279574662586403,4.957142563832229,0
6856,soft_5link,1.75,1,0.18899814123098033,0.025569800307342672,0.05251777538622579,0.6245048302027718,3.82779063764703,1
6857,wide_2link,2.25,1,0.5206521448122787,0.07153301827920258,0.04510235788624255,0.909148644908176,6.912465000501449,1
6858,snake_6link,0.35,0,0.0046800417456249275,0.0002530065652649106,0.0004776043313513194,0.15576257932190074,59.05126646629106,0
6859,heavy_3link,0.7,0,0.0025939222770479,0.00011714874254664091,0.022899290864596578,0.3271710898065472,1.5377538791995111,0
6860,teacher_2link,1.0,0,0.001949570810760593,0.00017310806037210981,0.035380391017312156,0.6852774767055166,2.7447744559887304,0
6861,long_4link,1.35,1,0.056233526397317636,0.007905483248861563,0.03041542399351159,0.5280591604643994,5.886472388053435,1
6862,long_2link,1.75,0,0.056115834646561155,0.004613387480786314,0.006836801848557957,0.6942956966298998,86.04008919884782,0
6863,needle_5link,2.25,1,0.4214140479878491,0.06852816863142167,0.06529776737027267,0.48073260897162545,3.8844549599177522,1
6864,asym_3link,0.35,0,0.0011072343620486611,3.9079729258939155e-05,0.007409484986225161,0.17329618965107596,3.2719280861901896,0
6865,large_6link,0.7,0,0.002458048024793185,0.00018303467605947736,0.10496693408387303,0.2420272236563982,5.619505280421942,0
6866,redundant_4link,1.0,0,0.007737984266821804,0.0003681097137251993,0.03902858402798041,0.46113870740954577,5.07840007766276,0
6867,short_2link,1.35,0,0.10074779550021513,0.004094072714449324,0.00410941352371761,0.30708199032795475,607.5879398279077,0
6868,soft_5link,1.75,1,0.33191370683348076,0.07247454835920107,0.04859665720264121,0.5751331923883258,5.7039452606869245,1
6869,wide_2link,2.25,1,0.49881455597395186,0.059930347214076,0.06910634552206082,0.6457125582439204,2.5304985190363487,1
6870,snake_6link,0.35,0,0.010825206806262687,0.00012156587639810886,0.012997775628591595,0.13434643146599096,3.9356828991952124,0
6871,heavy_3link,0.7,0,0.000987875420371057,7.437779047817434e-05,0.03249638737748372,0.279792798414391,3.6412265381958315,0
6872,teacher_2link,1.0,0,0.0034453609904482882,0.0002798759787185216,0.02490588226627237,0.6663040776102812,4.552600558869667,0
6873,long_4link,1.35,1,0.17435258834853087,0.02011577200143031,0.16256741614795,0.495123840425627,5.245403673677175,1
6874,long_2link,1.75,1,0.40455668613648055,0.050172934371267276,0.14048666270600618,0.709212133980145,2.692217968675329,1
6875,needle_5link,2.25,1,0.36207134854343737,0.037966335471149956,0.06581038540444586,0.5740971335872386,4.394909666241667,1
6876,asym_3link,0.35,0,0.0428657261530092,0.0009455192209686115,0.0009484101999022649,0.0907659091053935,682.8675447683898,0
6877,large_6link,0.7,0,0.0067336631897616725,0.00018598610929498923,0.028809578579122516,0.27722899031760945,1.4837446326300834,0
6878,redundant_4link,1.0,0,0.007492897324543223,0.0005430204900420343,0.03366634692223404,0.5309771049006609,9.205612827190075,0
6879,short_2link,1.35,1,0.2266991847592491,0.025416750566710423,0.025439677270576114,0.8214925396142642,7.137279628627671,1
6880,soft_5link,1.75,1,0.00434102750316393,0.0009577053832223053,0.13870663990623616,0.816583149645899,8.516134498831374,1
6881,wide_2link,2.25,1,0.4812441932662633,0.07994356323483912,0.10070277212560297,0.7011698181135755,2.585747592928425,1
6882,snake_6link,0.35,0,0.004078837466655298,0.00013691347985346795,0.010338532577392168,0.13757774856356977,7.520609107641839,0
6883,heavy_3link,0.7,0,0.007234573281382931,0.00019326219650806257,0.02620293970262313,0.30863031243825356,2.716944896779534,0
6884,teacher_2link,1.0,0,0.0011942364509121312,0.00013424364537688288,0.03163446093841752,0.7099831223819412,3.409946736242051,0
6885,long_4link,1.35,0,0.03267019440577476,0.0033565751331878267,0.0038459287626201647,0.3762898406075418,116.53231229557484,0
6886,long_2link,1.75,1,0.4094598929188318,0.10300372608888034,0.18210085429807682,0.7502268891047382,46.65037803922839,1
6887,needle_5link,2.25,1,0.35122591134699277,0.06955096897459817,0.07025706121736024,0.46106524454082265,6.621367933391443,1
6888,asym_3link,0.35,0,0.0035260564744514773,6.575488763285781e-05,0.02434073586751492,0.20594480680051955,1.1735513429590945,0
6889,large_6link,0.7,0,0.019151803202162677,0.0003083850719147041,0.01727623766136151,0.2735441993973547,5.951648670631906,0
6890,redundant_4link,1.0,0,0.00846310686860152,0.0005841245025602103,0.03292637839907617,0.47025219396233603,9.429370618801265,0
6891,short_2link,1.35,1,0.22170337694112946,0.014715763212465146,0.03337979263983514,0.616103086909755,9.692248423746623,1
6892,soft_5link,1.75,1,0.3230330033212869,0.057709095854817684,0.1788692662088345,0.5619425803526944,5.114532453074014,1
6893,wide_2link,2.25,1,0.4198876864373712,0.01052046723390394,0.010168583118278998,0.9041103259492161,27.81591435067135,1
6894,snake_6link,0.35,0,0.003397803837908266,0.00018801250734247225,0.0005183821062608468,0.1527253601192879,61.21014437372224,0
6895,heavy_3link,0.7,0,0.0024210032593566543,0.00015045756675506855,0.02692023781285477,0.3236517801273157,3.9264229515000912,0
6896,teacher_2link,1.0,0,0.001090191461815906,0.00014158266719171877,0.018656644898998563,0.7158823532863177,5.21647587718433,0
6897,long_4link,1.35,1,0.013476622186786939,0.001421689846034221,0.042634496620225205,0.5920352016910796,6.251394014920094,1
6898,long_2link,1.75,1,0.3435417709977397,0.01726201760018918,0.03452460961546166,0.7937400679425566,7.084536965955828,1
6899,needle_5link,2.25,1,0.5073809013022423,0.04060587863595706,0.05902432735528652,0.34242392507357244,2.607704909641069,1
6900,asym_3link,0.35,0,0.002371115695302809,6.066622839386885e-05,0.014189985148089801,0.17122717241410465,2.1430080254550865,0
6901,large_6link,0.7,0,0.0038727070131367738,0.00017098712266426895,0.06467770744926916,0.25944000081868757,2.993694524518535,0
6902,redundant_4link,1.0,0,0.0010854557942757373,0.00010665828124547829,0.15547623402225494,0.49207562358417334,2.736254837146442,0
6903,short_2link,1.35,0,0.031409507822714115,0.003108662217599774,0.0031447284778228024,0.7161524000284967,314.8233966300866,0
6904,soft_5link,1.75,1,0.15906468073699082,0.02820503783138056,0.1861855068081911,0.6889374045944056,2.6532826280541095,1
6905,wide_2link,2.25,1,0.5448938439627401,0.010563356871490421,0.019011414774357343,0.9170245063585073,11.207862848463801,1
6906,snake_6link,0.35,0,0.011417284899186163,0.0002268964813607572,0.012861807331900146,0.1468329294178443,10.511805118221794,0
6907,heavy_3link,0.7,0,0.0350418818785257,0.0005291581777955708,0.02042778491919401,0.4058565723768078,9.280598483990474,0
6908,teacher_2link,1.0,0,0.01891081038748221,0.0005379577605698186,0.018455850256897974,0.655426392316586,8.067034045343629,0
6909,long_4link,1.35,0,0.012493520200776213,0.0005276944387507549,0.0403238730493373,0.6351728556097784,4.613860119965124,0
6910,long_2link,1.75,1,0.35677855363866573,0.08576278492523982,0.0925918278450436,0.8157553135621317,6.89900876899627,1
6911,needle_5link,2.25,1,0.43689602016340584,0.02784160564706404,0.03910494506020979,0.7064123358691695,3.8775612439526634,1
6912,asym_3link,0.35,0,0.014833954554447106,0.0005328053723985274,0.0006627186014859784,0.14657610470427643,77.8714327529921,0
6913,large_6link,0.7,0,0.0029010550378827556,0.00011946140209112762,0.04209472181065147,0.2926408267349149,1.2433550147342582,0
6914,redundant_4link,1.0,0,0.00489224843960998,0.0003324852207097161,0.09885814578880583,0.5077849875365351,5.173648050298376,0
6915,short_2link,1.35,1,0.2076647987666703,0.0047152718501021025,0.02111925248897519,0.6809040145657842,7.059791680671305,1
6916,soft_5link,1.75,1,0.36846529440409864,0.07209057194534958,0.10305168667783568,0.5443587211586413,3.9372826035610102,1
6917,wide_2link,2.25,1,0.5314065315048974,0.09834800560743934,0.1314168544637033,0.4766744550599334,29.444389809519514,1
6918,snake_6link,0.35,0,0.0007810276609182778,3.7510467132634344e-05,0.00729066194582018,0.159918512824427,5.341543751094541,0
6919,heavy_3link,0.7,0,0.00134142775366986,9.408520418607993e-05,0.07854074782455865,0.2778009956787768,3.366978424351875,0
6920,teacher_2link,1.0,0,0.0007320852860044372,8.595378090433736e-05,0.02875071520420183,0.7428157796191955,3.137194978786704,0
6921,long_4link,1.35,0,0.03504870703129915,0.003078179720130338,0.004661068883329229,0.39532943152497335,62.06781264412571,0
6922,long_2link,1.75,1,0.33550631832610683,0.06339233715445788,0.035119100011608936,0.7854182756516991,15.08125130838438,1
6923,needle_5link,2.25,1,0.469419746262338,0.07732493004767192,0.05860170061386289,0.3299764996911332,5.359125938794667,1
6924,asym_3link,0.35,0,0.0016777773357485985,6.487145113737456e-05,0.023017973631691856,0.18617619284357903,7.929207306276128,0
6925,large_6link,0.7,0,0.0030856877793713038,0.00014699102045498,0.040116366934373905,0.2680768555773922,2.4596654688750927,0
6926,redundant_4link,1.0,0,0.01394856210419326,0.0006381134022714844,0.0626970373280211,0.45228120790281573,10.165709847145223,0
6927,short_2link,1.35,1,0.2346026175885887,0.014247872866098032,0.06705949675132598,0.6275647984153641,3.199673701726516,1
6928,soft_5link,1.75,1,0.38997699083935433,0.09159258934530339,0.050432348369685936,0.5200887611746792,9.150396203494912,1
6929,wide_2link,2.25,1,0.4492189994335148,0.03367888985957426,0.06467376259112209,0.953475489262185,2.6583138019137222,1
6930,snake_6link,0.35,1,0.4466768991842199,0.0008816923024102306,0.0013924491637507474,0.09214102791352806,67.59360722647884,0
6931,heavy_3link,0.7,0,0.010743867208105325,0.00023262443989277424,0.030603230468277457,0.42376018671483434,3.128161705538728,0
6932,teacher_2link,1.0,0,0.004784179142762529,0.0002541785594803547,0.0780351879488189,0.659487141220608,3.182630148671724,0
6933,long_4link,1.35,1,0.15660687156250275,0.011221562510286612,0.04581709237516854,0.48255062868184967,3.112996670329408,1
6934,long_2link,1.75,1,0.3929923419900918,0.059998478611855866,0.024620705175130313,0.7129561758668048,10.41519556405316,1
6935,needle_5link,2.25,1,0.4076681903093185,0.06845615934889626,0.27830595353057624,0.40009982613106254,2.7963586464490797,1
6936,asym_3link,0.35,0,0.004505808844526478,0.00014929285170849722,0.026484741616516344,0.18146681851755692,8.666342844558153,0
6937,large_6link,0.7,0,0.0011923581603895431,7.668149758899118e-05,0.030586409591265015,0.24974498667079684,1.6074163214894397,0
6938,redundant_4link,1.0,0,0.00638806965672924,0.0002609869976127026,0.037618328898833604,0.4883514326808026,2.7885096457306924,0
6939,short_2link,1.35,0,0.03332464942171605,0.0031777611203289086,0.003314228247250163,0.6877062209895286,202.56898593832068,0
6940,soft_5link,1.75,1,0.03451667674034434,0.005909441004501968,0.16669768567767831,0.7606296547481257,3.9752951802772225,1
6941,wide_2link,2.25,1,0.48117618074491586,0.03547236250962049,0.0717725246774096,0.9353002734022917,2.4074913061284864,1
6942,snake_6link,0.35,0,0.005842256523665267,0.00016739687761895577,0.03354330370611166,0.1494965885695069,8.291682189228037,0
6943,heavy_3link,0.7,0,0.001915652168003362,9.790141447786968e-05,0.035569783380711296,0.2918265717125747,1.6721239822544915,0
6944,teacher_2link,1.0,0,0.020344718001788133,0.0004626648252972564,0.023541474198673557,0.6682915616357706,6.695585357184807,0
6945,long_4link,1.35,1,0.10453675361981464,0.008136045959856142,0.07431391786071143,0.5413132110225032,5.002997493021664,1
6946,long_2link,1.75,1,0.3477137036595501,0.04875417226101786,0.08122817854668539,0.8251021714362531,3.2121024748233427,1
6947,needle_5link,2.25,1,0.40098810677123337,0.02773700778289701,0.08399994674489712,0.6988467373345973,3.3563000484989476,1
6948,asym_3link,0.35,0,0.01135906773682777,0.00044309687669969827,0.00044646867812840347,0.16360562516304855,699.5687032071992,0
6949,large_6link,0.7,0,0.006501308230430544,0.00018926651343013608,0.029710949679964505,0.2641631435715955,1.6941161376638396,0
6950,redundant_4link,1.0,0,0.006184697999113576,0.000279217262602199,0.03590689861360186,0.47287909036340076,3.5682528746693225,0
6951,short_2link,1.35,1,0.136290762196828,0.014789667778669975,0.032078220742217854,0.8802893725484042,3.6658404305166195,1
6952,soft_5link,1.75,1,0.14546618599273617,0.011121605434922448,0.08260484083565822,0.6530046600148708,2.0489338226371174,1
6953,wide_2link,2.25,1,0.4161229904718655,0.0610102867134793,0.17979049484201287,0.8848639449122215,2.06211740599266,1
6954,snake_6link,0.35,0,0.0020142394249549125,5.306831071403489e-05,0.015693289399892774,0.15122473785905888,1.982461629127565,0
6955,heavy_3link,0.7,0,0.003651679141338536,0.00022852548347573467,0.016425975634306717,0.3553861205249866,5.8799172021035435,0
6956,teacher_2link,1.0,0,0.00748074932626249,0.0003195547626063011,0.029811593332843528,0.68582637194892,4.32819845556732,0
6957,long_4link,1.35,1,0.009072102912854001,0.0016369148813221786,0.0013672002947101025,0.528663607593301,448.28960044685994,1
6958,long_2link,1.75,1,0.42740743784326707,0.034836483186468134,0.07357351513768917,0.6778903001264034,3.4786182252027977,1
6959,needle_5link,2.25,1,0.3110874742125464,0.051915339217476285,0.058494264252615225,0.5424134452677287,3.896101972736564,1
6960,asym_3link,0.35,0,0.011655058108524435,0.0001943395135303481,0.005314348229953962,0.1970831739497421,6.967267691851983,0
6961,large_6link,0.7,0,0.005631299853833671,0.00016797860731171377,0.02943129911468119,0.26535009782692465,2.1995379318505606,0
6962,redundant_4link,1.0,0,0.005491144571352834,0.0002516453524355787,0.057152014329399536,0.46334391562259536,2.2493362323433734,0
6963,short_2link,1.35,1,0.10746013278806646,0.011203727905967763,0.0318328001885794,0.7790019561194126,10.739640929623915,1
6964,soft_5link,1.75,1,0.1756420849710462,0.01593636271356123,0.06765715446622181,0.6673044140795678,2.3320674777492614,1
6965,wide_2link,2.25,1,0.47699859263775574,0.052564543016171326,0.08336881335178666,0.7065165892903649,3.945934829045253,1
6966,snake_6link,0.35,0,0.032297587876916695,0.0008959893201321807,0.001048967711840503,0.08863350884779952,127.40954169938374,0
6967,heavy_3link,0.7,0,0.005267863175789889,0.00026750659789993435,0.018201975891850068,0.41235758990732607,5.522941205794395,0
6968,teacher_2link,1.0,0,0.000895144534233648,0.00011363112291814129,0.03640341409298594,0.7488575204270914,4.344242081790308,0
6969,long_4link,1.35,0,0.0015997121121526286,0.00019361080063454668,0.047296964797170396,0.6684656993328433,2.2160228950100263,0
6970,long_2link,1.75,1,0.42342113049491803,0.046866187358573674,0.05174402037344104,0.6804074000873384,4.9254298634502875,1
6971,needle_5link,2.25,1,0.38773309116503935,0.024702485597822225,0.06876151485974141,0.533006189941397,3.722490347135544,1
6972,asym_3link,0.35,0,0.0031883255820188056,6.802802316194744e-05,0.0154220586502615,0.21128801745000209,1.8285754284326015,0
6973,large_6link,0.7,0,0.0027834022340644717,0.00019697244822856544,0.08803082618041506,0.27535758013714623,5.743297870034513,0
6974,redundant_4link,1.0,0,0.004628718678699146,0.00022309141226464326,0.04329715609953764,0.4962622474683163,2.07058559511366,0
6975,short_2link,1.35,0,0.03373173469379147,0.003051243674753732,0.0037946879926130297,0.6692476383485547,76.1679038996579,0
6976,soft_5link,1.75,1,0.22057878831819783,0.04855983278601169,0.05362484194387537,0.6679606141564169,5.306695657423891,1
6977,wide_2link,2.25,1,0.4746758950876055,0.07492803641876047,0.07910699911944508,0.7208444003655518,2.259404032385983,1
6978,snake_6link,0.35,0,0.001067602853249747,4.460858531662474e-05,0.06997085951931514,0.14989747644430756,4.07347684562238,0
6979,heavy_3link,0.7,0,0.0031656454444046484,0.00022907649958099258,0.013686961038108283,0.40173603530411695,8.106699144475995,0
6980,teacher_2link,1.0,0,0.0110274399814917,0.0007320762131451485,0.015567161287359065,0.6900988129990737,12.648800390985407,0
6981,long_4link,1.35,1,0.15233719554493183,0.02271167391048149,0.1759425178427075,0.4466775816960449,3.133900621404352,1
6982,long_2link,1.75,1,0.42357855850481724,0.08890596607244154,0.0910985035174984,0.7416448029360323,5.792293427533189,1
6983,needle_5link,2.25,1,0.2852385593668583,0.029866491323780855,0.16198461745931894,0.6878000732446482,1.6576900505834176,1
6984,asym_3link,0.35,0,0.03960454565233882,0.0007971079108830688,0.0011942026222815513,0.12136810315075648,54.42480467644335,0
6985,large_6link,0.7,0,0.002922587488098212,0.00012037054859996691,0.04124781731435646,0.27942298507715924,1.3828394876162644,0
6986,redundant_4link,1.0,0,0.004643897890885371,0.00026039820865342614,0.03335188777015057,0.5139851444491126,2.7015970318345057,0
6987,short_2link,1.35,1,0.11672768181535553,0.004982150287663213,0.009993139686068797,0.5951596675401118,25.12544022047713,1
6988,soft_5link,1.75,1,0.12658953909554374,0.026282476995734758,0.26046915987285646,0.7332373549973655,3.5173048094732784,1
6989,wide_2link,2.25,1,0.55502455933792,0.04404726327125303,0.06592252996376773,0.8953369994519411,2.4597616795605286,1
6990,snake_6link,0.35,0,0.001691436953426746,6.500145548598169e-05,0.06063101736209768,0.14883600720087134,4.232383018866866,0
6991,heavy_3link,0.7,0,0.006541470454597098,0.00024171404371349848,0.03244037918549611,0.36960409395138877,4.000495233655129,0
6992,teacher_2link,1.0,0,0.0054670937212923315,0.0005809713294681144,0.054964035207496646,0.72303315333686,12.692618073523183,0
6993,long_4link,1.35,0,0.058645570669637645,0.0031471162446242637,0.005335432833385728,0.40500761176240063,53.37747396486854,0
6994,long_2link,1.75,1,0.4183747821791049,0.028110013258063518,0.09520350342579002,0.6921798633502403,3.492353316414129,1
6995,needle_5link,2.25,1,0.443427733097913,0.02750892976424933,0.06745480807513463,0.39133172548122414,2.8651712249513746,1
6996,asym_3link,0.35,0,0.001347870904052691,4.6733327530064554e-05,0.016406195791518332,0.16812574464779528,3.888058590520339,0
6997,large_6link,0.7,0,0.0014259084251435294,0.00013917578547399892,0.1140301435693005,0.2197864347579261,8.296779995853388,0
6998,redundant_4link,1.0,0,0.0013813138706232284,0.00011912283267915275,0.05285446562097824,0.4825311168499067,1.786375771419349,0
6999,short_2link,1.35,0,0.021212783348377402,0.002114262375012104,0.03926487898303072,0.7861608090762137,31.608579304394326,0
7000,soft_5link,1.75,1,0.09067480406346842,0.007081855957635095,0.08164532117432251,0.7154514135606921,2.078529523248744,1
7001,wide_2link,2.25,1,0.48367398305949166,0.06508640609928197,0.10105566250397328,0.9327431003613662,2.365105510391531,1
7002,snake_6link,0.35,0,0.012458987779041147,0.000563036078767269,0.0007973253102649959,0.12887109472177535,79.61713174467316,0
7003,heavy_3link,0.7,0,0.0011794913871495565,8.604614916899982e-05,0.04977871338596073,0.28677595438114306,4.559633428567102,0
7004,teacher_2link,1.0,0,0.004262189768125605,0.00028856911283076597,0.044660957678264564,0.6610692342949107,4.273889438663351,0
7005,long_4link,1.35,1,0.15193596267177728,0.015501182211285536,0.04047756087007441,0.49393470659263294,3.405252906554456,1
7006,long_2link,1.75,1,0.4103945308378409,0.022327014751896395,0.04708907570322496,0.6857240276098435,11.50386091882277,1
7007,needle_5link,2.25,1,0.48740712423696164,0.0319960292142673,0.037838460856471245,0.4197495921646377,4.72492338367337,1
7008,asym_3link,0.35,0,0.003046792367144998,9.078227721252642e-05,0.011372917391157996,0.2135838582885889,4.311939818667737,0
7009,large_6link,0.7,0,0.005839814948560921,0.0001758813516882038,0.03074569108978931,0.2586112006442656,2.866033449135802,0
7010,redundant_4link,1.0,0,0.012042219605206239,0.0003585412580134771,0.02775671247909694,0.46665093850065476,4.516939147930748,0
7011,short_2link,1.35,1,0.19157936606284703,0.004210131038089433,0.0042339270744654765,0.17899050862022758,456.53862081898365,0
7012,soft_5link,1.75,1,0.2556179129397629,0.035521943642955134,0.0893281324909636,0.5716778174124634,4.441668018579699,1
7013,wide_2link,2.25,1,0.5548395360129653,0.09369040544846403,0.12157374643328296,0.4501020350403935,3.3647899286854033,1
7014,snake_6link,0.35,0,0.0006369268259733466,2.8649759896800035e-05,0.011961694137133482,0.15641328132452373,6.3893410970553,0
7015,heavy_3link,0.7,0,0.0009750530191647479,7.062895520895061e-05,0.10607439550290486,0.2911112331972181,3.0144533537441807,0
7016,teacher_2link,1.0,0,0.009239653789375616,0.00039691015135499385,0.06894569811861549,0.6570375583317991,5.784277521337453,0
7017,long_4link,1.35,0,0.0021796666324716057,0.0002442825154445924,0.11924011785677137,0.6852637984777306,2.6299509921887787,0
7018,long_2link,1.75,1,0.38174447277355916,0.05706386407391035,0.05855471821076027,0.7879281105420948,2.9199932921255045,1
7019,needle_5link,2.25,1,0.380295699453802,0.02156141451397132,0.06138040386373012,0.5420125566181487,3.3345389061850064,1
7020,asym_3link,0.35,0,0.012837869204862564,0.00048238061265771745,0.0005616340493312369,0.1688412731351698,94.8701628158422,0
7021,large_6link,0.7,0,0.010198358126069215,0.00022762180415713054,0.020471295808315606,0.28794042891979393,2.4772545953557707,0
7022,redundant_4link,1.0,0,0.0039625052679584105,0.00020165526687524499,0.06604177631870402,0.4955884461388275,1.2630562520675361,0
7023,short_2link,1.35,1,0.2580924431314537,0.032830728284736516,0.048654149984637525,0.8053448171076488,6.596769715999542,1
7024,soft_5link,1.75,1,0.22010378415804047,0.04457251817646803,0.09910295733300745,0.649438670853731,5.233253567484061,1
7025,wide_2link,2.25,1,0.5190574965086722,0.06667631827813429,0.07985355026980305,0.580047008844335,2.5237878366323163,1
7026,snake_6link,0.35,0,0.00431830802679117,7.750278686328292e-05,0.024747653455005788,0.1456348634426112,2.1508800864593303,0
7027,heavy_3link,0.7,0,0.0014891625039132354,9.223874211433531e-05,0.04275411642451125,0.2713112327566302,2.2479317469552864,0
7028,teacher_2link,1.0,0,0.001330590961834356,0.00014172144183865852,0.03957687259355564,0.7477432125362888,3.1476287302428547,0
7029,long_4link,1.35,0,0.06882960768953723,0.0039413079733992525,0.004218141578705913,0.2492083894310089,171.44986298798005,0
7030,long_2link,1.75,1,0.36748605630933917,0.05416116131527915,0.06084347839302367,0.8033825827812634,3.1770662703077206,1
7031,needle_5link,2.25,1,0.386269774749123,0.048363212901181354,0.08076812987388991,0.45834799434703294,1.9853169779686388,1
7032,asym_3link,0.35,0,0.0020328767377614863,5.675077268954458e-05,0.01246221022236876,0.2011511326168124,2.3448334097983095,0
7033,large_6link,0.7,0,0.00557867574743473,0.00017067902075173382,0.043057460290751304,0.26114191272525616,3.0363887849420252,0
7034,redundant_4link,1.0,0,0.003112939989364448,0.00017693485650914717,0.06902870449577038,0.48520694785540114,1.395922882082719,0
7035,short_2link,1.35,1,0.22494659042220022,0.020787510385010078,0.02784647220191535,0.8249558949978203,3.4720067523572387,1
7036,soft_5link,1.75,1,0.4028341653783373,0.07319032461663935,0.2684712370367895,0.5093714251920527,5.633972648629293,1
7037,wide_2link,2.25,1,0.5195217247255048,0.07067782739583321,0.05230708665980162,0.912271366647523,3.9591316801949574,1
7038,snake_6link,0.35,0,0.00689342726199348,0.0003630851825561434,0.0005187521211889847,0.1470996617956316,95.69757253122428,0
7039,heavy_3link,0.7,0,0.0013661511348879946,9.887110299113877e-05,0.0299955114458729,0.3584876904944322,3.6599326663211276,0
7040,teacher_2link,1.0,0,0.0039245795207215155,0.00034440050040660734,0.06011433813111638,0.6664339142974796,6.12982044657527,0
7041,long_4link,1.35,1,0.1778074461228425,0.021916173499612664,0.09001670841587876,0.47566347049527163,3.9414545514378934,1
7042,long_2link,1.75,1,0.3659754029308054,0.02321094302763642,0.0627003928330731,0.766040456485404,3.4457075727637894,1
7043,needle_5link,2.25,1,0.30288844853931934,0.02856975751357453,0.029159287359003156,0.6663653453607123,14.740149074205679,1
7044,asym_3link,0.35,0,0.008497736506011511,0.0001578293800799435,0.010888044656800796,0.2108627615284513,5.55382806125224,0
7045,large_6link,0.7,0,0.004061670222173318,0.00016288567736882977,0.026056043645901476,0.2760766918180131,2.7309510302578306,0
7046,redundant_4link,1.0,0,0.0008840834969993019,0.00011273040134581204,0.022029762498399552,0.483682481216915,5.009665988834,0
7047,short_2link,1.35,0,0.03221878934925836,0.0031460917829734974,0.0031786379534818423,0.7284776849531515,332.2374171464621,0
7048,soft_5link,1.75,1,0.13206056160242063,0.023085078545137677,0.05594477935306816,0.6639424760542079,11.410364796684545,1
7049,wide_2link,2.25,1,0.5539413088103722,0.09788117966720376,0.08447331124265971,0.4519282384441639,4.752215110010059,1
7050,snake_6link,0.35,0,0.001617869258134184,6.881869723122655e-05,0.056391637345253987,0.14792177715272545,5.192933256221805,0
7051,heavy_3link,0.7,0,0.0010578636814431355,8.390677419965354e-05,0.0056635164293443695,0.33511325304652323,5.22664937976865,0
7052,teacher_2link,1.0,0,0.0006485628703234691,9.814875120109233e-05,0.1651221135447533,0.7357381670014762,16.068099756188083,0
7053,long_4link,1.35,1,0.09737812400617801,0.008890140514025882,0.05893922964872751,0.5513931868675718,1.8918908785836703,1
7054,long_2link,1.75,1,0.36043779935029824,0.07906493399671417,0.08472548703379458,0.8118314590441147,4.221074914172236,1
7055,needle_5link,2.25,1,0.45746985162870535,0.04844291624040305,0.09122477283823653,0.45914304340214446,3.3854958071461856,1
7056,asym_3link,0.35,0,0.01812319269665951,0.000625653452039516,0.0006741830336745164,0.1531829932224029,142.66926959979347,0
7057,large_6link,0.7,0,0.002750407452707735,0.00011876519667046815,0.030430295167659185,0.24737605011748412,1.3981480022841337,0
7058,redundant_4link,1.0,0,0.0007984411995961144,9.025665902575683e-05,0.06113837228038543,0.47878878249552304,3.5938356672241762,0
7059,short_2link,1.35,1,0.20709870614053172,0.017982485312518986,0.033249415640820006,0.8357090137642428,3.2916126587196266,1
7060,soft_5link,1.75,1,0.19820616318788725,0.020520924137457992,0.08801042019956204,0.6129763197470794,1.8767595822328387,1
7061,wide_2link,2.25,1,0.3791456770604696,0.03881255489992522,0.07786897652630927,0.9830963601906306,1.7913879350420183,1
7062,snake_6link,0.35,0,0.0031400121298393573,7.099796185466463e-05,0.033495837695427945,0.15651864160655302,2.197115072598981,0
7063,heavy_3link,0.7,0,0.0016843874569127159,0.00011261193450941604,0.061359815383095304,0.34984539654412017,3.7771940410630576,0
7064,teacher_2link,1.0,0,0.054712923925546615,0.001852767272783284,0.026461009640881467,0.5366060551814592,36.40024147975479,0
7065,long_4link,1.35,0,0.024922356685640017,0.0029654996039804914,0.0037413669538679524,0.38757319804725954,87.07506882244019,0
7066,long_2link,1.75,1,0.27117827660567306,0.022632265425870247,0.05419549478700965,0.8919804662420372,4.34998808987197,1
7067,needle_5link,2.25,1,0.4377466967973502,0.04724726662203719,0.107514695215559,0.42686192439486487,2.4452567549973745,1
7068,asym_3link,0.35,0,0.002128037712676064,5.2693000301304966e-05,0.01040797793200889,0.1894009784098902,1.7019396804927702,0
7069,large_6link,0.7,0,0.0010387169866370848,9.211124573608369e-05,0.043573102089157226,0.2353800864677149,5.020759717774403,0
7070,redundant_4link,1.0,0,0.0012948817667475195,0.00015924817816536643,0.09328854616852339,0.4812097894499022,5.101662492707404,0
7071,short_2link,1.35,1,0.23295107726589068,0.014983344889371756,0.08201279439851382,0.6131530598826396,7.438827914411314,1
7072,soft_5link,1.75,1,0.22566215570575443,0.02620571075967041,0.10586099667639869,0.6039242350718845,1.7806358431743337,1
7073,wide_2link,2.25,1,0.5407467068247729,0.07226710679429774,0.07333528298391764,0.5058061633278428,1.848753033128961,1
7074,snake_6link,0.35,0,0.01561882032807204,0.0006266713229976059,0.000978961287216524,0.1322711392854888,68.44916497511963,0
7075,heavy_3link,0.7,0,0.008425844747727434,0.0004177266341452153,0.008328308414411898,0.4923711965048999,9.003647543537651,0
7076,teacher_2link,1.0,0,0.0023676624229695092,0.0002768377378754955,0.06512086084771784,0.6889259818999756,6.720944937875128,0
7077,long_4link,1.35,1,0.16195613233418832,0.020213678266092803,0.06702193000732565,0.44301802048654804,2.4983723040437167,1
7078,long_2link,1.75,1,0.41459725940271364,0.0784363596742358,0.0731534977195607,0.7525757858344466,2.812239344696444,1
7079,needle_5link,2.25,1,0.4548078491654636,0.07854501717184749,0.0584139287526798,0.3581905731843458,4.2111881309383,1
7080,asym_3link,0.35,0,0.01330517574772234,0.00025123089422386403,0.00402709451765835,0.20840198030797305,9.672219141821778,0
7081,large_6link,0.7,0,0.0017734262027390836,0.00012214085477567295,0.03244202861634687,0.23252450317117734,3.417029635472338,0
7082,redundant_4link,1.0,0,0.0065629384807214955,0.00026422488206573916,0.03877330419475108,0.49854839176483884,2.6086660685014467,0
7083,short_2link,1.35,0,0.017967473744910162,0.0021819682180757556,0.009129144114146108,0.8763265061125681,87.14033660319843,0
7084,soft_5link,1.75,1,0.14714750339008967,0.022417448582073313,0.08391594607282289,0.7286021087419171,2.2138450110878805,1
7085,wide_2link,2.25,1,0.5021029807019924,0.06745435927826517,0.05597092394376898,0.9089544731739587,13.493006361923957,1
7086,snake_6link,0.35,0,0.0018527239811959408,5.0808446043447436e-05,0.03981640827136632,0.1501601646048207,2.1156807144582097,0
7087,heavy_3link,0.7,0,0.0009845893800952091,6.963114668776424e-05,0.04784434739114168,0.30098024282986446,2.791182100037611,0
7088,teacher_2link,1.0,0,0.000883188729201769,0.00010070073186364486,0.07810234494595804,0.7481985847975947,3.064146036292295,0
7089,long_4link,1.35,1,0.03974008325125884,0.004488683380835039,0.05438790994933208,0.5915428691162253,2.0897388135163597,1
7090,long_2link,1.75,1,0.33326848247903157,0.01687206996949403,0.029568660680029748,0.8033071512246226,8.560297320235419,1
7091,needle_5link,2.25,1,0.39983160494119224,0.05754311579798924,0.20263579384787894,0.5157613418390679,2.4038805395640837,1
7092,asym_3link,0.35,0,0.023558281274812652,0.000727814381773522,0.0007972666858969303,0.1251469174679778,124.30817500713651,0
7093,large_6link,0.7,0,0.0017497504548713862,0.00016457287847930325,0.04301718196014384,0.2674161825952174,8.215120972402733,0
7094,redundant_4link,1.0,0,0.006635102088429799,0.0004315616214620849,0.033491933480209055,0.4642820013979906,6.911229797749911,0
7095,short_2link,1.35,1,0.19932844226012753,0.019740257268188413,0.08150917316944946,0.8386862341371064,5.361525502067133,1
7096,soft_5link,1.75,1,0.03835953611879689,0.0016945848845415677,0.020398585039198447,0.7136309011774888,15.093773706260741,1
7097,wide_2link,2.25,1,0.4691611138513438,0.051788169732177404,0.05809497777942732,0.7356589923264708,2.5447436610541274,1
7098,snake_6link,0.35,0,0.0007576154531709117,3.706499048855347e-05,0.058813473502679556,0.1570199138167028,8.093709865994416,0
7099,heavy_3link,0.7,0,0.004937450102405288,0.0003817700991313204,0.07853930376388958,0.3010143627030962,17.490997022887925,0
7100,teacher_2link,1.0,0,0.031785705089856967,0.0011511441247030953,0.0443115224212099,0.6170508981828507,19.43576851946774,0
7101,long_4link,1.35,0,0.01961078695254825,0.002730748828725745,0.003108260834807109,0.48820021976654293,121.58757052876797,0
7102,long_2link,1.75,1,0.24267898137912036,0.03968747064238315,0.12286610727590294,0.9315677440653187,2.5752520194136124,1
7103,needle_5link,2.25,1,0.224910303098094,0.03489720944183781,0.050707387619432207,0.7441496864118833,3.6645626184686906,1
7104,asym_3link,0.35,0,0.007119516328304973,0.00012627178071389908,0.023640271267593466,0.19738842882996008,4.191887689854566,0
7105,large_6link,0.7,0,0.021046726008968477,0.0003920851882758505,0.012236379650619614,0.28793760743014507,7.225250955913228,0
7106,redundant_4link,1.0,0,0.006398523669517429,0.0003517833532720094,0.040216527198362786,0.519647403370357,4.767652073552864,0
7107,short_2link,1.35,1,0.03095165278546362,0.002453231285005524,0.08362769011547283,0.9188391473240601,13.98013520639621,1
7108,soft_5link,1.75,1,0.3127852903082443,0.048808280144424336,0.08857680907614666,0.5203643428275191,6.650622154472879,1
7109,wide_2link,2.25,1,0.45035070907978497,0.032704900766220776,0.06392542169668343,0.9528510592029829,2.797983428531698,1
7110,snake_6link,0.35,0,0.0009167090968265937,5.1965494250960446e-05,7.304592063190867e-05,0.1571185281570347,159.90634339281303,0
7111,heavy_3link,0.7,0,0.0029678279785002597,0.00012437347425887414,0.02498245029492475,0.37568298464238875,1.4294443429579913,0
7112,teacher_2link,1.0,0,0.0039890192470182755,0.00038478551370703547,0.01592726701809815,0.7250779412516687,7.445269555899366,0
7113,long_4link,1.35,0,0.0016021217246619556,0.00017693664193207037,0.14569249795190276,0.6528509372257522,1.6853940890721464,0
7114,long_2link,1.75,1,0.351854953602473,0.05146974447725481,0.05340476940864434,0.8202127831629012,3.6393727832667655,1
7115,needle_5link,2.25,1,0.42915892822777707,0.03246228172980062,0.037386684021505474,0.41943621466233366,5.198816135908769,1
7116,asym_3link,0.35,0,0.0024022584829752184,6.360589313335815e-05,0.02070741957723055,0.17415043711195477,2.446983827736246,0
7117,large_6link,0.7,0,0.001070959414564877,7.249079177951345e-05,0.10194936254868178,0.24691416107817765,1.9729777598266458,0
7118,redundant_4link,1.0,0,0.011841970769320006,0.0003705545449081985,0.02647411535975865,0.5064102358864291,4.883652983158125,0
7119,short_2link,1.35,1,0.21951107073123746,0.031824418604208905,0.03230265973883699,0.8283311828619793,134.30596014452902,1
7120,soft_5link,1.75,1,0.18390197633553942,0.03144913365444788,0.07917584514838455,0.6837816704470417,3.745271186539208,1
7121,wide_2link,2.25,1,0.4868946004774386,0.0575465288610445,0.1172215504617827,0.6846241981001602,1.785346955070219,1
7122,snake_6link,0.35,0,0.0012696609272563359,5.447798807043906e-05,0.015538726835975456,0.16078799810704442,5.3420218245159505,0
7123,heavy_3link,0.7,0,0.03845103064350368,0.0006234547582006243,0.007641842425929507,0.41562836474584314,11.39117892178937,0
7124,teacher_2link,1.0,0,0.00425083324347836,0.0005189144422893524,0.06845467577486769,0.7340450776510419,13.736536775188101,0
7125,long_4link,1.35,0,0.0026678957255220266,0.00024329256809752173,0.13913102088518045,0.6716418840193007,1.926125955524191,0
7126,long_2link,1.75,1,0.41368160333317894,0.07332478870100577,0.05731317035165762,0.7529625701285793,3.5118148570588863,1
7127,needle_5link,2.25,1,0.46814205483114435,0.06624914196671043,0.06336272614009339,0.33778969822853694,2.2505928330918654,1
7128,asym_3link,0.35,1,0.18674669524205703,0.0010799439913443333,0.0011144918032628248,0.04358682106514558,215.9380677478863,0
7129,large_6link,0.7,0,0.0012811429453170394,8.586057121191832e-05,0.10272964172477868,0.25143976737955914,2.9137962826941695,0
7130,redundant_4link,1.0,0,0.001626204417076432,0.00017300456833661392,0.06060218867191179,0.4845544962690068,4.107878408623722,0
7131,short_2link,1.35,1,0.03021843260634949,0.0038026482195186984,0.02808294789850291,0.9456240637991462,8.546880701939976,1
7132,soft_5link,1.75,1,0.13231714776544237,0.021164399897315812,0.24290133832967387,0.6954257793620917,2.3191559348354795,1
7133,wide_2link,2.25,1,0.5081262803681151,0.0917103003830449,0.11381525869300975,0.6175495858143816,3.510104271738622,1
7134,snake_6link,0.35,0,0.003611470366699434,9.811114574627197e-05,0.010964287653018101,0.150112925590945,4.142467433872772,0
7135,heavy_3link,0.7,0,0.008112340894065397,0.0002078760979673639,0.024936590493996356,0.4432096690341971,3.1255885099846714,0
7136,teacher_2link,1.0,0,0.0006207343563354998,9.2891431424512e-05,0.0096058854956113,0.7350038843973777,12.008502706401355,0
7137,long_4link,1.35,0,0.024759571312850174,0.0030424729877212473,0.0034904708989228644,0.36586901561635854,115.99076044872035,0
7138,long_2link,1.75,1,0.4240676317757459,0.10116528058663334,0.2329271291670962,0.7416595735949703,7.940340907995904,1
7139,needle_5link,2.25,1,0.4453638193439616,0.08041544374341238,0.060351849779550486,0.3634562080720975,4.029210324978179,1
7140,asym_3link,0.35,0,0.006236429582879954,9.274435484924973e-05,0.012647858211260483,0.20350405023671228,2.508470537010686,0
7141,large_6link,0.7,0,0.0021767927763680357,0.00011068448978151377,0.051496567872594004,0.24082523071118964,1.9463893391756306,0
7142,redundant_4link,1.0,0,0.00996773234521213,0.0005833501588666985,0.05858760627017538,0.5362734582110753,9.374787172911073,0
7143,short_2link,1.35,1,0.24848392913397455,0.0053093045596369435,0.022164621045347627,0.6131266152014807,9.30244381728696,1
7144,soft_5link,1.75,1,0.37735447225405266,0.08317167156461919,0.04491786549377335,0.5350991114996346,5.853520350899661,1
7145,wide_2link,2.25,1,0.4658535271206524,0.0628819408642506,0.06352704743708822,0.9429335428247946,2.2056514173496016,1
7146,snake_6link,0.35,0,0.02822189184463489,0.0008849364117786402,0.0009623346907235638,0.09534246493335911,173.33082232992672,0
7147,heavy_3link,0.7,0,0.0008720272835370811,7.009618944816506e-05,0.005324089269275522,0.31082118811445986,7.348059659923564,0
7148,teacher_2link,1.0,0,0.0021918095206125508,0.00029641078501429645,0.046892545214711596,0.7460067234842787,10.472389128084904,0
7149,long_4link,1.35,1,0.17458297930963898,0.012932555401500474,0.07652887706767729,0.4699811804108664,1.965843506428874,1
7150,long_2link,1.75,1,0.3659323211618854,0.026555606223846742,0.0381660338219547,0.6765497795117202,24.194557744509655,1
7151,needle_5link,2.25,1,0.37916792984444064,0.04321949073098367,0.10336002055892032,0.47858947097963545,8.009976920052301,1
7152,asym_3link,0.35,0,0.0550237270974349,0.000981316273077034,0.0010306024197054946,0.08689461699144996,172.59748047776023,0
7153,large_6link,0.7,0,0.0035612123137858946,0.00016627055467628441,0.06492237508043808,0.22192013779396097,3.3004768248626437,0
7154,redundant_4link,1.0,0,0.002803250941974611,0.0002190572624364219,0.10845018205237777,0.46813472430847025,3.1978279853033555,0
7155,short_2link,1.35,1,0.2040070173907729,0.029116486684689403,0.03003427622980168,0.8302746619754676,246.18797811297893,1
7156,soft_5link,1.75,1,0.3880702408072006,0.08119530610158378,0.1238411296819404,0.5158060152375159,10.106397382283735,1
7157,wide_2link,2.25,1,0.49269323105628177,0.07519062786639297,0.08316009797397049,0.9222512624665993,9.426831283687347,1
7158,snake_6link,0.35,0,0.009974708439234054,0.00011670273285825102,0.015685267798166466,0.15300775303832276,2.8766820318718014,0
7159,heavy_3link,0.7,0,0.001674264941240098,0.00011419872798138595,0.02342125709485212,0.30048276661579104,3.8130491191822613,0
7160,teacher_2link,1.0,0,0.0013225661374557432,0.00019801723894836656,0.07696511672142024,0.7281588721490224,17.402996462631716,0
7161,long_4link,1.35,1,0.1280271896602356,0.020156774585582085,0.02794571097678393,0.4992150278424823,4.845377925037477,1
7162,long_2link,1.75,1,0.23413892797869418,0.055473185294956824,0.1618147650635536,0.9467744220545935,15.372238818944107,1
7163,needle_5link,2.25,1,0.39502943633866505,0.05475452573975736,0.09422224433242146,0.5280236937282001,2.330099654209868,1
7164,asym_3link,0.35,0,0.03192539374685363,0.0007822618048228226,0.001062898657916754,0.14472779605184274,65.93484145733012,0
7165,large_6link,0.7,0,0.002781026574708931,0.0002349284210836409,0.010917999676827625,0.2754441344251019,9.45831443853884,0
7166,redundant_4link,1.0,0,0.02432381978438844,0.0005830137112838521,0.017148713471513425,0.4388768848299011,7.926389026620998,0
7167,short_2link,1.35,1,0.06298679855340117,0.003079721283591354,0.036590660877437,0.8613946538476718,3.253277347325566,1
7168,soft_5link,1.75,1,0.25894861440122335,0.011965388017240624,0.045587501415752914,0.5675160990171484,9.685704051764464,1
7169,wide_2link,2.25,1,0.3807531543072542,0.059922178605242266,0.07553833433542761,0.9942250898008441,2.680683454907508,1
7170,snake_6link,0.35,0,0.0038185205949766692,7.709027081534242e-05,0.017156424172512542,0.13808692995642585,2.1066516965107605,0
7171,heavy_3link,0.7,0,0.0015431817237374803,8.85892622555058e-05,0.07685805866631563,0.2834585518270128,1.9419155500335137,0
7172,teacher_2link,1.0,0,0.0037043779991811766,0.00024107412750143107,0.03300037317173342,0.6620192533900213,3.2176838799899667,0
7173,long_4link,1.35,1,0.03192772961732106,0.006040682948979044,0.008987789164895678,0.5484678975430668,158.95221862807097,1
7174,long_2link,1.75,1,0.15339051014509042,0.025722847948825612,0.04903064614361749,0.8293849952670264,58.40673933113523,1
7175,needle_5link,2.25,1,0.4677256525005557,0.04014048355223957,0.09273461486409308,0.36788185874998347,1.4141215248944965,1
7176,asym_3link,0.35,0,0.003113758748875804,8.687686742040459e-05,0.009082733867559624,0.1744745313463791,3.7242125014637955,0
7177,large_6link,0.7,0,0.0021050778316588337,0.00016087220748485834,0.02122641274052797,0.24464570703615193,5.4793241397983925,0
7178,redundant_4link,1.0,0,0.01117750442629154,0.0005327674010639459,0.01950976944744366,0.4798233562072717,7.788537332126782,0
7179,short_2link,1.35,1,0.026276480067703157,0.0020080587090380185,0.07507346242638843,0.9339106666150814,10.467795022917796,1
7180,soft_5link,1.75,1,0.24574088961968063,0.031540740992213635,0.07331360301906202,0.6335597029697492,2.5947131693524774,1
7181,wide_2link,2.25,1,0.48111723433012504,0.07219533192246883,0.1577721515372585,0.7018543607130333,1.9983910622213958,1
7182,snake_6link,0.35,0,0.005192187236795768,0.00028319715001299417,0.0003360614873497727,0.15080819308352597,124.8448909177324,0
7183,heavy_3link,0.7,0,0.003587776884002966,0.0001516098235409138,0.038626018346353534,0.4280115643360805,2.2670801422821367,0
7184,teacher_2link,1.0,0,0.0004724224877112035,7.025744542681653e-05,0.009754886017432745,0.7382787262986784,10.134978729104713,0
7185,long_4link,1.35,1,0.05557340064355361,0.0036043185948264893,0.06620341067370784,0.5850432762738259,1.453509206036493,1
7186,long_2link,1.75,1,0.3659779599629364,0.0550372585900977,0.07851055741661012,0.8048368874362958,3.4693063301569813,1
7187,needle_5link,2.25,1,0.45791381730853187,0.04314207096466302,0.14031160057514822,0.4627765048061547,6.3073899887590335,1
7188,asym_3link,0.35,0,0.004754602867223031,0.00012476962504816082,0.006770447150662053,0.1887125723637168,5.231649740764561,0
7189,large_6link,0.7,0,0.0017606010962486235,0.00012801212104227285,0.029474459663982072,0.2658611925114706,4.070512532540077,0
7190,redundant_4link,1.0,0,0.0058585862674044595,0.00028272726337026226,0.03202310705945523,0.47698025780999953,3.795686747070314,0
7191,short_2link,1.35,0,0.05449951018422116,0.003756918964923757,0.003766364811008811,0.5097874264874716,895.1809940172087,0
7192,soft_5link,1.75,1,0.3557777189173413,0.08204424460648223,0.2018721158194539,0.5560590331727072,4.7916782040800285,1
7193,wide_2link,2.25,1,0.5500450431478512,0.09354275784024434,0.08495872358053941,0.4699647853984836,2.9813273497986175,1
7194,snake_6link,0.35,0,0.0006458053715923526,3.216550492273432e-05,0.06456017533153899,0.15838194445960413,8.50636492520404,0
7195,heavy_3link,0.7,0,0.0021418072175327864,0.00010336904519614742,0.06328263675762935,0.2953963318040135,1.5021938943349822,0
7196,teacher_2link,1.0,0,0.030133921450704235,0.0005613945393136459,0.020378079331475462,0.6640684735593377,8.368144641363825,0
7197,long_4link,1.35,1,0.13116550555531525,0.01991934744367989,0.1750463977709281,0.48286454172590276,4.772836809655917,1
7198,long_2link,1.75,1,0.2656148733508718,0.03260387368111878,0.046740338751526625,0.9146268627973307,4.742141653055069,1
7199,needle_5link,2.25,1,0.38498717749544364,0.06245214022877972,0.08522005752427803,0.5292780868834442,3.8544756419179604,1
