episode,horizon,source,target,method,singular,final_tracking_error,mean_tracking_error,success_005,success_010,success_020,clipped_steps,residual_sum,fallback_steps
8_0,8,long_2link,needle_5link,raw_joint,1,0.13068576431152468,0.08286202274968557,0,0,1,5,0.0,0
8_0,8,long_2link,needle_5link,normalized_copy,1,0.22672694610848845,0.13978016240174948,0,0,0,0,0.0,0
8_0,8,long_2link,needle_5link,link_scaled,1,0.23162605773116685,0.14718048366196135,0,0,0,6,0.0,0
8_0,8,long_2link,needle_5link,static_home,1,0.03546068828982178,0.02671654890468867,1,1,1,0,0.040150930170262944,0
8_0,8,long_2link,needle_5link,target_ik,1,0.05306072461718279,0.036941950224941116,0,1,1,7,0.046766000000938064,0
8_0,8,long_2link,needle_5link,ejar_absolute,1,0.035445918468810865,0.026565741968753415,1,1,1,0,0.03761229162816443,0
8_0,8,long_2link,needle_5link,ejar_residual_fallback,1,0.035445918468810865,0.026565741968753415,1,1,1,0,0.03761229162816443,0
8_1,8,wide_2link,heavy_3link,raw_joint,0,0.2383352648655957,0.14679286168492825,0,0,0,3,0.0,0
8_1,8,wide_2link,heavy_3link,normalized_copy,0,0.22725264584210406,0.13358876973290873,0,0,0,0,0.0,0
8_1,8,wide_2link,heavy_3link,link_scaled,0,0.19751527213181588,0.11456548927464272,0,0,1,0,0.0,0
8_1,8,wide_2link,heavy_3link,static_home,0,0.14609364521355855,0.08209221177083356,0,0,1,0,0.13393359431570465,0
8_1,8,wide_2link,heavy_3link,target_ik,0,0.0036942889909046903,0.0023300162850816994,1,1,1,0,9.878923471967579e-06,0
8_1,8,wide_2link,heavy_3link,ejar_absolute,0,0.0003186409051161035,0.0001805484257617623,1,1,1,0,0.0030729978595927013,0
8_1,8,wide_2link,heavy_3link,ejar_residual_fallback,0,0.0003186409051161035,0.0001805484257617623,1,1,1,0,0.0030729978595927013,0
8_2,8,asym_3link,short_2link,raw_joint,0,0.05625948741709,0.04145206368014959,0,1,1,0,0.0,0
8_2,8,asym_3link,short_2link,normalized_copy,0,0.08850743489659549,0.06613279701410178,0,1,1,0,0.0,0
8_2,8,asym_3link,short_2link,link_scaled,0,0.12692174882874835,0.09576966560439748,0,0,1,8,0.0,0
8_2,8,asym_3link,short_2link,static_home,0,0.019132655673412297,0.012633751367118634,1,1,1,0,0.02071334560557657,0
8_2,8,asym_3link,short_2link,target_ik,0,0.00011944272561696568,9.137650034517688e-05,1,1,1,0,2.214089766119235e-06,0
8_2,8,asym_3link,short_2link,ejar_absolute,0,0.0005248082583930178,0.0003535249307967302,1,1,1,0,0.00042918390624653417,0
8_2,8,asym_3link,short_2link,ejar_residual_fallback,0,0.0005248082583930178,0.0003535249307967302,1,1,1,0,0.00042918390624653417,0
8_3,8,heavy_3link,soft_5link,raw_joint,0,0.5624103293561511,0.36659550920140815,0,0,0,5,0.0,0
8_3,8,heavy_3link,soft_5link,normalized_copy,0,0.5102182859268313,0.3435319266932434,0,0,0,0,0.0,0
8_3,8,heavy_3link,soft_5link,link_scaled,0,0.5135967804920404,0.34894916030074846,0,0,0,8,0.0,0
8_3,8,heavy_3link,soft_5link,static_home,0,0.2777684742393738,0.17066014658887585,0,0,0,0,0.23884803863812742,0
8_3,8,heavy_3link,soft_5link,target_ik,0,0.012459336504733146,0.0076824865808713845,1,1,1,0,8.98486823224763e-06,0
8_3,8,heavy_3link,soft_5link,ejar_absolute,0,0.01217499061497297,0.007504648843584049,1,1,1,0,0.0017294972724210087,0
8_3,8,heavy_3link,soft_5link,ejar_residual_fallback,0,0.01217499061497297,0.007504648843584049,1,1,1,0,0.0017294972724210087,0
8_4,8,teacher_2link,asym_3link,raw_joint,0,0.3217773055931252,0.18313468699045354,0,0,0,0,0.0,0
8_4,8,teacher_2link,asym_3link,normalized_copy,0,0.4033878193393085,0.23272185992829586,0,0,0,0,0.0,0
8_4,8,teacher_2link,asym_3link,link_scaled,0,0.40836111807219083,0.23578386297065992,0,0,0,0,0.0,0
8_4,8,teacher_2link,asym_3link,static_home,0,0.17185916915602714,0.10062349519113335,0,0,1,0,0.10453354005321902,0
8_4,8,teacher_2link,asym_3link,target_ik,0,0.03385672432784961,0.02994366937630978,1,1,1,4,0.035356024673054924,0
8_4,8,teacher_2link,asym_3link,ejar_absolute,0,0.032888419773776496,0.028539772235845,1,1,1,4,0.03618716727043921,0
8_4,8,teacher_2link,asym_3link,ejar_residual_fallback,0,0.032888419773776496,0.028539772235845,1,1,1,4,0.03618716727043921,0
8_5,8,short_2link,large_6link,raw_joint,0,0.09588955030319198,0.05415759890033544,0,1,1,0,0.0,0
8_5,8,short_2link,large_6link,normalized_copy,0,0.06782958560408621,0.03824868228675209,0,1,1,0,0.0,0
8_5,8,short_2link,large_6link,link_scaled,0,0.03697355104916724,0.020630541538682347,1,1,1,0,0.0,0
8_5,8,short_2link,large_6link,static_home,0,0.06119539680472963,0.03418803675932133,0,1,1,0,0.03605234919048576,0
8_5,8,short_2link,large_6link,target_ik,0,0.00019548457866791976,0.00010888099002359055,1,1,1,0,5.401624269159279e-07,0
8_5,8,short_2link,large_6link,ejar_absolute,0,0.000299072294765904,0.00016626797689514876,1,1,1,0,0.00018505046121336277,0
8_5,8,short_2link,large_6link,ejar_residual_fallback,0,0.000299072294765904,0.00016626797689514876,1,1,1,0,0.00018505046121336277,0
8_6,8,long_2link,long_4link,raw_joint,0,0.10795149395960428,0.06123262176989024,0,0,1,0,0.0,0
8_6,8,long_2link,long_4link,normalized_copy,0,0.10113829618827314,0.05747531723994065,0,0,1,0,0.0,0
8_6,8,long_2link,long_4link,link_scaled,0,0.10421415979344223,0.059255315638130454,0,0,1,0,0.0,0
8_6,8,long_2link,long_4link,static_home,0,0.09540417298810584,0.05406734301768877,0,1,1,0,0.024189375047314318,0
8_6,8,long_2link,long_4link,target_ik,0,0.0017643228671490462,0.0010451864019227642,1,1,1,0,8.989695947157147e-06,0
8_6,8,long_2link,long_4link,ejar_absolute,0,0.0010792623125061825,0.0006429902503440786,1,1,1,0,0.002215400220782165,0
8_6,8,long_2link,long_4link,ejar_residual_fallback,0,0.0010792623125061825,0.0006429902503440786,1,1,1,0,0.002215400220782165,0
8_7,8,wide_2link,wide_2link,raw_joint,0,0.09830409621781121,0.062252388280995746,0,1,1,0,0.0,0
8_7,8,wide_2link,wide_2link,normalized_copy,0,0.09830409621781121,0.062252388280995746,0,1,1,0,0.0,0
8_7,8,wide_2link,wide_2link,link_scaled,0,0.09830409621781121,0.062252388280995746,0,1,1,0,0.0,0
8_7,8,wide_2link,wide_2link,static_home,0,0.12227804052014404,0.07754562853936738,0,0,1,0,0.012021644595425459,0
8_7,8,wide_2link,wide_2link,target_ik,0,0.0030284371419440096,0.0019259811290948685,1,1,1,0,1.9632641486019483e-05,0
8_7,8,wide_2link,wide_2link,ejar_absolute,0,0.00483148259200231,0.002970804629495333,1,1,1,0,0.0019425849433528156,0
8_7,8,wide_2link,wide_2link,ejar_residual_fallback,0,0.00483148259200231,0.002970804629495333,1,1,1,0,0.0019425849433528156,0
8_8,8,asym_3link,snake_6link,raw_joint,0,0.15262652133261187,0.08607902544569533,0,0,1,0,0.0,0
8_8,8,asym_3link,snake_6link,normalized_copy,0,0.10968237761698856,0.06138295315704341,0,0,1,0,0.0,0
8_8,8,asym_3link,snake_6link,link_scaled,0,0.10937595018443591,0.0611873006435688,0,0,1,0,0.0,0
8_8,8,asym_3link,snake_6link,static_home,0,0.07863718859332179,0.044417898701551925,0,1,1,0,0.08092562818304025,0
8_8,8,asym_3link,snake_6link,target_ik,0,0.0008410677197703293,0.00046612688311303764,1,1,1,0,2.224233440056753e-06,0
8_8,8,asym_3link,snake_6link,ejar_absolute,0,0.0005676279402617034,0.000310057245968696,1,1,1,0,0.0005391619054805541,0
8_8,8,asym_3link,snake_6link,ejar_residual_fallback,0,0.0005676279402617034,0.000310057245968696,1,1,1,0,0.0005391619054805541,0
8_9,8,heavy_3link,redundant_4link,raw_joint,0,0.13908494377803696,0.07837800839334225,0,0,1,0,0.0,0
8_9,8,heavy_3link,redundant_4link,normalized_copy,0,0.2065566840855927,0.11491071580004739,0,0,0,0,0.0,0
8_9,8,heavy_3link,redundant_4link,link_scaled,0,0.23499749229885622,0.1310083550051462,0,0,0,0,0.0,0
8_9,8,heavy_3link,redundant_4link,static_home,0,0.2481109422275208,0.13966306473330584,0,0,0,0,0.08448477620752746,0
8_9,8,heavy_3link,redundant_4link,target_ik,0,0.001991115963285562,0.001108310930988509,1,1,1,0,1.4453580065120612e-06,0
8_9,8,heavy_3link,redundant_4link,ejar_absolute,0,0.0021223122698050207,0.001172941179882779,1,1,1,0,0.00028243350159458494,0
8_9,8,heavy_3link,redundant_4link,ejar_residual_fallback,0,0.0021223122698050207,0.001172941179882779,1,1,1,0,0.00028243350159458494,0
8_10,8,teacher_2link,long_2link,raw_joint,0,0.35665051129000236,0.2094992291557836,0,0,0,0,0.0,0
8_10,8,teacher_2link,long_2link,normalized_copy,0,0.2641246331000577,0.15468371168958955,0,0,0,0,0.0,0
8_10,8,teacher_2link,long_2link,link_scaled,0,0.22455553818176124,0.13027567901962245,0,0,0,0,0.0,0
8_10,8,teacher_2link,long_2link,static_home,0,0.22184781189132155,0.12696003820744078,0,0,0,0,0.14300104895297036,0
8_10,8,teacher_2link,long_2link,target_ik,0,0.12595994579207093,0.08132723458712796,0,0,1,8,0.13171932679120293,0
8_10,8,teacher_2link,long_2link,ejar_absolute,0,0.12344385786859194,0.07975138296614981,0,0,1,8,0.12930374278232037,0
8_10,8,teacher_2link,long_2link,ejar_residual_fallback,0,0.12344385786859194,0.07975138296614981,0,0,1,8,0.12930374278232037,0
8_11,8,short_2link,needle_5link,raw_joint,0,0.7815739250167861,0.48544239479397044,0,0,0,8,0.0,0
8_11,8,short_2link,needle_5link,normalized_copy,0,0.6798619500715465,0.4339625637861298,0,0,0,0,0.0,0
8_11,8,short_2link,needle_5link,link_scaled,0,0.6051273092455276,0.3773422310477932,0,0,0,0,0.0,0
8_11,8,short_2link,needle_5link,static_home,0,0.3915466145731362,0.23275501335090548,0,0,0,0,0.4600822772221969,0
8_11,8,short_2link,needle_5link,target_ik,0,0.06485576809674012,0.038797615501501424,0,1,1,7,0.06256431927807844,0
8_11,8,short_2link,needle_5link,ejar_absolute,0,0.01624250612806316,0.009964623552182361,1,1,1,1,0.002527325878663684,0
8_11,8,short_2link,needle_5link,ejar_residual_fallback,0,0.01624250612806316,0.009964623552182361,1,1,1,1,0.002527325878663684,0
8_12,8,long_2link,heavy_3link,raw_joint,0,0.10049712575970692,0.07413732970504067,0,0,1,0,0.0,0
8_12,8,long_2link,heavy_3link,normalized_copy,0,0.10840297117687772,0.07991629234007201,0,0,1,0,0.0,0
8_12,8,long_2link,heavy_3link,link_scaled,0,0.10840297117687787,0.07991629234007197,0,0,1,8,0.0,0
8_12,8,long_2link,heavy_3link,static_home,0,0.018667102718603504,0.011486796384278262,1,1,1,0,0.010567779926460135,0
8_12,8,long_2link,heavy_3link,target_ik,0,1.3782943175157996e-05,8.939587876179354e-06,1,1,1,0,1.467289640151143e-07,0
8_12,8,long_2link,heavy_3link,ejar_absolute,0,3.6036514743911813e-05,2.4217538298343802e-05,1,1,1,0,3.873951394501671e-05,0
8_12,8,long_2link,heavy_3link,ejar_residual_fallback,0,3.6036514743911813e-05,2.4217538298343802e-05,1,1,1,0,3.873951394501671e-05,0
8_13,8,wide_2link,short_2link,raw_joint,0,0.14607024851045206,0.07946856516753541,0,0,1,0,0.0,0
8_13,8,wide_2link,short_2link,normalized_copy,0,0.06418514722321009,0.03380056123848721,0,1,1,0,0.0,0
8_13,8,wide_2link,short_2link,link_scaled,0,0.05046567967348479,0.02679816710332776,0,1,1,0,0.0,0
8_13,8,wide_2link,short_2link,static_home,0,0.13066861861904988,0.07314850019703509,0,0,1,0,0.09429412667548075,0
8_13,8,wide_2link,short_2link,target_ik,0,0.018742036777622074,0.0060591407925719,1,1,1,5,0.014663738670253602,0
8_13,8,wide_2link,short_2link,ejar_absolute,0,0.019394938506435144,0.007323815809720296,1,1,1,4,0.015319929702274228,0
8_13,8,wide_2link,short_2link,ejar_residual_fallback,0,0.019394938506435144,0.007323815809720296,1,1,1,4,0.015319929702274228,0
8_14,8,asym_3link,soft_5link,raw_joint,0,0.34366392901968984,0.2368338281253929,0,0,0,0,0.0,0
8_14,8,asym_3link,soft_5link,normalized_copy,0,0.35186872125462626,0.23539111384080277,0,0,0,0,0.0,0
8_14,8,asym_3link,soft_5link,link_scaled,0,0.36823974012103255,0.24436922832331404,0,0,0,0,0.0,0
8_14,8,asym_3link,soft_5link,static_home,0,0.3109849334282001,0.18466642058418492,0,0,0,0,0.06430897311005919,0
8_14,8,asym_3link,soft_5link,target_ik,0,0.014643067939769397,0.00767000121039688,1,1,1,0,8.248050455785005e-06,0
8_14,8,asym_3link,soft_5link,ejar_absolute,0,0.014451206081682924,0.007599670551527969,1,1,1,0,0.0014979792027520174,0
8_14,8,asym_3link,soft_5link,ejar_residual_fallback,0,0.014451206081682924,0.007599670551527969,1,1,1,0,0.0014979792027520174,0
8_15,8,heavy_3link,asym_3link,raw_joint,0,0.07004339803740138,0.047602826494153996,0,1,1,4,0.0,0
8_15,8,heavy_3link,asym_3link,normalized_copy,0,0.09596835226870191,0.06384497012987574,0,1,1,0,0.0,0
8_15,8,heavy_3link,asym_3link,link_scaled,0,0.09596835226870193,0.06384497012987572,0,1,1,8,0.0,0
8_15,8,heavy_3link,asym_3link,static_home,0,0.008382272348680789,0.006282124809374704,1,1,1,0,0.005068611443546479,0
8_15,8,heavy_3link,asym_3link,target_ik,0,0.000543115859251327,0.00040590772361979267,1,1,1,0,4.457827465533563e-06,0
8_15,8,heavy_3link,asym_3link,ejar_absolute,0,0.0010718855542598607,0.0008136481617192742,1,1,1,0,0.0005902372632361322,0
8_15,8,heavy_3link,asym_3link,ejar_residual_fallback,0,0.0010718855542598607,0.0008136481617192742,1,1,1,0,0.0005902372632361322,0
8_16,8,teacher_2link,large_6link,raw_joint,0,0.04618696720278557,0.02974509765653023,1,1,1,0,0.0,0
8_16,8,teacher_2link,large_6link,normalized_copy,0,0.0769382263410279,0.04533595284806244,0,1,1,0,0.0,0
8_16,8,teacher_2link,large_6link,link_scaled,0,0.09328786061967552,0.05396311622016975,0,1,1,0,0.0,0
8_16,8,teacher_2link,large_6link,static_home,0,0.15854323282799848,0.08890363649435945,0,0,1,0,0.13498344511145952,0
8_16,8,teacher_2link,large_6link,target_ik,0,0.0022664708802947486,0.0012277840390642223,1,1,1,0,1.132503726681221e-06,0
8_16,8,teacher_2link,large_6link,ejar_absolute,0,0.002646425805368364,0.0014322315717509382,1,1,1,0,0.0004503814077464868,0
8_16,8,teacher_2link,large_6link,ejar_residual_fallback,0,0.002646425805368364,0.0014322315717509382,1,1,1,0,0.0004503814077464868,0
8_17,8,short_2link,long_4link,raw_joint,1,0.512026228231251,0.26899902334495307,0,0,0,8,0.0,0
8_17,8,short_2link,long_4link,normalized_copy,1,0.5511097963696474,0.2980995067010004,0,0,0,0,0.0,0
8_17,8,short_2link,long_4link,link_scaled,1,0.35143790734322466,0.18700651117240347,0,0,0,0,0.0,0
8_17,8,short_2link,long_4link,static_home,1,0.19002000946158232,0.09850499639357793,0,0,1,0,0.18959239056784963,0
8_17,8,short_2link,long_4link,target_ik,1,0.0203646508906932,0.02226421608894749,1,1,1,4,0.03763602686082099,0
8_17,8,short_2link,long_4link,ejar_absolute,1,0.031283835136839015,0.029253040382754374,1,1,1,5,0.04841579461491294,0
8_17,8,short_2link,long_4link,ejar_residual_fallback,1,0.031283835136839015,0.029253040382754374,1,1,1,5,0.04841579461491294,0
8_18,8,long_2link,wide_2link,raw_joint,0,0.18937050932257984,0.10741620464777463,0,0,1,0,0.0,0
8_18,8,long_2link,wide_2link,normalized_copy,0,0.2371562852878096,0.11616384815940052,0,0,0,0,0.0,0
8_18,8,long_2link,wide_2link,link_scaled,0,0.23715628528780963,0.11616384815940056,0,0,0,8,0.0,0
8_18,8,long_2link,wide_2link,static_home,0,0.059997875767127506,0.03984225111220002,0,1,1,0,0.010529186286498205,0
8_18,8,long_2link,wide_2link,target_ik,0,0.001704513632685952,0.0012854028113406875,1,1,1,0,9.85896561695236e-06,0
8_18,8,long_2link,wide_2link,ejar_absolute,0,0.001304916356211044,0.0009822842545244102,1,1,1,0,0.0008067663380720204,0
8_18,8,long_2link,wide_2link,ejar_residual_fallback,0,0.001304916356211044,0.0009822842545244102,1,1,1,0,0.0008067663380720204,0
8_19,8,wide_2link,snake_6link,raw_joint,0,0.29658458848300207,0.1574695460722954,0,0,0,8,0.0,0
8_19,8,wide_2link,snake_6link,normalized_copy,0,0.2444203416388291,0.12061006106804673,0,0,0,0,0.0,0
8_19,8,wide_2link,snake_6link,link_scaled,0,0.22027353315247852,0.10879941213597424,0,0,0,0,0.0,0
8_19,8,wide_2link,snake_6link,static_home,0,0.08782009279088954,0.04342127866030476,0,1,1,0,0.07427168354480569,0
8_19,8,wide_2link,snake_6link,target_ik,0,0.004126940363816163,0.0018522845007731136,1,1,1,0,6.010418565237887e-06,0
8_19,8,wide_2link,snake_6link,ejar_absolute,0,0.005029750335185355,0.002274587632624892,1,1,1,0,0.0014619364847791702,0
8_19,8,wide_2link,snake_6link,ejar_residual_fallback,0,0.005029750335185355,0.002274587632624892,1,1,1,0,0.0014619364847791702,0
8_20,8,asym_3link,redundant_4link,raw_joint,0,0.23101264733930654,0.11436957635177321,0,0,0,8,0.0,0
8_20,8,asym_3link,redundant_4link,normalized_copy,0,0.21461290008568634,0.10493726150783107,0,0,0,0,0.0,0
8_20,8,asym_3link,redundant_4link,link_scaled,0,0.2087940501205961,0.10284495868166135,0,0,0,0,0.0,0
8_20,8,asym_3link,redundant_4link,static_home,0,0.11851266765853205,0.05887635196794351,0,0,1,0,0.06827015067381091,0
8_20,8,asym_3link,redundant_4link,target_ik,0,0.004103047740064722,0.0019826908310212983,1,1,1,0,4.7581448399938e-06,0
8_20,8,asym_3link,redundant_4link,ejar_absolute,0,0.004791310861432927,0.002320634873001425,1,1,1,0,0.0008809738065472483,0
8_20,8,asym_3link,redundant_4link,ejar_residual_fallback,0,0.004791310861432927,0.002320634873001425,1,1,1,0,0.0008809738065472483,0
8_21,8,heavy_3link,long_2link,raw_joint,0,0.18206919959167242,0.10874125871585173,0,0,1,0,0.0,0
8_21,8,heavy_3link,long_2link,normalized_copy,0,0.2561877818631913,0.15381463638168796,0,0,0,0,0.0,0
8_21,8,heavy_3link,long_2link,link_scaled,0,0.25181679088643616,0.15122248950208522,0,0,0,0,0.0,0
8_21,8,heavy_3link,long_2link,static_home,0,0.23684356739157703,0.1333285183965674,0,0,0,0,0.26097753366842324,0
8_21,8,heavy_3link,long_2link,target_ik,0,0.005786045046908931,0.003581787839339051,1,1,1,1,4.2953031326306905e-05,0
8_21,8,heavy_3link,long_2link,ejar_absolute,0,0.003489250128780583,0.002050872807008536,1,1,1,0,0.002666288101333853,0
8_21,8,heavy_3link,long_2link,ejar_residual_fallback,0,0.003489250128780583,0.002050872807008536,1,1,1,0,0.002666288101333853,0
8_22,8,teacher_2link,needle_5link,raw_joint,0,0.13428248101029733,0.1027179026918694,0,0,1,8,0.0,0
8_22,8,teacher_2link,needle_5link,normalized_copy,0,0.1378201705611453,0.10630373216317077,0,0,1,0,0.0,0
8_22,8,teacher_2link,needle_5link,link_scaled,0,0.12500470290544163,0.09675413651345878,0,0,1,0,0.0,0
8_22,8,teacher_2link,needle_5link,static_home,0,0.03694252703164314,0.026163536869112866,1,1,1,0,0.01689787393046339,0
8_22,8,teacher_2link,needle_5link,target_ik,0,0.00013995660831901381,9.74843362959986e-05,1,1,1,0,5.697999776087616e-07,0
8_22,8,teacher_2link,needle_5link,ejar_absolute,0,0.0003683505599313244,0.00024733128426078813,1,1,1,0,0.00027227466220877114,0
8_22,8,teacher_2link,needle_5link,ejar_residual_fallback,0,0.0003683505599313244,0.00024733128426078813,1,1,1,0,0.00027227466220877114,0
8_23,8,short_2link,heavy_3link,raw_joint,0,0.20520496776243663,0.11800001143546647,0,0,0,0,0.0,0
8_23,8,short_2link,heavy_3link,normalized_copy,0,0.04986617731568099,0.028580547726048622,1,1,1,0,0.0,0
8_23,8,short_2link,heavy_3link,link_scaled,0,0.07655402023901685,0.041760093217821107,0,1,1,0,0.0,0
8_23,8,short_2link,heavy_3link,static_home,0,0.0510727945662151,0.02926994720948376,0,1,1,0,0.08762592888458501,0
8_23,8,short_2link,heavy_3link,target_ik,0,0.0008238949374469912,0.0004801793815399773,1,1,1,0,3.0186689191582093e-06,0
8_23,8,short_2link,heavy_3link,ejar_absolute,0,0.0004489977617358779,0.00025965327280901495,1,1,1,0,0.0006035662015546499,0
8_23,8,short_2link,heavy_3link,ejar_residual_fallback,0,0.0004489977617358779,0.00025965327280901495,1,1,1,0,0.0006035662015546499,0
8_24,8,long_2link,short_2link,raw_joint,0,0.12434347701870904,0.07515964182571855,0,0,1,0,0.0,0
8_24,8,long_2link,short_2link,normalized_copy,0,0.10897558438225,0.06588238557369366,0,0,1,0,0.0,0
8_24,8,long_2link,short_2link,link_scaled,0,0.10897558438225,0.06588238557369366,0,0,1,8,0.0,0
8_24,8,long_2link,short_2link,static_home,0,0.0778719469470731,0.04840601365867069,0,1,1,0,0.06621221792389123,0
8_24,8,long_2link,short_2link,target_ik,0,0.0019360498035256267,0.0013305129312847664,1,1,1,0,8.308909906965538e-06,0
8_24,8,long_2link,short_2link,ejar_absolute,0,0.003051590924902613,0.001984870803041267,1,1,1,0,0.0013848880398881571,0
8_24,8,long_2link,short_2link,ejar_residual_fallback,0,0.003051590924902613,0.001984870803041267,1,1,1,0,0.0013848880398881571,0
8_25,8,wide_2link,soft_5link,raw_joint,0,0.49836833856804685,0.29519105351889974,0,0,0,8,0.0,0
8_25,8,wide_2link,soft_5link,normalized_copy,0,0.36746241831778015,0.2199524801005579,0,0,0,0,0.0,0
8_25,8,wide_2link,soft_5link,link_scaled,0,0.35191665263133776,0.2106438266734398,0,0,0,0,0.0,0
8_25,8,wide_2link,soft_5link,static_home,0,0.16738572382379202,0.11033072310748923,0,0,1,0,0.09737857653120309,0
8_25,8,wide_2link,soft_5link,target_ik,0,0.001818444389218623,0.0013437220924890645,1,1,1,0,7.497522319007931e-06,0
8_25,8,wide_2link,soft_5link,ejar_absolute,0,0.0016192027587976245,0.0011575543641763543,1,1,1,0,0.001341183342176103,0
8_25,8,wide_2link,soft_5link,ejar_residual_fallback,0,0.0016192027587976245,0.0011575543641763543,1,1,1,0,0.001341183342176103,0
8_26,8,asym_3link,asym_3link,raw_joint,0,0.4254363055538897,0.24293656374961176,0,0,0,0,0.0,0
8_26,8,asym_3link,asym_3link,normalized_copy,0,0.4254363055538897,0.24293656374961176,0,0,0,0,0.0,0
8_26,8,asym_3link,asym_3link,link_scaled,0,0.4254363055538897,0.24293656374961176,0,0,0,0,0.0,0
8_26,8,asym_3link,asym_3link,static_home,0,0.41188118972757437,0.23588542788958689,0,0,0,0,0.05824846303046434,0
8_26,8,asym_3link,asym_3link,target_ik,0,0.20647622028801166,0.12346979259186552,0,0,0,8,0.21281760686968348,0
8_26,8,asym_3link,asym_3link,ejar_absolute,0,0.21199252234170016,0.12685514694391575,0,0,0,8,0.21838643580656872,0
8_26,8,asym_3link,asym_3link,ejar_residual_fallback,0,0.21199252234170016,0.12685514694391575,0,0,0,8,0.21838643580656872,0
8_27,8,heavy_3link,large_6link,raw_joint,0,0.11301224011734365,0.06484959639268571,0,0,1,0,0.0,0
8_27,8,heavy_3link,large_6link,normalized_copy,0,0.13199789390270822,0.0756757428353528,0,0,1,0,0.0,0
8_27,8,heavy_3link,large_6link,link_scaled,0,0.13181164057056524,0.07558398225590217,0,0,1,0,0.0,0
8_27,8,heavy_3link,large_6link,static_home,0,0.21271548226267262,0.12023281064659412,0,0,0,0,0.05238167106757759,0
8_27,8,heavy_3link,large_6link,target_ik,0,0.001596413420431651,0.0009390217466462496,1,1,1,0,6.945388774228681e-06,0
8_27,8,heavy_3link,large_6link,ejar_absolute,0,0.002205222056531192,0.0011825391593976717,1,1,1,0,0.0017346255190908923,0
8_27,8,heavy_3link,large_6link,ejar_residual_fallback,0,0.002205222056531192,0.0011825391593976717,1,1,1,0,0.0017346255190908923,0
8_28,8,teacher_2link,long_4link,raw_joint,0,0.06591346229959652,0.07348424933143238,0,1,1,8,0.0,0
8_28,8,teacher_2link,long_4link,normalized_copy,0,0.0787560564143159,0.08604084629580683,0,1,1,0,0.0,0
8_28,8,teacher_2link,long_4link,link_scaled,0,0.06509704134598075,0.06930033425907303,0,1,1,0,0.0,0
8_28,8,teacher_2link,long_4link,static_home,0,0.0311481578856904,0.022732030141442032,1,1,1,0,0.021118442572318912,0
8_28,8,teacher_2link,long_4link,target_ik,0,4.389110190804534e-05,3.690454060714858e-05,1,1,1,0,3.4851273575779587e-07,0
8_28,8,teacher_2link,long_4link,ejar_absolute,0,2.8747898533968324e-05,4.378931418830081e-05,1,1,1,0,7.7352070395645e-05,0
8_28,8,teacher_2link,long_4link,ejar_residual_fallback,0,2.8747898533968324e-05,4.378931418830081e-05,1,1,1,0,7.7352070395645e-05,0
8_29,8,short_2link,wide_2link,raw_joint,0,0.1961400667597132,0.11150035907001293,0,0,1,0,0.0,0
8_29,8,short_2link,wide_2link,normalized_copy,0,0.1584416962928821,0.08814308548218397,0,0,1,0,0.0,0
8_29,8,short_2link,wide_2link,link_scaled,0,0.11565623570885208,0.06437690956245634,0,0,1,0,0.0,0
8_29,8,short_2link,wide_2link,static_home,0,0.08488841566336883,0.04669800644117888,0,1,1,0,0.031086080914630304,0
8_29,8,short_2link,wide_2link,target_ik,0,0.0003440570471879322,0.00019023285697814505,1,1,1,0,2.9802875715872454e-06,0
8_29,8,short_2link,wide_2link,ejar_absolute,0,0.00037404318504565486,0.00020576596183973997,1,1,1,0,0.00023443765443113704,0
8_29,8,short_2link,wide_2link,ejar_residual_fallback,0,0.00037404318504565486,0.00020576596183973997,1,1,1,0,0.00023443765443113704,0
8_30,8,long_2link,snake_6link,raw_joint,0,0.12600480041088874,0.11416756196141799,0,0,1,0,0.0,0
8_30,8,long_2link,snake_6link,normalized_copy,0,0.15506957063339136,0.14206694532709496,0,0,1,0,0.0,0
8_30,8,long_2link,snake_6link,link_scaled,0,0.15506957063339136,0.14206694532709496,0,0,1,8,0.0,0
8_30,8,long_2link,snake_6link,static_home,0,0.024452795019205543,0.01448254465356209,1,1,1,0,0.02902161752227027,0
8_30,8,long_2link,snake_6link,target_ik,0,0.0003404475873227703,0.0001503361689401771,1,1,1,0,1.7795438000284664e-06,0
8_30,8,long_2link,snake_6link,ejar_absolute,0,0.00012795676068991994,9.970805599181186e-05,1,1,1,0,0.00038172801219534094,0
8_30,8,long_2link,snake_6link,ejar_residual_fallback,0,0.00012795676068991994,9.970805599181186e-05,1,1,1,0,0.00038172801219534094,0
8_31,8,wide_2link,redundant_4link,raw_joint,0,0.6289382853682208,0.33932905303554817,0,0,0,8,0.0,0
8_31,8,wide_2link,redundant_4link,normalized_copy,0,0.6093555551863857,0.3305509696562486,0,0,0,0,0.0,0
8_31,8,wide_2link,redundant_4link,link_scaled,0,0.5549418086490688,0.30136776953307937,0,0,0,0,0.0,0
8_31,8,wide_2link,redundant_4link,static_home,0,0.31920858503490124,0.17202784230764662,0,0,0,0,0.312607486104123,0
8_31,8,wide_2link,redundant_4link,target_ik,0,0.006339895974804176,0.0034553100968111585,1,1,1,0,8.159352484123545e-06,0
8_31,8,wide_2link,redundant_4link,ejar_absolute,0,0.006740874075657091,0.0036036164195260203,1,1,1,0,0.0016998094080750733,0
8_31,8,wide_2link,redundant_4link,ejar_residual_fallback,0,0.006740874075657091,0.0036036164195260203,1,1,1,0,0.0016998094080750733,0
8_32,8,asym_3link,long_2link,raw_joint,0,0.025147149164953232,0.013761769023697662,1,1,1,0,0.0,0
8_32,8,asym_3link,long_2link,normalized_copy,0,0.028315758616090224,0.015490028104671798,1,1,1,0,0.0,0
8_32,8,asym_3link,long_2link,link_scaled,0,0.02208193285937145,0.012098207283997423,1,1,1,0,0.0,0
8_32,8,asym_3link,long_2link,static_home,0,0.0037409598488122695,0.002051792691587964,1,1,1,0,0.0027284640365978956,0
8_32,8,asym_3link,long_2link,target_ik,0,4.1773631806426726e-06,2.262231286091141e-06,1,1,1,0,1.1076747598462456e-07,0
8_32,8,asym_3link,long_2link,ejar_absolute,0,3.976022589981297e-05,2.1725219264492962e-05,1,1,1,0,3.660320163771365e-05,0
8_32,8,asym_3link,long_2link,ejar_residual_fallback,0,3.976022589981297e-05,2.1725219264492962e-05,1,1,1,0,3.660320163771365e-05,0
8_33,8,heavy_3link,needle_5link,raw_joint,0,0.09012718859349658,0.051015175341829096,0,1,1,0,0.0,0
8_33,8,heavy_3link,needle_5link,normalized_copy,0,0.09494709476288835,0.05386454515708104,0,1,1,0,0.0,0
8_33,8,heavy_3link,needle_5link,link_scaled,0,0.09154416882828928,0.05190389111569388,0,1,1,0,0.0,0
8_33,8,heavy_3link,needle_5link,static_home,0,0.12408752331429015,0.0701511216521978,0,0,1,0,0.14280151719150327,0
8_33,8,heavy_3link,needle_5link,target_ik,0,0.0019313402668895625,0.001172631851095361,1,1,1,0,6.97602637796521e-06,0
8_33,8,heavy_3link,needle_5link,ejar_absolute,0,0.00018359804647633424,0.00012420240153715939,1,1,1,0,0.001965284123176543,0
8_33,8,heavy_3link,needle_5link,ejar_residual_fallback,0,0.00018359804647633424,0.00012420240153715939,1,1,1,0,0.001965284123176543,0
8_34,8,teacher_2link,heavy_3link,raw_joint,1,0.19563870839064912,0.10994797519593119,0,0,1,0,0.0,0
8_34,8,teacher_2link,heavy_3link,normalized_copy,1,0.1489315477653323,0.08428087243507998,0,0,1,0,0.0,0
8_34,8,teacher_2link,heavy_3link,link_scaled,1,0.1289082734982823,0.0728410590544957,0,0,1,0,0.0,0
8_34,8,teacher_2link,heavy_3link,static_home,1,0.10755112541341498,0.06045173763554758,0,0,1,0,0.10776779660818171,0
8_34,8,teacher_2link,heavy_3link,target_ik,1,0.05267251411957672,0.03942223656257315,0,1,1,8,0.06025429786956668,0
8_34,8,teacher_2link,heavy_3link,ejar_absolute,1,0.05395690141913165,0.04233682487540738,0,1,1,4,0.0618710486232919,0
8_34,8,teacher_2link,heavy_3link,ejar_residual_fallback,1,0.05395690141913165,0.04233682487540738,0,1,1,4,0.0618710486232919,0
8_35,8,short_2link,short_2link,raw_joint,0,0.4118385600972304,0.2584850236201536,0,0,0,0,0.0,0
8_35,8,short_2link,short_2link,normalized_copy,0,0.4118385600972304,0.2584850236201536,0,0,0,0,0.0,0
8_35,8,short_2link,short_2link,link_scaled,0,0.4118385600972304,0.2584850236201536,0,0,0,0,0.0,0
8_35,8,short_2link,short_2link,static_home,0,0.2291159100821987,0.14080946694131108,0,0,0,0,0.17584104672989942,0
8_35,8,short_2link,short_2link,target_ik,0,0.11186941233922457,0.07039216561870697,0,0,1,8,0.10789104206198213,0
8_35,8,short_2link,short_2link,ejar_absolute,0,0.11005559264766754,0.06941290557970603,0,0,1,8,0.10597127468523235,0
8_35,8,short_2link,short_2link,ejar_residual_fallback,0,0.11005559264766754,0.06941290557970603,0,0,1,8,0.10597127468523235,0
8_36,8,long_2link,soft_5link,raw_joint,0,0.18083175063913798,0.10278520252101872,0,0,1,0,0.0,0
8_36,8,long_2link,soft_5link,normalized_copy,0,0.23281709352497038,0.13912303299731915,0,0,0,0,0.0,0
8_36,8,long_2link,soft_5link,link_scaled,0,0.2328170935249704,0.1391230329973192,0,0,0,8,0.0,0
8_36,8,long_2link,soft_5link,static_home,0,0.09038431727401196,0.042039627435672605,0,1,1,0,0.0750384838175376,0
8_36,8,long_2link,soft_5link,target_ik,0,0.00043922358259009805,0.0001654821402725638,1,1,1,0,2.566237021026333e-06,0
8_36,8,long_2link,soft_5link,ejar_absolute,0,0.00032828636674567225,0.00013049519041019242,1,1,1,0,0.00048452256810358526,0
8_36,8,long_2link,soft_5link,ejar_residual_fallback,0,0.00032828636674567225,0.00013049519041019242,1,1,1,0,0.00048452256810358526,0
8_37,8,wide_2link,asym_3link,raw_joint,0,0.09958082553045927,0.10970983040515478,0,1,1,7,0.0,0
8_37,8,wide_2link,asym_3link,normalized_copy,0,0.06935394470630164,0.08366930054891167,0,1,1,0,0.0,0
8_37,8,wide_2link,asym_3link,link_scaled,0,0.061019206469854016,0.07368652082439754,0,1,1,0,0.0,0
8_37,8,wide_2link,asym_3link,static_home,0,0.04347791419384235,0.03103237337377899,1,1,1,0,0.051931862223362976,0
8_37,8,wide_2link,asym_3link,target_ik,0,0.00088330831320656,0.000562180624267722,1,1,1,0,2.8742639648830584e-06,0
8_37,8,wide_2link,asym_3link,ejar_absolute,0,0.0005031704332520824,0.00032965461574679727,1,1,1,0,0.0006072608912069495,0
8_37,8,wide_2link,asym_3link,ejar_residual_fallback,0,0.0005031704332520824,0.00032965461574679727,1,1,1,0,0.0006072608912069495,0
8_38,8,asym_3link,large_6link,raw_joint,0,0.533455814246989,0.2643391122778207,0,0,0,8,0.0,0
8_38,8,asym_3link,large_6link,normalized_copy,0,0.5255969864661344,0.26044022300112485,0,0,0,0,0.0,0
8_38,8,asym_3link,large_6link,link_scaled,0,0.44734796049737197,0.2213101561447351,0,0,0,0,0.0,0
8_38,8,asym_3link,large_6link,static_home,0,0.35885038857688284,0.1724129195626145,0,0,0,0,0.07673431157257295,0
8_38,8,asym_3link,large_6link,target_ik,0,0.006036209852460271,0.0024746617760516387,1,1,1,0,4.926923774236655e-06,0
8_38,8,asym_3link,large_6link,ejar_absolute,0,0.007688035499883578,0.0031998189165641736,1,1,1,0,0.001278156575112791,0
8_38,8,asym_3link,large_6link,ejar_residual_fallback,0,0.007688035499883578,0.0031998189165641736,1,1,1,0,0.001278156575112791,0
8_39,8,heavy_3link,long_4link,raw_joint,0,0.1119177703837512,0.06434265874999343,0,0,1,0,0.0,0
8_39,8,heavy_3link,long_4link,normalized_copy,0,0.12350263579974942,0.0707260567439444,0,0,1,0,0.0,0
8_39,8,heavy_3link,long_4link,link_scaled,0,0.12723264660478734,0.07287493858430469,0,0,1,0,0.0,0
8_39,8,heavy_3link,long_4link,static_home,0,0.1377778899648297,0.07751032598686064,0,0,1,0,0.08013318284478349,0
8_39,8,heavy_3link,long_4link,target_ik,0,0.0011502025567404004,0.0006633854026414333,1,1,1,0,9.339726820876843e-06,0
8_39,8,heavy_3link,long_4link,ejar_absolute,0,0.001340825001303687,0.0007821147049791875,1,1,1,0,0.002084553324370631,0
8_39,8,heavy_3link,long_4link,ejar_residual_fallback,0,0.001340825001303687,0.0007821147049791875,1,1,1,0,0.002084553324370631,0
8_40,8,teacher_2link,wide_2link,raw_joint,0,0.07763991413822281,0.044365414488551094,0,1,1,0,0.0,0
8_40,8,teacher_2link,wide_2link,normalized_copy,0,0.09307644958420053,0.053279761281781704,0,1,1,0,0.0,0
8_40,8,teacher_2link,wide_2link,link_scaled,0,0.10109950246506189,0.05803809957393008,0,0,1,0,0.0,0
8_40,8,teacher_2link,wide_2link,static_home,0,0.05710877306890266,0.03197329260835381,0,1,1,0,0.027672430603172784,0
8_40,8,teacher_2link,wide_2link,target_ik,0,0.0003741590114275469,0.00021223400224455074,1,1,1,0,5.389445608352064e-06,0
8_40,8,teacher_2link,wide_2link,ejar_absolute,0,0.0003269606684678053,0.00018266764386632592,1,1,1,0,0.0004771101993735076,0
8_40,8,teacher_2link,wide_2link,ejar_residual_fallback,0,0.0003269606684678053,0.00018266764386632592,1,1,1,0,0.0004771101993735076,0
8_41,8,short_2link,snake_6link,raw_joint,0,0.19902489718312333,0.12779177961855687,0,0,1,1,0.0,0
8_41,8,short_2link,snake_6link,normalized_copy,0,0.2172602816639108,0.1450057176316629,0,0,0,0,0.0,0
8_41,8,short_2link,snake_6link,link_scaled,0,0.12627988752023242,0.09067043157979156,0,0,1,0,0.0,0
8_41,8,short_2link,snake_6link,static_home,0,0.10277364796097017,0.05532037512852887,0,0,1,0,0.10944323707501166,0
8_41,8,short_2link,snake_6link,target_ik,0,0.0017054919053821258,0.0006860171936435876,1,1,1,0,4.265967426087289e-06,0
8_41,8,short_2link,snake_6link,ejar_absolute,0,0.002548427058698162,0.0012947724258673926,1,1,1,0,0.0009476199616210685,0
8_41,8,short_2link,snake_6link,ejar_residual_fallback,0,0.002548427058698162,0.0012947724258673926,1,1,1,0,0.0009476199616210685,0
8_42,8,long_2link,redundant_4link,raw_joint,0,0.15912447356830828,0.11046025148555742,0,0,1,0,0.0,0
8_42,8,long_2link,redundant_4link,normalized_copy,0,0.186589595903746,0.1367810849196661,0,0,1,0,0.0,0
8_42,8,long_2link,redundant_4link,link_scaled,0,0.21849613192567643,0.16033941700544907,0,0,0,1,0.0,0
8_42,8,long_2link,redundant_4link,static_home,0,0.14278248159328705,0.08197108644848362,0,0,1,0,0.04271649609397696,0
8_42,8,long_2link,redundant_4link,target_ik,0,0.0029573160474087178,0.001619444989490216,1,1,1,0,1.2778246797641199e-05,0
8_42,8,long_2link,redundant_4link,ejar_absolute,0,0.00471912930599327,0.002540961152399444,1,1,1,0,0.002368788514099205,0
8_42,8,long_2link,redundant_4link,ejar_residual_fallback,0,0.00471912930599327,0.002540961152399444,1,1,1,0,0.002368788514099205,0
8_43,8,wide_2link,long_2link,raw_joint,0,0.2752440400380641,0.1709402226015867,0,0,0,0,0.0,0
8_43,8,wide_2link,long_2link,normalized_copy,0,0.3798810642164386,0.21397685710681333,0,0,0,0,0.0,0
8_43,8,wide_2link,long_2link,link_scaled,0,0.28767496766135386,0.16226070733025524,0,0,0,0,0.0,0
8_43,8,wide_2link,long_2link,static_home,0,0.22882968525411831,0.12870433606254345,0,0,0,0,0.12426164285265906,0
8_43,8,wide_2link,long_2link,target_ik,0,0.00437728235616303,0.0027703444889740614,1,1,1,1,8.292904344408231e-05,0
8_43,8,wide_2link,long_2link,ejar_absolute,0,0.001384992387153255,0.0008147432829859262,1,1,1,0,0.003277047259863055,0
8_43,8,wide_2link,long_2link,ejar_residual_fallback,0,0.001384992387153255,0.0008147432829859262,1,1,1,0,0.003277047259863055,0
8_44,8,asym_3link,needle_5link,raw_joint,0,0.18104546925697967,0.11859108648819185,0,0,1,8,0.0,0
8_44,8,asym_3link,needle_5link,normalized_copy,0,0.19866131412110918,0.13079277392653643,0,0,1,0,0.0,0
8_44,8,asym_3link,needle_5link,link_scaled,0,0.19889790890682876,0.1331580889288198,0,0,1,0,0.0,0
8_44,8,asym_3link,needle_5link,static_home,0,0.21634047103466178,0.14546565347150697,0,0,0,0,0.2417883146652132,0
8_44,8,asym_3link,needle_5link,target_ik,0,0.006651668838323345,0.006515056454873525,1,1,1,2,0.007108875182257887,0
8_44,8,asym_3link,needle_5link,ejar_absolute,0,0.007016737005274925,0.005113545008640637,1,1,1,0,0.0019695534396735282,0
8_44,8,asym_3link,needle_5link,ejar_residual_fallback,0,0.007016737005274925,0.005113545008640637,1,1,1,0,0.0019695534396735282,0
8_45,8,heavy_3link,heavy_3link,raw_joint,0,0.37950371261824734,0.21120504501781007,0,0,0,0,0.0,0
8_45,8,heavy_3link,heavy_3link,normalized_copy,0,0.3795037126182472,0.21120504501781007,0,0,0,0,0.0,0
8_45,8,heavy_3link,heavy_3link,link_scaled,0,0.3795037126182472,0.21120504501781007,0,0,0,0,0.0,0
8_45,8,heavy_3link,heavy_3link,static_home,0,0.25798651187092697,0.14467627500106822,0,0,0,0,0.10832584318249813,0
8_45,8,heavy_3link,heavy_3link,target_ik,0,0.003848730062553313,0.0022839455543847854,1,1,1,0,7.226097573277881e-06,0
8_45,8,heavy_3link,heavy_3link,ejar_absolute,0,0.004050047246761763,0.002277789291344948,1,1,1,0,0.001398163479821204,0
8_45,8,heavy_3link,heavy_3link,ejar_residual_fallback,0,0.004050047246761763,0.002277789291344948,1,1,1,0,0.001398163479821204,0
8_46,8,teacher_2link,short_2link,raw_joint,0,0.23618002586992382,0.1587114283269357,0,0,0,8,0.0,0
8_46,8,teacher_2link,short_2link,normalized_copy,0,0.23927254063363484,0.15884698153456706,0,0,0,0,0.0,0
8_46,8,teacher_2link,short_2link,link_scaled,0,0.23927254063363484,0.15884698153456706,0,0,0,8,0.0,0
8_46,8,teacher_2link,short_2link,static_home,0,0.21055304888981552,0.12349185499703175,0,0,0,0,0.14843265241342038,0
8_46,8,teacher_2link,short_2link,target_ik,0,0.09058539472548753,0.049602081358060574,0,1,1,8,0.0860003879793079,0
8_46,8,teacher_2link,short_2link,ejar_absolute,0,0.09034407460009748,0.04950868480395502,0,1,1,8,0.08574772292071413,0
8_46,8,teacher_2link,short_2link,ejar_residual_fallback,0,0.09034407460009748,0.04950868480395502,0,1,1,8,0.08574772292071413,0
8_47,8,short_2link,soft_5link,raw_joint,0,0.16820972664315476,0.08956357903183884,0,0,1,0,0.0,0
8_47,8,short_2link,soft_5link,normalized_copy,0,0.16597931525182855,0.08660871829546743,0,0,1,0,0.0,0
8_47,8,short_2link,soft_5link,link_scaled,0,0.11340825039742707,0.05963841236743232,0,0,1,0,0.0,0
8_47,8,short_2link,soft_5link,static_home,0,0.14877591295188652,0.08342303983571218,0,0,1,0,0.14028861831811873,0
8_47,8,short_2link,soft_5link,target_ik,0,0.0015572521860447123,0.0008472748961359419,1,1,1,0,1.7354357902129513e-05,0
8_47,8,short_2link,soft_5link,ejar_absolute,0,0.0045235565533837665,0.0024014427484785007,1,1,1,0,0.0031098871814180897,0
8_47,8,short_2link,soft_5link,ejar_residual_fallback,0,0.0045235565533837665,0.0024014427484785007,1,1,1,0,0.0031098871814180897,0
8_48,8,long_2link,asym_3link,raw_joint,0,0.025488394905310675,0.014112553942549622,1,1,1,0,0.0,0
8_48,8,long_2link,asym_3link,normalized_copy,0,0.041404597801245044,0.02278607452878338,1,1,1,0,0.0,0
8_48,8,long_2link,asym_3link,link_scaled,0,0.05969970807346634,0.03289827878851382,0,1,1,0,0.0,0
8_48,8,long_2link,asym_3link,static_home,0,0.03484689969639788,0.019480292384811193,1,1,1,0,0.02660589333580494,0
8_48,8,long_2link,asym_3link,target_ik,0,5.462058956158623e-05,2.994904928964443e-05,1,1,1,0,1.1583445435860465e-06,0
8_48,8,long_2link,asym_3link,ejar_absolute,0,0.0002617031855517763,0.00014480782780314672,1,1,1,0,0.00020730398758402572,0
8_48,8,long_2link,asym_3link,ejar_residual_fallback,0,0.0002617031855517763,0.00014480782780314672,1,1,1,0,0.00020730398758402572,0
8_49,8,wide_2link,large_6link,raw_joint,0,0.06792518079778055,0.04533526578597535,0,1,1,8,0.0,0
8_49,8,wide_2link,large_6link,normalized_copy,0,0.174534149669256,0.09853850725163814,0,0,1,0,0.0,0
8_49,8,wide_2link,large_6link,link_scaled,0,0.16277751142843838,0.09549268782142244,0,0,1,0,0.0,0
8_49,8,wide_2link,large_6link,static_home,0,0.22325431265875237,0.13998542884131854,0,0,0,0,0.12646079183406203,0
8_49,8,wide_2link,large_6link,target_ik,0,0.002173470356269361,0.001416079296515436,1,1,1,0,6.002159150003046e-06,0
8_49,8,wide_2link,large_6link,ejar_absolute,0,0.00389214965730855,0.00233788103600228,1,1,1,0,0.0016286816950762542,0
8_49,8,wide_2link,large_6link,ejar_residual_fallback,0,0.00389214965730855,0.00233788103600228,1,1,1,0,0.0016286816950762542,0
8_50,8,asym_3link,long_4link,raw_joint,0,0.1676546993659417,0.08729011495159084,0,0,1,8,0.0,0
8_50,8,asym_3link,long_4link,normalized_copy,0,0.22799561894712758,0.12054882227400912,0,0,0,0,0.0,0
8_50,8,asym_3link,long_4link,link_scaled,0,0.21711975359417696,0.11968529129942151,0,0,0,0,0.0,0
8_50,8,asym_3link,long_4link,static_home,0,0.03771586990757468,0.020892729243357902,1,1,1,0,0.10260322279813627,0
8_50,8,asym_3link,long_4link,target_ik,0,0.04589543017709022,0.011489618578142093,1,1,1,3,0.045203574581292295,0
8_50,8,asym_3link,long_4link,ejar_absolute,0,0.01398717573712969,0.006405886816865399,1,1,1,0,0.011871359776086846,0
8_50,8,asym_3link,long_4link,ejar_residual_fallback,0,0.01398717573712969,0.006405886816865399,1,1,1,0,0.011871359776086846,0
8_51,8,heavy_3link,wide_2link,raw_joint,1,0.12315368121372422,0.08330543015063654,0,0,1,0,0.0,0
8_51,8,heavy_3link,wide_2link,normalized_copy,1,0.07234433175107527,0.06280579664581257,0,1,1,0,0.0,0
8_51,8,heavy_3link,wide_2link,link_scaled,1,0.0723443317510752,0.06280579664581255,0,1,1,8,0.0,0
8_51,8,heavy_3link,wide_2link,static_home,1,0.15510480117240705,0.0963488437902936,0,0,1,0,0.16356547249103057,0
8_51,8,heavy_3link,wide_2link,target_ik,1,0.1138569420050119,0.09399587738569228,0,0,1,6,0.12249336394034692,0
8_51,8,heavy_3link,wide_2link,ejar_absolute,1,0.09211821300280779,0.0741422130253739,0,1,1,5,0.10732979001626901,0
8_51,8,heavy_3link,wide_2link,ejar_residual_fallback,1,0.09211821300280779,0.0741422130253739,0,1,1,5,0.10732979001626901,0
8_52,8,teacher_2link,snake_6link,raw_joint,0,0.017475499407826774,0.00982717242956484,1,1,1,0,0.0,0
8_52,8,teacher_2link,snake_6link,normalized_copy,0,0.018919036758385688,0.010648920559347151,1,1,1,0,0.0,0
8_52,8,teacher_2link,snake_6link,link_scaled,0,0.01810756769855557,0.010199906754221891,1,1,1,0,0.0,0
8_52,8,teacher_2link,snake_6link,static_home,0,0.03302876364395756,0.01854264035489519,1,1,1,0,0.023395456137951735,0
8_52,8,teacher_2link,snake_6link,target_ik,0,0.00011513937609742925,6.546529352308015e-05,1,1,1,0,2.279773679904786e-06,0
8_52,8,teacher_2link,snake_6link,ejar_absolute,0,0.0003551778120736386,0.00020228462487033324,1,1,1,0,0.00044259018444437067,0
8_52,8,teacher_2link,snake_6link,ejar_residual_fallback,0,0.0003551778120736386,0.00020228462487033324,1,1,1,0,0.00044259018444437067,0
8_53,8,short_2link,redundant_4link,raw_joint,0,0.15484624183125606,0.08791589338710194,0,0,1,0,0.0,0
8_53,8,short_2link,redundant_4link,normalized_copy,0,0.24429437304011326,0.14052021704744844,0,0,0,0,0.0,0
8_53,8,short_2link,redundant_4link,link_scaled,0,0.20965663300303478,0.12268942618820422,0,0,0,0,0.0,0
8_53,8,short_2link,redundant_4link,static_home,0,0.15809340563946728,0.09558373546055188,0,0,1,0,0.15528784471593074,0
8_53,8,short_2link,redundant_4link,target_ik,0,0.001524483625739416,0.000986407067582897,1,1,1,0,2.4282997213264565e-06,0
8_53,8,short_2link,redundant_4link,ejar_absolute,0,0.001798624166348376,0.0011436817381517087,1,1,1,0,0.0004445445441815498,0
8_53,8,short_2link,redundant_4link,ejar_residual_fallback,0,0.001798624166348376,0.0011436817381517087,1,1,1,0,0.0004445445441815498,0
8_54,8,long_2link,long_2link,raw_joint,0,0.08716443765678693,0.04896017656260063,0,1,1,0,0.0,0
8_54,8,long_2link,long_2link,normalized_copy,0,0.08716443765678693,0.04896017656260063,0,1,1,0,0.0,0
8_54,8,long_2link,long_2link,link_scaled,0,0.08716443765678693,0.04896017656260063,0,1,1,0,0.0,0
8_54,8,long_2link,long_2link,static_home,0,0.05075303482101149,0.028553344845538547,0,1,1,0,0.04501128973854125,0
8_54,8,long_2link,long_2link,target_ik,0,0.0004744348269666519,0.0002535648054396913,1,1,1,0,3.7286502898026933e-06,0
8_54,8,long_2link,long_2link,ejar_absolute,0,0.0016064793292093918,0.0008607082360451702,1,1,1,0,0.001168794952056216,0
8_54,8,long_2link,long_2link,ejar_residual_fallback,0,0.0016064793292093918,0.0008607082360451702,1,1,1,0,0.001168794952056216,0
8_55,8,wide_2link,needle_5link,raw_joint,0,0.06652236938354901,0.07544717375569986,0,1,1,8,0.0,0
8_55,8,wide_2link,needle_5link,normalized_copy,0,0.06478466229465304,0.07087717554036588,0,1,1,0,0.0,0
8_55,8,wide_2link,needle_5link,link_scaled,0,0.0518640210982374,0.05531706463723575,0,1,1,0,0.0,0
8_55,8,wide_2link,needle_5link,static_home,0,0.025449348103354297,0.017865698966080236,1,1,1,0,0.012769362824653038,0
8_55,8,wide_2link,needle_5link,target_ik,0,0.00014062026751785847,0.00010881229744820027,1,1,1,0,1.1111003329894793e-06,0
8_55,8,wide_2link,needle_5link,ejar_absolute,0,0.0006233183927884477,0.0004401922917650216,1,1,1,0,0.0005194055003415865,0
8_55,8,wide_2link,needle_5link,ejar_residual_fallback,0,0.0006233183927884477,0.0004401922917650216,1,1,1,0,0.0005194055003415865,0
8_56,8,asym_3link,heavy_3link,raw_joint,0,0.22441226009707108,0.12487362692192965,0,0,0,0,0.0,0
8_56,8,asym_3link,heavy_3link,normalized_copy,0,0.21984930822457227,0.12272800512026014,0,0,0,0,0.0,0
8_56,8,asym_3link,heavy_3link,link_scaled,0,0.18631708972024172,0.104240124407981,0,0,1,0,0.0,0
8_56,8,asym_3link,heavy_3link,static_home,0,0.12900530429380272,0.07170185094925467,0,0,1,0,0.061327591129313866,0
8_56,8,asym_3link,heavy_3link,target_ik,0,0.0008708874216960486,0.0004646331711084332,1,1,1,0,3.040102453832034e-06,0
8_56,8,asym_3link,heavy_3link,ejar_absolute,0,0.0017507938360395298,0.0009339955667799073,1,1,1,0,0.0008630874218588291,0
8_56,8,asym_3link,heavy_3link,ejar_residual_fallback,0,0.0017507938360395298,0.0009339955667799073,1,1,1,0,0.0008630874218588291,0
8_57,8,heavy_3link,short_2link,raw_joint,0,0.2501233862399075,0.1375648186012646,0,0,0,0,0.0,0
8_57,8,heavy_3link,short_2link,normalized_copy,0,0.22339627231432943,0.11867188387624951,0,0,0,0,0.0,0
8_57,8,heavy_3link,short_2link,link_scaled,0,0.28739337741994136,0.12346349975632923,0,0,0,0,0.0,0
8_57,8,heavy_3link,short_2link,static_home,0,0.2784423477859081,0.14518067573198357,0,0,0,0,0.04377287000616693,0
8_57,8,heavy_3link,short_2link,target_ik,0,0.12053410815613139,0.051847397071837734,0,0,1,8,0.11702507021536034,0
8_57,8,heavy_3link,short_2link,ejar_absolute,0,0.11869978447471695,0.050827252021710796,0,0,1,8,0.11507597613640747,0
8_57,8,heavy_3link,short_2link,ejar_residual_fallback,0,0.11869978447471695,0.050827252021710796,0,0,1,8,0.11507597613640747,0
8_58,8,teacher_2link,soft_5link,raw_joint,0,0.9163115201810221,0.5103210164954803,0,0,0,0,0.0,0
8_58,8,teacher_2link,soft_5link,normalized_copy,0,0.9439583431688291,0.522985466226541,0,0,0,0,0.0,0
8_58,8,teacher_2link,soft_5link,link_scaled,0,0.9663977446121111,0.5401490553282785,0,0,0,5,0.0,0
8_58,8,teacher_2link,soft_5link,static_home,0,0.6524183765919644,0.38574754752415574,0,0,0,0,0.2257173582407064,0
8_58,8,teacher_2link,soft_5link,target_ik,0,0.14621364567594133,0.09939812237631532,0,0,1,8,0.14105436936102814,0
8_58,8,teacher_2link,soft_5link,ejar_absolute,0,0.15838525480693771,0.10856618045996141,0,0,1,8,0.1549117053067615,0
8_58,8,teacher_2link,soft_5link,ejar_residual_fallback,0,0.15838525480693771,0.10856618045996141,0,0,1,8,0.1549117053067615,0
8_59,8,short_2link,asym_3link,raw_joint,0,0.32622012535816863,0.1929263322853258,0,0,0,0,0.0,0
8_59,8,short_2link,asym_3link,normalized_copy,0,0.3532549741793735,0.21132395835306828,0,0,0,0,0.0,0
8_59,8,short_2link,asym_3link,link_scaled,0,0.2524327929881276,0.14810496227537956,0,0,0,0,0.0,0
8_59,8,short_2link,asym_3link,static_home,0,0.08941619443341943,0.044038315986851956,0,1,1,0,0.03133903459425749,0
8_59,8,short_2link,asym_3link,target_ik,0,0.0007242116247446677,0.00027725865287811296,1,1,1,0,1.4847427567335558e-06,0
8_59,8,short_2link,asym_3link,ejar_absolute,0,0.0008520651699988939,0.0003076999062471607,1,1,1,0,0.00025116929548430985,0
8_59,8,short_2link,asym_3link,ejar_residual_fallback,0,0.0008520651699988939,0.0003076999062471607,1,1,1,0,0.00025116929548430985,0
8_60,8,long_2link,large_6link,raw_joint,0,0.2354475320068614,0.13294836193621257,0,0,0,0,0.0,0
8_60,8,long_2link,large_6link,normalized_copy,0,0.23920845830450665,0.1352747574738325,0,0,0,0,0.0,0
8_60,8,long_2link,large_6link,link_scaled,0,0.2417343416037612,0.1367021200191924,0,0,0,0,0.0,0
8_60,8,long_2link,large_6link,static_home,0,0.07510081822813156,0.04189454265114248,0,1,1,0,0.051658430680888635,0
8_60,8,long_2link,large_6link,target_ik,0,0.0012756766736299447,0.0006802127929679011,1,1,1,0,4.270046029693867e-06,0
8_60,8,long_2link,large_6link,ejar_absolute,0,0.002848011690255129,0.0015123841799918767,1,1,1,0,0.0014991680410964604,0
8_60,8,long_2link,large_6link,ejar_residual_fallback,0,0.002848011690255129,0.0015123841799918767,1,1,1,0,0.0014991680410964604,0
8_61,8,wide_2link,long_4link,raw_joint,0,0.796210805822618,0.47405618455418913,0,0,0,5,0.0,0
8_61,8,wide_2link,long_4link,normalized_copy,0,0.7942190641376253,0.4583413195817403,0,0,0,0,0.0,0
8_61,8,wide_2link,long_4link,link_scaled,0,0.6471641442649524,0.366388764489905,0,0,0,0,0.0,0
8_61,8,wide_2link,long_4link,static_home,0,0.4930744492998393,0.27172019973807304,0,0,0,0,0.4806621484632881,0
8_61,8,wide_2link,long_4link,target_ik,0,0.3014445380318287,0.17326249523324277,0,0,0,8,0.3094633391205843,0
8_61,8,wide_2link,long_4link,ejar_absolute,0,0.2540415710234089,0.15341750577207253,0,0,0,8,0.26319011219176924,0
8_61,8,wide_2link,long_4link,ejar_residual_fallback,0,0.2540415710234091,0.15341750577207264,0,0,0,8,0.17342852358424587,4
8_62,8,asym_3link,wide_2link,raw_joint,0,0.24274055290526197,0.1327142958813589,0,0,0,0,0.0,0
8_62,8,asym_3link,wide_2link,normalized_copy,0,0.277316028689982,0.14749954952574929,0,0,0,0,0.0,0
8_62,8,asym_3link,wide_2link,link_scaled,0,0.2998277694614101,0.15731728711008958,0,0,0,0,0.0,0
8_62,8,asym_3link,wide_2link,static_home,0,0.12839640533302035,0.07947696562838284,0,0,1,0,0.13533478370440194,0
8_62,8,asym_3link,wide_2link,target_ik,0,0.0043851805949662835,0.002509794953939381,1,1,1,0,2.7031962131081422e-05,0
8_62,8,asym_3link,wide_2link,ejar_absolute,0,0.006669462966472743,0.003740744333607049,1,1,1,0,0.0025758401305112765,0
8_62,8,asym_3link,wide_2link,ejar_residual_fallback,0,0.006669462966472743,0.003740744333607049,1,1,1,0,0.0025758401305112765,0
8_63,8,heavy_3link,snake_6link,raw_joint,0,0.24215743489689862,0.13821280087460336,0,0,0,3,0.0,0
8_63,8,heavy_3link,snake_6link,normalized_copy,0,0.2142695498243524,0.1220299907654514,0,0,0,0,0.0,0
8_63,8,heavy_3link,snake_6link,link_scaled,0,0.2065036494742414,0.11896454995756792,0,0,0,8,0.0,0
8_63,8,heavy_3link,snake_6link,static_home,0,0.26834014987220045,0.1511875953368527,0,0,0,0,0.2709308293459627,0
8_63,8,heavy_3link,snake_6link,target_ik,0,0.004843856020524573,0.0027524690203432093,1,1,1,0,7.374579388571171e-06,0
8_63,8,heavy_3link,snake_6link,ejar_absolute,0,0.006004660890044658,0.003362781651167113,1,1,1,0,0.0015739629555838381,0
8_63,8,heavy_3link,snake_6link,ejar_residual_fallback,0,0.006004660890044658,0.003362781651167113,1,1,1,0,0.0015739629555838381,0
8_64,8,teacher_2link,redundant_4link,raw_joint,0,0.013437040617661338,0.008748326990365608,1,1,1,0,0.0,0
8_64,8,teacher_2link,redundant_4link,normalized_copy,0,0.03513071360584124,0.021224786759639857,1,1,1,0,0.0,0
8_64,8,teacher_2link,redundant_4link,link_scaled,0,0.03513071360584124,0.021224786759639857,1,1,1,0,0.0,0
8_64,8,teacher_2link,redundant_4link,static_home,0,0.010409375889576817,0.006380531116249311,1,1,1,0,0.0004236019670134407,0
8_64,8,teacher_2link,redundant_4link,target_ik,0,0.0006336239078354807,0.00036865579062830476,1,1,1,0,2.0152327783104226e-06,0
8_64,8,teacher_2link,redundant_4link,ejar_absolute,0,0.00036939002067223447,0.00019427279063247358,1,1,1,0,0.0002931286959737807,0
8_64,8,teacher_2link,redundant_4link,ejar_residual_fallback,0,0.00036939002067223447,0.00019427279063247358,1,1,1,0,0.0002931286959737807,0
8_65,8,short_2link,long_2link,raw_joint,0,1.2101833222934562,0.634082846851937,0,0,0,8,0.0,0
8_65,8,short_2link,long_2link,normalized_copy,0,1.1536320752589841,0.5943296124125514,0,0,0,0,0.0,0
8_65,8,short_2link,long_2link,link_scaled,0,0.7565530683390324,0.3881942670503756,0,0,0,0,0.0,0
8_65,8,short_2link,long_2link,static_home,0,0.43264418354683465,0.22494388189455877,0,0,0,0,0.3971433724535191,0
8_65,8,short_2link,long_2link,target_ik,0,0.38444515276469765,0.20359043077399103,0,0,0,8,0.39066956442086975,0
8_65,8,short_2link,long_2link,ejar_absolute,0,0.38248750163866385,0.20222216375433155,0,0,0,8,0.38871080355384485,0
8_65,8,short_2link,long_2link,ejar_residual_fallback,0,0.3824875016386637,0.20222216375433152,0,0,0,8,0.22042318658414656,8
8_66,8,long_2link,needle_5link,raw_joint,0,0.24369553389394114,0.14459628203809935,0,0,0,8,0.0,0
8_66,8,long_2link,needle_5link,normalized_copy,0,0.24439121670071223,0.14354534026069748,0,0,0,0,0.0,0
8_66,8,long_2link,needle_5link,link_scaled,0,0.24439121670071223,0.14354534026069748,0,0,0,8,0.0,0
8_66,8,long_2link,needle_5link,static_home,0,0.09620296911219449,0.06075794819290885,0,1,1,0,0.10300218095920294,0
8_66,8,long_2link,needle_5link,target_ik,0,0.0011339878486655041,0.0007790299516060779,1,1,1,0,1.7038561170650954e-06,0
8_66,8,long_2link,needle_5link,ejar_absolute,0,0.0007894665792739918,0.0005273742467892175,1,1,1,0,0.0009874145796272466,0
8_66,8,long_2link,needle_5link,ejar_residual_fallback,0,0.0007894665792739918,0.0005273742467892175,1,1,1,0,0.0009874145796272466,0
8_67,8,wide_2link,heavy_3link,raw_joint,0,0.2947311691875426,0.2013927880332663,0,0,0,7,0.0,0
8_67,8,wide_2link,heavy_3link,normalized_copy,0,0.22070820243188405,0.15543453749293093,0,0,0,0,0.0,0
8_67,8,wide_2link,heavy_3link,link_scaled,0,0.17337979708482526,0.1261980985813125,0,0,1,0,0.0,0
8_67,8,wide_2link,heavy_3link,static_home,0,0.2424144012969258,0.15728069682624735,0,0,0,0,0.13182115277369522,0
8_67,8,wide_2link,heavy_3link,target_ik,0,0.001257331939803879,0.0012991360582821632,1,1,1,2,0.003060627958093928,0
8_67,8,wide_2link,heavy_3link,ejar_absolute,0,0.002116176061003258,0.0015048577207645187,1,1,1,0,0.002149162407670992,0
8_67,8,wide_2link,heavy_3link,ejar_residual_fallback,0,0.002116176061003258,0.0015048577207645187,1,1,1,0,0.002149162407670992,0
8_68,8,asym_3link,short_2link,raw_joint,1,0.27093508953144596,0.15911709042524408,0,0,0,6,0.0,0
8_68,8,asym_3link,short_2link,normalized_copy,1,0.26108726811353133,0.15427710724877025,0,0,0,0,0.0,0
8_68,8,asym_3link,short_2link,link_scaled,1,0.2638416383374859,0.15582308404522355,0,0,0,8,0.0,0
8_68,8,asym_3link,short_2link,static_home,1,0.23036217840539702,0.143673936946477,0,0,0,0,0.23111638566134504,0
8_68,8,asym_3link,short_2link,target_ik,1,0.2420548200777966,0.15151382951103237,0,0,0,8,0.2372157212401739,0
8_68,8,asym_3link,short_2link,ejar_absolute,1,0.23085789474325302,0.14437729672567629,0,0,0,5,0.22697485216125285,0
8_68,8,asym_3link,short_2link,ejar_residual_fallback,1,0.23119351952208478,0.14473515775709594,0,0,0,6,0.1882924049726598,3
8_69,8,heavy_3link,soft_5link,raw_joint,0,0.31552587914323293,0.1861219767979724,0,0,0,0,0.0,0
8_69,8,heavy_3link,soft_5link,normalized_copy,0,0.12780933356975852,0.06902254123951182,0,0,1,0,0.0,0
8_69,8,heavy_3link,soft_5link,link_scaled,0,0.146118909594253,0.06458357332155094,0,0,1,0,0.0,0
8_69,8,heavy_3link,soft_5link,static_home,0,0.32642324224892405,0.18390561603083827,0,0,0,0,0.32544858454686,0
8_69,8,heavy_3link,soft_5link,target_ik,0,0.008727440485198244,0.004687472182543996,1,1,1,0,1.762334828520431e-05,0
8_69,8,heavy_3link,soft_5link,ejar_absolute,0,0.010721312127905296,0.005601600927967399,1,1,1,0,0.0032973674853670676,0
8_69,8,heavy_3link,soft_5link,ejar_residual_fallback,0,0.010721312127905296,0.005601600927967399,1,1,1,0,0.0032973674853670676,0
8_70,8,teacher_2link,asym_3link,raw_joint,0,0.16455484797181258,0.14097909331104355,0,0,1,0,0.0,0
8_70,8,teacher_2link,asym_3link,normalized_copy,0,0.1881758934993676,0.16197706699442493,0,0,1,0,0.0,0
8_70,8,teacher_2link,asym_3link,link_scaled,0,0.1881758934993676,0.16197706699442493,0,0,1,8,0.0,0
8_70,8,teacher_2link,asym_3link,static_home,0,0.04502448743823214,0.035281439906720356,1,1,1,0,0.014869336497526127,0
8_70,8,teacher_2link,asym_3link,target_ik,0,0.0003526256826152982,0.00030975871236463206,1,1,1,0,3.2785206061593163e-06,0
8_70,8,teacher_2link,asym_3link,ejar_absolute,0,0.0009843058765433067,0.0007900008243764212,1,1,1,0,0.0006405653979978626,0
8_70,8,teacher_2link,asym_3link,ejar_residual_fallback,0,0.0009843058765433067,0.0007900008243764212,1,1,1,0,0.0006405653979978626,0
8_71,8,short_2link,large_6link,raw_joint,0,0.19713704468884993,0.11402059964371514,0,0,1,8,0.0,0
8_71,8,short_2link,large_6link,normalized_copy,0,0.3301562394452137,0.18873145720593498,0,0,0,0,0.0,0
8_71,8,short_2link,large_6link,link_scaled,0,0.23275199485401205,0.1280950193463461,0,0,0,0,0.0,0
8_71,8,short_2link,large_6link,static_home,0,0.2243337260231924,0.11908756473331522,0,0,0,0,0.0011876347150594768,0
8_71,8,short_2link,large_6link,target_ik,0,0.0020705980318650465,0.0010663370829336986,1,1,1,0,3.228992308675942e-06,0
8_71,8,short_2link,large_6link,ejar_absolute,0,0.0012259755379576116,0.000600749241996292,1,1,1,0,0.0010794097004160398,0
8_71,8,short_2link,large_6link,ejar_residual_fallback,0,0.0012259755379576116,0.000600749241996292,1,1,1,0,0.0010794097004160398,0
8_72,8,long_2link,long_4link,raw_joint,0,0.19894805343891706,0.12093614051888017,0,0,1,0,0.0,0
8_72,8,long_2link,long_4link,normalized_copy,0,0.25435662545972865,0.15179258551410352,0,0,0,0,0.0,0
8_72,8,long_2link,long_4link,link_scaled,0,0.25435662545972865,0.15179258551410352,0,0,0,8,0.0,0
8_72,8,long_2link,long_4link,static_home,0,0.07189496392608169,0.04549304507331377,0,1,1,0,0.09103444440807691,0
8_72,8,long_2link,long_4link,target_ik,0,0.0005640520056213801,0.00039289911518532465,1,1,1,0,1.3413976538065162e-06,0
8_72,8,long_2link,long_4link,ejar_absolute,0,0.0008152484538915766,0.000546784549855088,1,1,1,0,0.00031542250497901026,0
8_72,8,long_2link,long_4link,ejar_residual_fallback,0,0.0008152484538915766,0.000546784549855088,1,1,1,0,0.00031542250497901026,0
8_73,8,wide_2link,wide_2link,raw_joint,0,0.33318763022343495,0.14515860497891805,0,0,0,0,0.0,0
8_73,8,wide_2link,wide_2link,normalized_copy,0,0.33318763022343495,0.14515860497891805,0,0,0,0,0.0,0
8_73,8,wide_2link,wide_2link,link_scaled,0,0.33318763022343495,0.14515860497891805,0,0,0,0,0.0,0
8_73,8,wide_2link,wide_2link,static_home,0,0.27268378837719043,0.12799968091576894,0,0,0,0,0.32843493380018135,0
8_73,8,wide_2link,wide_2link,target_ik,0,0.38673019842137624,0.17208024221650936,0,0,0,8,0.3804104681955437,0
8_73,8,wide_2link,wide_2link,ejar_absolute,0,0.33900863838145556,0.14994292876817547,0,0,0,8,0.33118088799640644,0
8_73,8,wide_2link,wide_2link,ejar_residual_fallback,0,0.33900863838145484,0.1499429287681753,0,0,0,8,0.23331594475649897,4
8_74,8,asym_3link,snake_6link,raw_joint,0,0.2473193559260344,0.12378211591060642,0,0,0,8,0.0,0
8_74,8,asym_3link,snake_6link,normalized_copy,0,0.20641700371498498,0.10516939183094426,0,0,0,0,0.0,0
8_74,8,asym_3link,snake_6link,link_scaled,0,0.21312832190035022,0.1076757710872949,0,0,0,3,0.0,0
8_74,8,asym_3link,snake_6link,static_home,0,0.15124418044006294,0.08194011874105875,0,0,1,0,0.027604292026794243,0
8_74,8,asym_3link,snake_6link,target_ik,0,0.003890993408691021,0.002041353842587814,1,1,1,0,2.236111580069828e-05,0
8_74,8,asym_3link,snake_6link,ejar_absolute,0,0.00746165967136446,0.003858759061249992,1,1,1,0,0.004413282905655112,0
8_74,8,asym_3link,snake_6link,ejar_residual_fallback,0,0.00746165967136446,0.003858759061249992,1,1,1,0,0.004413282905655112,0
8_75,8,heavy_3link,redundant_4link,raw_joint,0,0.2618143672631876,0.14977336352626675,0,0,0,0,0.0,0
8_75,8,heavy_3link,redundant_4link,normalized_copy,0,0.3224208964755895,0.18253584067809175,0,0,0,0,0.0,0
8_75,8,heavy_3link,redundant_4link,link_scaled,0,0.36395235170534895,0.2062951766290008,0,0,0,0,0.0,0
8_75,8,heavy_3link,redundant_4link,static_home,0,0.2655493883682992,0.1494956064631141,0,0,0,0,0.261973495884694,0
8_75,8,heavy_3link,redundant_4link,target_ik,0,0.05532354931837235,0.05159101811436359,0,1,1,5,0.07450474964830395,0
8_75,8,heavy_3link,redundant_4link,ejar_absolute,0,0.04883906054907309,0.046038750811542295,1,1,1,4,0.0681817704476784,0
8_75,8,heavy_3link,redundant_4link,ejar_residual_fallback,0,0.04883906054907309,0.046038750811542295,1,1,1,4,0.0681817704476784,0
8_76,8,teacher_2link,long_2link,raw_joint,0,0.4244619732466764,0.23709681950131212,0,0,0,0,0.0,0
8_76,8,teacher_2link,long_2link,normalized_copy,0,0.36206736747719603,0.20172249940482612,0,0,0,0,0.0,0
8_76,8,teacher_2link,long_2link,link_scaled,0,0.32339301397560904,0.1801253049925164,0,0,0,0,0.0,0
8_76,8,teacher_2link,long_2link,static_home,0,0.29364240808919306,0.16674612124809043,0,0,0,0,0.09470241765154369,0
8_76,8,teacher_2link,long_2link,target_ik,0,0.002283884708478957,0.0013389628558143055,1,1,1,0,3.9699882483166275e-06,0
8_76,8,teacher_2link,long_2link,ejar_absolute,0,0.0013724103810540153,0.0007835804649999924,1,1,1,0,0.0012823762835293727,0
8_76,8,teacher_2link,long_2link,ejar_residual_fallback,0,0.0013724103810540153,0.0007835804649999924,1,1,1,0,0.0012823762835293727,0
8_77,8,short_2link,needle_5link,raw_joint,0,0.05263239853466647,0.03839224431810969,0,1,1,1,0.0,0
8_77,8,short_2link,needle_5link,normalized_copy,0,0.1558014811537791,0.0922911030511721,0,0,1,0,0.0,0
8_77,8,short_2link,needle_5link,link_scaled,0,0.11143686498073274,0.06413805399122927,0,0,1,0,0.0,0
8_77,8,short_2link,needle_5link,static_home,0,0.08786704447748948,0.04883875912884025,0,1,1,0,0.06375143046300599,0
8_77,8,short_2link,needle_5link,target_ik,0,0.0009647274018223264,0.0005048624973610504,1,1,1,0,4.584381176272074e-06,0
8_77,8,short_2link,needle_5link,ejar_absolute,0,0.0030489985796794345,0.0016104563572969866,1,1,1,0,0.0020900552946120374,0
8_77,8,short_2link,needle_5link,ejar_residual_fallback,0,0.0030489985796794345,0.0016104563572969866,1,1,1,0,0.0020900552946120374,0
8_78,8,long_2link,heavy_3link,raw_joint,0,0.3942615723840663,0.22454304592620097,0,0,0,0,0.0,0
8_78,8,long_2link,heavy_3link,normalized_copy,0,0.44164424689132414,0.251422685756433,0,0,0,0,0.0,0
8_78,8,long_2link,heavy_3link,link_scaled,0,0.44164424689132414,0.251422685756433,0,0,0,8,0.0,0
8_78,8,long_2link,heavy_3link,static_home,0,0.09337741191016438,0.06217688665690095,0,1,1,0,0.07474405135170531,0
8_78,8,long_2link,heavy_3link,target_ik,0,0.0008175488559931737,0.0005961623323609134,1,1,1,0,3.1826329731215017e-06,0
8_78,8,long_2link,heavy_3link,ejar_absolute,0,0.0018329286921548531,0.0012553892967180481,1,1,1,0,0.000991950392078589,0
8_78,8,long_2link,heavy_3link,ejar_residual_fallback,0,0.0018329286921548531,0.0012553892967180481,1,1,1,0,0.000991950392078589,0
8_79,8,wide_2link,short_2link,raw_joint,0,0.2391621827676422,0.13519194829893297,0,0,0,0,0.0,0
8_79,8,wide_2link,short_2link,normalized_copy,0,0.22202932179504778,0.12237995811977626,0,0,0,0,0.0,0
8_79,8,wide_2link,short_2link,link_scaled,0,0.2606656139563934,0.1433864425960211,0,0,0,0,0.0,0
8_79,8,wide_2link,short_2link,static_home,0,0.04176847945382253,0.023312739987806166,1,1,1,0,0.08526005234553917,0
8_79,8,wide_2link,short_2link,target_ik,0,0.017201091662241194,0.006171441679464418,1,1,1,4,0.017021817922665126,0
8_79,8,wide_2link,short_2link,ejar_absolute,0,0.007365490478436353,0.003344154312384767,1,1,1,0,0.00668393435924279,0
8_79,8,wide_2link,short_2link,ejar_residual_fallback,0,0.007365490478436353,0.003344154312384767,1,1,1,0,0.00668393435924279,0
8_80,8,asym_3link,soft_5link,raw_joint,0,0.3801317687819842,0.1946667744623924,0,0,0,4,0.0,0
8_80,8,asym_3link,soft_5link,normalized_copy,0,0.4086759956839072,0.22403274140544263,0,0,0,0,0.0,0
8_80,8,asym_3link,soft_5link,link_scaled,0,0.41526500542498046,0.2271546698701495,0,0,0,1,0.0,0
8_80,8,asym_3link,soft_5link,static_home,0,0.5827464148630753,0.3245814281724214,0,0,0,0,0.2938749741586254,0
8_80,8,asym_3link,soft_5link,target_ik,0,0.00867687119779709,0.004699497764311725,1,1,1,0,1.4582936361439056e-05,0
8_80,8,asym_3link,soft_5link,ejar_absolute,0,0.010434501768133354,0.0055702425018819175,1,1,1,0,0.0023393532693320638,0
8_80,8,asym_3link,soft_5link,ejar_residual_fallback,0,0.010434501768133354,0.0055702425018819175,1,1,1,0,0.0023393532693320638,0
8_81,8,heavy_3link,asym_3link,raw_joint,0,0.051718242207885616,0.03871107591127344,0,1,1,0,0.0,0
8_81,8,heavy_3link,asym_3link,normalized_copy,0,0.04677029822414638,0.03747941026809147,1,1,1,0,0.0,0
8_81,8,heavy_3link,asym_3link,link_scaled,0,0.034948627608500586,0.03610695780222728,1,1,1,0,0.0,0
8_81,8,heavy_3link,asym_3link,static_home,0,0.09534500693152433,0.054483711834414486,0,1,1,0,0.04201521956744342,0
8_81,8,heavy_3link,asym_3link,target_ik,0,0.002552480597713116,0.001464565039001435,1,1,1,0,5.546730118545652e-06,0
8_81,8,heavy_3link,asym_3link,ejar_absolute,0,0.0024429695527330947,0.0013774523467394995,1,1,1,0,0.0007987553035267094,0
8_81,8,heavy_3link,asym_3link,ejar_residual_fallback,0,0.0024429695527330947,0.0013774523467394995,1,1,1,0,0.0007987553035267094,0
8_82,8,teacher_2link,large_6link,raw_joint,0,0.22340115890401196,0.1372807469738635,0,0,0,8,0.0,0
8_82,8,teacher_2link,large_6link,normalized_copy,0,0.2465571848312708,0.151031587949247,0,0,0,0,0.0,0
8_82,8,teacher_2link,large_6link,link_scaled,0,0.2105798987409609,0.1312439200178952,0,0,0,0,0.0,0
8_82,8,teacher_2link,large_6link,static_home,0,0.10621525866821696,0.07128812745285273,0,0,1,0,0.11052799701882103,0
8_82,8,teacher_2link,large_6link,target_ik,0,0.0009917811219434152,0.0007436692355410326,1,1,1,0,7.557802517639777e-07,0
8_82,8,teacher_2link,large_6link,ejar_absolute,0,0.001103276078355314,0.0008171596947255349,1,1,1,0,0.0003238943188557254,0
8_82,8,teacher_2link,large_6link,ejar_residual_fallback,0,0.001103276078355314,0.0008171596947255349,1,1,1,0,0.0003238943188557254,0
8_83,8,short_2link,long_4link,raw_joint,0,0.17668645805283517,0.09814781770017397,0,0,1,8,0.0,0
8_83,8,short_2link,long_4link,normalized_copy,0,0.24768814406824863,0.1428664139649795,0,0,0,0,0.0,0
8_83,8,short_2link,long_4link,link_scaled,0,0.10183783175725826,0.0600488925034023,0,0,1,0,0.0,0
8_83,8,short_2link,long_4link,static_home,0,0.06983755309386828,0.033713504670788444,0,1,1,0,0.06900159384845639,0
8_83,8,short_2link,long_4link,target_ik,0,0.00048130851700053354,0.00020765724854442775,1,1,1,0,4.418090298765447e-06,0
8_83,8,short_2link,long_4link,ejar_absolute,0,0.0007469575637403248,0.0003926212186753257,1,1,1,0,0.001136844106851081,0
8_83,8,short_2link,long_4link,ejar_residual_fallback,0,0.0007469575637403248,0.0003926212186753257,1,1,1,0,0.001136844106851081,0
8_84,8,long_2link,wide_2link,raw_joint,0,0.18658924785970182,0.10469242112783667,0,0,1,0,0.0,0
8_84,8,long_2link,wide_2link,normalized_copy,0,0.07138499792057072,0.06103343198803369,0,1,1,0,0.0,0
8_84,8,long_2link,wide_2link,link_scaled,0,0.06823027588924649,0.06015860004200824,0,1,1,8,0.0,0
8_84,8,long_2link,wide_2link,static_home,0,0.08275431559641443,0.050064533584304,0,1,1,0,0.075259577592569,0
8_84,8,long_2link,wide_2link,target_ik,0,0.013114629887379395,0.013788387162018727,1,1,1,1,0.015493162211959566,0
8_84,8,long_2link,wide_2link,ejar_absolute,0,0.014415807722791026,0.014312239681207099,1,1,1,1,0.017152385918923208,0
8_84,8,long_2link,wide_2link,ejar_residual_fallback,0,0.014415807722791026,0.014312239681207099,1,1,1,1,0.017152385918923208,0
8_85,8,wide_2link,snake_6link,raw_joint,1,0.34402388140254314,0.21888622042172948,0,0,0,0,0.0,0
8_85,8,wide_2link,snake_6link,normalized_copy,1,0.4226097577613588,0.25655355057563556,0,0,0,0,0.0,0
8_85,8,wide_2link,snake_6link,link_scaled,1,0.39598421715023385,0.2399373546491957,0,0,0,0,0.0,0
8_85,8,wide_2link,snake_6link,static_home,1,0.2708391604113049,0.15417287875860414,0,0,0,0,0.28418617989520834,0
8_85,8,wide_2link,snake_6link,target_ik,1,0.11909699549599317,0.09863202678851266,0,0,1,6,0.13482321922788612,0
8_85,8,wide_2link,snake_6link,ejar_absolute,1,0.1048803201347787,0.08964169218059295,0,0,1,5,0.12526985108239322,0
8_85,8,wide_2link,snake_6link,ejar_residual_fallback,1,0.1048803201347787,0.08964169218059295,0,0,1,5,0.12526985108239322,0
8_86,8,asym_3link,redundant_4link,raw_joint,0,0.11757068701132517,0.05899457073834887,0,0,1,0,0.0,0
8_86,8,asym_3link,redundant_4link,normalized_copy,0,0.22115875504874158,0.1183448395381324,0,0,0,0,0.0,0
8_86,8,asym_3link,redundant_4link,link_scaled,0,0.21669986898616395,0.11579519641271073,0,0,0,0,0.0,0
8_86,8,asym_3link,redundant_4link,static_home,0,0.3069468606935241,0.17183423344731985,0,0,0,0,0.011257923528976378,0
8_86,8,asym_3link,redundant_4link,target_ik,0,0.0048713321298869865,0.002628737531305796,1,1,1,0,9.049522603359882e-06,0
8_86,8,asym_3link,redundant_4link,ejar_absolute,0,0.005870977970573713,0.003177117891829277,1,1,1,0,0.0015676194788336278,0
8_86,8,asym_3link,redundant_4link,ejar_residual_fallback,0,0.005870977970573713,0.003177117891829277,1,1,1,0,0.0015676194788336278,0
8_87,8,heavy_3link,long_2link,raw_joint,0,0.26528194258513993,0.15714156399749762,0,0,0,0,0.0,0
8_87,8,heavy_3link,long_2link,normalized_copy,0,0.3568306407811335,0.21278727770819325,0,0,0,0,0.0,0
8_87,8,heavy_3link,long_2link,link_scaled,0,0.35212427553778136,0.20995373221265617,0,0,0,0,0.0,0
8_87,8,heavy_3link,long_2link,static_home,0,0.1762038187738237,0.09862087337842664,0,0,1,0,0.0065156844270169425,0
8_87,8,heavy_3link,long_2link,target_ik,0,0.15920254348145574,0.0869875964766926,0,0,1,8,0.15322156833154052,0
8_87,8,heavy_3link,long_2link,ejar_absolute,0,0.14510478963171886,0.08015847438259754,0,0,1,8,0.13935317096783525,0
8_87,8,heavy_3link,long_2link,ejar_residual_fallback,0,0.14510478963171886,0.08015847438259754,0,0,1,8,0.13935317096783525,0
8_88,8,teacher_2link,needle_5link,raw_joint,0,0.09949256049943743,0.05222403961588083,0,1,1,0,0.0,0
8_88,8,teacher_2link,needle_5link,normalized_copy,0,0.1405402165105572,0.07797789629341545,0,0,1,0,0.0,0
8_88,8,teacher_2link,needle_5link,link_scaled,0,0.143768179987253,0.07991193372804892,0,0,1,0,0.0,0
8_88,8,teacher_2link,needle_5link,static_home,0,0.1917000750722413,0.10724538367728477,0,0,1,0,0.05574099115896927,0
8_88,8,teacher_2link,needle_5link,target_ik,0,0.001205640525634975,0.0007044018620662171,1,1,1,0,2.3534280395196276e-06,0
8_88,8,teacher_2link,needle_5link,ejar_absolute,0,0.0015494533544305959,0.0008456274285703381,1,1,1,0,0.00101114071100161,0
8_88,8,teacher_2link,needle_5link,ejar_residual_fallback,0,0.0015494533544305959,0.0008456274285703381,1,1,1,0,0.00101114071100161,0
8_89,8,short_2link,heavy_3link,raw_joint,0,0.2077521317160887,0.10752377715829912,0,0,0,8,0.0,0
8_89,8,short_2link,heavy_3link,normalized_copy,0,0.3651966569258165,0.19650555043926848,0,0,0,0,0.0,0
8_89,8,short_2link,heavy_3link,link_scaled,0,0.22144909209092606,0.11594908324895518,0,0,0,0,0.0,0
8_89,8,short_2link,heavy_3link,static_home,0,0.024777774844667467,0.013127235964036033,1,1,1,0,0.04881009443862981,0
8_89,8,short_2link,heavy_3link,target_ik,0,0.0005753184046883604,0.00027740936415101956,1,1,1,0,4.208334741664611e-06,0
8_89,8,short_2link,heavy_3link,ejar_absolute,0,0.0005813883220942061,0.00040268599112635185,1,1,1,0,0.0011307961953808032,0
8_89,8,short_2link,heavy_3link,ejar_residual_fallback,0,0.0005813883220942061,0.00040268599112635185,1,1,1,0,0.0011307961953808032,0
8_90,8,long_2link,short_2link,raw_joint,0,0.23203266239311324,0.15293661348886006,0,0,0,0,0.0,0
8_90,8,long_2link,short_2link,normalized_copy,0,0.22493426605987613,0.1485359510725496,0,0,0,0,0.0,0
8_90,8,long_2link,short_2link,link_scaled,0,0.2218523198942422,0.14650472744141688,0,0,0,8,0.0,0
8_90,8,long_2link,short_2link,static_home,0,0.1615116288444795,0.10306002235200096,0,0,1,0,0.12345584132679137,0
8_90,8,long_2link,short_2link,target_ik,0,0.05085854965601477,0.03784992549586008,0,1,1,5,0.04976642850609052,0
8_90,8,long_2link,short_2link,ejar_absolute,0,0.05011064585318183,0.036794566544983316,0,1,1,5,0.049200057849625514,0
8_90,8,long_2link,short_2link,ejar_residual_fallback,0,0.05011064585318183,0.036794566544983316,0,1,1,5,0.049200057849625514,0
8_91,8,wide_2link,soft_5link,raw_joint,0,0.2692476009265173,0.17078559407621532,0,0,0,0,0.0,0
8_91,8,wide_2link,soft_5link,normalized_copy,0,0.12192903476889051,0.07591837012504035,0,0,1,0,0.0,0
8_91,8,wide_2link,soft_5link,link_scaled,0,0.11569005374117354,0.07170396113718294,0,0,1,0,0.0,0
8_91,8,wide_2link,soft_5link,static_home,0,0.05049375392935338,0.027450014039451073,0,1,1,0,0.04109116422306398,0
8_91,8,wide_2link,soft_5link,target_ik,0,0.0003620449765778386,0.0001974599811404303,1,1,1,0,3.435833611778409e-06,0
8_91,8,wide_2link,soft_5link,ejar_absolute,0,0.00034930393834089427,0.00019957027486253154,1,1,1,0,0.0006458255930275843,0
8_91,8,wide_2link,soft_5link,ejar_residual_fallback,0,0.00034930393834089427,0.00019957027486253154,1,1,1,0,0.0006458255930275843,0
8_92,8,asym_3link,asym_3link,raw_joint,0,0.4383441304069024,0.24359584833821438,0,0,0,0,0.0,0
8_92,8,asym_3link,asym_3link,normalized_copy,0,0.4383441304069024,0.24359584833821438,0,0,0,0,0.0,0
8_92,8,asym_3link,asym_3link,link_scaled,0,0.4383441304069024,0.24359584833821438,0,0,0,0,0.0,0
8_92,8,asym_3link,asym_3link,static_home,0,0.41950717119749675,0.235510232827074,0,0,0,0,0.15299860042413657,0
8_92,8,asym_3link,asym_3link,target_ik,0,0.00530785860217581,0.0029631392495145167,1,1,1,0,4.089511449268251e-06,0
8_92,8,asym_3link,asym_3link,ejar_absolute,0,0.004995585075915524,0.0027391166804985826,1,1,1,0,0.000666829081782685,0
8_92,8,asym_3link,asym_3link,ejar_residual_fallback,0,0.004995585075915524,0.0027391166804985826,1,1,1,0,0.000666829081782685,0
8_93,8,heavy_3link,large_6link,raw_joint,0,0.5644883031723341,0.2957734869658769,0,0,0,8,0.0,0
8_93,8,heavy_3link,large_6link,normalized_copy,0,0.5660928334332033,0.29319530189817733,0,0,0,0,0.0,0
8_93,8,heavy_3link,large_6link,link_scaled,0,0.5660928334332033,0.29319530189817733,0,0,0,8,0.0,0
8_93,8,heavy_3link,large_6link,static_home,0,0.20466812950242005,0.09524649949717827,0,0,0,0,0.21572746738805196,0
8_93,8,heavy_3link,large_6link,target_ik,0,0.005409064659849904,0.0020329677549979575,1,1,1,0,1.3006874162971917e-06,0
8_93,8,heavy_3link,large_6link,ejar_absolute,0,0.005304662603339069,0.0019875018873727886,1,1,1,0,0.0005745205565236618,0
8_93,8,heavy_3link,large_6link,ejar_residual_fallback,0,0.005304662603339069,0.0019875018873727886,1,1,1,0,0.0005745205565236618,0
8_94,8,teacher_2link,long_4link,raw_joint,0,0.19931266902690664,0.09593424678615822,0,0,1,8,0.0,0
8_94,8,teacher_2link,long_4link,normalized_copy,0,0.25412646987111875,0.12836261908674362,0,0,0,0,0.0,0
8_94,8,teacher_2link,long_4link,link_scaled,0,0.21564656930495102,0.10784419042609965,0,0,0,0,0.0,0
8_94,8,teacher_2link,long_4link,static_home,0,0.06285550234063873,0.02774094638913191,0,1,1,0,0.0045074567560537985,0
8_94,8,teacher_2link,long_4link,target_ik,0,0.0012913001266267835,0.0004632450796687358,1,1,1,0,3.4807628716004077e-06,0
8_94,8,teacher_2link,long_4link,ejar_absolute,0,0.001725763132711883,0.0006485532129404177,1,1,1,0,0.0005933722044353536,0
8_94,8,teacher_2link,long_4link,ejar_residual_fallback,0,0.001725763132711883,0.0006485532129404177,1,1,1,0,0.0005933722044353536,0
8_95,8,short_2link,wide_2link,raw_joint,0,0.17124822436434475,0.10118714335522305,0,0,1,0,0.0,0
8_95,8,short_2link,wide_2link,normalized_copy,0,0.06073916368987083,0.040694262243936186,0,1,1,0,0.0,0
8_95,8,short_2link,wide_2link,link_scaled,0,0.04205272948296996,0.031122923597984783,1,1,1,0,0.0,0
8_95,8,short_2link,wide_2link,static_home,0,0.05068269104179091,0.03394406392623463,0,1,1,0,0.07063646020641327,0
8_95,8,short_2link,wide_2link,target_ik,0,0.0007422301692659125,0.0005536400791483275,1,1,1,0,1.5570329142364688e-05,0
8_95,8,short_2link,wide_2link,ejar_absolute,0,0.0009741945769781835,0.0006247512437080431,1,1,1,0,0.0016434748615885076,0
8_95,8,short_2link,wide_2link,ejar_residual_fallback,0,0.0009741945769781835,0.0006247512437080431,1,1,1,0,0.0016434748615885076,0
8_96,8,long_2link,snake_6link,raw_joint,0,0.2396327720714024,0.1259302371549275,0,0,0,0,0.0,0
8_96,8,long_2link,snake_6link,normalized_copy,0,0.294171030110744,0.15447032993909038,0,0,0,0,0.0,0
8_96,8,long_2link,snake_6link,link_scaled,0,0.294171030110744,0.15447032993909038,0,0,0,8,0.0,0
8_96,8,long_2link,snake_6link,static_home,0,0.06444111217062808,0.04154406610309177,0,1,1,0,0.024101674925223054,0
8_96,8,long_2link,snake_6link,target_ik,0,0.0011677793242302825,0.0007740833089705998,1,1,1,0,1.7128246308649698e-05,0
8_96,8,long_2link,snake_6link,ejar_absolute,0,0.00554245728315898,0.003730648608644294,1,1,1,1,0.0045730214059639335,0
8_96,8,long_2link,snake_6link,ejar_residual_fallback,0,0.00554245728315898,0.003730648608644294,1,1,1,1,0.0045730214059639335,0
8_97,8,wide_2link,redundant_4link,raw_joint,0,0.4251530760124666,0.23954873686754793,0,0,0,8,0.0,0
8_97,8,wide_2link,redundant_4link,normalized_copy,0,0.2575440703735693,0.14837479975331247,0,0,0,0,0.0,0
8_97,8,wide_2link,redundant_4link,link_scaled,0,0.2189492316028471,0.12588169248456588,0,0,0,0,0.0,0
8_97,8,wide_2link,redundant_4link,static_home,0,0.17697081424605368,0.12032253374787577,0,0,1,0,0.013029989477541288,0
8_97,8,wide_2link,redundant_4link,target_ik,0,0.0014773974018311427,0.0010789891552051255,1,1,1,0,7.211781887840191e-06,0
8_97,8,wide_2link,redundant_4link,ejar_absolute,0,0.002597471322035586,0.0018072652428347221,1,1,1,0,0.0012632858087067746,0
8_97,8,wide_2link,redundant_4link,ejar_residual_fallback,0,0.002597471322035586,0.0018072652428347221,1,1,1,0,0.0012632858087067746,0
8_98,8,asym_3link,long_2link,raw_joint,0,0.18910469887356168,0.11835786115634502,0,0,1,7,0.0,0
8_98,8,asym_3link,long_2link,normalized_copy,0,0.19359877625003294,0.11603035807111968,0,0,1,0,0.0,0
8_98,8,asym_3link,long_2link,link_scaled,0,0.18789233760324064,0.11001932760972569,0,0,1,0,0.0,0
8_98,8,asym_3link,long_2link,static_home,0,0.12232234445877954,0.0722987152966508,0,0,1,0,0.10566866793034158,0
8_98,8,asym_3link,long_2link,target_ik,0,0.0033571419153891617,0.002161782506626085,1,1,1,1,0.0011898971630998315,0
8_98,8,asym_3link,long_2link,ejar_absolute,0,0.0005263531290327332,0.000360080846176666,1,1,1,1,0.003944500250280722,0
8_98,8,asym_3link,long_2link,ejar_residual_fallback,0,0.0005263531290327332,0.000360080846176666,1,1,1,1,0.003944500250280722,0
8_99,8,heavy_3link,needle_5link,raw_joint,0,0.5203040411237118,0.2998449126970722,0,0,0,0,0.0,0
8_99,8,heavy_3link,needle_5link,normalized_copy,0,0.4585589243061445,0.2631684190235236,0,0,0,0,0.0,0
8_99,8,heavy_3link,needle_5link,link_scaled,0,0.48766879942634717,0.28078494345169713,0,0,0,0,0.0,0
8_99,8,heavy_3link,needle_5link,static_home,0,0.28911808720894505,0.16285448476662723,0,0,0,0,0.3116511706216364,0
8_99,8,heavy_3link,needle_5link,target_ik,0,0.008903210195054623,0.0044360803656026725,1,1,1,0,4.216537295694647e-06,0
8_99,8,heavy_3link,needle_5link,ejar_absolute,0,0.01253000724957338,0.006541079677163588,1,1,1,0,0.0015148419989473535,0
8_99,8,heavy_3link,needle_5link,ejar_residual_fallback,0,0.01253000724957338,0.006541079677163588,1,1,1,0,0.0015148419989473535,0
8_100,8,teacher_2link,heavy_3link,raw_joint,0,0.8430535174921423,0.4208135247523589,0,0,0,6,0.0,0
8_100,8,teacher_2link,heavy_3link,normalized_copy,0,0.7669286749469629,0.40206139427913246,0,0,0,0,0.0,0
8_100,8,teacher_2link,heavy_3link,link_scaled,0,0.6664865208193806,0.3486782974720135,0,0,0,0,0.0,0
8_100,8,teacher_2link,heavy_3link,static_home,0,0.6246697570070522,0.31450097177218916,0,0,0,0,0.15110794649415413,0
8_100,8,teacher_2link,heavy_3link,target_ik,0,0.2761455926525472,0.11519170266968529,0,0,0,8,0.2607099832038518,0
8_100,8,teacher_2link,heavy_3link,ejar_absolute,0,0.2690275968144423,0.10730720107944139,0,0,0,7,0.2536179991186125,0
8_100,8,teacher_2link,heavy_3link,ejar_residual_fallback,0,0.2690275968144424,0.10730720107944136,0,0,0,7,0.1487892108674398,4
8_101,8,short_2link,short_2link,raw_joint,0,0.21567091073280595,0.11529329642062759,0,0,0,0,0.0,0
8_101,8,short_2link,short_2link,normalized_copy,0,0.21567091073280595,0.11529329642062759,0,0,0,0,0.0,0
8_101,8,short_2link,short_2link,link_scaled,0,0.21567091073280595,0.11529329642062759,0,0,0,0,0.0,0
8_101,8,short_2link,short_2link,static_home,0,0.05348004465770352,0.03535459592497444,0,1,1,0,0.042320448354388376,0
8_101,8,short_2link,short_2link,target_ik,0,0.00228304506584701,0.0016531102302145247,1,1,1,0,4.174350117740046e-06,0
8_101,8,short_2link,short_2link,ejar_absolute,0,0.001939757756783824,0.001401273846242823,1,1,1,0,0.0005293209410475777,0
8_101,8,short_2link,short_2link,ejar_residual_fallback,0,0.001939757756783824,0.001401273846242823,1,1,1,0,0.0005293209410475777,0
8_102,8,long_2link,soft_5link,raw_joint,1,0.3368088501314991,0.19083227614111242,0,0,0,0,0.0,0
8_102,8,long_2link,soft_5link,normalized_copy,1,0.4530927396006189,0.2604586321275555,0,0,0,0,0.0,0
8_102,8,long_2link,soft_5link,link_scaled,1,0.4706113512307719,0.26447933791015443,0,0,0,8,0.0,0
8_102,8,long_2link,soft_5link,static_home,1,0.14126232740421876,0.07606677214961277,0,0,1,0,0.14198625928618389,0
8_102,8,long_2link,soft_5link,target_ik,1,0.012239040914072036,0.01377701772334183,1,1,1,3,0.023916394896204403,0
8_102,8,long_2link,soft_5link,ejar_absolute,1,0.007815567362001539,0.0093968804328015,1,1,1,2,0.023323301975630845,0
8_102,8,long_2link,soft_5link,ejar_residual_fallback,1,0.007815567362001539,0.0093968804328015,1,1,1,2,0.023323301975630845,0
8_103,8,wide_2link,asym_3link,raw_joint,0,0.35628487255534136,0.18430830740297527,0,0,0,2,0.0,0
8_103,8,wide_2link,asym_3link,normalized_copy,0,0.33747367568651343,0.17841005084786166,0,0,0,0,0.0,0
8_103,8,wide_2link,asym_3link,link_scaled,0,0.32196127492598725,0.16998637440924902,0,0,0,0,0.0,0
8_103,8,wide_2link,asym_3link,static_home,0,0.24035121286654296,0.13767191569862022,0,0,0,0,0.24443054941828019,0
8_103,8,wide_2link,asym_3link,target_ik,0,0.0044745120498997796,0.0026969583517576622,1,1,1,0,7.5486966311834025e-06,0
8_103,8,wide_2link,asym_3link,ejar_absolute,0,0.0036783616620896715,0.002146838482431526,1,1,1,0,0.001339736721031175,0
8_103,8,wide_2link,asym_3link,ejar_residual_fallback,0,0.0036783616620896715,0.002146838482431526,1,1,1,0,0.001339736721031175,0
8_104,8,asym_3link,large_6link,raw_joint,0,0.37453568702642565,0.20903160332539844,0,0,0,8,0.0,0
8_104,8,asym_3link,large_6link,normalized_copy,0,0.28815870064622534,0.164198839961386,0,0,0,0,0.0,0
8_104,8,asym_3link,large_6link,link_scaled,0,0.263431909884104,0.15020727499206954,0,0,0,0,0.0,0
8_104,8,asym_3link,large_6link,static_home,0,0.14002606051824143,0.07715946183224655,0,0,1,0,0.03518226129877846,0
8_104,8,asym_3link,large_6link,target_ik,0,0.07357607541227358,0.026569319101197003,0,1,1,5,0.06694465592904968,0
8_104,8,asym_3link,large_6link,ejar_absolute,0,0.05905187119944843,0.022217373930334083,0,1,1,4,0.05142390994692389,0
8_104,8,asym_3link,large_6link,ejar_residual_fallback,0,0.05905187119944843,0.022217373930334083,0,1,1,4,0.05142390994692389,0
8_105,8,heavy_3link,long_4link,raw_joint,0,0.2698407970280188,0.15839895868390705,0,0,0,4,0.0,0
8_105,8,heavy_3link,long_4link,normalized_copy,0,0.24567836300439055,0.15340426693457793,0,0,0,0,0.0,0
8_105,8,heavy_3link,long_4link,link_scaled,0,0.2530651577300038,0.15667815742027474,0,0,0,3,0.0,0
8_105,8,heavy_3link,long_4link,static_home,0,0.11591556813297582,0.06309690371439322,0,0,1,0,0.1276444577116609,0
8_105,8,heavy_3link,long_4link,target_ik,0,0.0028449975447488785,0.0014921042878615824,1,1,1,0,2.950668900107082e-06,0
8_105,8,heavy_3link,long_4link,ejar_absolute,0,0.0026841544617999726,0.0013823986041510126,1,1,1,0,0.0006055894407649965,0
8_105,8,heavy_3link,long_4link,ejar_residual_fallback,0,0.0026841544617999726,0.0013823986041510126,1,1,1,0,0.0006055894407649965,0
8_106,8,teacher_2link,wide_2link,raw_joint,0,0.3616594084710341,0.1933767833953939,0,0,0,0,0.0,0
8_106,8,teacher_2link,wide_2link,normalized_copy,0,0.3541380329086549,0.18541532207474842,0,0,0,0,0.0,0
8_106,8,teacher_2link,wide_2link,link_scaled,0,0.38620146501664043,0.20047786725002162,0,0,0,1,0.0,0
8_106,8,teacher_2link,wide_2link,static_home,0,0.292068192781674,0.16124816631827504,0,0,0,0,0.13122820503993599,0
8_106,8,teacher_2link,wide_2link,target_ik,0,0.16641209326250203,0.07968179413402651,0,0,1,8,0.15384596690676203,0
8_106,8,teacher_2link,wide_2link,ejar_absolute,0,0.16454329427032982,0.07907750528832969,0,0,1,8,0.15205431031072958,0
8_106,8,teacher_2link,wide_2link,ejar_residual_fallback,0,0.16454329427032982,0.07907750528832969,0,0,1,8,0.15205431031072958,0
8_107,8,short_2link,snake_6link,raw_joint,0,0.36951270327310287,0.20715097739325,0,0,0,0,0.0,0
8_107,8,short_2link,snake_6link,normalized_copy,0,0.41382142341329897,0.23356187174812057,0,0,0,0,0.0,0
8_107,8,short_2link,snake_6link,link_scaled,0,0.28944825956900344,0.16478150055726942,0,0,0,0,0.0,0
8_107,8,short_2link,snake_6link,static_home,0,0.08098807404088743,0.05203106722986618,0,1,1,0,0.06317414768726058,0
8_107,8,short_2link,snake_6link,target_ik,0,0.0007576678516443234,0.0005402843726638649,1,1,1,0,4.622333228322466e-06,0
8_107,8,short_2link,snake_6link,ejar_absolute,0,0.0009785035384264435,0.0006562727548576223,1,1,1,0,0.0009111639290505213,0
8_107,8,short_2link,snake_6link,ejar_residual_fallback,0,0.0009785035384264435,0.0006562727548576223,1,1,1,0,0.0009111639290505213,0
8_108,8,long_2link,redundant_4link,raw_joint,0,0.18092798311998787,0.10146001453921125,0,0,1,0,0.0,0
8_108,8,long_2link,redundant_4link,normalized_copy,0,0.256746929848441,0.14780975143374742,0,0,0,0,0.0,0
8_108,8,long_2link,redundant_4link,link_scaled,0,0.2596482107838311,0.14824088917705683,0,0,0,8,0.0,0
8_108,8,long_2link,redundant_4link,static_home,0,0.1947252936908406,0.10260044876544948,0,0,1,0,0.18959333691898653,0
8_108,8,long_2link,redundant_4link,target_ik,0,0.0036298582221352274,0.001889600250557864,1,1,1,0,7.009213604000644e-06,0
8_108,8,long_2link,redundant_4link,ejar_absolute,0,0.00302833855833475,0.001486190277550596,1,1,1,0,0.0013923531053181908,0
8_108,8,long_2link,redundant_4link,ejar_residual_fallback,0,0.00302833855833475,0.001486190277550596,1,1,1,0,0.0013923531053181908,0
8_109,8,wide_2link,long_2link,raw_joint,0,0.2784033570644388,0.16297336764543252,0,0,0,3,0.0,0
8_109,8,wide_2link,long_2link,normalized_copy,0,0.4481233036596344,0.25426541266858227,0,0,0,0,0.0,0
8_109,8,wide_2link,long_2link,link_scaled,0,0.32554639533667856,0.18417069325257512,0,0,0,0,0.0,0
8_109,8,wide_2link,long_2link,static_home,0,0.27053003541905707,0.15273112677456258,0,0,0,0,0.19970063724529577,0
8_109,8,wide_2link,long_2link,target_ik,0,0.05716562542592663,0.024797263239389154,0,1,1,8,0.05101511764696734,0
8_109,8,wide_2link,long_2link,ejar_absolute,0,0.057162439505947286,0.024800181640087293,0,1,1,8,0.05099730265575676,0
8_109,8,wide_2link,long_2link,ejar_residual_fallback,0,0.057162439505947286,0.024800181640087293,0,1,1,8,0.05099730265575676,0
8_110,8,asym_3link,needle_5link,raw_joint,0,0.2560191038041853,0.11773932244535151,0,0,0,8,0.0,0
8_110,8,asym_3link,needle_5link,normalized_copy,0,0.24078433743045197,0.11342479236133059,0,0,0,0,0.0,0
8_110,8,asym_3link,needle_5link,link_scaled,0,0.23295029156423905,0.10899809122615524,0,0,0,0,0.0,0
8_110,8,asym_3link,needle_5link,static_home,0,0.1996120033410716,0.09438759607816545,0,0,1,0,0.18096510132238475,0
8_110,8,asym_3link,needle_5link,target_ik,0,0.05022046934515132,0.01571183327851185,0,1,1,3,0.05355889770389605,0
8_110,8,asym_3link,needle_5link,ejar_absolute,0,0.030019249465524117,0.007637603058397484,1,1,1,1,0.03376407519049111,0
8_110,8,asym_3link,needle_5link,ejar_residual_fallback,0,0.030019249465524117,0.007637603058397484,1,1,1,1,0.03376407519049111,0
8_111,8,heavy_3link,heavy_3link,raw_joint,0,0.160707432602146,0.09246026124166815,0,0,1,0,0.0,0
8_111,8,heavy_3link,heavy_3link,normalized_copy,0,0.160707432602146,0.09246026124166815,0,0,1,0,0.0,0
8_111,8,heavy_3link,heavy_3link,link_scaled,0,0.160707432602146,0.09246026124166815,0,0,1,0,0.0,0
8_111,8,heavy_3link,heavy_3link,static_home,0,0.2722800953401038,0.15830546060990894,0,0,0,0,0.09210615076974653,0
8_111,8,heavy_3link,heavy_3link,target_ik,0,0.011571863375294669,0.005685161615214639,1,1,1,0,2.4991904789872804e-05,0
8_111,8,heavy_3link,heavy_3link,ejar_absolute,0,0.012211342344571248,0.006183036852020185,1,1,1,0,0.0033565496132328338,0
8_111,8,heavy_3link,heavy_3link,ejar_residual_fallback,0,0.012211342344571248,0.006183036852020185,1,1,1,0,0.0033565496132328338,0
8_112,8,teacher_2link,short_2link,raw_joint,0,0.2509970030461415,0.13852552763725484,0,0,0,4,0.0,0
8_112,8,teacher_2link,short_2link,normalized_copy,0,0.27584093356869416,0.15345630479389433,0,0,0,0,0.0,0
8_112,8,teacher_2link,short_2link,link_scaled,0,0.2826590472267831,0.15528026165384146,0,0,0,8,0.0,0
8_112,8,teacher_2link,short_2link,static_home,0,0.26407652628792305,0.1418910120411033,0,0,0,0,0.23758014821283419,0
8_112,8,teacher_2link,short_2link,target_ik,0,0.19658596599917355,0.1101912024465426,0,0,1,8,0.20164665251215433,0
8_112,8,teacher_2link,short_2link,ejar_absolute,0,0.19657465988303052,0.11018640015749484,0,0,1,8,0.2016360509254595,0
8_112,8,teacher_2link,short_2link,ejar_residual_fallback,0,0.19657465988303052,0.11018640015749484,0,0,1,8,0.2016360509254595,0
8_113,8,short_2link,soft_5link,raw_joint,0,0.21704065519750332,0.11324787823383647,0,0,0,0,0.0,0
8_113,8,short_2link,soft_5link,normalized_copy,0,0.20327982163466066,0.09951815676989992,0,0,0,0,0.0,0
8_113,8,short_2link,soft_5link,link_scaled,0,0.08564404770930582,0.035216903194217386,0,1,1,0,0.0,0
8_113,8,short_2link,soft_5link,static_home,0,0.11397244224403086,0.06334173305250351,0,0,1,0,0.1625163404921985,0
8_113,8,short_2link,soft_5link,target_ik,0,0.0031910946244835077,0.0017795306737765563,1,1,1,0,3.3138363397689748e-06,0
8_113,8,short_2link,soft_5link,ejar_absolute,0,0.0036544566002345647,0.0020094055382275993,1,1,1,0,0.0005724169949338804,0
8_113,8,short_2link,soft_5link,ejar_residual_fallback,0,0.0036544566002345647,0.0020094055382275993,1,1,1,0,0.0005724169949338804,0
8_114,8,long_2link,asym_3link,raw_joint,0,0.024000970506753042,0.019434964743271783,1,1,1,0,0.0,0
8_114,8,long_2link,asym_3link,normalized_copy,0,0.14646332428331088,0.09319721994056294,0,0,1,0,0.0,0
8_114,8,long_2link,asym_3link,link_scaled,0,0.14646332428331088,0.09319721994056294,0,0,1,8,0.0,0
8_114,8,long_2link,asym_3link,static_home,0,0.1875621064225328,0.09300401862380722,0,0,1,0,0.16582346682684795,0
8_114,8,long_2link,asym_3link,target_ik,0,0.005996768972199723,0.0031332135665841122,1,1,1,0,1.61174033490345e-05,0
8_114,8,long_2link,asym_3link,ejar_absolute,0,0.003197039682188646,0.0015113386017692905,1,1,1,0,0.0031493510554876283,0
8_114,8,long_2link,asym_3link,ejar_residual_fallback,0,0.003197039682188646,0.0015113386017692905,1,1,1,0,0.0031493510554876283,0
8_115,8,wide_2link,large_6link,raw_joint,0,0.3780699048235126,0.20067775884371145,0,0,0,8,0.0,0
8_115,8,wide_2link,large_6link,normalized_copy,0,0.36995416693105687,0.19969769395867415,0,0,0,0,0.0,0
8_115,8,wide_2link,large_6link,link_scaled,0,0.29260847810078505,0.15310421491762757,0,0,0,0,0.0,0
8_115,8,wide_2link,large_6link,static_home,0,0.18420483279986571,0.08458415371316874,0,0,1,0,0.12698144953268675,0
8_115,8,wide_2link,large_6link,target_ik,0,0.0028297741088646267,0.0010941434057641836,1,1,1,0,1.4569699707509154e-06,0
8_115,8,wide_2link,large_6link,ejar_absolute,0,0.0033216121491212907,0.001303484897821579,1,1,1,0,0.0005514465974191115,0
8_115,8,wide_2link,large_6link,ejar_residual_fallback,0,0.0033216121491212907,0.001303484897821579,1,1,1,0,0.0005514465974191115,0
8_116,8,asym_3link,long_4link,raw_joint,0,0.017395357841746024,0.009770225157233968,1,1,1,0,0.0,0
8_116,8,asym_3link,long_4link,normalized_copy,0,0.013013112504995207,0.0073168955508198415,1,1,1,0,0.0,0
8_116,8,asym_3link,long_4link,link_scaled,0,0.012609916073944327,0.007104639173034099,1,1,1,0,0.0,0
8_116,8,asym_3link,long_4link,static_home,0,0.010874082313252015,0.006091603257926797,1,1,1,0,0.0029758338402771506,0
8_116,8,asym_3link,long_4link,target_ik,0,6.55989056110532e-05,3.664821595782728e-05,1,1,1,0,9.281631960391081e-07,0
8_116,8,asym_3link,long_4link,ejar_absolute,0,0.000192226969884659,0.00010703890210730363,1,1,1,0,0.0001495873841479481,0
8_116,8,asym_3link,long_4link,ejar_residual_fallback,0,0.000192226969884659,0.00010703890210730363,1,1,1,0,0.0001495873841479481,0
8_117,8,heavy_3link,wide_2link,raw_joint,0,0.030437370429213212,0.01709936659194187,1,1,1,0,0.0,0
8_117,8,heavy_3link,wide_2link,normalized_copy,0,0.03536606619661358,0.01987947539082241,1,1,1,0,0.0,0
8_117,8,heavy_3link,wide_2link,link_scaled,0,0.04917728356332472,0.027653474991120464,1,1,1,0,0.0,0
8_117,8,heavy_3link,wide_2link,static_home,0,0.030955457519201892,0.017381800821777444,1,1,1,0,0.017749743146988108,0
8_117,8,heavy_3link,wide_2link,target_ik,0,0.02893586114176753,0.015662484569478108,1,1,1,8,0.01668579665344031,0
8_117,8,heavy_3link,wide_2link,ejar_absolute,0,0.02696202565405463,0.014670679009555597,1,1,1,0,0.026455004659455602,0
8_117,8,heavy_3link,wide_2link,ejar_residual_fallback,0,0.02696202565405463,0.014670679009555597,1,1,1,0,0.026455004659455602,0
8_118,8,teacher_2link,snake_6link,raw_joint,0,0.2647183213905985,0.13659428470911636,0,0,0,1,0.0,0
8_118,8,teacher_2link,snake_6link,normalized_copy,0,0.26363291633286995,0.13628938884809216,0,0,0,0,0.0,0
8_118,8,teacher_2link,snake_6link,link_scaled,0,0.27924784370316663,0.14411164620902156,0,0,0,1,0.0,0
8_118,8,teacher_2link,snake_6link,static_home,0,0.16651006133433854,0.09183001938382226,0,0,1,0,0.11525974871019709,0
8_118,8,teacher_2link,snake_6link,target_ik,0,0.06279817282283782,0.028601590805451136,0,1,1,8,0.059659519927990706,0
8_118,8,teacher_2link,snake_6link,ejar_absolute,0,0.06167295385702609,0.027130573584000475,0,1,1,8,0.05790826195864851,0
8_118,8,teacher_2link,snake_6link,ejar_residual_fallback,0,0.06167295385702609,0.027130573584000475,0,1,1,8,0.05790826195864851,0
8_119,8,short_2link,redundant_4link,raw_joint,1,0.1300851544682217,0.0747654888129049,0,0,1,0,0.0,0
8_119,8,short_2link,redundant_4link,normalized_copy,1,0.20349228690557905,0.13586663983989952,0,0,0,0,0.0,0
8_119,8,short_2link,redundant_4link,link_scaled,1,0.20385656888917636,0.12618885989619072,0,0,0,0,0.0,0
8_119,8,short_2link,redundant_4link,static_home,1,0.15579278120827783,0.08570132697929683,0,0,1,0,0.1648117623713532,0
8_119,8,short_2link,redundant_4link,target_ik,1,0.06363626348950452,0.05347757536411201,0,1,1,6,0.07251693614932066,0
8_119,8,short_2link,redundant_4link,ejar_absolute,1,0.03411766584522879,0.031780671123701934,1,1,1,3,0.04897711773914241,0
8_119,8,short_2link,redundant_4link,ejar_residual_fallback,1,0.03411766584522879,0.031780671123701934,1,1,1,3,0.04897711773914241,0
8_120,8,long_2link,long_2link,raw_joint,0,0.32520377395715067,0.18212543295928907,0,0,0,0,0.0,0
8_120,8,long_2link,long_2link,normalized_copy,0,0.32520377395715067,0.18212543295928907,0,0,0,0,0.0,0
8_120,8,long_2link,long_2link,link_scaled,0,0.32520377395715067,0.18212543295928907,0,0,0,0,0.0,0
8_120,8,long_2link,long_2link,static_home,0,0.49814784427280756,0.2756651136292958,0,0,0,0,0.2806209275274376,0
8_120,8,long_2link,long_2link,target_ik,0,0.268147013897295,0.1552375032391175,0,0,0,8,0.27451064421342664,0
8_120,8,long_2link,long_2link,ejar_absolute,0,0.2673024560362386,0.15468010925046588,0,0,0,8,0.27367961944078706,0
8_120,8,long_2link,long_2link,ejar_residual_fallback,0,0.2673024560362386,0.15468010925046588,0,0,0,8,0.2267445946125734,3
8_121,8,wide_2link,needle_5link,raw_joint,0,0.2910802784862049,0.14592262455222973,0,0,0,8,0.0,0
8_121,8,wide_2link,needle_5link,normalized_copy,0,0.1998066332264384,0.09751902725929947,0,0,1,0,0.0,0
8_121,8,wide_2link,needle_5link,link_scaled,0,0.1961421475796828,0.0933543943022404,0,0,1,0,0.0,0
8_121,8,wide_2link,needle_5link,static_home,0,0.05748711538638313,0.026253543073631487,0,1,1,0,0.056966819568148974,0
8_121,8,wide_2link,needle_5link,target_ik,0,0.0030947756118905904,0.0010720314861794996,1,1,1,0,6.619887824159841e-06,0
8_121,8,wide_2link,needle_5link,ejar_absolute,0,0.004226239776534271,0.0015183793786493962,1,1,1,0,0.0010232187089638635,0
8_121,8,wide_2link,needle_5link,ejar_residual_fallback,0,0.004226239776534271,0.0015183793786493962,1,1,1,0,0.0010232187089638635,0
8_122,8,asym_3link,heavy_3link,raw_joint,0,0.08405898496773911,0.04871916156297438,0,1,1,0,0.0,0
8_122,8,asym_3link,heavy_3link,normalized_copy,0,0.024877977033446054,0.009398538756268447,1,1,1,0,0.0,0
8_122,8,asym_3link,heavy_3link,link_scaled,0,0.03222399531475682,0.01550150443859057,1,1,1,0,0.0,0
8_122,8,asym_3link,heavy_3link,static_home,0,0.14388623505978315,0.06629344031393938,0,0,1,0,0.09057697455464431,0
8_122,8,asym_3link,heavy_3link,target_ik,0,0.002520879805816161,0.0010501182391134147,1,1,1,0,6.7543227428056e-06,0
8_122,8,asym_3link,heavy_3link,ejar_absolute,0,0.0005571250149917603,0.00020462113389976795,1,1,1,0,0.0020754730740925177,0
8_122,8,asym_3link,heavy_3link,ejar_residual_fallback,0,0.0005571250149917603,0.00020462113389976795,1,1,1,0,0.0020754730740925177,0
8_123,8,heavy_3link,short_2link,raw_joint,0,0.27673600498095674,0.1591545123014447,0,0,0,0,0.0,0
8_123,8,heavy_3link,short_2link,normalized_copy,0,0.33070370090733936,0.19502203877178637,0,0,0,0,0.0,0
8_123,8,heavy_3link,short_2link,link_scaled,0,0.4297824832402805,0.2460693819153646,0,0,0,7,0.0,0
8_123,8,heavy_3link,short_2link,static_home,0,0.17720500737700876,0.09898157987382147,0,0,1,0,0.1795262588922724,0
8_123,8,heavy_3link,short_2link,target_ik,0,0.04767041821417936,0.018547545230369576,1,1,1,7,0.04367626362487964,0
8_123,8,heavy_3link,short_2link,ejar_absolute,0,0.04662422658657993,0.018353880232443283,1,1,1,7,0.04252152598307648,0
8_123,8,heavy_3link,short_2link,ejar_residual_fallback,0,0.04662422658657993,0.018353880232443283,1,1,1,7,0.04252152598307648,0
8_124,8,teacher_2link,soft_5link,raw_joint,0,0.5406176786699397,0.31570750381912666,0,0,0,0,0.0,0
8_124,8,teacher_2link,soft_5link,normalized_copy,0,0.5425542329226909,0.31822001248198284,0,0,0,0,0.0,0
8_124,8,teacher_2link,soft_5link,link_scaled,0,0.5621969740257259,0.3304220015700656,0,0,0,0,0.0,0
8_124,8,teacher_2link,soft_5link,static_home,0,0.21634509676500552,0.12116880191019287,0,0,0,0,0.27202872311032805,0
8_124,8,teacher_2link,soft_5link,target_ik,0,0.007197238084992307,0.003983816692803052,1,1,1,0,2.0350936655977037e-06,0
8_124,8,teacher_2link,soft_5link,ejar_absolute,0,0.0070943484362189085,0.0038451060685094052,1,1,1,0,0.0003466957241208751,0
8_124,8,teacher_2link,soft_5link,ejar_residual_fallback,0,0.0070943484362189085,0.0038451060685094052,1,1,1,0,0.0003466957241208751,0
8_125,8,short_2link,asym_3link,raw_joint,0,0.5534198513442953,0.28769064428794855,0,0,0,0,0.0,0
8_125,8,short_2link,asym_3link,normalized_copy,0,0.6021657877623944,0.320124019092888,0,0,0,0,0.0,0
8_125,8,short_2link,asym_3link,link_scaled,0,0.4695520332844718,0.24546725659553562,0,0,0,0,0.0,0
8_125,8,short_2link,asym_3link,static_home,0,0.16401987505117854,0.07994830508337936,0,0,1,0,0.18759114843247338,0
8_125,8,short_2link,asym_3link,target_ik,0,0.00360398826932307,0.001487935899857789,1,1,1,0,4.449813328128413e-06,0
8_125,8,short_2link,asym_3link,ejar_absolute,0,0.003495253676926302,0.0013988686132133808,1,1,1,0,0.0007044319541802589,0
8_125,8,short_2link,asym_3link,ejar_residual_fallback,0,0.003495253676926302,0.0013988686132133808,1,1,1,0,0.0007044319541802589,0
8_126,8,long_2link,large_6link,raw_joint,0,0.21879174828985848,0.12049370377623692,0,0,0,0,0.0,0
8_126,8,long_2link,large_6link,normalized_copy,0,0.1889390610176954,0.1033255645961205,0,0,1,0,0.0,0
8_126,8,long_2link,large_6link,link_scaled,0,0.1892167719177288,0.10344902327719584,0,0,1,0,0.0,0
8_126,8,long_2link,large_6link,static_home,0,0.24657370222527733,0.13852825191601825,0,0,0,0,0.15025772409181834,0
8_126,8,long_2link,large_6link,target_ik,0,0.0015684997445274327,0.0008838895432119366,1,1,1,0,4.5059892295120527e-07,0
8_126,8,long_2link,large_6link,ejar_absolute,0,0.0017605319255616495,0.0009768169834546694,1,1,1,0,0.00022425794256891325,0
8_126,8,long_2link,large_6link,ejar_residual_fallback,0,0.0017605319255616495,0.0009768169834546694,1,1,1,0,0.00022425794256891325,0
8_127,8,wide_2link,long_4link,raw_joint,0,1.0236536712845388,0.5583439872515823,0,0,0,8,0.0,0
8_127,8,wide_2link,long_4link,normalized_copy,0,1.132150288036065,0.6206961984950787,0,0,0,0,0.0,0
8_127,8,wide_2link,long_4link,link_scaled,0,0.8588636397748994,0.4724394604151789,0,0,0,0,0.0,0
8_127,8,wide_2link,long_4link,static_home,0,0.3908925892532632,0.219406501517999,0,0,0,0,0.2759207845479137,0
8_127,8,wide_2link,long_4link,target_ik,0,0.06075795158599686,0.0387103400497067,0,1,1,7,0.06733137127201921,0
8_127,8,wide_2link,long_4link,ejar_absolute,0,0.02749642488270744,0.019724130427864497,1,1,1,6,0.035862653833175676,0
8_127,8,wide_2link,long_4link,ejar_residual_fallback,0,0.02749642488270744,0.019724130427864497,1,1,1,6,0.035862653833175676,0
8_128,8,asym_3link,wide_2link,raw_joint,0,0.22694024754718423,0.13038367701054104,0,0,0,0,0.0,0
8_128,8,asym_3link,wide_2link,normalized_copy,0,0.2888830384564483,0.16032071486350336,0,0,0,0,0.0,0
8_128,8,asym_3link,wide_2link,link_scaled,0,0.2896793290177084,0.1609463313360109,0,0,0,8,0.0,0
8_128,8,asym_3link,wide_2link,static_home,0,0.1149975701193363,0.08112479447668282,0,0,1,0,0.04162423165113209,0
8_128,8,asym_3link,wide_2link,target_ik,0,0.03868967637893044,0.020766083484946178,1,1,1,8,0.02617464477859149,0
8_128,8,asym_3link,wide_2link,ejar_absolute,0,0.036807449154245546,0.020099402088450836,1,1,1,5,0.028954294700392433,0
8_128,8,asym_3link,wide_2link,ejar_residual_fallback,0,0.036807449154245546,0.020099402088450836,1,1,1,5,0.028954294700392433,0
8_129,8,heavy_3link,snake_6link,raw_joint,0,0.48614441224129723,0.26885042411760085,0,0,0,8,0.0,0
8_129,8,heavy_3link,snake_6link,normalized_copy,0,0.44176129181336,0.2412762580346779,0,0,0,0,0.0,0
8_129,8,heavy_3link,snake_6link,link_scaled,0,0.44176129181336005,0.2412762580346779,0,0,0,8,0.0,0
8_129,8,heavy_3link,snake_6link,static_home,0,0.17468307397085395,0.08373594845782792,0,0,1,0,0.05861992238407206,0
8_129,8,heavy_3link,snake_6link,target_ik,0,0.00099070827856401,0.00042257750713523977,1,1,1,0,5.017850308008084e-06,0
8_129,8,heavy_3link,snake_6link,ejar_absolute,0,0.0011064454129582218,0.0004894158979419153,1,1,1,0,0.0010677655212725438,0
8_129,8,heavy_3link,snake_6link,ejar_residual_fallback,0,0.0011064454129582218,0.0004894158979419153,1,1,1,0,0.0010677655212725438,0
8_130,8,teacher_2link,redundant_4link,raw_joint,0,0.2006994575625401,0.1096255602830984,0,0,0,0,0.0,0
8_130,8,teacher_2link,redundant_4link,normalized_copy,0,0.20352986287479174,0.11100865880517405,0,0,0,0,0.0,0
8_130,8,teacher_2link,redundant_4link,link_scaled,0,0.20352986287479174,0.11100865880517405,0,0,0,0,0.0,0
8_130,8,teacher_2link,redundant_4link,static_home,0,0.11466313775675516,0.06439550686883067,0,0,1,0,0.0178660736547726,0
8_130,8,teacher_2link,redundant_4link,target_ik,0,0.0006871263532574523,0.0003788397234659213,1,1,1,0,1.792805994092988e-06,0
8_130,8,teacher_2link,redundant_4link,ejar_absolute,0,0.0008110193983021852,0.00044427877966478,1,1,1,0,0.0003645459465863025,0
8_130,8,teacher_2link,redundant_4link,ejar_residual_fallback,0,0.0008110193983021852,0.00044427877966478,1,1,1,0,0.0003645459465863025,0
8_131,8,short_2link,long_2link,raw_joint,0,0.33103878030819506,0.18164423375420682,0,0,0,8,0.0,0
8_131,8,short_2link,long_2link,normalized_copy,0,0.3303813063742651,0.18033100167012556,0,0,0,0,0.0,0
8_131,8,short_2link,long_2link,link_scaled,0,0.1821544231774329,0.09887290264467077,0,0,1,0,0.0,0
8_131,8,short_2link,long_2link,static_home,0,0.12798966839916487,0.06675536681759159,0,0,1,0,0.17546571872530686,0
8_131,8,short_2link,long_2link,target_ik,0,0.002616136157969161,0.0012661385872204615,1,1,1,0,8.958162078649475e-07,0
8_131,8,short_2link,long_2link,ejar_absolute,0,0.0025924523011299585,0.0012418163730080754,1,1,1,0,0.0002702387805585631,0
8_131,8,short_2link,long_2link,ejar_residual_fallback,0,0.0025924523011299585,0.0012418163730080754,1,1,1,0,0.0002702387805585631,0
8_132,8,long_2link,needle_5link,raw_joint,0,0.0651270205783816,0.03694864306393235,0,1,1,0,0.0,0
8_132,8,long_2link,needle_5link,normalized_copy,0,0.08208805969610383,0.04640799670975966,0,1,1,0,0.0,0
8_132,8,long_2link,needle_5link,link_scaled,0,0.07437178648846761,0.042212652481779876,0,1,1,0,0.0,0
8_132,8,long_2link,needle_5link,static_home,0,0.10303937600798677,0.05834571547514195,0,0,1,0,0.08321266945797977,0
8_132,8,long_2link,needle_5link,target_ik,0,0.0007984522629564997,0.00044254706986043303,1,1,1,0,1.42429974609713e-06,0
8_132,8,long_2link,needle_5link,ejar_absolute,0,0.0006861019716498004,0.00037368848452436237,1,1,1,0,0.0005549853221826748,0
8_132,8,long_2link,needle_5link,ejar_residual_fallback,0,0.0006861019716498004,0.00037368848452436237,1,1,1,0,0.0005549853221826748,0
8_133,8,wide_2link,heavy_3link,raw_joint,0,0.5539451655946015,0.28587633307683796,0,0,0,8,0.0,0
8_133,8,wide_2link,heavy_3link,normalized_copy,0,0.543980037710206,0.26948555306293814,0,0,0,0,0.0,0
8_133,8,wide_2link,heavy_3link,link_scaled,0,0.4377206772316547,0.2143203737920541,0,0,0,0,0.0,0
8_133,8,wide_2link,heavy_3link,static_home,0,0.1772007572561827,0.08906142190829208,0,0,1,0,0.1859571693206944,0
8_133,8,wide_2link,heavy_3link,target_ik,0,0.00455048963508383,0.0021005340128950373,1,1,1,0,9.2011149287673e-06,0
8_133,8,wide_2link,heavy_3link,ejar_absolute,0,0.002031593061426528,0.0008014659194573453,1,1,1,0,0.0025911840891463204,0
8_133,8,wide_2link,heavy_3link,ejar_residual_fallback,0,0.002031593061426528,0.0008014659194573453,1,1,1,0,0.0025911840891463204,0
8_134,8,asym_3link,short_2link,raw_joint,0,0.35260689257998135,0.20627296634944803,0,0,0,0,0.0,0
8_134,8,asym_3link,short_2link,normalized_copy,0,0.3677495134628612,0.218862809342466,0,0,0,0,0.0,0
8_134,8,asym_3link,short_2link,link_scaled,0,0.436839143938378,0.26446006558481694,0,0,0,0,0.0,0
8_134,8,asym_3link,short_2link,static_home,0,0.06186104991585008,0.03549477813710975,0,1,1,0,0.13920362442528753,0
8_134,8,asym_3link,short_2link,target_ik,0,0.0034991941599442243,0.0019197048227037482,1,1,1,0,4.046548780465801e-06,0
8_134,8,asym_3link,short_2link,ejar_absolute,0,0.0041188055050100135,0.002100639946996039,1,1,1,0,0.0008256170017237567,0
8_134,8,asym_3link,short_2link,ejar_residual_fallback,0,0.0041188055050100135,0.002100639946996039,1,1,1,0,0.0008256170017237567,0
8_135,8,heavy_3link,soft_5link,raw_joint,0,0.23840091369815525,0.12194886292457202,0,0,0,8,0.0,0
8_135,8,heavy_3link,soft_5link,normalized_copy,0,0.08014192167381684,0.0332791198366077,0,1,1,0,0.0,0
8_135,8,heavy_3link,soft_5link,link_scaled,0,0.08014192167381684,0.0332791198366077,0,1,1,8,0.0,0
8_135,8,heavy_3link,soft_5link,static_home,0,0.2150552264959807,0.10610257911848,0,0,0,0,0.07153101425488828,0
8_135,8,heavy_3link,soft_5link,target_ik,0,0.001216340519723973,0.0005304150576459733,1,1,1,0,6.101854367262935e-07,0
8_135,8,heavy_3link,soft_5link,ejar_absolute,0,0.0011862246209042814,0.000511862824438057,1,1,1,0,0.00010902137252807718,0
8_135,8,heavy_3link,soft_5link,ejar_residual_fallback,0,0.0011862246209042814,0.000511862824438057,1,1,1,0,0.00010902137252807718,0
8_136,8,teacher_2link,asym_3link,raw_joint,1,0.05095958151919895,0.03370092749465243,0,1,1,0,0.0,0
8_136,8,teacher_2link,asym_3link,normalized_copy,1,0.04911018655559443,0.03508223481818856,1,1,1,0,0.0,0
8_136,8,teacher_2link,asym_3link,link_scaled,1,0.04911018655559443,0.03508223481818856,1,1,1,8,0.0,0
8_136,8,teacher_2link,asym_3link,static_home,1,0.04875317265542533,0.028238593078464734,1,1,1,0,0.04565726872394605,0
8_136,8,teacher_2link,asym_3link,target_ik,1,0.062084012000902807,0.03650279411061027,0,1,1,8,0.04907835394070562,0
8_136,8,teacher_2link,asym_3link,ejar_absolute,1,0.048467599313391174,0.028037151388847922,1,1,1,0,0.04808898843205567,0
8_136,8,teacher_2link,asym_3link,ejar_residual_fallback,1,0.048467599313391174,0.028037151388847922,1,1,1,0,0.04808898843205567,0
8_137,8,short_2link,large_6link,raw_joint,0,0.26077697399975697,0.15125527959476695,0,0,0,8,0.0,0
8_137,8,short_2link,large_6link,normalized_copy,0,0.3423810081633562,0.19501696824900094,0,0,0,0,0.0,0
8_137,8,short_2link,large_6link,link_scaled,0,0.19947153044399218,0.11603921217834107,0,0,1,0,0.0,0
8_137,8,short_2link,large_6link,static_home,0,0.15557016426856665,0.09385113610388189,0,0,1,0,0.11801346136059089,0
8_137,8,short_2link,large_6link,target_ik,0,0.0024414256912048005,0.0015294215418027494,1,1,1,0,6.513125420128702e-06,0
8_137,8,short_2link,large_6link,ejar_absolute,0,0.003650263036434325,0.0022071579396378614,1,1,1,0,0.001546113096910582,0
8_137,8,short_2link,large_6link,ejar_residual_fallback,0,0.003650263036434325,0.0022071579396378614,1,1,1,0,0.001546113096910582,0
8_138,8,long_2link,long_4link,raw_joint,0,0.16146180376544356,0.08922792377967509,0,0,1,0,0.0,0
8_138,8,long_2link,long_4link,normalized_copy,0,0.1739545375155638,0.0961420868207791,0,0,1,0,0.0,0
8_138,8,long_2link,long_4link,link_scaled,0,0.17770863472252882,0.0981623342361058,0,0,1,0,0.0,0
8_138,8,long_2link,long_4link,static_home,0,0.09092278768852873,0.050866112401200425,0,1,1,0,0.09620534429333026,0
8_138,8,long_2link,long_4link,target_ik,0,0.0016720624739036568,0.0008698837198714375,1,1,1,0,1.24554232278585e-05,0
8_138,8,long_2link,long_4link,ejar_absolute,0,0.004533662416168,0.002360463111401895,1,1,1,0,0.0031339757506272593,0
8_138,8,long_2link,long_4link,ejar_residual_fallback,0,0.004533662416168,0.002360463111401895,1,1,1,0,0.0031339757506272593,0
8_139,8,wide_2link,wide_2link,raw_joint,0,0.4920060760576673,0.2707809070745897,0,0,0,0,0.0,0
8_139,8,wide_2link,wide_2link,normalized_copy,0,0.4920060760576673,0.2707809070745897,0,0,0,0,0.0,0
8_139,8,wide_2link,wide_2link,link_scaled,0,0.4920060760576673,0.2707809070745897,0,0,0,0,0.0,0
8_139,8,wide_2link,wide_2link,static_home,0,0.4582143239118971,0.25581616100628457,0,0,0,0,0.13284309879524256,0
8_139,8,wide_2link,wide_2link,target_ik,0,0.22617001269098577,0.11175257216294551,0,0,0,8,0.21460619173818096,0
8_139,8,wide_2link,wide_2link,ejar_absolute,0,0.2249425939083016,0.1113526816337539,0,0,0,8,0.21324161771338548,0
8_139,8,wide_2link,wide_2link,ejar_residual_fallback,0,0.2249425939083016,0.1113526816337539,0,0,0,8,0.21324161771338548,0
8_140,8,asym_3link,snake_6link,raw_joint,0,0.30804816671830987,0.19622820694087303,0,0,0,8,0.0,0
8_140,8,asym_3link,snake_6link,normalized_copy,0,0.2838708473569182,0.17805935020904884,0,0,0,0,0.0,0
8_140,8,asym_3link,snake_6link,link_scaled,0,0.2838708473569182,0.17805935020904884,0,0,0,8,0.0,0
8_140,8,asym_3link,snake_6link,static_home,0,0.13003073172222035,0.08636505474444164,0,0,1,0,0.10523992417199571,0
8_140,8,asym_3link,snake_6link,target_ik,0,0.0009901114707571953,0.0007718494231178595,1,1,1,0,1.5676978735868194e-06,0
8_140,8,asym_3link,snake_6link,ejar_absolute,0,0.0012503528246631376,0.0009156219705138476,1,1,1,0,0.00036294202919609264,0
8_140,8,asym_3link,snake_6link,ejar_residual_fallback,0,0.0012503528246631376,0.0009156219705138476,1,1,1,0,0.00036294202919609264,0
8_141,8,heavy_3link,redundant_4link,raw_joint,0,0.22313825671504886,0.13511150999546048,0,0,0,8,0.0,0
8_141,8,heavy_3link,redundant_4link,normalized_copy,0,0.13895577491700822,0.07947995547293445,0,0,1,0,0.0,0
8_141,8,heavy_3link,redundant_4link,link_scaled,0,0.15245618996750407,0.08908593289954228,0,0,1,7,0.0,0
8_141,8,heavy_3link,redundant_4link,static_home,0,0.06597524589046917,0.042348634473206546,0,1,1,0,0.03224841323602726,0
8_141,8,heavy_3link,redundant_4link,target_ik,0,0.0015467578853593192,0.0010705565836460604,1,1,1,0,1.1966829156789813e-06,0
8_141,8,heavy_3link,redundant_4link,ejar_absolute,0,0.0014165219720100397,0.0009819143005999234,1,1,1,0,0.00023109249210762176,0
8_141,8,heavy_3link,redundant_4link,ejar_residual_fallback,0,0.0014165219720100397,0.0009819143005999234,1,1,1,0,0.00023109249210762176,0
8_142,8,teacher_2link,long_2link,raw_joint,0,0.1697492711237073,0.09456899779555197,0,0,1,2,0.0,0
8_142,8,teacher_2link,long_2link,normalized_copy,0,0.13629727054778137,0.07834134077625607,0,0,1,0,0.0,0
8_142,8,teacher_2link,long_2link,link_scaled,0,0.15799545262426343,0.09039240688809919,0,0,1,0,0.0,0
8_142,8,teacher_2link,long_2link,static_home,0,0.18997823091883556,0.10952073972277461,0,0,1,0,0.15969913487302448,0
8_142,8,teacher_2link,long_2link,target_ik,0,0.1397391234123297,0.09261082125931358,0,0,1,8,0.14405410728991008,0
8_142,8,teacher_2link,long_2link,ejar_absolute,0,0.13208296343687695,0.08787506789068629,0,0,1,8,0.13662744433273782,0
8_142,8,teacher_2link,long_2link,ejar_residual_fallback,0,0.13208296343687695,0.08787506789068629,0,0,1,8,0.13662744433273782,0
8_143,8,short_2link,needle_5link,raw_joint,0,0.10886947659524619,0.05725111282512602,0,0,1,8,0.0,0
8_143,8,short_2link,needle_5link,normalized_copy,0,0.13528187351468957,0.08032355521806327,0,0,1,0,0.0,0
8_143,8,short_2link,needle_5link,link_scaled,0,0.027241381161527252,0.020745331351844348,1,1,1,0,0.0,0
8_143,8,short_2link,needle_5link,static_home,0,0.16873084998727422,0.08538430461690262,0,0,1,0,0.09170599308023514,0
8_143,8,short_2link,needle_5link,target_ik,0,0.0010938928208503694,0.0005092608406972382,1,1,1,0,1.9914965911551078e-06,0
8_143,8,short_2link,needle_5link,ejar_absolute,0,0.0009988360381717437,0.00045787145228773,1,1,1,0,0.0004428515916461396,0
8_143,8,short_2link,needle_5link,ejar_residual_fallback,0,0.0009988360381717437,0.00045787145228773,1,1,1,0,0.0004428515916461396,0
8_144,8,long_2link,heavy_3link,raw_joint,0,0.3442822317225278,0.17752335060289984,0,0,0,0,0.0,0
8_144,8,long_2link,heavy_3link,normalized_copy,0,0.38991174074522633,0.22154770692274467,0,0,0,0,0.0,0
8_144,8,long_2link,heavy_3link,link_scaled,0,0.390552365798727,0.2217071869571549,0,0,0,7,0.0,0
8_144,8,long_2link,heavy_3link,static_home,0,0.19015049754471214,0.08977532838047764,0,0,1,0,0.18158510591056434,0
8_144,8,long_2link,heavy_3link,target_ik,0,0.0038831399841400788,0.001227022944557411,1,1,1,1,0.002681102025697323,0
8_144,8,long_2link,heavy_3link,ejar_absolute,0,0.0073375085194662005,0.0021053248009676546,1,1,1,1,0.0063891229091848955,0
8_144,8,long_2link,heavy_3link,ejar_residual_fallback,0,0.0073375085194662005,0.0021053248009676546,1,1,1,1,0.0063891229091848955,0
8_145,8,wide_2link,short_2link,raw_joint,0,0.2399223277710214,0.13490123241160554,0,0,0,0,0.0,0
8_145,8,wide_2link,short_2link,normalized_copy,0,0.38083805158011663,0.20888155472785294,0,0,0,0,0.0,0
8_145,8,wide_2link,short_2link,link_scaled,0,0.4886190771283497,0.26785774554584696,0,0,0,0,0.0,0
8_145,8,wide_2link,short_2link,static_home,0,0.29759356565508116,0.1633518117490233,0,0,0,0,0.05406405869269375,0
8_145,8,wide_2link,short_2link,target_ik,0,0.2304356927467767,0.1272142635883952,0,0,0,8,0.22550569810876883,0
8_145,8,wide_2link,short_2link,ejar_absolute,0,0.22308066908177862,0.12348890016162216,0,0,0,5,0.22073615025533183,0
8_145,8,wide_2link,short_2link,ejar_residual_fallback,0,0.22308066908177862,0.12348890016162216,0,0,0,5,0.22073615025533183,0
8_146,8,asym_3link,soft_5link,raw_joint,0,0.27861264903576166,0.15569987035993185,0,0,0,0,0.0,0
8_146,8,asym_3link,soft_5link,normalized_copy,0,0.24911262936280382,0.14024462535620785,0,0,0,0,0.0,0
8_146,8,asym_3link,soft_5link,link_scaled,0,0.2533764664445431,0.14265244938813926,0,0,0,0,0.0,0
8_146,8,asym_3link,soft_5link,static_home,0,0.10104889230494986,0.056533800378528794,0,0,1,0,0.07801681219666924,0
8_146,8,asym_3link,soft_5link,target_ik,0,0.0026445416357677586,0.0014889186700766713,1,1,1,0,3.1730826899652355e-06,0
8_146,8,asym_3link,soft_5link,ejar_absolute,0,0.0030338586075469034,0.0016925426093173435,1,1,1,0,0.0006663148147739799,0
8_146,8,asym_3link,soft_5link,ejar_residual_fallback,0,0.0030338586075469034,0.0016925426093173435,1,1,1,0,0.0006663148147739799,0
8_147,8,heavy_3link,asym_3link,raw_joint,0,0.15188933008749403,0.09064938685250176,0,0,1,0,0.0,0
8_147,8,heavy_3link,asym_3link,normalized_copy,0,0.14092090112834443,0.08541800963889461,0,0,1,0,0.0,0
8_147,8,heavy_3link,asym_3link,link_scaled,0,0.11261460025910867,0.07453091669323055,0,0,1,0,0.0,0
8_147,8,heavy_3link,asym_3link,static_home,0,0.18613826187804064,0.10523158330134177,0,0,1,0,0.1448809869380863,0
8_147,8,heavy_3link,asym_3link,target_ik,0,0.01516977620032036,0.01754414282605427,1,1,1,3,0.029193466110588064,0
8_147,8,heavy_3link,asym_3link,ejar_absolute,0,0.03463637400050152,0.031010042804343423,1,1,1,5,0.04583810301990686,0
8_147,8,heavy_3link,asym_3link,ejar_residual_fallback,0,0.03463637400050152,0.031010042804343423,1,1,1,5,0.04583810301990686,0
8_148,8,teacher_2link,large_6link,raw_joint,0,0.30681916205407295,0.17235927169123183,0,0,0,0,0.0,0
8_148,8,teacher_2link,large_6link,normalized_copy,0,0.25432379739092914,0.14514585875778496,0,0,0,0,0.0,0
8_148,8,teacher_2link,large_6link,link_scaled,0,0.2518020233011623,0.1436162176681507,0,0,0,0,0.0,0
8_148,8,teacher_2link,large_6link,static_home,0,0.24133256902829794,0.13647981385104746,0,0,0,0,0.22909913003513252,0
8_148,8,teacher_2link,large_6link,target_ik,0,0.006292256640613965,0.00402048550044066,1,1,1,0,1.0694574855284102e-05,0
8_148,8,teacher_2link,large_6link,ejar_absolute,0,0.0035567938327857544,0.002355310309557283,1,1,1,0,0.0026774906536351966,0
8_148,8,teacher_2link,large_6link,ejar_residual_fallback,0,0.0035567938327857544,0.002355310309557283,1,1,1,0,0.0026774906536351966,0
8_149,8,short_2link,long_4link,raw_joint,0,0.13678312230971618,0.09337910148115175,0,0,1,8,0.0,0
8_149,8,short_2link,long_4link,normalized_copy,0,0.1427272960098763,0.09865287796949673,0,0,1,0,0.0,0
8_149,8,short_2link,long_4link,link_scaled,0,0.09409717672558303,0.0628615123111383,0,1,1,0,0.0,0
8_149,8,short_2link,long_4link,static_home,0,0.06878254948621991,0.04242174027240177,0,1,1,0,0.042626237832423336,0
8_149,8,short_2link,long_4link,target_ik,0,0.00013503903450415368,9.032454402676221e-05,1,1,1,0,3.1379078708088646e-07,0
8_149,8,short_2link,long_4link,ejar_absolute,0,0.00011866769342364071,7.821206931267756e-05,1,1,1,0,0.00010259209908087605,0
8_149,8,short_2link,long_4link,ejar_residual_fallback,0,0.00011866769342364071,7.821206931267756e-05,1,1,1,0,0.00010259209908087605,0
8_150,8,long_2link,wide_2link,raw_joint,0,0.13177200392862232,0.07772637352343018,0,0,1,0,0.0,0
8_150,8,long_2link,wide_2link,normalized_copy,0,0.10580743953721662,0.05540626090759815,0,0,1,0,0.0,0
8_150,8,long_2link,wide_2link,link_scaled,0,0.10580743953721673,0.055406260907598204,0,0,1,8,0.0,0
8_150,8,long_2link,wide_2link,static_home,0,0.14024521566376394,0.09124920160322353,0,0,1,0,0.07408205426704809,0
8_150,8,long_2link,wide_2link,target_ik,0,0.07562675509833088,0.03984340652459754,0,1,1,8,0.06400833093884722,0
8_150,8,long_2link,wide_2link,ejar_absolute,0,0.06981340621620877,0.03765041834074864,0,1,1,6,0.06096107167333891,0
8_150,8,long_2link,wide_2link,ejar_residual_fallback,0,0.06981340621620877,0.03765041834074864,0,1,1,6,0.06096107167333891,0
8_151,8,wide_2link,snake_6link,raw_joint,0,0.2101767137670659,0.12683756340425678,0,0,0,3,0.0,0
8_151,8,wide_2link,snake_6link,normalized_copy,0,0.10421481896376383,0.061561072922000415,0,0,1,0,0.0,0
8_151,8,wide_2link,snake_6link,link_scaled,0,0.09728241659157058,0.05740854906947421,0,1,1,0,0.0,0
8_151,8,wide_2link,snake_6link,static_home,0,0.19293193608757225,0.10826458420977911,0,0,1,0,0.11169316814272416,0
8_151,8,wide_2link,snake_6link,target_ik,0,0.002159884512112396,0.0012057354267575315,1,1,1,0,1.973205466908703e-06,0
8_151,8,wide_2link,snake_6link,ejar_absolute,0,0.0018827404543537043,0.0010371681945323587,1,1,1,0,0.0005107328604677324,0
8_151,8,wide_2link,snake_6link,ejar_residual_fallback,0,0.0018827404543537043,0.0010371681945323587,1,1,1,0,0.0005107328604677324,0
8_152,8,asym_3link,redundant_4link,raw_joint,0,0.45096493076112953,0.23868677448568082,0,0,0,0,0.0,0
8_152,8,asym_3link,redundant_4link,normalized_copy,0,0.5635586422819022,0.3038021762578771,0,0,0,0,0.0,0
8_152,8,asym_3link,redundant_4link,link_scaled,0,0.5535603610036507,0.2987791437761732,0,0,0,0,0.0,0
8_152,8,asym_3link,redundant_4link,static_home,0,0.5066053397511799,0.28131607507256035,0,0,0,0,0.21022108576700976,0
8_152,8,asym_3link,redundant_4link,target_ik,0,0.19429377161854666,0.1039354337047898,0,0,1,8,0.18905150622476088,0
8_152,8,asym_3link,redundant_4link,ejar_absolute,0,0.18170311506818504,0.09413049755132408,0,0,1,8,0.17530889794141738,0
8_152,8,asym_3link,redundant_4link,ejar_residual_fallback,0,0.18170311506818504,0.09413049755132408,0,0,1,8,0.17530889794141738,0
8_153,8,heavy_3link,long_2link,raw_joint,1,0.2354182613846944,0.13950250559774025,0,0,0,2,0.0,0
8_153,8,heavy_3link,long_2link,normalized_copy,1,0.18811496426762017,0.12475304117467756,0,0,1,0,0.0,0
8_153,8,heavy_3link,long_2link,link_scaled,1,0.18626591294500516,0.12354474150734558,0,0,1,0,0.0,0
8_153,8,heavy_3link,long_2link,static_home,1,0.0736916763831093,0.049268021027231795,0,1,1,0,0.06997336820692604,0
8_153,8,heavy_3link,long_2link,target_ik,1,0.07578355921762094,0.05075504938982785,0,1,1,8,0.06930922414904167,0
8_153,8,heavy_3link,long_2link,ejar_absolute,1,0.07286735359605709,0.04870616313716197,0,1,1,0,0.07093629341542138,0
8_153,8,heavy_3link,long_2link,ejar_residual_fallback,1,0.07286735359605709,0.04870616313716197,0,1,1,0,0.07093629341542138,0
8_154,8,teacher_2link,needle_5link,raw_joint,0,0.08736877641284425,0.0482745047162611,0,1,1,0,0.0,0
8_154,8,teacher_2link,needle_5link,normalized_copy,0,0.07663691600408824,0.0429676317799834,0,1,1,0,0.0,0
8_154,8,teacher_2link,needle_5link,link_scaled,0,0.07697207053784354,0.043173813134313836,0,1,1,0,0.0,0
8_154,8,teacher_2link,needle_5link,static_home,0,0.09678547191988134,0.05409291827957892,0,1,1,0,0.0022742825870048174,0
8_154,8,teacher_2link,needle_5link,target_ik,0,0.0033439063041915493,0.0016752529371246003,1,1,1,0,4.4570771224644526e-05,0
8_154,8,teacher_2link,needle_5link,ejar_absolute,0,0.008675040031059246,0.004344858190436622,1,1,1,0,0.006235548928422645,0
8_154,8,teacher_2link,needle_5link,ejar_residual_fallback,0,0.008675040031059246,0.004344858190436622,1,1,1,0,0.006235548928422645,0
8_155,8,short_2link,heavy_3link,raw_joint,0,0.4296943294417209,0.24140380503034586,0,0,0,8,0.0,0
8_155,8,short_2link,heavy_3link,normalized_copy,0,0.42646011988351995,0.24446739082330055,0,0,0,0,0.0,0
8_155,8,short_2link,heavy_3link,link_scaled,0,0.25421681565633897,0.14177662003072278,0,0,0,0,0.0,0
8_155,8,short_2link,heavy_3link,static_home,0,0.06401577662490406,0.02888649153817412,0,1,1,0,0.04642419148831173,0
8_155,8,short_2link,heavy_3link,target_ik,0,0.00038278936163361696,0.0002260383174443577,1,1,1,0,1.1027501159535423e-06,0
8_155,8,short_2link,heavy_3link,ejar_absolute,0,0.00041518199341101576,0.00024559147385338955,1,1,1,0,0.00026845622508585916,0
8_155,8,short_2link,heavy_3link,ejar_residual_fallback,0,0.00041518199341101576,0.00024559147385338955,1,1,1,0,0.00026845622508585916,0
8_156,8,long_2link,short_2link,raw_joint,0,0.11832399189626867,0.06193103111845716,0,0,1,0,0.0,0
8_156,8,long_2link,short_2link,normalized_copy,0,0.11588147971141641,0.06242645121754334,0,0,1,0,0.0,0
8_156,8,long_2link,short_2link,link_scaled,0,0.11588147971141641,0.06242645121754334,0,0,1,8,0.0,0
8_156,8,long_2link,short_2link,static_home,0,0.18557984773229363,0.09282366535105951,0,0,1,0,0.18086448271130035,0
8_156,8,long_2link,short_2link,target_ik,0,0.0033100235218498403,0.0015062957641393349,1,1,1,0,1.231932062111417e-05,0
8_156,8,long_2link,short_2link,ejar_absolute,0,0.0021909134235477755,0.0009658417410941746,1,1,1,0,0.002086344965093349,0
8_156,8,long_2link,short_2link,ejar_residual_fallback,0,0.0021909134235477755,0.0009658417410941746,1,1,1,0,0.002086344965093349,0
8_157,8,wide_2link,soft_5link,raw_joint,0,0.2445120143484521,0.1981131592190245,0,0,0,6,0.0,0
8_157,8,wide_2link,soft_5link,normalized_copy,0,0.18477165088906525,0.13522703747322673,0,0,1,0,0.0,0
8_157,8,wide_2link,soft_5link,link_scaled,0,0.17309993298968426,0.12651100057031697,0,0,1,0,0.0,0
8_157,8,wide_2link,soft_5link,static_home,0,0.08585125523598494,0.05722461012768956,0,1,1,0,0.029219466730990292,0
8_157,8,wide_2link,soft_5link,target_ik,0,0.0009749705270210817,0.0006882154016179465,1,1,1,0,1.0018497371916749e-05,0
8_157,8,wide_2link,soft_5link,ejar_absolute,0,0.002960983880929406,0.0018999189808368332,1,1,1,0,0.002077843806476698,0
8_157,8,wide_2link,soft_5link,ejar_residual_fallback,0,0.002960983880929406,0.0018999189808368332,1,1,1,0,0.002077843806476698,0
8_158,8,asym_3link,asym_3link,raw_joint,0,0.7097585091973658,0.43164025713209353,0,0,0,0,0.0,0
8_158,8,asym_3link,asym_3link,normalized_copy,0,0.7097585091973658,0.43164025713209353,0,0,0,0,0.0,0
8_158,8,asym_3link,asym_3link,link_scaled,0,0.7097585091973658,0.43164025713209353,0,0,0,0,0.0,0
8_158,8,asym_3link,asym_3link,static_home,0,0.516445924072211,0.29371333611008643,0,0,0,0,0.5321186115690499,0
8_158,8,asym_3link,asym_3link,target_ik,0,0.03398094443251421,0.01894743432798021,1,1,1,4,0.004308654432214895,0
8_158,8,asym_3link,asym_3link,ejar_absolute,0,0.03428814399691145,0.01868006440849814,1,1,1,2,0.003862418860017732,0
8_158,8,asym_3link,asym_3link,ejar_residual_fallback,0,0.03428814399691145,0.01868006440849814,1,1,1,2,0.003862418860017732,0
8_159,8,heavy_3link,large_6link,raw_joint,0,0.18108323207608024,0.10300486180266344,0,0,1,0,0.0,0
8_159,8,heavy_3link,large_6link,normalized_copy,0,0.13420228259332573,0.07468552193392963,0,0,1,0,0.0,0
8_159,8,heavy_3link,large_6link,link_scaled,0,0.13562601157343257,0.07548795996965667,0,0,1,0,0.0,0
8_159,8,heavy_3link,large_6link,static_home,0,0.0696072580030394,0.03863203092818594,0,1,1,0,0.1029360792942072,0
8_159,8,heavy_3link,large_6link,target_ik,0,0.0013297966586218032,0.0007496714005168961,1,1,1,0,1.0975840486717018e-06,0
8_159,8,heavy_3link,large_6link,ejar_absolute,0,0.0016896144591404636,0.0009258844729464152,1,1,1,0,0.00035417621009222356,0
8_159,8,heavy_3link,large_6link,ejar_residual_fallback,0,0.0016896144591404636,0.0009258844729464152,1,1,1,0,0.00035417621009222356,0
8_160,8,teacher_2link,long_4link,raw_joint,0,0.10833191675604507,0.061283341081043226,0,0,1,0,0.0,0
8_160,8,teacher_2link,long_4link,normalized_copy,0,0.04975003518665039,0.02935828268194099,1,1,1,0,0.0,0
8_160,8,teacher_2link,long_4link,link_scaled,0,0.015425673473788468,0.009704594468602425,1,1,1,0,0.0,0
8_160,8,teacher_2link,long_4link,static_home,0,0.24809578813532215,0.13968500121772046,0,0,0,0,0.06799806485609941,0
8_160,8,teacher_2link,long_4link,target_ik,0,0.0013456096815930034,0.0007732222813818667,1,1,1,0,3.237433790337526e-06,0
8_160,8,teacher_2link,long_4link,ejar_absolute,0,0.0004420424613996237,0.00023393465488166337,1,1,1,0,0.0010829491589697414,0
8_160,8,teacher_2link,long_4link,ejar_residual_fallback,0,0.0004420424613996237,0.00023393465488166337,1,1,1,0,0.0010829491589697414,0
8_161,8,short_2link,wide_2link,raw_joint,0,0.2852375212226067,0.15536644798312335,0,0,0,0,0.0,0
8_161,8,short_2link,wide_2link,normalized_copy,0,0.2926574655936853,0.15768551886697987,0,0,0,0,0.0,0
8_161,8,short_2link,wide_2link,link_scaled,0,0.20014450036065554,0.11041444941613023,0,0,0,0,0.0,0
8_161,8,short_2link,wide_2link,static_home,0,0.058811647506638344,0.03786717919499721,0,1,1,0,0.006401641746789255,0
8_161,8,short_2link,wide_2link,target_ik,0,0.0010516735609960926,0.000780830755542248,1,1,1,0,3.107674250624916e-06,0
8_161,8,short_2link,wide_2link,ejar_absolute,0,0.0009044328701973496,0.000680958396292909,1,1,1,0,0.000469621416323618,0
8_161,8,short_2link,wide_2link,ejar_residual_fallback,0,0.0009044328701973496,0.000680958396292909,1,1,1,0,0.000469621416323618,0
8_162,8,long_2link,snake_6link,raw_joint,0,0.41966412269959485,0.23997285695836545,0,0,0,0,0.0,0
8_162,8,long_2link,snake_6link,normalized_copy,0,0.49469479345077294,0.2836232561741221,0,0,0,0,0.0,0
8_162,8,long_2link,snake_6link,link_scaled,0,0.6038171649397154,0.3311962402122827,0,0,0,5,0.0,0
8_162,8,long_2link,snake_6link,static_home,0,0.324283714131107,0.1808448791882919,0,0,0,0,0.008996738164933286,0
8_162,8,long_2link,snake_6link,target_ik,0,0.056621843173764674,0.018567321377505296,0,1,1,5,0.04491206425708298,0
8_162,8,long_2link,snake_6link,ejar_absolute,0,0.05695096927502047,0.01983559711972814,0,1,1,4,0.04496951033072762,0
8_162,8,long_2link,snake_6link,ejar_residual_fallback,0,0.05695096927502047,0.01983559711972814,0,1,1,4,0.04496951033072762,0
8_163,8,wide_2link,redundant_4link,raw_joint,0,0.2900258338963471,0.12872881314060308,0,0,0,3,0.0,0
8_163,8,wide_2link,redundant_4link,normalized_copy,0,0.09871984619429423,0.061787673720136875,0,1,1,0,0.0,0
8_163,8,wide_2link,redundant_4link,link_scaled,0,0.10109740139115134,0.05632963624125852,0,0,1,0,0.0,0
8_163,8,wide_2link,redundant_4link,static_home,0,0.22504068648308434,0.13682536679728954,0,0,0,0,0.2592475163401009,0
8_163,8,wide_2link,redundant_4link,target_ik,0,0.007340941948197951,0.004399788329514865,1,1,1,1,0.0031354539309501163,0
8_163,8,wide_2link,redundant_4link,ejar_absolute,0,0.011270288526280679,0.006346460534803102,1,1,1,1,0.00631549548102645,0
8_163,8,wide_2link,redundant_4link,ejar_residual_fallback,0,0.011270288526280679,0.006346460534803102,1,1,1,1,0.00631549548102645,0
8_164,8,asym_3link,long_2link,raw_joint,0,0.33707372826405635,0.1523331990646999,0,0,0,0,0.0,0
8_164,8,asym_3link,long_2link,normalized_copy,0,0.3138856416841929,0.14493066296646848,0,0,0,0,0.0,0
8_164,8,asym_3link,long_2link,link_scaled,0,0.3093286706136927,0.14831731831596517,0,0,0,0,0.0,0
8_164,8,asym_3link,long_2link,static_home,0,0.3126684749162569,0.1645403958492917,0,0,0,0,0.3023555918888834,0
8_164,8,asym_3link,long_2link,target_ik,0,0.1359919394823257,0.07496734275543163,0,0,1,8,0.14194917680570387,0
8_164,8,asym_3link,long_2link,ejar_absolute,0,0.13499269915155987,0.07435328591626036,0,0,1,8,0.14098919848865432,0
8_164,8,asym_3link,long_2link,ejar_residual_fallback,0,0.13499269915155987,0.07435328591626036,0,0,1,8,0.14098919848865432,0
8_165,8,heavy_3link,needle_5link,raw_joint,0,0.32971169240216175,0.17217822458256551,0,0,0,2,0.0,0
8_165,8,heavy_3link,needle_5link,normalized_copy,0,0.2826926653761154,0.14571997119445912,0,0,0,0,0.0,0
8_165,8,heavy_3link,needle_5link,link_scaled,0,0.3133961530266669,0.1631630142634994,0,0,0,2,0.0,0
8_165,8,heavy_3link,needle_5link,static_home,0,0.09611018377186108,0.052722170120902453,0,1,1,0,0.016796647775334028,0
8_165,8,heavy_3link,needle_5link,target_ik,0,0.0018123693375579515,0.0009516667202337151,1,1,1,0,5.5306327543186725e-06,0
8_165,8,heavy_3link,needle_5link,ejar_absolute,0,0.0038436555979027686,0.0020311591266101393,1,1,1,0,0.002155089189349356,0
8_165,8,heavy_3link,needle_5link,ejar_residual_fallback,0,0.0038436555979027686,0.0020311591266101393,1,1,1,0,0.002155089189349356,0
8_166,8,teacher_2link,heavy_3link,raw_joint,0,0.5183819978562347,0.27380465284468414,0,0,0,8,0.0,0
8_166,8,teacher_2link,heavy_3link,normalized_copy,0,0.603930603926403,0.32342530039995604,0,0,0,0,0.0,0
8_166,8,teacher_2link,heavy_3link,link_scaled,0,0.5255934805265703,0.2806073715888954,0,0,0,0,0.0,0
8_166,8,teacher_2link,heavy_3link,static_home,0,0.17637034179156935,0.0927913602877766,0,0,1,0,0.23560124166556656,0
8_166,8,teacher_2link,heavy_3link,target_ik,0,0.00399454582101985,0.00198677098166014,1,1,1,0,3.555920547022446e-06,0
8_166,8,teacher_2link,heavy_3link,ejar_absolute,0,0.004938269809197684,0.0024587396375187354,1,1,1,0,0.00122202304771926,0
8_166,8,teacher_2link,heavy_3link,ejar_residual_fallback,0,0.004938269809197684,0.0024587396375187354,1,1,1,0,0.00122202304771926,0
8_167,8,short_2link,short_2link,raw_joint,0,0.12210137086233297,0.06262525044529996,0,0,1,0,0.0,0
8_167,8,short_2link,short_2link,normalized_copy,0,0.12210137086233284,0.06262525044529989,0,0,1,0,0.0,0
8_167,8,short_2link,short_2link,link_scaled,0,0.12210137086233284,0.06262525044529989,0,0,1,0,0.0,0
8_167,8,short_2link,short_2link,static_home,0,0.025603532405292874,0.017323905933576793,1,1,1,0,0.05249738927112483,0
8_167,8,short_2link,short_2link,target_ik,0,0.0004616095434721626,0.00034088785426681983,1,1,1,0,2.88722683264458e-06,0
8_167,8,short_2link,short_2link,ejar_absolute,0,0.00025467181728526576,0.00014863600603550955,1,1,1,0,0.000638569915337343,0
8_167,8,short_2link,short_2link,ejar_residual_fallback,0,0.00025467181728526576,0.00014863600603550955,1,1,1,0,0.000638569915337343,0
8_168,8,long_2link,soft_5link,raw_joint,0,0.9905174722691498,0.5784913497118764,0,0,0,0,0.0,0
8_168,8,long_2link,soft_5link,normalized_copy,0,1.1736435331860477,0.682055762731938,0,0,0,0,0.0,0
8_168,8,long_2link,soft_5link,link_scaled,0,1.310191363125556,0.7964060142920205,0,0,0,5,0.0,0
8_168,8,long_2link,soft_5link,static_home,0,0.4425154622810455,0.26462250429120265,0,0,0,0,0.528082079630924,0
8_168,8,long_2link,soft_5link,target_ik,0,0.12988740293261922,0.05384542005680174,0,0,1,6,0.12410654395453734,0
8_168,8,long_2link,soft_5link,ejar_absolute,0,0.1279343433448062,0.05495986904858981,0,0,1,6,0.1219085982015617,0
8_168,8,long_2link,soft_5link,ejar_residual_fallback,0,0.1279343433448062,0.05495986904858981,0,0,1,6,0.1219085982015617,0
8_169,8,wide_2link,asym_3link,raw_joint,0,0.5531286745864727,0.3035713842204299,0,0,0,8,0.0,0
8_169,8,wide_2link,asym_3link,normalized_copy,0,0.44858091261588584,0.24670343445623402,0,0,0,0,0.0,0
8_169,8,wide_2link,asym_3link,link_scaled,0,0.4210875753150157,0.23156031789683212,0,0,0,0,0.0,0
8_169,8,wide_2link,asym_3link,static_home,0,0.1127329584847035,0.06263841712230178,0,0,1,0,0.1523031156721361,0
8_169,8,wide_2link,asym_3link,target_ik,0,0.006867990346449407,0.004535163221767053,1,1,1,2,0.0030497823834204907,0
8_169,8,wide_2link,asym_3link,ejar_absolute,0,0.005525478244793178,0.0038598136414065565,1,1,1,2,0.006490019498402387,0
8_169,8,wide_2link,asym_3link,ejar_residual_fallback,0,0.005525478244793178,0.0038598136414065565,1,1,1,2,0.006490019498402387,0
8_170,8,asym_3link,large_6link,raw_joint,1,0.12405291666237177,0.0912719494389208,0,0,1,8,0.0,0
8_170,8,asym_3link,large_6link,normalized_copy,1,0.053724254930199195,0.04800633804223205,0,1,1,0,0.0,0
8_170,8,asym_3link,large_6link,link_scaled,1,0.1384479560417341,0.09184498888966834,0,0,1,0,0.0,0
8_170,8,asym_3link,large_6link,static_home,1,0.008659307664916654,0.00553013536216144,1,1,1,0,0.017989815926864938,0
8_170,8,asym_3link,large_6link,target_ik,1,0.047626263276794735,0.046340552744612525,1,1,1,2,0.04748481542083804,0
8_170,8,asym_3link,large_6link,ejar_absolute,1,0.003823749869371076,0.004921959648287761,1,1,1,0,0.017825674520900094,0
8_170,8,asym_3link,large_6link,ejar_residual_fallback,1,0.003823749869371076,0.004921959648287761,1,1,1,0,0.017825674520900094,0
8_171,8,heavy_3link,long_4link,raw_joint,0,0.3813737245827981,0.2046564481616414,0,0,0,7,0.0,0
8_171,8,heavy_3link,long_4link,normalized_copy,0,0.34416003546562757,0.18045906981027798,0,0,0,0,0.0,0
8_171,8,heavy_3link,long_4link,link_scaled,0,0.348338946653722,0.18331037508511988,0,0,0,5,0.0,0
8_171,8,heavy_3link,long_4link,static_home,0,0.09569866396823047,0.06122537760600798,0,1,1,0,0.0054645097905435544,0
8_171,8,heavy_3link,long_4link,target_ik,0,0.0041185394023128905,0.0026886949691426543,1,1,1,0,1.7245630217834446e-05,0
8_171,8,heavy_3link,long_4link,ejar_absolute,0,0.007094791707520831,0.004371213628114341,1,1,1,0,0.0032539394390774102,0
8_171,8,heavy_3link,long_4link,ejar_residual_fallback,0,0.007094791707520831,0.004371213628114341,1,1,1,0,0.0032539394390774102,0
8_172,8,teacher_2link,wide_2link,raw_joint,0,0.5317157262398183,0.29542958407057207,0,0,0,0,0.0,0
8_172,8,teacher_2link,wide_2link,normalized_copy,0,0.4744892774654864,0.26023367210820236,0,0,0,0,0.0,0
8_172,8,teacher_2link,wide_2link,link_scaled,0,0.495972716830721,0.27169953878359143,0,0,0,0,0.0,0
8_172,8,teacher_2link,wide_2link,static_home,0,0.37182258592193973,0.20916497063027023,0,0,0,0,0.37182126171649243,0
8_172,8,teacher_2link,wide_2link,target_ik,0,0.05827787230632036,0.03210074884337556,0,1,1,8,0.06053557402769616,0
8_172,8,teacher_2link,wide_2link,ejar_absolute,0,0.05822924305956012,0.03208072817286675,0,1,1,8,0.06040799062560592,0
8_172,8,teacher_2link,wide_2link,ejar_residual_fallback,0,0.05822924305956012,0.03208072817286675,0,1,1,8,0.06040799062560592,0
8_173,8,short_2link,snake_6link,raw_joint,0,0.4642831990936287,0.2693827060572173,0,0,0,0,0.0,0
8_173,8,short_2link,snake_6link,normalized_copy,0,0.4768112868454543,0.27638809888413407,0,0,0,0,0.0,0
8_173,8,short_2link,snake_6link,link_scaled,0,0.37358224853275507,0.2176246135738451,0,0,0,0,0.0,0
8_173,8,short_2link,snake_6link,static_home,0,0.1337683349028749,0.08168851806272598,0,0,1,0,0.13896586880498613,0
8_173,8,short_2link,snake_6link,target_ik,0,0.002355120428469473,0.0015485704372408965,1,1,1,0,1.358609557502362e-06,0
8_173,8,short_2link,snake_6link,ejar_absolute,0,0.0022894567265391015,0.0014998733603441825,1,1,1,0,0.0002695174796244959,0
8_173,8,short_2link,snake_6link,ejar_residual_fallback,0,0.0022894567265391015,0.0014998733603441825,1,1,1,0,0.0002695174796244959,0
8_174,8,long_2link,redundant_4link,raw_joint,0,0.2199861499572422,0.12273124390798458,0,0,0,0,0.0,0
8_174,8,long_2link,redundant_4link,normalized_copy,0,0.2600794277702734,0.14444596997422127,0,0,0,0,0.0,0
8_174,8,long_2link,redundant_4link,link_scaled,0,0.3194890757226304,0.17704089131614698,0,0,0,0,0.0,0
8_174,8,long_2link,redundant_4link,static_home,0,0.127803743102179,0.0719692051037014,0,0,1,0,0.12472369531585206,0
8_174,8,long_2link,redundant_4link,target_ik,0,0.0013190289645524848,0.000702327832028053,1,1,1,0,5.776960469074054e-06,0
8_174,8,long_2link,redundant_4link,ejar_absolute,0,0.002283025136146006,0.0012161791655993528,1,1,1,0,0.0010843279013678022,0
8_174,8,long_2link,redundant_4link,ejar_residual_fallback,0,0.002283025136146006,0.0012161791655993528,1,1,1,0,0.0010843279013678022,0
8_175,8,wide_2link,long_2link,raw_joint,0,0.06971183648691295,0.033582338748266057,0,1,1,0,0.0,0
8_175,8,wide_2link,long_2link,normalized_copy,0,0.13925461858723873,0.079611019771862,0,0,1,0,0.0,0
8_175,8,wide_2link,long_2link,link_scaled,0,0.03149869545241871,0.018612611523392414,1,1,1,0,0.0,0
8_175,8,wide_2link,long_2link,static_home,0,0.06836582215513069,0.038558191882955284,0,1,1,0,0.13296818055609386,0
8_175,8,wide_2link,long_2link,target_ik,0,0.0014374320494926897,0.0008893607694210812,1,1,1,0,9.568024410437427e-06,0
8_175,8,wide_2link,long_2link,ejar_absolute,0,0.0015370916873315328,0.0010293467440097535,1,1,1,0,0.00281086794060374,0
8_175,8,wide_2link,long_2link,ejar_residual_fallback,0,0.0015370916873315328,0.0010293467440097535,1,1,1,0,0.00281086794060374,0
8_176,8,asym_3link,needle_5link,raw_joint,0,0.028818623812716236,0.01643805438924712,1,1,1,0,0.0,0
8_176,8,asym_3link,needle_5link,normalized_copy,0,0.034056257381844535,0.019341793731096332,1,1,1,0,0.0,0
8_176,8,asym_3link,needle_5link,link_scaled,0,0.037611585028248566,0.02130719708124264,1,1,1,0,0.0,0
8_176,8,asym_3link,needle_5link,static_home,0,0.06436590121387753,0.03612388873813088,0,1,1,0,0.06311341197156163,0
8_176,8,asym_3link,needle_5link,target_ik,0,0.00018658191447571706,0.00010214945178667287,1,1,1,0,1.5735349198777385e-06,0
8_176,8,asym_3link,needle_5link,ejar_absolute,0,0.0006604508526119005,0.00036359493111411703,1,1,1,0,0.00046420828805598957,0
8_176,8,asym_3link,needle_5link,ejar_residual_fallback,0,0.0006604508526119005,0.00036359493111411703,1,1,1,0,0.00046420828805598957,0
8_177,8,heavy_3link,heavy_3link,raw_joint,0,0.18611545395589021,0.10747324651092237,0,0,1,0,0.0,0
8_177,8,heavy_3link,heavy_3link,normalized_copy,0,0.18611545395589021,0.10747324651092237,0,0,1,0,0.0,0
8_177,8,heavy_3link,heavy_3link,link_scaled,0,0.18611545395589021,0.10747324651092237,0,0,1,0,0.0,0
8_177,8,heavy_3link,heavy_3link,static_home,0,0.03875913462538419,0.02167777059958144,1,1,1,0,0.11043097422899371,0
8_177,8,heavy_3link,heavy_3link,target_ik,0,0.0010297075203593712,0.0005815694676438337,1,1,1,0,1.2244200735996717e-06,0
8_177,8,heavy_3link,heavy_3link,ejar_absolute,0,0.0014703364165734312,0.0007275445871191728,1,1,1,0,0.0004899820265158448,0
8_177,8,heavy_3link,heavy_3link,ejar_residual_fallback,0,0.0014703364165734312,0.0007275445871191728,1,1,1,0,0.0004899820265158448,0
8_178,8,teacher_2link,short_2link,raw_joint,0,0.18003020699598357,0.1013945427889971,0,0,1,6,0.0,0
8_178,8,teacher_2link,short_2link,normalized_copy,0,0.1905775578834593,0.10651079556398041,0,0,1,0,0.0,0
8_178,8,teacher_2link,short_2link,link_scaled,0,0.1887653599365092,0.10272846534289119,0,0,1,8,0.0,0
8_178,8,teacher_2link,short_2link,static_home,0,0.20634651553652122,0.13524993632372914,0,0,0,0,0.25440829626318473,0
8_178,8,teacher_2link,short_2link,target_ik,0,0.09982050680774394,0.046093696881272,0,1,1,7,0.09858542475337602,0
8_178,8,teacher_2link,short_2link,ejar_absolute,0,0.03844843458064572,0.018975959127182893,1,1,1,3,0.034501470009929126,0
8_178,8,teacher_2link,short_2link,ejar_residual_fallback,0,0.03844843458064572,0.018975959127182893,1,1,1,3,0.034501470009929126,0
8_179,8,short_2link,soft_5link,raw_joint,0,0.5055394364429163,0.29543671071083266,0,0,0,0,0.0,0
8_179,8,short_2link,soft_5link,normalized_copy,0,0.617974760061648,0.35650914865433414,0,0,0,0,0.0,0
8_179,8,short_2link,soft_5link,link_scaled,0,0.4482298464548872,0.2586823734858113,0,0,0,0,0.0,0
8_179,8,short_2link,soft_5link,static_home,0,0.18664335440844393,0.11319608866930164,0,0,1,0,0.026886429671310948,0
8_179,8,short_2link,soft_5link,target_ik,0,0.002672015655419432,0.0016555181013298134,1,1,1,0,1.117728034784718e-05,0
8_179,8,short_2link,soft_5link,ejar_absolute,0,0.004084013430928473,0.0024919878992745205,1,1,1,0,0.0018998374376762626,0
8_179,8,short_2link,soft_5link,ejar_residual_fallback,0,0.004084013430928473,0.0024919878992745205,1,1,1,0,0.0018998374376762626,0
16_0,16,asym_3link,redundant_4link,raw_joint,1,0.15483061938270748,0.11105171051265791,0,0,1,10,0.0,0
16_0,16,asym_3link,redundant_4link,normalized_copy,1,0.17998400667905864,0.10944481492239835,0,0,1,0,0.0,0
16_0,16,asym_3link,redundant_4link,link_scaled,1,0.17572257346392156,0.1070935555642054,0,0,1,0,0.0,0
16_0,16,asym_3link,redundant_4link,static_home,1,0.14614697327388612,0.09035429574926701,0,0,1,0,0.139123667291651,0
16_0,16,asym_3link,redundant_4link,target_ik,1,0.1651378770580368,0.1031199326460952,0,0,1,16,0.13906915939312722,0
16_0,16,asym_3link,redundant_4link,ejar_absolute,1,0.14464846157689748,0.0898106835654524,0,0,1,2,0.12353273617424596,0
16_0,16,asym_3link,redundant_4link,ejar_residual_fallback,1,0.14464846157689748,0.0898106835654524,0,0,1,2,0.12353273617424596,0
16_1,16,heavy_3link,long_2link,raw_joint,0,0.3814018354547886,0.1968484856112277,0,0,0,0,0.0,0
16_1,16,heavy_3link,long_2link,normalized_copy,0,0.357912624251036,0.1873481765347444,0,0,0,0,0.0,0
16_1,16,heavy_3link,long_2link,link_scaled,0,0.35684638225161014,0.1868310175756337,0,0,0,0,0.0,0
16_1,16,heavy_3link,long_2link,static_home,0,0.38326213081928584,0.20144881444680587,0,0,0,0,0.07293499507567011,0
16_1,16,heavy_3link,long_2link,target_ik,0,0.2541097283145804,0.12106001528215449,0,0,0,16,0.24079733067864115,0
16_1,16,heavy_3link,long_2link,ejar_absolute,0,0.2523037230617486,0.12041669829105117,0,0,0,15,0.2393611084678711,0
16_1,16,heavy_3link,long_2link,ejar_residual_fallback,0,0.2523037230617486,0.12041669829105117,0,0,0,15,0.2393611084678711,0
16_2,16,teacher_2link,needle_5link,raw_joint,0,0.05911273737958364,0.0307010007466179,0,1,1,0,0.0,0
16_2,16,teacher_2link,needle_5link,normalized_copy,0,0.05883246353328145,0.03127653294547712,0,1,1,0,0.0,0
16_2,16,teacher_2link,needle_5link,link_scaled,0,0.06015502936026739,0.03202339736839489,0,1,1,0,0.0,0
16_2,16,teacher_2link,needle_5link,static_home,0,0.06345889260112826,0.033845177735334936,0,1,1,0,0.061367283894263755,0
16_2,16,teacher_2link,needle_5link,target_ik,0,0.0002846005129590944,0.00015901124412628578,1,1,1,0,3.573216648924394e-06,0
16_2,16,teacher_2link,needle_5link,ejar_absolute,0,0.0007669680403148793,0.00042500584262600115,1,1,1,0,0.0010659878201654438,0
16_2,16,teacher_2link,needle_5link,ejar_residual_fallback,0,0.0007669680403148793,0.00042500584262600115,1,1,1,0,0.0010659878201654438,0
16_3,16,short_2link,heavy_3link,raw_joint,0,0.4291428385024839,0.22616205194632216,0,0,0,0,0.0,0
16_3,16,short_2link,heavy_3link,normalized_copy,0,0.3775966285922535,0.20882351856726944,0,0,0,0,0.0,0
16_3,16,short_2link,heavy_3link,link_scaled,0,0.27371260998235825,0.1505311555881001,0,0,0,0,0.0,0
16_3,16,short_2link,heavy_3link,static_home,0,0.09866047196537245,0.05072962448091021,0,1,1,0,0.024367654787568478,0
16_3,16,short_2link,heavy_3link,target_ik,0,0.0018164546448081876,0.000904566256308161,1,1,1,0,8.762765741765954e-06,0
16_3,16,short_2link,heavy_3link,ejar_absolute,0,0.0030807406219096082,0.001516353518725978,1,1,1,0,0.0017519641018099276,0
16_3,16,short_2link,heavy_3link,ejar_residual_fallback,0,0.0030807406219096082,0.001516353518725978,1,1,1,0,0.0017519641018099276,0
16_4,16,long_2link,short_2link,raw_joint,0,0.17320554742477992,0.09122728014100195,0,0,1,0,0.0,0
16_4,16,long_2link,short_2link,normalized_copy,0,0.15875104282796323,0.08323270086955058,0,0,1,0,0.0,0
16_4,16,long_2link,short_2link,link_scaled,0,0.18105478746152193,0.09916803379720923,0,0,1,0,0.0,0
16_4,16,long_2link,short_2link,static_home,0,0.22859220596641353,0.12104431659362609,0,0,0,0,0.2210746495133533,0
16_4,16,long_2link,short_2link,target_ik,0,0.0021776941694438908,0.001188391057542168,1,1,1,0,1.1917869043175096e-05,0
16_4,16,long_2link,short_2link,ejar_absolute,0,0.0014260585213595827,0.0008010315292774394,1,1,1,0,0.0019412108170991295,0
16_4,16,long_2link,short_2link,ejar_residual_fallback,0,0.0014260585213595827,0.0008010315292774394,1,1,1,0,0.0019412108170991295,0
16_5,16,wide_2link,soft_5link,raw_joint,0,0.18001606056355943,0.09525681618607054,0,0,1,16,0.0,0
16_5,16,wide_2link,soft_5link,normalized_copy,0,0.2258814881731268,0.12714646996191564,0,0,0,0,0.0,0
16_5,16,wide_2link,soft_5link,link_scaled,0,0.2188688471502313,0.12317122744989192,0,0,0,0,0.0,0
16_5,16,wide_2link,soft_5link,static_home,0,0.16894709200710714,0.09877767368497523,0,0,1,0,0.11000170930098019,0
16_5,16,wide_2link,soft_5link,target_ik,0,0.0009621295954919077,0.0006088310859136308,1,1,1,0,1.7593264871291298e-06,0
16_5,16,wide_2link,soft_5link,ejar_absolute,0,0.0008180127049744059,0.0005194421701534703,1,1,1,0,0.00028075158454887077,0
16_5,16,wide_2link,soft_5link,ejar_residual_fallback,0,0.0008180127049744059,0.0005194421701534703,1,1,1,0,0.00028075158454887077,0
16_6,16,asym_3link,asym_3link,raw_joint,0,0.32164396400490375,0.17974178358866671,0,0,0,0,0.0,0
16_6,16,asym_3link,asym_3link,normalized_copy,0,0.32164396400490375,0.17974178358866671,0,0,0,0,0.0,0
16_6,16,asym_3link,asym_3link,link_scaled,0,0.32164396400490375,0.17974178358866671,0,0,0,0,0.0,0
16_6,16,asym_3link,asym_3link,static_home,0,0.27180341585984263,0.14660782385676083,0,0,0,0,0.271967789596729,0
16_6,16,asym_3link,asym_3link,target_ik,0,0.00997881500798051,0.0069227705242421046,1,1,1,0,2.676368139126051e-05,0
16_6,16,asym_3link,asym_3link,ejar_absolute,0,0.006109890778561403,0.0039280459527288696,1,1,1,0,0.0045296515851231765,0
16_6,16,asym_3link,asym_3link,ejar_residual_fallback,0,0.006109890778561403,0.0039280459527288696,1,1,1,0,0.0045296515851231765,0
16_7,16,heavy_3link,large_6link,raw_joint,0,0.2057064603934747,0.10306409378808942,0,0,0,0,0.0,0
16_7,16,heavy_3link,large_6link,normalized_copy,0,0.18526327759628156,0.09837805548964687,0,0,1,0,0.0,0
16_7,16,heavy_3link,large_6link,link_scaled,0,0.18704611650522893,0.0992420836766765,0,0,1,0,0.0,0
16_7,16,heavy_3link,large_6link,static_home,0,0.5194590465389171,0.27582557624487714,0,0,0,0,0.3763401638251494,0
16_7,16,heavy_3link,large_6link,target_ik,0,0.005176187902193443,0.0030200706746153208,1,1,1,0,5.240200080338304e-06,0
16_7,16,heavy_3link,large_6link,ejar_absolute,0,0.004375885951189944,0.002447492649489248,1,1,1,0,0.0013432105399382391,0
16_7,16,heavy_3link,large_6link,ejar_residual_fallback,0,0.004375885951189944,0.002447492649489248,1,1,1,0,0.0013432105399382391,0
16_8,16,teacher_2link,long_4link,raw_joint,0,0.20758349577433546,0.11155037897443537,0,0,0,0,0.0,0
16_8,16,teacher_2link,long_4link,normalized_copy,0,0.2565530477225602,0.1314341485674992,0,0,0,0,0.0,0
16_8,16,teacher_2link,long_4link,link_scaled,0,0.2602661777537396,0.1336939225122365,0,0,0,0,0.0,0
16_8,16,teacher_2link,long_4link,static_home,0,0.20074645989014905,0.10708162930247517,0,0,0,0,0.2530198155351128,0
16_8,16,teacher_2link,long_4link,target_ik,0,0.002254354683974086,0.0012411528770527496,1,1,1,0,2.2654803541520943e-06,0
16_8,16,teacher_2link,long_4link,ejar_absolute,0,0.0022030983677553085,0.0012018241512226607,1,1,1,0,0.000464747941028992,0
16_8,16,teacher_2link,long_4link,ejar_residual_fallback,0,0.0022030983677553085,0.0012018241512226607,1,1,1,0,0.000464747941028992,0
16_9,16,short_2link,wide_2link,raw_joint,0,0.3572881055074063,0.18579321324757758,0,0,0,0,0.0,0
16_9,16,short_2link,wide_2link,normalized_copy,0,0.26516563595358994,0.14210612685509516,0,0,0,0,0.0,0
16_9,16,short_2link,wide_2link,link_scaled,0,0.23620892176440772,0.12527125430073532,0,0,0,0,0.0,0
16_9,16,short_2link,wide_2link,static_home,0,0.24128459506768082,0.1297767602109134,0,0,0,0,0.15160238969568532,0
16_9,16,short_2link,wide_2link,target_ik,0,0.006535521326929285,0.004126839069223329,1,1,1,0,3.5980464883581626e-05,0
16_9,16,short_2link,wide_2link,ejar_absolute,0,0.0043985746838000935,0.002514205178840001,1,1,1,0,0.0032003883980133594,0
16_9,16,short_2link,wide_2link,ejar_residual_fallback,0,0.0043985746838000935,0.002514205178840001,1,1,1,0,0.0032003883980133594,0
16_10,16,long_2link,snake_6link,raw_joint,0,0.23809273746934753,0.10403299772257035,0,0,0,0,0.0,0
16_10,16,long_2link,snake_6link,normalized_copy,0,0.33033720343827455,0.14153795268711591,0,0,0,0,0.0,0
16_10,16,long_2link,snake_6link,link_scaled,0,0.45401127295195465,0.2222712248607737,0,0,0,10,0.0,0
16_10,16,long_2link,snake_6link,static_home,0,0.46977692212724587,0.2524113521402076,0,0,0,0,0.26883424477891216,0
16_10,16,long_2link,snake_6link,target_ik,0,0.009732080216070565,0.003459424787691997,1,1,1,4,0.006170194422452783,0
16_10,16,long_2link,snake_6link,ejar_absolute,0,0.022225502747766676,0.009689714592429703,1,1,1,0,0.017059328229887604,0
16_10,16,long_2link,snake_6link,ejar_residual_fallback,0,0.022225502747766676,0.009689714592429703,1,1,1,0,0.017059328229887604,0
16_11,16,wide_2link,redundant_4link,raw_joint,0,0.28760448645589987,0.2338584668114507,0,0,0,15,0.0,0
16_11,16,wide_2link,redundant_4link,normalized_copy,0,0.23569949594472997,0.19238515487170757,0,0,0,0,0.0,0
16_11,16,wide_2link,redundant_4link,link_scaled,0,0.20373083320719398,0.1663209926490793,0,0,0,0,0.0,0
16_11,16,wide_2link,redundant_4link,static_home,0,0.06284364629295372,0.046930077563332326,0,1,1,0,0.05139221921945933,0
16_11,16,wide_2link,redundant_4link,target_ik,0,0.00014841783107518016,0.00012993482599020173,1,1,1,0,1.149218629845885e-06,0
16_11,16,wide_2link,redundant_4link,ejar_absolute,0,0.0001434464642545289,9.389547422083961e-05,1,1,1,0,0.0002373694453578165,0
16_11,16,wide_2link,redundant_4link,ejar_residual_fallback,0,0.0001434464642545289,9.389547422083961e-05,1,1,1,0,0.0002373694453578165,0
16_12,16,asym_3link,long_2link,raw_joint,0,0.6590752905395305,0.36280736661766033,0,0,0,0,0.0,0
16_12,16,asym_3link,long_2link,normalized_copy,0,0.5605231471589622,0.3043766812541855,0,0,0,0,0.0,0
16_12,16,asym_3link,long_2link,link_scaled,0,0.4658977205342299,0.252110871988647,0,0,0,0,0.0,0
16_12,16,asym_3link,long_2link,static_home,0,0.2866826184739049,0.1515031397952219,0,0,0,0,0.2653446592208235,0
16_12,16,asym_3link,long_2link,target_ik,0,0.002618054900626758,0.0015239653496433494,1,1,1,0,7.566945757598008e-06,0
16_12,16,asym_3link,long_2link,ejar_absolute,0,0.0006305974051708592,0.0003302003034350422,1,1,1,0,0.0024311344540618937,0
16_12,16,asym_3link,long_2link,ejar_residual_fallback,0,0.0006305974051708592,0.0003302003034350422,1,1,1,0,0.0024311344540618937,0
16_13,16,heavy_3link,needle_5link,raw_joint,0,0.4742610924524029,0.24561695507638126,0,0,0,0,0.0,0
16_13,16,heavy_3link,needle_5link,normalized_copy,0,0.41566909793737766,0.21664868389816833,0,0,0,0,0.0,0
16_13,16,heavy_3link,needle_5link,link_scaled,0,0.4496754730870322,0.23350665488680444,0,0,0,0,0.0,0
16_13,16,heavy_3link,needle_5link,static_home,0,0.3076641766702776,0.1612735099593015,0,0,0,0,0.19517645798669805,0
16_13,16,heavy_3link,needle_5link,target_ik,0,0.005819482530858687,0.0024880104471729026,1,1,1,0,1.9875220183387665e-05,0
16_13,16,heavy_3link,needle_5link,ejar_absolute,0,0.01128084384808546,0.005185485612693218,1,1,1,0,0.007176539190459545,0
16_13,16,heavy_3link,needle_5link,ejar_residual_fallback,0,0.01128084384808546,0.005185485612693218,1,1,1,0,0.007176539190459545,0
16_14,16,teacher_2link,heavy_3link,raw_joint,0,0.4649374718517475,0.268951149069393,0,0,0,8,0.0,0
16_14,16,teacher_2link,heavy_3link,normalized_copy,0,0.6160009302351662,0.34593309154328167,0,0,0,0,0.0,0
16_14,16,teacher_2link,heavy_3link,link_scaled,0,0.5401292913451565,0.2955542409741605,0,0,0,0,0.0,0
16_14,16,teacher_2link,heavy_3link,static_home,0,0.41236514383357276,0.20063966687580032,0,0,0,0,0.24923073513260005,0
16_14,16,teacher_2link,heavy_3link,target_ik,0,0.0016014987675004254,0.0007414537299105302,1,1,1,0,8.407743738379091e-07,0
16_14,16,teacher_2link,heavy_3link,ejar_absolute,0,0.0018472787867068522,0.0008461550229133387,1,1,1,0,0.00039419462081459,0
16_14,16,teacher_2link,heavy_3link,ejar_residual_fallback,0,0.0018472787867068522,0.0008461550229133387,1,1,1,0,0.00039419462081459,0
16_15,16,short_2link,short_2link,raw_joint,0,0.12034962153996359,0.0773467092605046,0,0,1,0,0.0,0
16_15,16,short_2link,short_2link,normalized_copy,0,0.12034962153996359,0.0773467092605046,0,0,1,0,0.0,0
16_15,16,short_2link,short_2link,link_scaled,0,0.12034962153996359,0.0773467092605046,0,0,1,0,0.0,0
16_15,16,short_2link,short_2link,static_home,0,0.11600335616686207,0.07412267386228881,0,0,1,0,0.009529982856442394,0
16_15,16,short_2link,short_2link,target_ik,0,0.021917035960372012,0.019885853163040708,1,1,1,5,0.025397618923347562,0
16_15,16,short_2link,short_2link,ejar_absolute,0,0.024422850654654278,0.02065253339283827,1,1,1,3,0.028865504840875883,0
16_15,16,short_2link,short_2link,ejar_residual_fallback,0,0.024422850654654278,0.02065253339283827,1,1,1,3,0.028865504840875883,0
16_16,16,long_2link,soft_5link,raw_joint,0,0.24651966311372783,0.12671235240751694,0,0,0,0,0.0,0
16_16,16,long_2link,soft_5link,normalized_copy,0,0.3598575252335969,0.15241602013880184,0,0,0,0,0.0,0
16_16,16,long_2link,soft_5link,link_scaled,0,0.446804200724977,0.1913124794051207,0,0,0,9,0.0,0
16_16,16,long_2link,soft_5link,static_home,0,0.272132574880776,0.15748062190759368,0,0,0,0,0.20881552084886051,0
16_16,16,long_2link,soft_5link,target_ik,0,0.0038396747990178085,0.0021204311886156716,1,1,1,0,5.361739764754516e-05,0
16_16,16,long_2link,soft_5link,ejar_absolute,0,0.013748803125615,0.006995447773059526,1,1,1,0,0.010572630116670265,0
16_16,16,long_2link,soft_5link,ejar_residual_fallback,0,0.013748803125615,0.006995447773059526,1,1,1,0,0.010572630116670265,0
16_17,16,wide_2link,asym_3link,raw_joint,1,0.5400048429366485,0.3542628444328717,0,0,0,16,0.0,0
16_17,16,wide_2link,asym_3link,normalized_copy,1,0.42940890446756863,0.2815085510434639,0,0,0,0,0.0,0
16_17,16,wide_2link,asym_3link,link_scaled,1,0.3910520336167405,0.2590222080519292,0,0,0,0,0.0,0
16_17,16,wide_2link,asym_3link,static_home,1,0.26094410583556393,0.1859866609175534,0,0,0,0,0.2580642132986509,0
16_17,16,wide_2link,asym_3link,target_ik,1,0.27266606895570533,0.196207625948797,0,0,0,16,0.2384245342746088,0
16_17,16,wide_2link,asym_3link,ejar_absolute,1,0.2630590474894233,0.18850341287912128,0,0,0,9,0.24050920584106614,0
16_17,16,wide_2link,asym_3link,ejar_residual_fallback,1,0.2630590474894233,0.18850341287912128,0,0,0,9,0.24050920584106614,0
16_18,16,asym_3link,large_6link,raw_joint,0,0.19664655163631878,0.1235929946543555,0,0,1,0,0.0,0
16_18,16,asym_3link,large_6link,normalized_copy,0,0.23578734191358536,0.13391476780589956,0,0,0,0,0.0,0
16_18,16,asym_3link,large_6link,link_scaled,0,0.26963199900034174,0.14741797780910068,0,0,0,0,0.0,0
16_18,16,asym_3link,large_6link,static_home,0,0.432234435053651,0.22502024230015671,0,0,0,0,0.17252136805274676,0
16_18,16,asym_3link,large_6link,target_ik,0,0.004429664476114204,0.0023335789998670878,1,1,1,0,7.063537161944648e-06,0
16_18,16,asym_3link,large_6link,ejar_absolute,0,0.0061879388422286345,0.0031163361414666157,1,1,1,0,0.0026330062440944537,0
16_18,16,asym_3link,large_6link,ejar_residual_fallback,0,0.0061879388422286345,0.0031163361414666157,1,1,1,0,0.0026330062440944537,0
16_19,16,heavy_3link,long_4link,raw_joint,0,0.3227004904219096,0.18942400516563518,0,0,0,0,0.0,0
16_19,16,heavy_3link,long_4link,normalized_copy,0,0.34683790796303565,0.1965754137427192,0,0,0,0,0.0,0
16_19,16,heavy_3link,long_4link,link_scaled,0,0.34888176879743343,0.19828232015893932,0,0,0,0,0.0,0
16_19,16,heavy_3link,long_4link,static_home,0,0.24999850432693693,0.13305820108832023,0,0,0,0,0.2398354745442285,0
16_19,16,heavy_3link,long_4link,target_ik,0,0.001442129084262568,0.0007893338931186894,1,1,1,0,5.74951011785092e-06,0
16_19,16,heavy_3link,long_4link,ejar_absolute,0,0.0006953311803151862,0.0003550662792259347,1,1,1,0,0.001602622999514507,0
16_19,16,heavy_3link,long_4link,ejar_residual_fallback,0,0.0006953311803151862,0.0003550662792259347,1,1,1,0,0.001602622999514507,0
16_20,16,teacher_2link,wide_2link,raw_joint,0,0.34883686500434363,0.17893867318502882,0,0,0,0,0.0,0
16_20,16,teacher_2link,wide_2link,normalized_copy,0,0.3502774490192896,0.17650840109215826,0,0,0,0,0.0,0
16_20,16,teacher_2link,wide_2link,link_scaled,0,0.36645367212267554,0.18378371763072557,0,0,0,0,0.0,0
16_20,16,teacher_2link,wide_2link,static_home,0,0.36090651224329734,0.19135780250465456,0,0,0,0,0.3224182897168999,0
16_20,16,teacher_2link,wide_2link,target_ik,0,0.05778699071777615,0.011512988544829057,0,1,1,5,0.043265147381844046,0
16_20,16,teacher_2link,wide_2link,ejar_absolute,0,0.056384774448437106,0.012560057266931926,0,1,1,5,0.04216202255751299,0
16_20,16,teacher_2link,wide_2link,ejar_residual_fallback,0,0.056384774448437106,0.012560057266931926,0,1,1,5,0.04216202255751299,0
16_21,16,short_2link,snake_6link,raw_joint,0,0.07566283357608625,0.03982811107882586,0,1,1,0,0.0,0
16_21,16,short_2link,snake_6link,normalized_copy,0,0.07915633906381717,0.041851837050467466,0,1,1,0,0.0,0
16_21,16,short_2link,snake_6link,link_scaled,0,0.057740580186122034,0.030344231192773123,0,1,1,0,0.0,0
16_21,16,short_2link,snake_6link,static_home,0,0.06050046899217391,0.03196249188790161,0,1,1,0,0.06262351566265478,0
16_21,16,short_2link,snake_6link,target_ik,0,0.00012678687658514596,6.57658074229515e-05,1,1,1,0,1.6132035225569694e-06,0
16_21,16,short_2link,snake_6link,ejar_absolute,0,0.0004467680570655659,0.00023010195789176986,1,1,1,0,0.00034520590931107626,0
16_21,16,short_2link,snake_6link,ejar_residual_fallback,0,0.0004467680570655659,0.00023010195789176986,1,1,1,0,0.00034520590931107626,0
16_22,16,long_2link,redundant_4link,raw_joint,0,0.24429776392513963,0.1240235590105149,0,0,0,0,0.0,0
16_22,16,long_2link,redundant_4link,normalized_copy,0,0.31041445642042,0.15659429400457392,0,0,0,0,0.0,0
16_22,16,long_2link,redundant_4link,link_scaled,0,0.3645684885234805,0.18144313434073428,0,0,0,0,0.0,0
16_22,16,long_2link,redundant_4link,static_home,0,0.023280759964886783,0.010959119116038411,1,1,1,0,0.028538012570946732,0
16_22,16,long_2link,redundant_4link,target_ik,0,0.000921452961050374,0.00046241882764140997,1,1,1,0,2.910304926613537e-06,0
16_22,16,long_2link,redundant_4link,ejar_absolute,0,0.001367800492256725,0.0006224003167335114,1,1,1,0,0.00048202336859944224,0
16_22,16,long_2link,redundant_4link,ejar_residual_fallback,0,0.001367800492256725,0.0006224003167335114,1,1,1,0,0.00048202336859944224,0
16_23,16,wide_2link,long_2link,raw_joint,0,0.40056693917915226,0.22597173481478078,0,0,0,9,0.0,0
16_23,16,wide_2link,long_2link,normalized_copy,0,0.18667311480933313,0.11586939208739813,0,0,1,0,0.0,0
16_23,16,wide_2link,long_2link,link_scaled,0,0.027766256748509115,0.011211398805444894,1,1,1,0,0.0,0
16_23,16,wide_2link,long_2link,static_home,0,0.4279982140140292,0.22609277322006827,0,0,0,0,0.37592578318442066,0
16_23,16,wide_2link,long_2link,target_ik,0,0.004044991613336876,0.0023188563222804217,1,1,1,0,9.954384046932786e-06,0
16_23,16,wide_2link,long_2link,ejar_absolute,0,0.0019234458569874064,0.000991100356389162,1,1,1,0,0.0031192075126856714,0
16_23,16,wide_2link,long_2link,ejar_residual_fallback,0,0.0019234458569874064,0.000991100356389162,1,1,1,0,0.0031192075126856714,0
16_24,16,asym_3link,needle_5link,raw_joint,0,0.3886936745391055,0.20554175635805397,0,0,0,0,0.0,0
16_24,16,asym_3link,needle_5link,normalized_copy,0,0.3299182733630031,0.17385892694853777,0,0,0,0,0.0,0
16_24,16,asym_3link,needle_5link,link_scaled,0,0.3192831964908787,0.16811728307290758,0,0,0,0,0.0,0
16_24,16,asym_3link,needle_5link,static_home,0,0.3452013932498651,0.18461555508100788,0,0,0,0,0.14814346252346755,0
16_24,16,asym_3link,needle_5link,target_ik,0,0.001317829281986712,0.0007656528679712146,1,1,1,0,5.547808153457071e-06,0
16_24,16,asym_3link,needle_5link,ejar_absolute,0,0.0007054515113030564,0.0002979344469904567,1,1,1,0,0.0020928927442816726,0
16_24,16,asym_3link,needle_5link,ejar_residual_fallback,0,0.0007054515113030564,0.0002979344469904567,1,1,1,0,0.0020928927442816726,0
16_25,16,heavy_3link,heavy_3link,raw_joint,0,0.21821979542234088,0.11498603906760096,0,0,0,0,0.0,0
16_25,16,heavy_3link,heavy_3link,normalized_copy,0,0.21821979542234088,0.11498603906760096,0,0,0,0,0.0,0
16_25,16,heavy_3link,heavy_3link,link_scaled,0,0.21821979542234088,0.11498603906760096,0,0,0,0,0.0,0
16_25,16,heavy_3link,heavy_3link,static_home,0,0.27919982506129987,0.14967771899890753,0,0,0,0,0.37616477129559284,0
16_25,16,heavy_3link,heavy_3link,target_ik,0,0.002552442968058889,0.0013510477886405975,1,1,1,0,3.4675254759083484e-06,0
16_25,16,heavy_3link,heavy_3link,ejar_absolute,0,0.0015303337281065066,0.000754359219947222,1,1,1,0,0.0013314632411353577,0
16_25,16,heavy_3link,heavy_3link,ejar_residual_fallback,0,0.0015303337281065066,0.000754359219947222,1,1,1,0,0.0013314632411353577,0
16_26,16,teacher_2link,short_2link,raw_joint,0,0.19317271225637733,0.14918927018336609,0,0,1,15,0.0,0
16_26,16,teacher_2link,short_2link,normalized_copy,0,0.16282060610145527,0.12498424806842862,0,0,1,0,0.0,0
16_26,16,teacher_2link,short_2link,link_scaled,0,0.1581357674074536,0.12377684718232064,0,0,1,15,0.0,0
16_26,16,teacher_2link,short_2link,static_home,0,0.01938898930090961,0.008090261794176504,1,1,1,0,0.03463640810741088,0
16_26,16,teacher_2link,short_2link,target_ik,0,0.0024036364439641287,0.0014966670857083815,1,1,1,1,0.004310141252928263,0
16_26,16,teacher_2link,short_2link,ejar_absolute,0,0.002546756735424566,0.0015128107638943565,1,1,1,1,0.005511370031182648,0
16_26,16,teacher_2link,short_2link,ejar_residual_fallback,0,0.002546756735424566,0.0015128107638943565,1,1,1,1,0.005511370031182648,0
16_27,16,short_2link,soft_5link,raw_joint,0,0.2880019836723447,0.14622747573128642,0,0,0,0,0.0,0
16_27,16,short_2link,soft_5link,normalized_copy,0,0.463119989870706,0.2858697596460654,0,0,0,0,0.0,0
16_27,16,short_2link,soft_5link,link_scaled,0,0.4002535937922263,0.22936098862787357,0,0,0,0,0.0,0
16_27,16,short_2link,soft_5link,static_home,0,0.4136066833485878,0.19261569713813126,0,0,0,0,0.32418289850885773,0
16_27,16,short_2link,soft_5link,target_ik,0,0.1947384957138035,0.05847035477088797,0,0,1,11,0.18451140810654296,0
16_27,16,short_2link,soft_5link,ejar_absolute,0,0.19624133011024392,0.061225633258744104,0,0,1,11,0.18586786487051837,0
16_27,16,short_2link,soft_5link,ejar_residual_fallback,0,0.19624133011024392,0.061225633258744104,0,0,1,11,0.18586786487051837,0
16_28,16,long_2link,asym_3link,raw_joint,0,0.035180043695795596,0.019197083638602834,1,1,1,0,0.0,0
16_28,16,long_2link,asym_3link,normalized_copy,0,0.01735085253409542,0.011407022709987604,1,1,1,0,0.0,0
16_28,16,long_2link,asym_3link,link_scaled,0,0.05457620237319815,0.03023418016258261,0,1,1,0,0.0,0
16_28,16,long_2link,asym_3link,static_home,0,0.03302302680669423,0.018114766328847363,1,1,1,0,0.051280923600143385,0
16_28,16,long_2link,asym_3link,target_ik,0,0.000544867773353408,0.00030177402797360904,1,1,1,0,3.600994809175621e-06,0
16_28,16,long_2link,asym_3link,ejar_absolute,0,0.00037617121040423637,0.00020661110555476268,1,1,1,0,0.000403877515865896,0
16_28,16,long_2link,asym_3link,ejar_residual_fallback,0,0.00037617121040423637,0.00020661110555476268,1,1,1,0,0.000403877515865896,0
16_29,16,wide_2link,large_6link,raw_joint,0,0.24571610255971452,0.08972644528533161,0,0,0,6,0.0,0
16_29,16,wide_2link,large_6link,normalized_copy,0,0.11835714388170694,0.054902887762663735,0,0,1,0,0.0,0
16_29,16,wide_2link,large_6link,link_scaled,0,0.2538987845105058,0.13317462387116513,0,0,0,0,0.0,0
16_29,16,wide_2link,large_6link,static_home,0,0.32259060417092816,0.1800883205426218,0,0,0,0,0.39003755943020524,0
16_29,16,wide_2link,large_6link,target_ik,0,0.005352779984716803,0.0031040471386286944,1,1,1,0,2.119471277397934e-06,0
16_29,16,wide_2link,large_6link,ejar_absolute,0,0.005199921149349415,0.0029970570193731793,1,1,1,0,0.0007794934193749794,0
16_29,16,wide_2link,large_6link,ejar_residual_fallback,0,0.005199921149349415,0.0029970570193731793,1,1,1,0,0.0007794934193749794,0
16_30,16,asym_3link,long_4link,raw_joint,0,0.3264279519270048,0.15540252640146968,0,0,0,2,0.0,0
16_30,16,asym_3link,long_4link,normalized_copy,0,0.26519313413650625,0.128230284611952,0,0,0,0,0.0,0
16_30,16,asym_3link,long_4link,link_scaled,0,0.24988395467362756,0.12590771792646283,0,0,0,0,0.0,0
16_30,16,asym_3link,long_4link,static_home,0,0.22497416082637817,0.11497677140834311,0,0,0,0,0.07369003235959845,0
16_30,16,asym_3link,long_4link,target_ik,0,0.23069075360921093,0.11337042168198071,0,0,0,16,0.20587509583113137,0
16_30,16,asym_3link,long_4link,ejar_absolute,0,0.18681228052038498,0.09083464212238875,0,0,1,11,0.16939823275892332,0
16_30,16,asym_3link,long_4link,ejar_residual_fallback,0,0.18681228052038498,0.09083464212238875,0,0,1,11,0.16939823275892332,0
16_31,16,heavy_3link,wide_2link,raw_joint,0,0.08648702497815655,0.04509800974343958,0,1,1,0,0.0,0
16_31,16,heavy_3link,wide_2link,normalized_copy,0,0.08174749984977701,0.042651373582289834,0,1,1,0,0.0,0
16_31,16,heavy_3link,wide_2link,link_scaled,0,0.13198146238936415,0.0690238145824455,0,0,1,0,0.0,0
16_31,16,heavy_3link,wide_2link,static_home,0,0.09734446340704671,0.05146487020372496,0,1,1,0,0.13343932391093,0
16_31,16,heavy_3link,wide_2link,target_ik,0,0.0016144793379034295,0.0008234136941053553,1,1,1,0,9.56679574735501e-06,0
16_31,16,heavy_3link,wide_2link,ejar_absolute,0,0.0019642595437966317,0.0009757726316030793,1,1,1,0,0.0007336167575049093,0
16_31,16,heavy_3link,wide_2link,ejar_residual_fallback,0,0.0019642595437966317,0.0009757726316030793,1,1,1,0,0.0007336167575049093,0
16_32,16,teacher_2link,snake_6link,raw_joint,0,0.3259541946247652,0.18935471679376897,0,0,0,0,0.0,0
16_32,16,teacher_2link,snake_6link,normalized_copy,0,0.3250333939257565,0.18778002671215424,0,0,0,0,0.0,0
16_32,16,teacher_2link,snake_6link,link_scaled,0,0.34365892506629103,0.1994148429782485,0,0,0,0,0.0,0
16_32,16,teacher_2link,snake_6link,static_home,0,0.11832142846728415,0.06188430918072677,0,0,1,0,0.08533249357139595,0
16_32,16,teacher_2link,snake_6link,target_ik,0,0.0009589634345923986,0.0005032527784489705,1,1,1,0,7.799132725317134e-06,0
16_32,16,teacher_2link,snake_6link,ejar_absolute,0,0.002172397845984766,0.0011258851294300956,1,1,1,0,0.0015872328947516838,0
16_32,16,teacher_2link,snake_6link,ejar_residual_fallback,0,0.002172397845984766,0.0011258851294300956,1,1,1,0,0.0015872328947516838,0
16_33,16,short_2link,redundant_4link,raw_joint,0,0.039331871371369176,0.012359900003450884,1,1,1,0,0.0,0
16_33,16,short_2link,redundant_4link,normalized_copy,0,0.04135273322480699,0.018433685432431374,1,1,1,0,0.0,0
16_33,16,short_2link,redundant_4link,link_scaled,0,0.1082547135688931,0.05392248834532267,0,0,1,0,0.0,0
16_33,16,short_2link,redundant_4link,static_home,0,0.1470699168839464,0.0785676089115937,0,0,1,0,0.08933757688929411,0
16_33,16,short_2link,redundant_4link,target_ik,0,0.0028605956932995454,0.0015129674929130394,1,1,1,0,2.9268970773509962e-06,0
16_33,16,short_2link,redundant_4link,ejar_absolute,0,0.002700606341756068,0.0014197630966040283,1,1,1,0,0.0005643300048962988,0
16_33,16,short_2link,redundant_4link,ejar_residual_fallback,0,0.002700606341756068,0.0014197630966040283,1,1,1,0,0.0005643300048962988,0
16_34,16,long_2link,long_2link,raw_joint,1,0.046499047390711395,0.024531094654269087,1,1,1,0,0.0,0
16_34,16,long_2link,long_2link,normalized_copy,1,0.046499047390711395,0.024531094654269087,1,1,1,0,0.0,0
16_34,16,long_2link,long_2link,link_scaled,1,0.046499047390711395,0.024531094654269087,1,1,1,0,0.0,0
16_34,16,long_2link,long_2link,static_home,1,0.055293299976589286,0.030407433343207564,0,1,1,0,0.06275582369572061,0
16_34,16,long_2link,long_2link,target_ik,1,0.00404900617185364,0.0029934784151286558,1,1,1,2,0.002021110031751724,0
16_34,16,long_2link,long_2link,ejar_absolute,1,0.032360457105741314,0.021679291223497182,1,1,1,0,0.03483837564931666,0
16_34,16,long_2link,long_2link,ejar_residual_fallback,1,0.032360457105741314,0.021679291223497182,1,1,1,0,0.03483837564931666,0
16_35,16,wide_2link,needle_5link,raw_joint,0,0.13921604306223734,0.11666716278552033,0,0,1,14,0.0,0
16_35,16,wide_2link,needle_5link,normalized_copy,0,0.12135166381016066,0.07392372710754576,0,0,1,0,0.0,0
16_35,16,wide_2link,needle_5link,link_scaled,0,0.11025687553295309,0.06261719625303157,0,0,1,0,0.0,0
16_35,16,wide_2link,needle_5link,static_home,0,0.18362535978261962,0.11796156601164037,0,0,1,0,0.09717345815096172,0
16_35,16,wide_2link,needle_5link,target_ik,0,0.000666421376344836,0.0004840440432605778,1,1,1,0,2.3437884027446952e-06,0
16_35,16,wide_2link,needle_5link,ejar_absolute,0,0.0006339496825452846,0.0004194942055045401,1,1,1,0,0.0006990003237882618,0
16_35,16,wide_2link,needle_5link,ejar_residual_fallback,0,0.0006339496825452846,0.0004194942055045401,1,1,1,0,0.0006990003237882618,0
16_36,16,asym_3link,heavy_3link,raw_joint,0,0.2257893304688344,0.15730961413036015,0,0,0,13,0.0,0
16_36,16,asym_3link,heavy_3link,normalized_copy,0,0.23003679354589465,0.1604468878273969,0,0,0,0,0.0,0
16_36,16,asym_3link,heavy_3link,link_scaled,0,0.1732726102082063,0.12469601209437284,0,0,1,0,0.0,0
16_36,16,asym_3link,heavy_3link,static_home,0,0.14681716940862846,0.11204839287055851,0,0,1,0,0.0988512262065912,0
16_36,16,asym_3link,heavy_3link,target_ik,0,0.07909211415977362,0.06066350675241338,0,1,1,11,0.06989150703107991,0
16_36,16,asym_3link,heavy_3link,ejar_absolute,0,0.06342512537305948,0.0475880753899632,0,1,1,3,0.06502556850765212,0
16_36,16,asym_3link,heavy_3link,ejar_residual_fallback,0,0.06342512537305948,0.0475880753899632,0,1,1,3,0.06502556850765212,0
16_37,16,heavy_3link,short_2link,raw_joint,0,0.23678757011534374,0.12666283802286515,0,0,0,0,0.0,0
16_37,16,heavy_3link,short_2link,normalized_copy,0,0.27748063667165795,0.15004387006138703,0,0,0,0,0.0,0
16_37,16,heavy_3link,short_2link,link_scaled,0,0.42050584996670587,0.2289432425725157,0,0,0,0,0.0,0
16_37,16,heavy_3link,short_2link,static_home,0,0.14393574835079795,0.07510471841135995,0,0,1,0,0.09243389505725294,0
16_37,16,heavy_3link,short_2link,target_ik,0,0.12773823667472287,0.054027532396526225,0,0,1,15,0.11969861891054276,0
16_37,16,heavy_3link,short_2link,ejar_absolute,0,0.10436997765611175,0.04460887905160241,0,0,1,3,0.10031342735223427,0
16_37,16,heavy_3link,short_2link,ejar_residual_fallback,0,0.10436997765611175,0.04460887905160241,0,0,1,3,0.10031342735223427,0
16_38,16,teacher_2link,soft_5link,raw_joint,0,0.6546455860800882,0.3396396213487293,0,0,0,0,0.0,0
16_38,16,teacher_2link,soft_5link,normalized_copy,0,0.6930701492158882,0.35801765435616417,0,0,0,0,0.0,0
16_38,16,teacher_2link,soft_5link,link_scaled,0,0.728989063218331,0.3764461163430092,0,0,0,0,0.0,0
16_38,16,teacher_2link,soft_5link,static_home,0,0.38856453708242916,0.20672042054248707,0,0,0,0,0.20712628496780952,0
16_38,16,teacher_2link,soft_5link,target_ik,0,0.00201544283143011,0.0010631624513832514,1,1,1,0,4.030399452325931e-06,0
16_38,16,teacher_2link,soft_5link,ejar_absolute,0,0.0014766092037382383,0.0007615590418407264,1,1,1,0,0.0006857068371472902,0
16_38,16,teacher_2link,soft_5link,ejar_residual_fallback,0,0.0014766092037382383,0.0007615590418407264,1,1,1,0,0.0006857068371472902,0
16_39,16,short_2link,asym_3link,raw_joint,0,0.7584711425237497,0.38627385363600075,0,0,0,0,0.0,0
16_39,16,short_2link,asym_3link,normalized_copy,0,0.8883754648040825,0.4701641339482061,0,0,0,0,0.0,0
16_39,16,short_2link,asym_3link,link_scaled,0,0.6113931329737964,0.3337825529952495,0,0,0,0,0.0,0
16_39,16,short_2link,asym_3link,static_home,0,0.1609993789779526,0.11132107406438034,0,0,1,0,0.16484198242460596,0
16_39,16,short_2link,asym_3link,target_ik,0,0.0009297323315542563,0.0006868907182667934,1,1,1,0,1.1986122810961336e-06,0
16_39,16,short_2link,asym_3link,ejar_absolute,0,0.000864836406695208,0.0006668876163688123,1,1,1,0,0.000218341105202863,0
16_39,16,short_2link,asym_3link,ejar_residual_fallback,0,0.000864836406695208,0.0006668876163688123,1,1,1,0,0.000218341105202863,0
16_40,16,long_2link,large_6link,raw_joint,0,0.21844149479337716,0.17704185040216186,0,0,0,15,0.0,0
16_40,16,long_2link,large_6link,normalized_copy,0,0.2591190185590151,0.20432761854884296,0,0,0,0,0.0,0
16_40,16,long_2link,large_6link,link_scaled,0,0.2596789014053598,0.2048919234986225,0,0,0,14,0.0,0
16_40,16,long_2link,large_6link,static_home,0,0.14358993189115057,0.08739031739634151,0,0,1,0,0.07602876701988658,0
16_40,16,long_2link,large_6link,target_ik,0,0.001569396963677409,0.0011249734764774573,1,1,1,0,5.207223831475316e-06,0
16_40,16,long_2link,large_6link,ejar_absolute,0,0.0022550419572588414,0.0014315062601463065,1,1,1,0,0.0015904155170579028,0
16_40,16,long_2link,large_6link,ejar_residual_fallback,0,0.0022550419572588414,0.0014315062601463065,1,1,1,0,0.0015904155170579028,0
16_41,16,wide_2link,long_4link,raw_joint,0,0.4246837192524882,0.30651642767819537,0,0,0,16,0.0,0
16_41,16,wide_2link,long_4link,normalized_copy,0,0.13118780806716626,0.10881869485013304,0,0,1,0,0.0,0
16_41,16,wide_2link,long_4link,link_scaled,0,0.1703976681117507,0.12975157153345862,0,0,1,0,0.0,0
16_41,16,wide_2link,long_4link,static_home,0,0.07088267216788896,0.03878165641709538,0,1,1,0,0.09380670702042615,0
16_41,16,wide_2link,long_4link,target_ik,0,0.0019577379901279408,0.0013938552210641254,1,1,1,0,3.1374621724084685e-06,0
16_41,16,wide_2link,long_4link,ejar_absolute,0,0.00140577166587022,0.0012107988298466097,1,1,1,0,0.0006939035866107428,0
16_41,16,wide_2link,long_4link,ejar_residual_fallback,0,0.00140577166587022,0.0012107988298466097,1,1,1,0,0.0006939035866107428,0
16_42,16,asym_3link,wide_2link,raw_joint,0,0.15687203152684695,0.09898529316847252,0,0,1,0,0.0,0
16_42,16,asym_3link,wide_2link,normalized_copy,0,0.1779074842063703,0.10281582689995672,0,0,1,0,0.0,0
16_42,16,asym_3link,wide_2link,link_scaled,0,0.17881890867488434,0.10318399460895072,0,0,1,9,0.0,0
16_42,16,asym_3link,wide_2link,static_home,0,0.22522516926293604,0.1493184068310261,0,0,0,0,0.06545676954737148,0
16_42,16,asym_3link,wide_2link,target_ik,0,0.13071569337626746,0.07535407328251734,0,0,1,16,0.11131918995090716,0
16_42,16,asym_3link,wide_2link,ejar_absolute,0,0.13088156204305348,0.07471126916111868,0,0,1,5,0.1187894862982131,0
16_42,16,asym_3link,wide_2link,ejar_residual_fallback,0,0.13088156204305348,0.07471126916111868,0,0,1,5,0.1187894862982131,0
16_43,16,heavy_3link,snake_6link,raw_joint,0,0.169283990035192,0.09819902734323498,0,0,1,0,0.0,0
16_43,16,heavy_3link,snake_6link,normalized_copy,0,0.1508885243740953,0.09132189068064109,0,0,1,0,0.0,0
16_43,16,heavy_3link,snake_6link,link_scaled,0,0.2625448267151087,0.15267528505168762,0,0,0,0,0.0,0
16_43,16,heavy_3link,snake_6link,static_home,0,0.38961081604494463,0.20768059455469057,0,0,0,0,0.04509779576917929,0
16_43,16,heavy_3link,snake_6link,target_ik,0,0.0017615985097938942,0.0009379831560230121,1,1,1,0,1.3258248729506373e-05,0
16_43,16,heavy_3link,snake_6link,ejar_absolute,0,0.0014951482787426145,0.0008780284493315447,1,1,1,0,0.0030900614313416523,0
16_43,16,heavy_3link,snake_6link,ejar_residual_fallback,0,0.0014951482787426145,0.0008780284493315447,1,1,1,0,0.0030900614313416523,0
16_44,16,teacher_2link,redundant_4link,raw_joint,0,0.05329727913576953,0.02006135172596222,0,1,1,0,0.0,0
16_44,16,teacher_2link,redundant_4link,normalized_copy,0,0.016634964486104808,0.015270192520721208,1,1,1,0,0.0,0
16_44,16,teacher_2link,redundant_4link,link_scaled,0,0.016634964486104808,0.015270192520721208,1,1,1,0,0.0,0
16_44,16,teacher_2link,redundant_4link,static_home,0,0.03728773299592546,0.02152230113539349,1,1,1,0,0.13024782672615476,0
16_44,16,teacher_2link,redundant_4link,target_ik,0,0.0023532151080215306,0.0011658601339570819,1,1,1,0,4.589264654360159e-06,0
16_44,16,teacher_2link,redundant_4link,ejar_absolute,0,0.002336325370632146,0.0008729823074782468,1,1,1,0,0.0009053256132129125,0
16_44,16,teacher_2link,redundant_4link,ejar_residual_fallback,0,0.002336325370632146,0.0008729823074782468,1,1,1,0,0.0009053256132129125,0
16_45,16,short_2link,long_2link,raw_joint,0,0.2659626201636657,0.14289485583967412,0,0,0,0,0.0,0
16_45,16,short_2link,long_2link,normalized_copy,0,0.12946457236557998,0.06986005968377502,0,0,1,0,0.0,0
16_45,16,short_2link,long_2link,link_scaled,0,0.10780206635849834,0.05643379711232033,0,0,1,0,0.0,0
16_45,16,short_2link,long_2link,static_home,0,0.09224821068388195,0.047850171598826104,0,1,1,0,0.013861129403660915,0
16_45,16,short_2link,long_2link,target_ik,0,0.010164296185970707,0.009746953621134919,1,1,1,2,0.010534558733572891,0
16_45,16,short_2link,long_2link,ejar_absolute,0,0.011194011943463054,0.00886808724310053,1,1,1,0,0.015592487060975322,0
16_45,16,short_2link,long_2link,ejar_residual_fallback,0,0.011194011943463054,0.00886808724310053,1,1,1,0,0.015592487060975322,0
16_46,16,long_2link,needle_5link,raw_joint,0,0.19404071231570963,0.08356742798637971,0,0,1,0,0.0,0
16_46,16,long_2link,needle_5link,normalized_copy,0,0.16747814342996373,0.07852531251219086,0,0,1,0,0.0,0
16_46,16,long_2link,needle_5link,link_scaled,0,0.15990914430019923,0.07802030692502729,0,0,1,1,0.0,0
16_46,16,long_2link,needle_5link,static_home,0,0.5009292544182553,0.26495754360397805,0,0,0,0,0.14236456043421916,0
16_46,16,long_2link,needle_5link,target_ik,0,0.011455657331859315,0.004349593555130661,1,1,1,1,0.0008414343950395277,0
16_46,16,long_2link,needle_5link,ejar_absolute,0,0.01649339481983828,0.006809995067339764,1,1,1,0,0.006184890028850277,0
16_46,16,long_2link,needle_5link,ejar_residual_fallback,0,0.01649339481983828,0.006809995067339764,1,1,1,0,0.006184890028850277,0
16_47,16,wide_2link,heavy_3link,raw_joint,0,0.19477354682122955,0.15031274686633328,0,0,1,15,0.0,0
16_47,16,wide_2link,heavy_3link,normalized_copy,0,0.09727764708908536,0.07081057540008232,0,1,1,0,0.0,0
16_47,16,wide_2link,heavy_3link,link_scaled,0,0.05956767667324369,0.042119161537680735,0,1,1,0,0.0,0
16_47,16,wide_2link,heavy_3link,static_home,0,0.02187074556983539,0.01788073181208218,1,1,1,0,0.03383478768993511,0
16_47,16,wide_2link,heavy_3link,target_ik,0,0.00027909998802716577,0.00023073631431146254,1,1,1,0,1.3348836105023201e-06,0
16_47,16,wide_2link,heavy_3link,ejar_absolute,0,0.000446221515460957,0.00037212431002866983,1,1,1,0,0.0002563933454591324,0
16_47,16,wide_2link,heavy_3link,ejar_residual_fallback,0,0.000446221515460957,0.00037212431002866983,1,1,1,0,0.0002563933454591324,0
16_48,16,asym_3link,short_2link,raw_joint,0,0.24407201007906731,0.12994774118889008,0,0,0,0,0.0,0
16_48,16,asym_3link,short_2link,normalized_copy,0,0.2996433502521714,0.16017822826212277,0,0,0,0,0.0,0
16_48,16,asym_3link,short_2link,link_scaled,0,0.3846025732938737,0.2058787518841766,0,0,0,0,0.0,0
16_48,16,asym_3link,short_2link,static_home,0,0.12202060808152794,0.0647762779979544,0,0,1,0,0.14121535689606127,0
16_48,16,asym_3link,short_2link,target_ik,0,0.12774812802320004,0.06797133443360791,0,0,1,16,0.12185268695233573,0
16_48,16,asym_3link,short_2link,ejar_absolute,0,0.08152091745616673,0.04221155574287981,0,1,1,0,0.08112690108194538,0
16_48,16,asym_3link,short_2link,ejar_residual_fallback,0,0.08152091745616673,0.04221155574287981,0,1,1,0,0.08112690108194538,0
16_49,16,heavy_3link,soft_5link,raw_joint,0,0.14624919572182316,0.08930667808866102,0,0,1,0,0.0,0
16_49,16,heavy_3link,soft_5link,normalized_copy,0,0.1086222543987922,0.0667083274779105,0,0,1,0,0.0,0
16_49,16,heavy_3link,soft_5link,link_scaled,0,0.048102694356027924,0.07841741557726467,1,1,1,0,0.0,0
16_49,16,heavy_3link,soft_5link,static_home,0,0.21377620630019042,0.11759723949922914,0,0,0,0,0.23742162601911126,0
16_49,16,heavy_3link,soft_5link,target_ik,0,0.005012298725348293,0.002749247507734756,1,1,1,0,3.672341394895766e-06,0
16_49,16,heavy_3link,soft_5link,ejar_absolute,0,0.004609547271403343,0.002493154981962305,1,1,1,0,0.0005735361437316651,0
16_49,16,heavy_3link,soft_5link,ejar_residual_fallback,0,0.004609547271403343,0.002493154981962305,1,1,1,0,0.0005735361437316651,0
16_50,16,teacher_2link,asym_3link,raw_joint,0,0.30560896380405717,0.165377646871389,0,0,0,0,0.0,0
16_50,16,teacher_2link,asym_3link,normalized_copy,0,0.41497471200109476,0.23752459203233423,0,0,0,0,0.0,0
16_50,16,teacher_2link,asym_3link,link_scaled,0,0.4248056426943473,0.242907891054971,0,0,0,1,0.0,0
16_50,16,teacher_2link,asym_3link,static_home,0,0.10263867280729505,0.05248181058736565,0,0,1,0,0.10580678338594067,0
16_50,16,teacher_2link,asym_3link,target_ik,0,0.11789563621321715,0.0582478476213394,0,0,1,15,0.0953678613667737,0
16_50,16,teacher_2link,asym_3link,ejar_absolute,0,0.09627394467359982,0.046656663778232604,0,1,1,0,0.09466228899805607,0
16_50,16,teacher_2link,asym_3link,ejar_residual_fallback,0,0.09627394467359982,0.046656663778232604,0,1,1,0,0.09466228899805607,0
16_51,16,short_2link,large_6link,raw_joint,1,0.044290480077272945,0.020934307922784813,1,1,1,0,0.0,0
16_51,16,short_2link,large_6link,normalized_copy,1,0.14734148028732066,0.07221474594898132,0,0,1,0,0.0,0
16_51,16,short_2link,large_6link,link_scaled,1,0.12251092472673673,0.06206811754088776,0,0,1,0,0.0,0
16_51,16,short_2link,large_6link,static_home,1,0.03747759808070747,0.02060634984784602,1,1,1,0,0.03813659427701453,0
16_51,16,short_2link,large_6link,target_ik,1,0.003776518581016532,0.0033612870990802415,1,1,1,1,0.002823314764704648,0
16_51,16,short_2link,large_6link,ejar_absolute,1,0.009486910280170284,0.007820505272990302,1,1,1,0,0.011325386606371859,0
16_51,16,short_2link,large_6link,ejar_residual_fallback,1,0.009486910280170284,0.007820505272990302,1,1,1,0,0.011325386606371859,0
16_52,16,long_2link,long_4link,raw_joint,0,0.33932151284467754,0.20250850982321866,0,0,0,0,0.0,0
16_52,16,long_2link,long_4link,normalized_copy,0,0.4037515229219994,0.24394659166321456,0,0,0,0,0.0,0
16_52,16,long_2link,long_4link,link_scaled,0,0.4023309083331142,0.24462352724296774,0,0,0,0,0.0,0
16_52,16,long_2link,long_4link,static_home,0,0.3705666005359237,0.19003637424260977,0,0,0,0,0.4010689826612763,0
16_52,16,long_2link,long_4link,target_ik,0,0.006269369184245354,0.003534994688927528,1,1,1,0,8.598587285649985e-06,0
16_52,16,long_2link,long_4link,ejar_absolute,0,0.005264377198079094,0.0028324532726733396,1,1,1,0,0.0018697957380313787,0
16_52,16,long_2link,long_4link,ejar_residual_fallback,0,0.005264377198079094,0.0028324532726733396,1,1,1,0,0.0018697957380313787,0
16_53,16,wide_2link,wide_2link,raw_joint,0,0.07648319897902345,0.0927032422250145,0,1,1,0,0.0,0
16_53,16,wide_2link,wide_2link,normalized_copy,0,0.07648319897902345,0.0927032422250145,0,1,1,0,0.0,0
16_53,16,wide_2link,wide_2link,link_scaled,0,0.07648319897902345,0.0927032422250145,0,1,1,0,0.0,0
16_53,16,wide_2link,wide_2link,static_home,0,0.29078812424601097,0.19662314125213495,0,0,0,0,0.027310290147455684,0
16_53,16,wide_2link,wide_2link,target_ik,0,0.039204422494142924,0.03757596896230016,1,1,1,6,0.052029861639076885,0
16_53,16,wide_2link,wide_2link,ejar_absolute,0,0.0405582861546866,0.03805943352962647,1,1,1,6,0.05327231586481849,0
16_53,16,wide_2link,wide_2link,ejar_residual_fallback,0,0.0405582861546866,0.03805943352962647,1,1,1,6,0.05327231586481849,0
16_54,16,asym_3link,snake_6link,raw_joint,0,0.5836456196602167,0.3018391477678858,0,0,0,0,0.0,0
16_54,16,asym_3link,snake_6link,normalized_copy,0,0.4574749722051374,0.23320731055076008,0,0,0,0,0.0,0
16_54,16,asym_3link,snake_6link,link_scaled,0,0.4674772129217008,0.23800482533872042,0,0,0,0,0.0,0
16_54,16,asym_3link,snake_6link,static_home,0,0.2680858223523917,0.1384906614852497,0,0,0,0,0.012240239730928262,0
16_54,16,asym_3link,snake_6link,target_ik,0,0.025637992940326877,0.006091558585393406,1,1,1,6,0.020766379714109884,0
16_54,16,asym_3link,snake_6link,ejar_absolute,0,0.031856575477778114,0.0119601436842958,1,1,1,4,0.026462412829154076,0
16_54,16,asym_3link,snake_6link,ejar_residual_fallback,0,0.031856575477778114,0.0119601436842958,1,1,1,4,0.026462412829154076,0
16_55,16,heavy_3link,redundant_4link,raw_joint,0,0.9295385877110923,0.508687044727964,0,0,0,1,0.0,0
16_55,16,heavy_3link,redundant_4link,normalized_copy,0,0.8845517931035167,0.464782832471249,0,0,0,0,0.0,0
16_55,16,heavy_3link,redundant_4link,link_scaled,0,1.0464169953123825,0.5522235662217484,0,0,0,0,0.0,0
16_55,16,heavy_3link,redundant_4link,static_home,0,0.39931636288047617,0.21034183363783351,0,0,0,0,0.392307578011122,0
16_55,16,heavy_3link,redundant_4link,target_ik,0,0.007789500484654984,0.004392574943873625,1,1,1,0,1.076856715301743e-05,0
16_55,16,heavy_3link,redundant_4link,ejar_absolute,0,0.006863901289380364,0.0037375033674398846,1,1,1,0,0.0020220698403848074,0
16_55,16,heavy_3link,redundant_4link,ejar_residual_fallback,0,0.006863901289380364,0.0037375033674398846,1,1,1,0,0.0020220698403848074,0
16_56,16,teacher_2link,long_2link,raw_joint,0,0.2873173421617827,0.15423869447220373,0,0,0,0,0.0,0
16_56,16,teacher_2link,long_2link,normalized_copy,0,0.23344354929910432,0.12514838225555142,0,0,0,0,0.0,0
16_56,16,teacher_2link,long_2link,link_scaled,0,0.20170312834025966,0.10795684040381946,0,0,0,0,0.0,0
16_56,16,teacher_2link,long_2link,static_home,0,0.2058371623961167,0.10946312832971039,0,0,0,0,0.06273781863160818,0
16_56,16,teacher_2link,long_2link,target_ik,0,0.00118089781590974,0.0006954591993192879,1,1,1,0,7.729931474700281e-06,0
16_56,16,teacher_2link,long_2link,ejar_absolute,0,0.0014033018996771683,0.0008344580441210821,1,1,1,0,0.0024638463461539428,0
16_56,16,teacher_2link,long_2link,ejar_residual_fallback,0,0.0014033018996771683,0.0008344580441210821,1,1,1,0,0.0024638463461539428,0
16_57,16,short_2link,needle_5link,raw_joint,0,0.5871180374201737,0.3242380665476057,0,0,0,0,0.0,0
16_57,16,short_2link,needle_5link,normalized_copy,0,0.39353866806698234,0.22314274340385123,0,0,0,0,0.0,0
16_57,16,short_2link,needle_5link,link_scaled,0,0.3342618431988791,0.18511432943671313,0,0,0,0,0.0,0
16_57,16,short_2link,needle_5link,static_home,0,0.39028843546584574,0.21303787471038813,0,0,0,0,0.14419076264819922,0
16_57,16,short_2link,needle_5link,target_ik,0,0.004061917272510264,0.0025772289091076472,1,1,1,0,3.2429703019257484e-05,0
16_57,16,short_2link,needle_5link,ejar_absolute,0,0.009777178038287208,0.005223329050816778,1,1,1,0,0.005871797339984535,0
16_57,16,short_2link,needle_5link,ejar_residual_fallback,0,0.009777178038287208,0.005223329050816778,1,1,1,0,0.005871797339984535,0
16_58,16,long_2link,heavy_3link,raw_joint,0,0.00313530455244068,0.0016298283562651687,1,1,1,0,0.0,0
16_58,16,long_2link,heavy_3link,normalized_copy,0,0.005563806847379357,0.0029127390721977535,1,1,1,0,0.0,0
16_58,16,long_2link,heavy_3link,link_scaled,0,0.005581241110854373,0.0029215908281364058,1,1,1,0,0.0,0
16_58,16,long_2link,heavy_3link,static_home,0,0.00501586177034874,0.0026399142484772003,1,1,1,0,0.005310495814444292,0
16_58,16,long_2link,heavy_3link,target_ik,0,4.692566956677026e-07,2.489059927614096e-07,1,1,1,0,4.065935620824852e-08,0
16_58,16,long_2link,heavy_3link,ejar_absolute,0,1.555254412025193e-05,8.425531745537691e-06,1,1,1,0,1.5174319536773234e-05,0
16_58,16,long_2link,heavy_3link,ejar_residual_fallback,0,1.555254412025193e-05,8.425531745537691e-06,1,1,1,0,1.5174319536773234e-05,0
16_59,16,wide_2link,short_2link,raw_joint,0,0.11414251111533753,0.07292991960779455,0,0,1,2,0.0,0
16_59,16,wide_2link,short_2link,normalized_copy,0,0.21128573734434247,0.12582973846367335,0,0,0,0,0.0,0
16_59,16,wide_2link,short_2link,link_scaled,0,0.297076929333483,0.17951838689343255,0,0,0,1,0.0,0
16_59,16,wide_2link,short_2link,static_home,0,0.22712209442176123,0.11787835062304261,0,0,0,0,0.2197770195672224,0
16_59,16,wide_2link,short_2link,target_ik,0,0.004792233398824488,0.0030583022694145546,1,1,1,3,0.002443515477803691,0
16_59,16,wide_2link,short_2link,ejar_absolute,0,0.0043032691390678494,0.0029488785592873008,1,1,1,0,0.00960790138527651,0
16_59,16,wide_2link,short_2link,ejar_residual_fallback,0,0.0043032691390678494,0.0029488785592873008,1,1,1,0,0.00960790138527651,0
16_60,16,asym_3link,soft_5link,raw_joint,0,0.4226836791759404,0.20245687261563652,0,0,0,0,0.0,0
16_60,16,asym_3link,soft_5link,normalized_copy,0,0.5499485557053252,0.2671541723986959,0,0,0,0,0.0,0
16_60,16,asym_3link,soft_5link,link_scaled,0,0.574116073257819,0.27893002746777634,0,0,0,0,0.0,0
16_60,16,asym_3link,soft_5link,static_home,0,0.3295172911070903,0.1702030876103856,0,0,0,0,0.2576335209255118,0
16_60,16,asym_3link,soft_5link,target_ik,0,0.07851299957795844,0.01944844978610761,0,1,1,9,0.07001101500856062,0
16_60,16,asym_3link,soft_5link,ejar_absolute,0,0.07875888123975307,0.021495235960206565,0,1,1,7,0.06981704332996466,0
16_60,16,asym_3link,soft_5link,ejar_residual_fallback,0,0.07875888123975307,0.021495235960206565,0,1,1,7,0.06981704332996466,0
16_61,16,heavy_3link,asym_3link,raw_joint,0,0.15922231156000374,0.0894373414188307,0,0,1,12,0.0,0
16_61,16,heavy_3link,asym_3link,normalized_copy,0,0.18946993371503545,0.11016387795725964,0,0,1,0,0.0,0
16_61,16,heavy_3link,asym_3link,link_scaled,0,0.2032954696603579,0.12042188018752309,0,0,0,14,0.0,0
16_61,16,heavy_3link,asym_3link,static_home,0,0.20851296949155315,0.12722388979810062,0,0,0,0,0.07757011269851498,0
16_61,16,heavy_3link,asym_3link,target_ik,0,0.1648849329745693,0.09041791940054017,0,0,1,16,0.14410146178894204,0
16_61,16,heavy_3link,asym_3link,ejar_absolute,0,0.14913019748489434,0.08137463690167546,0,0,1,6,0.1448168816595605,0
16_61,16,heavy_3link,asym_3link,ejar_residual_fallback,0,0.14913019748489434,0.08137463690167546,0,0,1,6,0.1448168816595605,0
16_62,16,teacher_2link,large_6link,raw_joint,0,0.5596009347698867,0.3042658222673428,0,0,0,11,0.0,0
16_62,16,teacher_2link,large_6link,normalized_copy,0,0.6201529585993372,0.3521255463151678,0,0,0,0,0.0,0
16_62,16,teacher_2link,large_6link,link_scaled,0,0.5250432810961485,0.2906800023981121,0,0,0,0,0.0,0
16_62,16,teacher_2link,large_6link,static_home,0,0.13744162256665302,0.0599422072544551,0,0,1,0,0.16965401642703518,0
16_62,16,teacher_2link,large_6link,target_ik,0,0.0015175674183008653,0.0006263192675670503,1,1,1,0,9.40933904406496e-06,0
16_62,16,teacher_2link,large_6link,ejar_absolute,0,0.0019754829025501798,0.0009313270236397344,1,1,1,0,0.0029172476762146936,0
16_62,16,teacher_2link,large_6link,ejar_residual_fallback,0,0.0019754829025501798,0.0009313270236397344,1,1,1,0,0.0029172476762146936,0
16_63,16,short_2link,long_4link,raw_joint,0,0.6980910357904501,0.3758000093625768,0,0,0,0,0.0,0
16_63,16,short_2link,long_4link,normalized_copy,0,0.24961371197096546,0.14691376181279292,0,0,0,0,0.0,0
16_63,16,short_2link,long_4link,link_scaled,0,0.08160079762694777,0.03595607715527152,0,1,1,0,0.0,0
16_63,16,short_2link,long_4link,static_home,0,0.22492521413773087,0.1200326334051767,0,0,0,0,0.32977445141494977,0
16_63,16,short_2link,long_4link,target_ik,0,0.002382248261277699,0.0011425106609159515,1,1,1,0,1.632029338785055e-05,0
16_63,16,short_2link,long_4link,ejar_absolute,0,0.00590910436452111,0.0025814698256597796,1,1,1,0,0.003682987331764128,0
16_63,16,short_2link,long_4link,ejar_residual_fallback,0,0.00590910436452111,0.0025814698256597796,1,1,1,0,0.003682987331764128,0
16_64,16,long_2link,wide_2link,raw_joint,0,0.09977359187274097,0.06369747182076343,0,1,1,0,0.0,0
16_64,16,long_2link,wide_2link,normalized_copy,0,0.20936773827495322,0.13650788317944826,0,0,0,0,0.0,0
16_64,16,long_2link,wide_2link,link_scaled,0,0.19875172747430878,0.13108453913187207,0,0,1,15,0.0,0
16_64,16,long_2link,wide_2link,static_home,0,0.028898806326587406,0.025379012021350938,1,1,1,0,0.06438681203206867,0
16_64,16,long_2link,wide_2link,target_ik,0,0.0029753850579976033,0.0016489173348795958,1,1,1,0,1.5153828634675564e-05,0
16_64,16,long_2link,wide_2link,ejar_absolute,0,0.0029350531968458434,0.001902646735430881,1,1,1,0,0.0013988831282246833,0
16_64,16,long_2link,wide_2link,ejar_residual_fallback,0,0.0029350531968458434,0.001902646735430881,1,1,1,0,0.0013988831282246833,0
16_65,16,wide_2link,snake_6link,raw_joint,0,0.039241893488351866,0.034965192538763,1,1,1,16,0.0,0
16_65,16,wide_2link,snake_6link,normalized_copy,0,0.04484423826038563,0.03091389483101638,1,1,1,0,0.0,0
16_65,16,wide_2link,snake_6link,link_scaled,0,0.04305082642304304,0.028499498134791613,1,1,1,0,0.0,0
16_65,16,wide_2link,snake_6link,static_home,0,0.030912334983174142,0.016819058888059193,1,1,1,0,0.01945608042825362,0
16_65,16,wide_2link,snake_6link,target_ik,0,0.00026192716069031155,0.00016704313524950367,1,1,1,0,3.7774639063232472e-06,0
16_65,16,wide_2link,snake_6link,ejar_absolute,0,0.0009709332279788578,0.0005249249912603784,1,1,1,0,0.0007258442011976052,0
16_65,16,wide_2link,snake_6link,ejar_residual_fallback,0,0.0009709332279788578,0.0005249249912603784,1,1,1,0,0.0007258442011976052,0
16_66,16,asym_3link,redundant_4link,raw_joint,0,0.0757106259387879,0.0530932624525047,0,1,1,13,0.0,0
16_66,16,asym_3link,redundant_4link,normalized_copy,0,0.07965535202651258,0.05003754727307077,0,1,1,0,0.0,0
16_66,16,asym_3link,redundant_4link,link_scaled,0,0.07623381728911087,0.04773814175227829,0,1,1,0,0.0,0
16_66,16,asym_3link,redundant_4link,static_home,0,0.13700635936906788,0.08739178304493028,0,0,1,0,0.14117962505469914,0
16_66,16,asym_3link,redundant_4link,target_ik,0,0.0020103783631168367,0.0014161169317115302,1,1,1,0,1.9287743307517743e-05,0
16_66,16,asym_3link,redundant_4link,ejar_absolute,0,0.004510084092086231,0.0028135322269467957,1,1,1,0,0.0027788135224264474,0
16_66,16,asym_3link,redundant_4link,ejar_residual_fallback,0,0.004510084092086231,0.0028135322269467957,1,1,1,0,0.0027788135224264474,0
16_67,16,heavy_3link,long_2link,raw_joint,0,0.20763830053252694,0.12323093784559054,0,0,0,0,0.0,0
16_67,16,heavy_3link,long_2link,normalized_copy,0,0.19203680662490327,0.11742648209858,0,0,1,0,0.0,0
16_67,16,heavy_3link,long_2link,link_scaled,0,0.1930416783687103,0.11776366969287959,0,0,1,0,0.0,0
16_67,16,heavy_3link,long_2link,static_home,0,0.1342575521232752,0.07029694781366777,0,0,1,0,0.18421582501591682,0
16_67,16,heavy_3link,long_2link,target_ik,0,0.0014048743280538263,0.0007278980825454751,1,1,1,0,1.6958589637340235e-06,0
16_67,16,heavy_3link,long_2link,ejar_absolute,0,0.0017727556965550612,0.0009016259429461958,1,1,1,0,0.0004927285767790655,0
16_67,16,heavy_3link,long_2link,ejar_residual_fallback,0,0.0017727556965550612,0.0009016259429461958,1,1,1,0,0.0004927285767790655,0
16_68,16,teacher_2link,needle_5link,raw_joint,1,0.48911394355863624,0.27470825392621806,0,0,0,0,0.0,0
16_68,16,teacher_2link,needle_5link,normalized_copy,1,0.3724290027428955,0.20650981518116218,0,0,0,0,0.0,0
16_68,16,teacher_2link,needle_5link,link_scaled,1,0.36741469141060007,0.20216181967777536,0,0,0,0,0.0,0
16_68,16,teacher_2link,needle_5link,static_home,1,0.36784904945776564,0.19685274226462596,0,0,0,0,0.3805975059579572,0
16_68,16,teacher_2link,needle_5link,target_ik,1,0.10247576144786542,0.08852268338256505,0,0,1,10,0.11817462754048934,0
16_68,16,teacher_2link,needle_5link,ejar_absolute,1,0.04187396387908663,0.04078983960521025,1,1,1,5,0.06298351530939059,0
16_68,16,teacher_2link,needle_5link,ejar_residual_fallback,1,0.04187396387908663,0.04078983960521025,1,1,1,5,0.06298351530939059,0
16_69,16,short_2link,heavy_3link,raw_joint,0,0.40293561511099957,0.16435093290131442,0,0,0,5,0.0,0
16_69,16,short_2link,heavy_3link,normalized_copy,0,0.3663258243083906,0.15219744353172804,0,0,0,0,0.0,0
16_69,16,short_2link,heavy_3link,link_scaled,0,0.1781130844630276,0.08433281792796976,0,0,1,0,0.0,0
16_69,16,short_2link,heavy_3link,static_home,0,0.0745247989769242,0.03968987409690238,0,1,1,0,0.05038431660872981,0
16_69,16,short_2link,heavy_3link,target_ik,0,0.00026967739690234943,0.00015485132178452504,1,1,1,0,2.124050532154455e-06,0
16_69,16,short_2link,heavy_3link,ejar_absolute,0,0.00029269429477704964,0.00015728003009403928,1,1,1,0,0.0004849179975291107,0
16_69,16,short_2link,heavy_3link,ejar_residual_fallback,0,0.00029269429477704964,0.00015728003009403928,1,1,1,0,0.0004849179975291107,0
16_70,16,long_2link,short_2link,raw_joint,0,0.31448965230004244,0.166561026502575,0,0,0,0,0.0,0
16_70,16,long_2link,short_2link,normalized_copy,0,0.33238750418611623,0.17561311901897153,0,0,0,0,0.0,0
16_70,16,long_2link,short_2link,link_scaled,0,0.41885026032879047,0.2294512675718051,0,0,0,0,0.0,0
16_70,16,long_2link,short_2link,static_home,0,0.20465150780281197,0.11273042753720636,0,0,0,0,0.08954172997012738,0
16_70,16,long_2link,short_2link,target_ik,0,0.004424446062738453,0.002574677924754693,1,1,1,0,2.7403463052315494e-05,0
16_70,16,long_2link,short_2link,ejar_absolute,0,0.002635133203245743,0.0013885776313734889,1,1,1,0,0.0048808272467414935,0
16_70,16,long_2link,short_2link,ejar_residual_fallback,0,0.002635133203245743,0.0013885776313734889,1,1,1,0,0.0048808272467414935,0
16_71,16,wide_2link,soft_5link,raw_joint,0,0.1102967509494517,0.08251873549287933,0,0,1,0,0.0,0
16_71,16,wide_2link,soft_5link,normalized_copy,0,0.11755728135575023,0.05366299461140935,0,0,1,0,0.0,0
16_71,16,wide_2link,soft_5link,link_scaled,0,0.1150625639807847,0.05215568426971754,0,0,1,0,0.0,0
16_71,16,wide_2link,soft_5link,static_home,0,0.21189540066374865,0.1112188636129815,0,0,0,0,0.04518095635292755,0
16_71,16,wide_2link,soft_5link,target_ik,0,0.000933149308633117,0.0004896688085087276,1,1,1,0,2.8776830543120932e-06,0
16_71,16,wide_2link,soft_5link,ejar_absolute,0,0.001356045317612795,0.0006902817419567943,1,1,1,0,0.0005663703934389488,0
16_71,16,wide_2link,soft_5link,ejar_residual_fallback,0,0.001356045317612795,0.0006902817419567943,1,1,1,0,0.0005663703934389488,0
16_72,16,asym_3link,asym_3link,raw_joint,0,0.05860512113036449,0.037894819171640386,0,1,1,0,0.0,0
16_72,16,asym_3link,asym_3link,normalized_copy,0,0.05860512113036449,0.037894819171640386,0,1,1,0,0.0,0
16_72,16,asym_3link,asym_3link,link_scaled,0,0.05860512113036449,0.037894819171640386,0,1,1,0,0.0,0
16_72,16,asym_3link,asym_3link,static_home,0,0.2081563263086104,0.15653399725856287,0,0,0,0,0.08789971194842663,0
16_72,16,asym_3link,asym_3link,target_ik,0,0.02027672406511766,0.016864844489400024,1,1,1,6,0.013441946641414565,0
16_72,16,asym_3link,asym_3link,ejar_absolute,0,0.02578908856759055,0.019677287602736068,1,1,1,5,0.019157483464205843,0
16_72,16,asym_3link,asym_3link,ejar_residual_fallback,0,0.02578908856759055,0.019677287602736068,1,1,1,5,0.019157483464205843,0
16_73,16,heavy_3link,large_6link,raw_joint,0,0.4119001044974745,0.296533120481854,0,0,0,9,0.0,0
16_73,16,heavy_3link,large_6link,normalized_copy,0,0.20696659119911753,0.14883161944341428,0,0,0,0,0.0,0
16_73,16,heavy_3link,large_6link,link_scaled,0,0.20708029996988497,0.14895259443336728,0,0,0,7,0.0,0
16_73,16,heavy_3link,large_6link,static_home,0,0.04014247556286294,0.03018994652721641,1,1,1,0,0.09933551616731412,0
16_73,16,heavy_3link,large_6link,target_ik,0,0.0011630947546038793,0.0008352118527823231,1,1,1,0,3.684272419175742e-06,0
16_73,16,heavy_3link,large_6link,ejar_absolute,0,0.0014259216906565455,0.0011338479765977075,1,1,1,0,0.0009390299662923036,0
16_73,16,heavy_3link,large_6link,ejar_residual_fallback,0,0.0014259216906565455,0.0011338479765977075,1,1,1,0,0.0009390299662923036,0
16_74,16,teacher_2link,long_4link,raw_joint,0,0.42715171009532504,0.28345638640695014,0,0,0,15,0.0,0
16_74,16,teacher_2link,long_4link,normalized_copy,0,0.43925069991454213,0.29192135920102785,0,0,0,0,0.0,0
16_74,16,teacher_2link,long_4link,link_scaled,0,0.3816689601917952,0.2514776377232424,0,0,0,0,0.0,0
16_74,16,teacher_2link,long_4link,static_home,0,0.2022256026792293,0.1387220148256768,0,0,0,0,0.20128437490677273,0
16_74,16,teacher_2link,long_4link,target_ik,0,0.0024674284288218017,0.0018023870707391384,1,1,1,0,7.50151084078362e-06,0
16_74,16,teacher_2link,long_4link,ejar_absolute,0,0.0012606589228086659,0.0011036907320614877,1,1,1,0,0.0023159918648049185,0
16_74,16,teacher_2link,long_4link,ejar_residual_fallback,0,0.0012606589228086659,0.0011036907320614877,1,1,1,0,0.0023159918648049185,0
16_75,16,short_2link,wide_2link,raw_joint,0,0.06274166691426722,0.049423146288890496,0,1,1,0,0.0,0
16_75,16,short_2link,wide_2link,normalized_copy,0,0.052434962612014156,0.0443812049870658,0,1,1,0,0.0,0
16_75,16,short_2link,wide_2link,link_scaled,0,0.04176053534877956,0.03513191723963717,1,1,1,0,0.0,0
16_75,16,short_2link,wide_2link,static_home,0,0.003869981860324593,0.004608400913424693,1,1,1,0,0.008840505392980865,0
16_75,16,short_2link,wide_2link,target_ik,0,0.0012464115420920284,0.0010086882519763887,1,1,1,0,0.0003735879078634419,0
16_75,16,short_2link,wide_2link,ejar_absolute,0,0.0007042681023507358,0.0007859392840046998,1,1,1,0,0.0038239574772951043,0
16_75,16,short_2link,wide_2link,ejar_residual_fallback,0,0.0007042681023507358,0.0007859392840046998,1,1,1,0,0.0038239574772951043,0
16_76,16,long_2link,snake_6link,raw_joint,0,0.15165887279725362,0.07434489144982753,0,0,1,0,0.0,0
16_76,16,long_2link,snake_6link,normalized_copy,0,0.16587276286671115,0.07761862078063182,0,0,1,0,0.0,0
16_76,16,long_2link,snake_6link,link_scaled,0,0.20743066692442008,0.09335408249683927,0,0,0,3,0.0,0
16_76,16,long_2link,snake_6link,static_home,0,0.11506572470777147,0.05977810332898388,0,0,1,0,0.054784224404545896,0
16_76,16,long_2link,snake_6link,target_ik,0,0.001783716188574495,0.0009317164644876264,1,1,1,0,4.487871247146181e-06,0
16_76,16,long_2link,snake_6link,ejar_absolute,0,0.002228101547001873,0.0011697875557719903,1,1,1,0,0.0008442943163184352,0
16_76,16,long_2link,snake_6link,ejar_residual_fallback,0,0.002228101547001873,0.0011697875557719903,1,1,1,0,0.0008442943163184352,0
16_77,16,wide_2link,redundant_4link,raw_joint,0,0.4255716270709627,0.32621864311900384,0,0,0,16,0.0,0
16_77,16,wide_2link,redundant_4link,normalized_copy,0,0.4262450632359376,0.30129298702066565,0,0,0,0,0.0,0
16_77,16,wide_2link,redundant_4link,link_scaled,0,0.36383001432666034,0.2512354557734461,0,0,0,0,0.0,0
16_77,16,wide_2link,redundant_4link,static_home,0,0.26758597324355426,0.17251862776329746,0,0,0,0,0.23696245277302097,0
16_77,16,wide_2link,redundant_4link,target_ik,0,0.03222637889223546,0.032027723340441586,1,1,1,3,0.03705022575319823,0
16_77,16,wide_2link,redundant_4link,ejar_absolute,0,0.03858682289800162,0.03704430404040093,1,1,1,3,0.04407876403373664,0
16_77,16,wide_2link,redundant_4link,ejar_residual_fallback,0,0.03858682289800162,0.03704430404040093,1,1,1,3,0.04407876403373664,0
16_78,16,asym_3link,long_2link,raw_joint,0,0.6108720696242297,0.3100245508964396,0,0,0,0,0.0,0
16_78,16,asym_3link,long_2link,normalized_copy,0,0.6268785052113275,0.3194526668234638,0,0,0,0,0.0,0
16_78,16,asym_3link,long_2link,link_scaled,0,0.5226589130272546,0.26790346552377764,0,0,0,0,0.0,0
16_78,16,asym_3link,long_2link,static_home,0,0.36874309484054624,0.19390880958707063,0,0,0,0,0.24266074059529028,0
16_78,16,asym_3link,long_2link,target_ik,0,0.04513750910075173,0.009691015403206417,1,1,1,6,0.03626757386663272,0
16_78,16,asym_3link,long_2link,ejar_absolute,0,0.04529276350036697,0.011432366372499982,1,1,1,5,0.03663298523151756,0
16_78,16,asym_3link,long_2link,ejar_residual_fallback,0,0.04529276350036697,0.011432366372499982,1,1,1,5,0.03663298523151756,0
16_79,16,heavy_3link,needle_5link,raw_joint,0,0.3384193124238606,0.1898946056284575,0,0,0,0,0.0,0
16_79,16,heavy_3link,needle_5link,normalized_copy,0,0.23685790000542908,0.1311641637561642,0,0,0,0,0.0,0
16_79,16,heavy_3link,needle_5link,link_scaled,0,0.2689207702092342,0.1494920291656195,0,0,0,0,0.0,0
16_79,16,heavy_3link,needle_5link,static_home,0,0.05280483476565911,0.028753908838414735,0,1,1,0,0.03812550812595426,0
16_79,16,heavy_3link,needle_5link,target_ik,0,0.0006323104971243073,0.00033106203711690007,1,1,1,0,5.876789307482608e-07,0
16_79,16,heavy_3link,needle_5link,ejar_absolute,0,0.00048752749428102813,0.0002555318148246726,1,1,1,0,0.0004264599756201315,0
16_79,16,heavy_3link,needle_5link,ejar_residual_fallback,0,0.00048752749428102813,0.0002555318148246726,1,1,1,0,0.0004264599756201315,0
16_80,16,teacher_2link,heavy_3link,raw_joint,0,0.5989631245644267,0.3096388571177,0,0,0,0,0.0,0
16_80,16,teacher_2link,heavy_3link,normalized_copy,0,0.389728739991763,0.20263362254118225,0,0,0,0,0.0,0
16_80,16,teacher_2link,heavy_3link,link_scaled,0,0.3786576867488506,0.19875926244581987,0,0,0,0,0.0,0
16_80,16,teacher_2link,heavy_3link,static_home,0,0.5059921061891148,0.26234450203966136,0,0,0,0,0.0326399232781499,0
16_80,16,teacher_2link,heavy_3link,target_ik,0,0.14817569374636508,0.04380262746272214,0,0,1,12,0.1346653944493276,0
16_80,16,teacher_2link,heavy_3link,ejar_absolute,0,0.14871488863337523,0.04799346113908087,0,0,1,13,0.13492740430060085,0
16_80,16,teacher_2link,heavy_3link,ejar_residual_fallback,0,0.14871488863337523,0.04799346113908087,0,0,1,13,0.13492740430060085,0
16_81,16,short_2link,short_2link,raw_joint,0,0.0892803263659661,0.043653083975157825,0,1,1,0,0.0,0
16_81,16,short_2link,short_2link,normalized_copy,0,0.0892803263659661,0.043653083975157825,0,1,1,0,0.0,0
16_81,16,short_2link,short_2link,link_scaled,0,0.0892803263659661,0.043653083975157825,0,1,1,0,0.0,0
16_81,16,short_2link,short_2link,static_home,0,0.04956360905537152,0.02558397864004,1,1,1,0,0.052234091084631284,0
16_81,16,short_2link,short_2link,target_ik,0,0.0005106779368575735,0.0002659894266824553,1,1,1,0,5.583391135859232e-06,0
16_81,16,short_2link,short_2link,ejar_absolute,0,0.0013233514579432176,0.0006649660597734901,1,1,1,0,0.0008998488234691156,0
16_81,16,short_2link,short_2link,ejar_residual_fallback,0,0.0013233514579432176,0.0006649660597734901,1,1,1,0,0.0008998488234691156,0
16_82,16,long_2link,soft_5link,raw_joint,0,0.06814303460569726,0.06386317256946526,0,1,1,0,0.0,0
16_82,16,long_2link,soft_5link,normalized_copy,0,0.13865132888901902,0.11800715554176919,0,0,1,0,0.0,0
16_82,16,long_2link,soft_5link,link_scaled,0,0.15360510851651238,0.1301584593395242,0,0,1,15,0.0,0
16_82,16,long_2link,soft_5link,static_home,0,0.041928936980751404,0.026325374461950525,1,1,1,0,0.05680812479035489,0
16_82,16,long_2link,soft_5link,target_ik,0,0.00029765128120556606,0.00019811188453689577,1,1,1,0,2.7748443275916327e-06,0
16_82,16,long_2link,soft_5link,ejar_absolute,0,0.0007801564968442344,0.0004988334959938566,1,1,1,0,0.0004968059541509576,0
16_82,16,long_2link,soft_5link,ejar_residual_fallback,0,0.0007801564968442344,0.0004988334959938566,1,1,1,0,0.0004968059541509576,0
16_83,16,wide_2link,asym_3link,raw_joint,0,0.9287272044848842,0.5090585394142083,0,0,0,10,0.0,0
16_83,16,wide_2link,asym_3link,normalized_copy,0,0.7591999783217928,0.4086174738875581,0,0,0,0,0.0,0
16_83,16,wide_2link,asym_3link,link_scaled,0,0.6770694350276945,0.36421385401272277,0,0,0,0,0.0,0
16_83,16,wide_2link,asym_3link,static_home,0,0.5156911141536662,0.31569945965430674,0,0,0,0,0.3885465718773559,0
16_83,16,wide_2link,asym_3link,target_ik,0,0.3052868184197525,0.16521069783581196,0,0,0,16,0.28849042306964184,0
16_83,16,wide_2link,asym_3link,ejar_absolute,0,0.2648652207098339,0.14970018425577347,0,0,0,11,0.2576889278015001,0
16_83,16,wide_2link,asym_3link,ejar_residual_fallback,0,0.2648652207098339,0.14970018425577347,0,0,0,11,0.2576889278015001,0
16_84,16,asym_3link,large_6link,raw_joint,0,0.2345535822984479,0.13307582653468278,0,0,0,5,0.0,0
16_84,16,asym_3link,large_6link,normalized_copy,0,0.21256305732405614,0.1160927416445624,0,0,0,0,0.0,0
16_84,16,asym_3link,large_6link,link_scaled,0,0.2037068435507287,0.10975688419929147,0,0,0,0,0.0,0
16_84,16,asym_3link,large_6link,static_home,0,0.11720539522016014,0.06228925359459217,0,0,1,0,0.08651956997350865,0
16_84,16,asym_3link,large_6link,target_ik,0,0.0007631749226603944,0.00040674192653141785,1,1,1,0,2.431363480709577e-06,0
16_84,16,asym_3link,large_6link,ejar_absolute,0,0.0005880717539459175,0.0003109183275981655,1,1,1,0,0.0008221004253923539,0
16_84,16,asym_3link,large_6link,ejar_residual_fallback,0,0.0005880717539459175,0.0003109183275981655,1,1,1,0,0.0008221004253923539,0
16_85,16,heavy_3link,long_4link,raw_joint,1,0.07304577471894302,0.03888422427768202,0,1,1,0,0.0,0
16_85,16,heavy_3link,long_4link,normalized_copy,1,0.07531987633663415,0.040167811425907654,0,1,1,0,0.0,0
16_85,16,heavy_3link,long_4link,link_scaled,1,0.0769824717157918,0.04105701983354433,0,1,1,0,0.0,0
16_85,16,heavy_3link,long_4link,static_home,1,0.05735870205248907,0.0305011656854587,0,1,1,0,0.05805454623150696,0
16_85,16,heavy_3link,long_4link,target_ik,1,0.002162054091681476,0.0019620590462849814,1,1,1,2,0.0038956958083347037,0
16_85,16,heavy_3link,long_4link,ejar_absolute,1,0.02000145308665517,0.015580868390650995,1,1,1,0,0.022408383400070595,0
16_85,16,heavy_3link,long_4link,ejar_residual_fallback,1,0.02000145308665517,0.015580868390650995,1,1,1,0,0.022408383400070595,0
16_86,16,teacher_2link,wide_2link,raw_joint,0,0.22496001115673328,0.08919870746427053,0,0,0,0,0.0,0
16_86,16,teacher_2link,wide_2link,normalized_copy,0,0.26157922158559066,0.10825628027969202,0,0,0,0,0.0,0
16_86,16,teacher_2link,wide_2link,link_scaled,0,0.2912697728074367,0.1195766085855179,0,0,0,3,0.0,0
16_86,16,teacher_2link,wide_2link,static_home,0,0.0802661724776854,0.04550397652975279,0,1,1,0,0.10347177769941018,0
16_86,16,teacher_2link,wide_2link,target_ik,0,0.0628366112771538,0.0293355008615529,0,1,1,12,0.04817900950732066,0
16_86,16,teacher_2link,wide_2link,ejar_absolute,0,0.05024781703479861,0.023789870152500118,0,1,1,0,0.047746017086160976,0
16_86,16,teacher_2link,wide_2link,ejar_residual_fallback,0,0.05024781703479861,0.023789870152500118,0,1,1,0,0.047746017086160976,0
16_87,16,short_2link,snake_6link,raw_joint,0,0.649731599874483,0.3904531551987778,0,0,0,0,0.0,0
16_87,16,short_2link,snake_6link,normalized_copy,0,0.6890338604454014,0.4261830286313816,0,0,0,0,0.0,0
16_87,16,short_2link,snake_6link,link_scaled,0,0.5317649740773598,0.32348841318336097,0,0,0,0,0.0,0
16_87,16,short_2link,snake_6link,static_home,0,0.11640520153494761,0.06467888915165843,0,0,1,0,0.15624947309722292,0
16_87,16,short_2link,snake_6link,target_ik,0,0.0019261245696748119,0.001198023426107489,1,1,1,0,1.534423295580727e-05,0
16_87,16,short_2link,snake_6link,ejar_absolute,0,0.00043873169315771426,0.0009969205505420283,1,1,1,0,0.0031508413562035594,0
16_87,16,short_2link,snake_6link,ejar_residual_fallback,0,0.00043873169315771426,0.0009969205505420283,1,1,1,0,0.0031508413562035594,0
16_88,16,long_2link,redundant_4link,raw_joint,0,0.3455729656360924,0.18491113102199264,0,0,0,0,0.0,0
16_88,16,long_2link,redundant_4link,normalized_copy,0,0.3501247203559368,0.18999856911472046,0,0,0,0,0.0,0
16_88,16,long_2link,redundant_4link,link_scaled,0,0.40785641283254576,0.2235397210645345,0,0,0,0,0.0,0
16_88,16,long_2link,redundant_4link,static_home,0,0.4142956302676377,0.21465467772327723,0,0,0,0,0.266626929661141,0
16_88,16,long_2link,redundant_4link,target_ik,0,0.17874226832219,0.050577386304714325,0,0,1,10,0.162148471975817,0
16_88,16,long_2link,redundant_4link,ejar_absolute,0,0.16647950681614343,0.04877125709337119,0,0,1,10,0.15018154466288514,0
16_88,16,long_2link,redundant_4link,ejar_residual_fallback,0,0.16647950681614343,0.04877125709337119,0,0,1,10,0.15018154466288514,0
16_89,16,wide_2link,long_2link,raw_joint,0,0.48384224666363124,0.241233409801561,0,0,0,7,0.0,0
16_89,16,wide_2link,long_2link,normalized_copy,0,0.35541783286822454,0.20522385336767213,0,0,0,0,0.0,0
16_89,16,wide_2link,long_2link,link_scaled,0,0.2887643405135888,0.16516460264693425,0,0,0,0,0.0,0
16_89,16,wide_2link,long_2link,static_home,0,0.056654403988774,0.02937897141893312,0,1,1,0,0.12549822664829097,0
16_89,16,wide_2link,long_2link,target_ik,0,0.0008166853794389754,0.0004144248255479098,1,1,1,0,3.4492209642290358e-06,0
16_89,16,wide_2link,long_2link,ejar_absolute,0,0.0018020984575315712,0.0008509477353275496,1,1,1,0,0.0010216116776331928,0
16_89,16,wide_2link,long_2link,ejar_residual_fallback,0,0.0018020984575315712,0.0008509477353275496,1,1,1,0,0.0010216116776331928,0
16_90,16,asym_3link,needle_5link,raw_joint,0,0.2977527998191743,0.15556779066767326,0,0,0,0,0.0,0
16_90,16,asym_3link,needle_5link,normalized_copy,0,0.23733854817332553,0.12479151269084192,0,0,0,0,0.0,0
16_90,16,asym_3link,needle_5link,link_scaled,0,0.22310204477790993,0.11743704686537215,0,0,0,0,0.0,0
16_90,16,asym_3link,needle_5link,static_home,0,0.20496053832408825,0.10787893994542039,0,0,0,0,0.033300303384048886,0
16_90,16,asym_3link,needle_5link,target_ik,0,0.0010378508745888546,0.000514309703794922,1,1,1,0,1.0100315904568507e-05,0
16_90,16,asym_3link,needle_5link,ejar_absolute,0,0.004014080078210659,0.0019731147036829225,1,1,1,0,0.0029668261781631445,0
16_90,16,asym_3link,needle_5link,ejar_residual_fallback,0,0.004014080078210659,0.0019731147036829225,1,1,1,0,0.0029668261781631445,0
16_91,16,heavy_3link,heavy_3link,raw_joint,0,0.26462449326752313,0.1360507149152694,0,0,0,0,0.0,0
16_91,16,heavy_3link,heavy_3link,normalized_copy,0,0.26462449326752313,0.1360507149152694,0,0,0,0,0.0,0
16_91,16,heavy_3link,heavy_3link,link_scaled,0,0.26462449326752313,0.1360507149152694,0,0,0,0,0.0,0
16_91,16,heavy_3link,heavy_3link,static_home,0,0.21548929771067846,0.11604636676581097,0,0,0,0,0.2566851922311576,0
16_91,16,heavy_3link,heavy_3link,target_ik,0,0.005225239664442884,0.0024955614872921982,1,1,1,0,3.7491417954818064e-05,0
16_91,16,heavy_3link,heavy_3link,ejar_absolute,0,0.008250818011304147,0.003603140903985532,1,1,1,0,0.003850435216796393,0
16_91,16,heavy_3link,heavy_3link,ejar_residual_fallback,0,0.008250818011304147,0.003603140903985532,1,1,1,0,0.003850435216796393,0
16_92,16,teacher_2link,short_2link,raw_joint,0,0.07716569307344474,0.04420496741460277,0,1,1,0,0.0,0
16_92,16,teacher_2link,short_2link,normalized_copy,0,0.03561096438354709,0.02013497535812725,1,1,1,0,0.0,0
16_92,16,teacher_2link,short_2link,link_scaled,0,0.11310456498567026,0.06127783038497282,0,0,1,3,0.0,0
16_92,16,teacher_2link,short_2link,static_home,0,0.14514960237645247,0.07740305756412709,0,0,1,0,0.031005746053194304,0
16_92,16,teacher_2link,short_2link,target_ik,0,0.0023367856252968964,0.001428279040847512,1,1,1,0,2.835685128440171e-05,0
16_92,16,teacher_2link,short_2link,ejar_absolute,0,0.0029881097322684534,0.0018206143455354157,1,1,1,0,0.005151049857510029,0
16_92,16,teacher_2link,short_2link,ejar_residual_fallback,0,0.0029881097322684534,0.0018206143455354157,1,1,1,0,0.005151049857510029,0
16_93,16,short_2link,soft_5link,raw_joint,0,0.3657703748094128,0.22713731413891144,0,0,0,0,0.0,0
16_93,16,short_2link,soft_5link,normalized_copy,0,0.35961583897534705,0.23317164511980126,0,0,0,0,0.0,0
16_93,16,short_2link,soft_5link,link_scaled,0,0.28475493996411416,0.18026367685458455,0,0,0,0,0.0,0
16_93,16,short_2link,soft_5link,static_home,0,0.24487559178664497,0.13421515890459215,0,0,0,0,0.1290725289535012,0
16_93,16,short_2link,soft_5link,target_ik,0,0.005412132706770563,0.0025701410997536504,1,1,1,0,4.0961247666918525e-05,0
16_93,16,short_2link,soft_5link,ejar_absolute,0,0.011396293859669457,0.005131434875476894,1,1,1,0,0.006577644024699655,0
16_93,16,short_2link,soft_5link,ejar_residual_fallback,0,0.011396293859669457,0.005131434875476894,1,1,1,0,0.006577644024699655,0
16_94,16,long_2link,asym_3link,raw_joint,0,0.44147230018106914,0.2698527939705271,0,0,0,0,0.0,0
16_94,16,long_2link,asym_3link,normalized_copy,0,0.6039469924857467,0.3550637737816842,0,0,0,0,0.0,0
16_94,16,long_2link,asym_3link,link_scaled,0,0.6054495137424905,0.35613708411512834,0,0,0,16,0.0,0
16_94,16,long_2link,asym_3link,static_home,0,0.34741666326197307,0.23452776761106262,0,0,0,0,0.27798519505060354,0
16_94,16,long_2link,asym_3link,target_ik,0,0.14504255927524504,0.08006922665835711,0,0,1,16,0.13958400566468224,0
16_94,16,long_2link,asym_3link,ejar_absolute,0,0.13421901023184993,0.07851536671040435,0,0,1,11,0.12476946950811153,0
16_94,16,long_2link,asym_3link,ejar_residual_fallback,0,0.13421901023184993,0.07851536671040435,0,0,1,11,0.12476946950811153,0
16_95,16,wide_2link,large_6link,raw_joint,0,1.1544517838206427,0.5867523957541568,0,0,0,16,0.0,0
16_95,16,wide_2link,large_6link,normalized_copy,0,0.7342757906853379,0.3676542237100473,0,0,0,0,0.0,0
16_95,16,wide_2link,large_6link,link_scaled,0,0.6034820258930609,0.306105878154655,0,0,0,0,0.0,0
16_95,16,wide_2link,large_6link,static_home,0,0.25193417623803416,0.13276604521699706,0,0,0,0,0.32844034226003366,0
16_95,16,wide_2link,large_6link,target_ik,0,0.0058514941210873524,0.0030111732176634183,1,1,1,0,1.439251840770791e-05,0
16_95,16,wide_2link,large_6link,ejar_absolute,0,0.010277806916715095,0.0049075140399950845,1,1,1,0,0.003787798827367721,0
16_95,16,wide_2link,large_6link,ejar_residual_fallback,0,0.010277806916715095,0.0049075140399950845,1,1,1,0,0.003787798827367721,0
16_96,16,asym_3link,long_4link,raw_joint,0,0.48373283941872175,0.29935329806549926,0,0,0,1,0.0,0
16_96,16,asym_3link,long_4link,normalized_copy,0,0.49580214503925074,0.2950703172604057,0,0,0,0,0.0,0
16_96,16,asym_3link,long_4link,link_scaled,0,0.4866673564110283,0.2789702042156874,0,0,0,0,0.0,0
16_96,16,asym_3link,long_4link,static_home,0,0.39295035911170656,0.2094779180093788,0,0,0,0,0.3647344750132988,0
16_96,16,asym_3link,long_4link,target_ik,0,0.0034253834199762527,0.002068623420663068,1,1,1,0,9.7899941533625e-06,0
16_96,16,asym_3link,long_4link,ejar_absolute,0,0.0009746427557496917,0.0007004965877687575,1,1,1,0,0.002372789498479523,0
16_96,16,asym_3link,long_4link,ejar_residual_fallback,0,0.0009746427557496917,0.0007004965877687575,1,1,1,0,0.002372789498479523,0
16_97,16,heavy_3link,wide_2link,raw_joint,0,0.04583957452057982,0.025097824502788326,1,1,1,0,0.0,0
16_97,16,heavy_3link,wide_2link,normalized_copy,0,0.0394220288274163,0.02201784399184373,1,1,1,0,0.0,0
16_97,16,heavy_3link,wide_2link,link_scaled,0,0.0672201843725148,0.03673596916155983,0,1,1,0,0.0,0
16_97,16,heavy_3link,wide_2link,static_home,0,0.05159890054783178,0.028270228742902324,0,1,1,0,0.013169968184391813,0
16_97,16,heavy_3link,wide_2link,target_ik,0,0.0005162287662659542,0.0002906790380038253,1,1,1,0,9.986980456379598e-06,0
16_97,16,heavy_3link,wide_2link,ejar_absolute,0,0.0006758505938312879,0.0003865416689859934,1,1,1,0,0.001122902759916262,0
16_97,16,heavy_3link,wide_2link,ejar_residual_fallback,0,0.0006758505938312879,0.0003865416689859934,1,1,1,0,0.001122902759916262,0
16_98,16,teacher_2link,snake_6link,raw_joint,0,0.8577585178413119,0.46763052579332137,0,0,0,0,0.0,0
16_98,16,teacher_2link,snake_6link,normalized_copy,0,0.8326211835560856,0.4532296967462811,0,0,0,0,0.0,0
16_98,16,teacher_2link,snake_6link,link_scaled,0,0.8510790728108062,0.4644389271613606,0,0,0,0,0.0,0
16_98,16,teacher_2link,snake_6link,static_home,0,0.732682656676961,0.38757723380072495,0,0,0,0,0.5245107358317587,0
16_98,16,teacher_2link,snake_6link,target_ik,0,0.022832543999501693,0.012530604966694146,1,1,1,0,1.5269050846914304e-05,0
16_98,16,teacher_2link,snake_6link,ejar_absolute,0,0.023478406599861713,0.012969329268046502,1,1,1,0,0.002911813635031377,0
16_98,16,teacher_2link,snake_6link,ejar_residual_fallback,0,0.023478406599861713,0.012969329268046502,1,1,1,0,0.002911813635031377,0
16_99,16,short_2link,redundant_4link,raw_joint,0,0.4378789248335747,0.25198979110505293,0,0,0,0,0.0,0
16_99,16,short_2link,redundant_4link,normalized_copy,0,0.40330873334025946,0.23561325082238785,0,0,0,0,0.0,0
16_99,16,short_2link,redundant_4link,link_scaled,0,0.34334925365762786,0.19549650272664687,0,0,0,0,0.0,0
16_99,16,short_2link,redundant_4link,static_home,0,0.37070563850481986,0.1979372146038166,0,0,0,0,0.07621162921175366,0
16_99,16,short_2link,redundant_4link,target_ik,0,0.001225894435882347,0.0006143244721692192,1,1,1,0,6.024214374165895e-06,0
16_99,16,short_2link,redundant_4link,ejar_absolute,0,0.00046435513652956614,0.0002388923235804654,1,1,1,0,0.0012974263052400732,0
16_99,16,short_2link,redundant_4link,ejar_residual_fallback,0,0.00046435513652956614,0.0002388923235804654,1,1,1,0,0.0012974263052400732,0
16_100,16,long_2link,long_2link,raw_joint,0,0.3483443257150524,0.18701901126581438,0,0,0,0,0.0,0
16_100,16,long_2link,long_2link,normalized_copy,0,0.3483443257150524,0.18701901126581438,0,0,0,0,0.0,0
16_100,16,long_2link,long_2link,link_scaled,0,0.3483443257150524,0.18701901126581438,0,0,0,0,0.0,0
16_100,16,long_2link,long_2link,static_home,0,0.2494533702981418,0.13267405270785526,0,0,0,0,0.1782298880488118,0
16_100,16,long_2link,long_2link,target_ik,0,0.0017064800233458942,0.0009677197007357458,1,1,1,0,5.762350183333709e-06,0
16_100,16,long_2link,long_2link,ejar_absolute,0,0.0007946134264271849,0.0004170578208288672,1,1,1,0,0.0018583291897878928,0
16_100,16,long_2link,long_2link,ejar_residual_fallback,0,0.0007946134264271849,0.0004170578208288672,1,1,1,0,0.0018583291897878928,0
16_101,16,wide_2link,needle_5link,raw_joint,0,0.33287609914938915,0.19483792589194754,0,0,0,10,0.0,0
16_101,16,wide_2link,needle_5link,normalized_copy,0,0.10842476897492942,0.05889540166541815,0,0,1,0,0.0,0
16_101,16,wide_2link,needle_5link,link_scaled,0,0.08083600623496094,0.048890409500034065,0,1,1,0,0.0,0
16_101,16,wide_2link,needle_5link,static_home,0,0.08217051934554495,0.0487061142442044,0,1,1,0,0.008943271616101945,0
16_101,16,wide_2link,needle_5link,target_ik,0,0.001073759964578866,0.0006431671933036226,1,1,1,0,6.214218895601755e-06,0
16_101,16,wide_2link,needle_5link,ejar_absolute,0,0.0009688940976633189,0.0005947447712539489,1,1,1,0,0.0018469499431933087,0
16_101,16,wide_2link,needle_5link,ejar_residual_fallback,0,0.0009688940976633189,0.0005947447712539489,1,1,1,0,0.0018469499431933087,0
16_102,16,asym_3link,heavy_3link,raw_joint,1,0.1443388352352092,0.07795915108888861,0,0,1,3,0.0,0
16_102,16,asym_3link,heavy_3link,normalized_copy,1,0.13031191320079633,0.09550850193369552,0,0,1,0,0.0,0
16_102,16,asym_3link,heavy_3link,link_scaled,1,0.12060017574807154,0.0926122392052786,0,0,1,0,0.0,0
16_102,16,asym_3link,heavy_3link,static_home,1,0.025299780849839408,0.010722029983895806,1,1,1,0,0.03292437640289314,0
16_102,16,asym_3link,heavy_3link,target_ik,1,0.009846086025769564,0.009571576909145783,1,1,1,1,0.009403940533906745,0
16_102,16,asym_3link,heavy_3link,ejar_absolute,1,0.007673080615346613,0.0054365980835424585,1,1,1,0,0.009837724812244687,0
16_102,16,asym_3link,heavy_3link,ejar_residual_fallback,1,0.007673080615346613,0.0054365980835424585,1,1,1,0,0.009837724812244687,0
16_103,16,heavy_3link,short_2link,raw_joint,0,0.2929828815193146,0.15547455694892315,0,0,0,0,0.0,0
16_103,16,heavy_3link,short_2link,normalized_copy,0,0.4348903674024551,0.2326954734948415,0,0,0,0,0.0,0
16_103,16,heavy_3link,short_2link,link_scaled,0,0.6688944910493385,0.3630567493069011,0,0,0,0,0.0,0
16_103,16,heavy_3link,short_2link,static_home,0,0.21366922541101263,0.11329722293296698,0,0,0,0,0.2238501755630181,0
16_103,16,heavy_3link,short_2link,target_ik,0,0.0067485337529450806,0.005583057206677573,1,1,1,2,0.005539187456827519,0
16_103,16,heavy_3link,short_2link,ejar_absolute,0,0.005693312989603741,0.004388919809253221,1,1,1,1,0.010145889255068482,0
16_103,16,heavy_3link,short_2link,ejar_residual_fallback,0,0.005693312989603741,0.004388919809253221,1,1,1,1,0.010145889255068482,0
16_104,16,teacher_2link,soft_5link,raw_joint,0,0.35227165672200933,0.18649543666097912,0,0,0,0,0.0,0
16_104,16,teacher_2link,soft_5link,normalized_copy,0,0.38433746749563286,0.20394691735543047,0,0,0,0,0.0,0
16_104,16,teacher_2link,soft_5link,link_scaled,0,0.3945290095178886,0.20925520800223363,0,0,0,0,0.0,0
16_104,16,teacher_2link,soft_5link,static_home,0,0.17897959946070796,0.09267846539401157,0,0,1,0,0.09795150967080064,0
16_104,16,teacher_2link,soft_5link,target_ik,0,0.003787130363410211,0.0020156355524473552,1,1,1,0,1.867232853997436e-05,0
16_104,16,teacher_2link,soft_5link,ejar_absolute,0,0.0068893401845370565,0.003414273921811059,1,1,1,0,0.0036009993891220433,0
16_104,16,teacher_2link,soft_5link,ejar_residual_fallback,0,0.0068893401845370565,0.003414273921811059,1,1,1,0,0.0036009993891220433,0
16_105,16,short_2link,asym_3link,raw_joint,0,0.3836276586251384,0.21429099920355782,0,0,0,0,0.0,0
16_105,16,short_2link,asym_3link,normalized_copy,0,0.2719055283642359,0.15395534226417287,0,0,0,0,0.0,0
16_105,16,short_2link,asym_3link,link_scaled,0,0.23890966150196002,0.12998606898426665,0,0,0,0,0.0,0
16_105,16,short_2link,asym_3link,static_home,0,0.2353973095403921,0.12680667936400705,0,0,0,0,0.22409067693983895,0
16_105,16,short_2link,asym_3link,target_ik,0,0.005032561258553123,0.0032567910398893216,1,1,1,0,4.461155401886332e-05,0
16_105,16,short_2link,asym_3link,ejar_absolute,0,0.0007062438103187715,0.00039773335069277397,1,1,1,0,0.005623450844017125,0
16_105,16,short_2link,asym_3link,ejar_residual_fallback,0,0.0007062438103187715,0.00039773335069277397,1,1,1,0,0.005623450844017125,0
16_106,16,long_2link,large_6link,raw_joint,0,0.23402834937834605,0.12542186691880672,0,0,0,0,0.0,0
16_106,16,long_2link,large_6link,normalized_copy,0,0.2070021670990079,0.11077435267278256,0,0,0,0,0.0,0
16_106,16,long_2link,large_6link,link_scaled,0,0.20817262299167655,0.11142019943708205,0,0,0,0,0.0,0
16_106,16,long_2link,large_6link,static_home,0,0.15389716508414117,0.08176844179708327,0,0,1,0,0.1471241061636534,0
16_106,16,long_2link,large_6link,target_ik,0,0.0005511466684896394,0.0003081325744524788,1,1,1,0,2.2098528349207617e-06,0
16_106,16,long_2link,large_6link,ejar_absolute,0,0.00016813394790617033,8.445753657920137e-05,1,1,1,0,0.0006527601706626351,0
16_106,16,long_2link,large_6link,ejar_residual_fallback,0,0.00016813394790617033,8.445753657920137e-05,1,1,1,0,0.0006527601706626351,0
16_107,16,wide_2link,long_4link,raw_joint,0,0.27025569799219,0.14483327502444276,0,0,0,2,0.0,0
16_107,16,wide_2link,long_4link,normalized_copy,0,0.3244836621965597,0.16331258264664225,0,0,0,0,0.0,0
16_107,16,wide_2link,long_4link,link_scaled,0,0.27349971290382713,0.1402354927622808,0,0,0,0,0.0,0
16_107,16,wide_2link,long_4link,static_home,0,0.2989486552773195,0.15735837738096942,0,0,0,0,0.14182372051519307,0
16_107,16,wide_2link,long_4link,target_ik,0,0.009220219183512894,0.004053129821364524,1,1,1,0,3.5661721377671115e-05,0
16_107,16,wide_2link,long_4link,ejar_absolute,0,0.012424704084258466,0.0052761277493602364,1,1,1,0,0.005505809304984468,0
16_107,16,wide_2link,long_4link,ejar_residual_fallback,0,0.012424704084258466,0.0052761277493602364,1,1,1,0,0.005505809304984468,0
16_108,16,asym_3link,wide_2link,raw_joint,0,0.48174461279227865,0.27126551218962835,0,0,0,0,0.0,0
16_108,16,asym_3link,wide_2link,normalized_copy,0,0.4858841429042167,0.2720176561787154,0,0,0,0,0.0,0
16_108,16,asym_3link,wide_2link,link_scaled,0,0.5029242775867092,0.28416156288944666,0,0,0,0,0.0,0
16_108,16,asym_3link,wide_2link,static_home,0,0.541930972164258,0.29581327656643247,0,0,0,0,0.1022748297782427,0
16_108,16,asym_3link,wide_2link,target_ik,0,0.07510269308020845,0.06768006716204433,0,1,1,8,0.08959925022926216,0
16_108,16,asym_3link,wide_2link,ejar_absolute,0,0.07683481742912483,0.06816597047294873,0,1,1,8,0.09158488963901497,0
16_108,16,asym_3link,wide_2link,ejar_residual_fallback,0,0.07683481742912483,0.06816597047294873,0,1,1,8,0.09158488963901497,0
16_109,16,heavy_3link,snake_6link,raw_joint,0,0.2559995795308206,0.1286287040804513,0,0,0,0,0.0,0
16_109,16,heavy_3link,snake_6link,normalized_copy,0,0.3559663076483103,0.1865793533399325,0,0,0,0,0.0,0
16_109,16,heavy_3link,snake_6link,link_scaled,0,0.38438493683886954,0.19883770294526487,0,0,0,0,0.0,0
16_109,16,heavy_3link,snake_6link,static_home,0,0.3714401616589416,0.1971809539668405,0,0,0,0,0.40014667728582065,0
16_109,16,heavy_3link,snake_6link,target_ik,0,0.005061263289425703,0.0025560949788498645,1,1,1,0,2.616860324619998e-05,0
16_109,16,heavy_3link,snake_6link,ejar_absolute,0,0.009645102568122002,0.0044190447366603,1,1,1,0,0.005224673890754748,0
16_109,16,heavy_3link,snake_6link,ejar_residual_fallback,0,0.009645102568122002,0.0044190447366603,1,1,1,0,0.005224673890754748,0
16_110,16,teacher_2link,redundant_4link,raw_joint,0,0.10143980568244042,0.10914116043746212,0,0,1,0,0.0,0
16_110,16,teacher_2link,redundant_4link,normalized_copy,0,0.11088282193897764,0.12032507051377253,0,0,1,0,0.0,0
16_110,16,teacher_2link,redundant_4link,link_scaled,0,0.11088282193897764,0.12032507051377253,0,0,1,0,0.0,0
16_110,16,teacher_2link,redundant_4link,static_home,0,0.021477427509642842,0.014005620332232842,1,1,1,0,0.019263436891845478,0
16_110,16,teacher_2link,redundant_4link,target_ik,0,4.942128042076179e-05,3.867228645822058e-05,1,1,1,0,7.654946083568249e-07,0
16_110,16,teacher_2link,redundant_4link,ejar_absolute,0,0.00018133870767356844,0.00012321180163713235,1,1,1,0,0.00014455570950253324,0
16_110,16,teacher_2link,redundant_4link,ejar_residual_fallback,0,0.00018133870767356844,0.00012321180163713235,1,1,1,0,0.00014455570950253324,0
16_111,16,short_2link,long_2link,raw_joint,0,0.38620890220604276,0.20949324093915608,0,0,0,0,0.0,0
16_111,16,short_2link,long_2link,normalized_copy,0,0.37569462727852393,0.2058854194747353,0,0,0,0,0.0,0
16_111,16,short_2link,long_2link,link_scaled,0,0.30103017433322105,0.16298389528567817,0,0,0,0,0.0,0
16_111,16,short_2link,long_2link,static_home,0,0.3087044994911868,0.1656540634744338,0,0,0,0,0.045661247667457015,0
16_111,16,short_2link,long_2link,target_ik,0,0.0018261449915224293,0.0027256186382729006,1,1,1,3,0.0071370853391151375,0
16_111,16,short_2link,long_2link,ejar_absolute,0,0.004368042187070856,0.0043879514364387655,1,1,1,2,0.011575143659059437,0
16_111,16,short_2link,long_2link,ejar_residual_fallback,0,0.004368042187070856,0.0043879514364387655,1,1,1,2,0.011575143659059437,0
16_112,16,long_2link,needle_5link,raw_joint,0,0.28472434552497977,0.1534036434904207,0,0,0,7,0.0,0
16_112,16,long_2link,needle_5link,normalized_copy,0,0.4754858906030286,0.25037319459749174,0,0,0,0,0.0,0
16_112,16,long_2link,needle_5link,link_scaled,0,0.4950871039576982,0.26441823218397303,0,0,0,8,0.0,0
16_112,16,long_2link,needle_5link,static_home,0,0.18659028270487568,0.10839319825718739,0,0,1,0,0.2461379299593828,0
16_112,16,long_2link,needle_5link,target_ik,0,0.0053148667669818605,0.0034164034349120514,1,1,1,2,0.0012806819905855573,0
16_112,16,long_2link,needle_5link,ejar_absolute,0,0.0037802058816517954,0.002880042479719982,1,1,1,0,0.007640137618441318,0
16_112,16,long_2link,needle_5link,ejar_residual_fallback,0,0.0037802058816517954,0.002880042479719982,1,1,1,0,0.007640137618441318,0
16_113,16,wide_2link,heavy_3link,raw_joint,0,0.12092150105948117,0.09926396828867917,0,0,1,0,0.0,0
16_113,16,wide_2link,heavy_3link,normalized_copy,0,0.013382037663197151,0.015398903955523601,1,1,1,0,0.0,0
16_113,16,wide_2link,heavy_3link,link_scaled,0,0.10314477687300908,0.05470878850877184,0,0,1,0,0.0,0
16_113,16,wide_2link,heavy_3link,static_home,0,0.2670170928551937,0.14149004220791178,0,0,0,0,0.28562052003409366,0
16_113,16,wide_2link,heavy_3link,target_ik,0,0.0021077692019465717,0.0010967076876985536,1,1,1,0,4.691709477102334e-06,0
16_113,16,wide_2link,heavy_3link,ejar_absolute,0,0.0032514504695378066,0.0016395418591718558,1,1,1,0,0.001534660041856389,0
16_113,16,wide_2link,heavy_3link,ejar_residual_fallback,0,0.0032514504695378066,0.0016395418591718558,1,1,1,0,0.001534660041856389,0
16_114,16,asym_3link,short_2link,raw_joint,0,0.1613016485369694,0.08258315745959569,0,0,1,0,0.0,0
16_114,16,asym_3link,short_2link,normalized_copy,0,0.17219897783968835,0.08649444024912065,0,0,1,0,0.0,0
16_114,16,asym_3link,short_2link,link_scaled,0,0.2417716729948468,0.1188461283643413,0,0,0,0,0.0,0
16_114,16,asym_3link,short_2link,static_home,0,0.12542050517457032,0.06574940320078222,0,0,1,0,0.13141317375895695,0
16_114,16,asym_3link,short_2link,target_ik,0,0.07274876316195399,0.020900209891514476,0,1,1,10,0.06598085895521905,0
16_114,16,asym_3link,short_2link,ejar_absolute,0,0.0605287991847091,0.019306448586027643,0,1,1,3,0.05537021465198846,0
16_114,16,asym_3link,short_2link,ejar_residual_fallback,0,0.0605287991847091,0.019306448586027643,0,1,1,3,0.05537021465198846,0
16_115,16,heavy_3link,soft_5link,raw_joint,0,0.6740125790666179,0.35389093775301306,0,0,0,0,0.0,0
16_115,16,heavy_3link,soft_5link,normalized_copy,0,0.6669490340245197,0.35672027101330905,0,0,0,0,0.0,0
16_115,16,heavy_3link,soft_5link,link_scaled,0,0.8662960581954943,0.46757250744338774,0,0,0,0,0.0,0
16_115,16,heavy_3link,soft_5link,static_home,0,0.26549387066430646,0.14128213943712306,0,0,0,0,0.24995782677324047,0
16_115,16,heavy_3link,soft_5link,target_ik,0,0.09879211554340162,0.03224223578456459,0,1,1,11,0.08941782886655328,0
16_115,16,heavy_3link,soft_5link,ejar_absolute,0,0.09685924338363473,0.03305264418005643,0,1,1,11,0.08738731443307839,0
16_115,16,heavy_3link,soft_5link,ejar_residual_fallback,0,0.09685924338363473,0.03305264418005643,0,1,1,11,0.08738731443307839,0
16_116,16,teacher_2link,asym_3link,raw_joint,0,0.2419537743435392,0.1330567364322014,0,0,0,0,0.0,0
16_116,16,teacher_2link,asym_3link,normalized_copy,0,0.1860143564934966,0.11858208056909804,0,0,1,0,0.0,0
16_116,16,teacher_2link,asym_3link,link_scaled,0,0.196518471825917,0.12276190180830017,0,0,1,0,0.0,0
16_116,16,teacher_2link,asym_3link,static_home,0,0.773340223497727,0.4118923618273153,0,0,0,0,0.50480669066989,0
16_116,16,teacher_2link,asym_3link,target_ik,0,0.017451040534342235,0.01101384533526802,1,1,1,1,0.0017225251667204397,0
16_116,16,teacher_2link,asym_3link,ejar_absolute,0,0.015440971766844959,0.009475935265028842,1,1,1,1,0.004398573211389411,0
16_116,16,teacher_2link,asym_3link,ejar_residual_fallback,0,0.015440971766844959,0.009475935265028842,1,1,1,1,0.004398573211389411,0
16_117,16,short_2link,large_6link,raw_joint,0,0.26742658138801495,0.19069043339374875,0,0,0,15,0.0,0
16_117,16,short_2link,large_6link,normalized_copy,0,0.21534886122547411,0.16179199078089418,0,0,0,0,0.0,0
16_117,16,short_2link,large_6link,link_scaled,0,0.16644817932859465,0.11622644745311493,0,0,1,0,0.0,0
16_117,16,short_2link,large_6link,static_home,0,0.1415133902792955,0.0896378520587616,0,0,1,0,0.12160020697778723,0
16_117,16,short_2link,large_6link,target_ik,0,0.0005069674246854043,0.0003635728499571831,1,1,1,0,2.9268850057671946e-06,0
16_117,16,short_2link,large_6link,ejar_absolute,0,0.001514740260251863,0.0009787783945932405,1,1,1,0,0.0012126951669259997,0
16_117,16,short_2link,large_6link,ejar_residual_fallback,0,0.001514740260251863,0.0009787783945932405,1,1,1,0,0.0012126951669259997,0
16_118,16,long_2link,long_4link,raw_joint,0,0.4163849558829691,0.22282730089110148,0,0,0,0,0.0,0
16_118,16,long_2link,long_4link,normalized_copy,0,0.3969630932920358,0.21308571752914093,0,0,0,0,0.0,0
16_118,16,long_2link,long_4link,link_scaled,0,0.40539248262975247,0.21770328875399908,0,0,0,0,0.0,0
16_118,16,long_2link,long_4link,static_home,0,0.2618034758088497,0.13900536577959016,0,0,0,0,0.2198655570625078,0
16_118,16,long_2link,long_4link,target_ik,0,0.004052848183111104,0.0022530830942312967,1,1,1,0,1.5175314544378838e-05,0
16_118,16,long_2link,long_4link,ejar_absolute,0,0.004004843337569252,0.002185062392196064,1,1,1,0,0.0025591566697906612,0
16_118,16,long_2link,long_4link,ejar_residual_fallback,0,0.004004843337569252,0.002185062392196064,1,1,1,0,0.0025591566697906612,0
16_119,16,wide_2link,wide_2link,raw_joint,1,0.438352530301245,0.2877397635441114,0,0,0,0,0.0,0
16_119,16,wide_2link,wide_2link,normalized_copy,1,0.438352530301245,0.2877397635441114,0,0,0,0,0.0,0
16_119,16,wide_2link,wide_2link,link_scaled,1,0.438352530301245,0.2877397635441114,0,0,0,0,0.0,0
16_119,16,wide_2link,wide_2link,static_home,1,0.2782503814885164,0.18290223531660804,0,0,0,0,0.2739223399660896,0
16_119,16,wide_2link,wide_2link,target_ik,1,0.2840000196638929,0.18515440776326791,0,0,0,16,0.26697421057459575,0
16_119,16,wide_2link,wide_2link,ejar_absolute,1,0.2777537451429122,0.18309248319223828,0,0,0,10,0.25891455231389093,0
16_119,16,wide_2link,wide_2link,ejar_residual_fallback,1,0.2777537451429122,0.18309248319223828,0,0,0,10,0.25891455231389093,0
16_120,16,asym_3link,snake_6link,raw_joint,0,0.42997286560670356,0.22948355446164576,0,0,0,0,0.0,0
16_120,16,asym_3link,snake_6link,normalized_copy,0,0.3463699143719561,0.18388708187568764,0,0,0,0,0.0,0
16_120,16,asym_3link,snake_6link,link_scaled,0,0.36081740439919324,0.19144828279806597,0,0,0,0,0.0,0
16_120,16,asym_3link,snake_6link,static_home,0,0.1442954862199799,0.07495464898203712,0,0,1,0,0.045556461943219634,0
16_120,16,asym_3link,snake_6link,target_ik,0,0.0008801488801856075,0.0004602996256718306,1,1,1,0,4.540716905244906e-06,0
16_120,16,asym_3link,snake_6link,ejar_absolute,0,0.0017915077283501345,0.000915698281052621,1,1,1,0,0.0010074902065298423,0
16_120,16,asym_3link,snake_6link,ejar_residual_fallback,0,0.0017915077283501345,0.000915698281052621,1,1,1,0,0.0010074902065298423,0
16_121,16,heavy_3link,redundant_4link,raw_joint,0,0.17626714588308917,0.09180832743910455,0,0,1,0,0.0,0
16_121,16,heavy_3link,redundant_4link,normalized_copy,0,0.1297200764888106,0.07521310460278774,0,0,1,0,0.0,0
16_121,16,heavy_3link,redundant_4link,link_scaled,0,0.17266292997211535,0.10199651724921795,0,0,1,0,0.0,0
16_121,16,heavy_3link,redundant_4link,static_home,0,0.12768387801226455,0.07195716053441638,0,0,1,0,0.09968331939920587,0
16_121,16,heavy_3link,redundant_4link,target_ik,0,0.0033390174689783237,0.0018529319489264087,1,1,1,0,1.2070573579899832e-05,0
16_121,16,heavy_3link,redundant_4link,ejar_absolute,0,0.002282480329707697,0.00127627939566511,1,1,1,0,0.0021286351764734017,0
16_121,16,heavy_3link,redundant_4link,ejar_residual_fallback,0,0.002282480329707697,0.00127627939566511,1,1,1,0,0.0021286351764734017,0
16_122,16,teacher_2link,long_2link,raw_joint,0,0.1599605460772488,0.08874786481039894,0,0,1,0,0.0,0
16_122,16,teacher_2link,long_2link,normalized_copy,0,0.1131130766158526,0.055638957717822804,0,0,1,0,0.0,0
16_122,16,teacher_2link,long_2link,link_scaled,0,0.16379958349598592,0.08251263737404156,0,0,1,0,0.0,0
16_122,16,teacher_2link,long_2link,static_home,0,0.2125172299237367,0.1117052162746176,0,0,0,0,0.31035128175097443,0
16_122,16,teacher_2link,long_2link,target_ik,0,0.0031151840748625905,0.0015800134544944771,1,1,1,0,4.832240535098634e-06,0
16_122,16,teacher_2link,long_2link,ejar_absolute,0,0.004370007675387331,0.002151221082702199,1,1,1,0,0.0014732681804714557,0
16_122,16,teacher_2link,long_2link,ejar_residual_fallback,0,0.004370007675387331,0.002151221082702199,1,1,1,0,0.0014732681804714557,0
16_123,16,short_2link,needle_5link,raw_joint,0,0.24980735168289528,0.1403495962326335,0,0,0,2,0.0,0
16_123,16,short_2link,needle_5link,normalized_copy,0,0.11162771885907732,0.06817279402218956,0,0,1,0,0.0,0
16_123,16,short_2link,needle_5link,link_scaled,0,0.03712793346213699,0.014325508479240346,1,1,1,0,0.0,0
16_123,16,short_2link,needle_5link,static_home,0,0.2661439620788834,0.14062851488005274,0,0,0,0,0.22025775216757074,0
16_123,16,short_2link,needle_5link,target_ik,0,0.003196361062580998,0.0015940730790567413,1,1,1,0,3.1869963802819757e-06,0
16_123,16,short_2link,needle_5link,ejar_absolute,0,0.004128332994649464,0.0020518607518705666,1,1,1,0,0.0011727224259226634,0
16_123,16,short_2link,needle_5link,ejar_residual_fallback,0,0.004128332994649464,0.0020518607518705666,1,1,1,0,0.0011727224259226634,0
16_124,16,long_2link,heavy_3link,raw_joint,0,0.45130264185043933,0.24969391697855023,0,0,0,0,0.0,0
16_124,16,long_2link,heavy_3link,normalized_copy,0,0.4253738257915334,0.2394718777880368,0,0,0,0,0.0,0
16_124,16,long_2link,heavy_3link,link_scaled,0,0.42504585516305987,0.23956443771174976,0,0,0,0,0.0,0
16_124,16,long_2link,heavy_3link,static_home,0,0.4378007928746554,0.2326490816208166,0,0,0,0,0.3768519422176266,0
16_124,16,long_2link,heavy_3link,target_ik,0,0.02509846983676112,0.025138956113418313,1,1,1,6,0.03458094953114377,0
16_124,16,long_2link,heavy_3link,ejar_absolute,0,0.02896946531376597,0.026665541536594693,1,1,1,6,0.03795993204614073,0
16_124,16,long_2link,heavy_3link,ejar_residual_fallback,0,0.02896946531376597,0.026665541536594693,1,1,1,6,0.03795993204614073,0
16_125,16,wide_2link,short_2link,raw_joint,0,0.11563698025359452,0.08334341716123504,0,0,1,16,0.0,0
16_125,16,wide_2link,short_2link,normalized_copy,0,0.09959171084453156,0.06870765238013363,0,1,1,0,0.0,0
16_125,16,wide_2link,short_2link,link_scaled,0,0.09959171084453156,0.06870765238013363,0,1,1,16,0.0,0
16_125,16,wide_2link,short_2link,static_home,0,0.0985673429232868,0.06475160113839587,0,1,1,0,0.02870869906888534,0
16_125,16,wide_2link,short_2link,target_ik,0,0.08652978147137545,0.05373755819694232,0,1,1,16,0.08091952646096935,0
16_125,16,wide_2link,short_2link,ejar_absolute,0,0.0804980990070941,0.05088986673618854,0,1,1,1,0.07964610630086011,0
16_125,16,wide_2link,short_2link,ejar_residual_fallback,0,0.0804980990070941,0.05088986673618854,0,1,1,1,0.07964610630086011,0
16_126,16,asym_3link,soft_5link,raw_joint,0,0.256664895791637,0.13127552091121858,0,0,0,0,0.0,0
16_126,16,asym_3link,soft_5link,normalized_copy,0,0.3576475882334785,0.1849923487828053,0,0,0,0,0.0,0
16_126,16,asym_3link,soft_5link,link_scaled,0,0.3670131277723849,0.18972021530386313,0,0,0,0,0.0,0
16_126,16,asym_3link,soft_5link,static_home,0,0.22971285127397306,0.12158982681680136,0,0,0,0,0.17846822021359132,0
16_126,16,asym_3link,soft_5link,target_ik,0,0.0968170549468227,0.03758788091984867,0,1,1,14,0.09238918503861779,0
16_126,16,asym_3link,soft_5link,ejar_absolute,0,0.09062002641137243,0.03663733223961543,0,1,1,12,0.08539016095994838,0
16_126,16,asym_3link,soft_5link,ejar_residual_fallback,0,0.09062002641137243,0.03663733223961543,0,1,1,12,0.08539016095994838,0
16_127,16,heavy_3link,asym_3link,raw_joint,0,0.28621235206576606,0.15042836030904927,0,0,0,0,0.0,0
16_127,16,heavy_3link,asym_3link,normalized_copy,0,0.3432866033202679,0.18109881114016857,0,0,0,0,0.0,0
16_127,16,heavy_3link,asym_3link,link_scaled,0,0.4540167038497465,0.23996237594686623,0,0,0,0,0.0,0
16_127,16,heavy_3link,asym_3link,static_home,0,0.2184750789544406,0.11494962496281305,0,0,0,0,0.09972061145263657,0
16_127,16,heavy_3link,asym_3link,target_ik,0,0.13134778449031392,0.053019733341032424,0,0,1,14,0.11070118688028933,0
16_127,16,heavy_3link,asym_3link,ejar_absolute,0,0.13012556177799459,0.05285824592772263,0,0,1,5,0.12022033810800005,0
16_127,16,heavy_3link,asym_3link,ejar_residual_fallback,0,0.13012556177799459,0.05285824592772263,0,0,1,5,0.12022033810800005,0
16_128,16,teacher_2link,large_6link,raw_joint,0,0.1510242124356192,0.08816241996623973,0,0,1,0,0.0,0
16_128,16,teacher_2link,large_6link,normalized_copy,0,0.19324026398168515,0.10977053983634372,0,0,1,0,0.0,0
16_128,16,teacher_2link,large_6link,link_scaled,0,0.17826127306780676,0.09997707887022314,0,0,1,0,0.0,0
16_128,16,teacher_2link,large_6link,static_home,0,0.03519157193200546,0.018420867964287328,1,1,1,0,0.047670539907632044,0
16_128,16,teacher_2link,large_6link,target_ik,0,0.00033327274963982766,0.0001749559241212084,1,1,1,0,3.6110967536492204e-07,0
16_128,16,teacher_2link,large_6link,ejar_absolute,0,0.0003000148161634243,0.00015294753751331013,1,1,1,0,0.00011534768482200342,0
16_128,16,teacher_2link,large_6link,ejar_residual_fallback,0,0.0003000148161634243,0.00015294753751331013,1,1,1,0,0.00011534768482200342,0
16_129,16,short_2link,long_4link,raw_joint,0,0.7217495966736174,0.45489843051522894,0,0,0,1,0.0,0
16_129,16,short_2link,long_4link,normalized_copy,0,0.5789797058972657,0.3761416580258983,0,0,0,0,0.0,0
16_129,16,short_2link,long_4link,link_scaled,0,0.4043908539591927,0.25223279077093946,0,0,0,0,0.0,0
16_129,16,short_2link,long_4link,static_home,0,0.3588812266051152,0.19725412458058678,0,0,0,0,0.19334458559796122,0
16_129,16,short_2link,long_4link,target_ik,0,0.002712045909425122,0.0014422023479426106,1,1,1,0,7.32029233547442e-06,0
16_129,16,short_2link,long_4link,ejar_absolute,0,0.004880745770163801,0.002518105300679135,1,1,1,0,0.0018770811580566358,0
16_129,16,short_2link,long_4link,ejar_residual_fallback,0,0.004880745770163801,0.002518105300679135,1,1,1,0,0.0018770811580566358,0
16_130,16,long_2link,wide_2link,raw_joint,0,0.09967012194049675,0.07843843913393372,0,1,1,0,0.0,0
16_130,16,long_2link,wide_2link,normalized_copy,0,0.12931564593390585,0.10387391208800067,0,0,1,0,0.0,0
16_130,16,long_2link,wide_2link,link_scaled,0,0.12931564593390585,0.10387391208800067,0,0,1,16,0.0,0
16_130,16,long_2link,wide_2link,static_home,0,0.06969544589253655,0.0477753917277543,0,1,1,0,0.07042964553278604,0
16_130,16,long_2link,wide_2link,target_ik,0,0.06961064556959148,0.047488530644189425,0,1,1,15,0.04761056524719695,0
16_130,16,long_2link,wide_2link,ejar_absolute,0,0.068751659586304,0.04676390324291044,0,1,1,1,0.06547881033378289,0
16_130,16,long_2link,wide_2link,ejar_residual_fallback,0,0.068751659586304,0.04676390324291044,0,1,1,1,0.06547881033378289,0
16_131,16,wide_2link,snake_6link,raw_joint,0,0.17591289004059554,0.10004217144282322,0,0,1,0,0.0,0
16_131,16,wide_2link,snake_6link,normalized_copy,0,0.1339067604870802,0.07075293949097289,0,0,1,0,0.0,0
16_131,16,wide_2link,snake_6link,link_scaled,0,0.13382171996978257,0.07077746780632244,0,0,1,0,0.0,0
16_131,16,wide_2link,snake_6link,static_home,0,0.1535747843992246,0.08156746102505877,0,0,1,0,0.1509796069646366,0
16_131,16,wide_2link,snake_6link,target_ik,0,0.0013270457683082027,0.000771241505341652,1,1,1,0,2.1124105330393868e-05,0
16_131,16,wide_2link,snake_6link,ejar_absolute,0,0.0027935227166719034,0.0016766399460385604,1,1,1,0,0.004444648780540339,0
16_131,16,wide_2link,snake_6link,ejar_residual_fallback,0,0.0027935227166719034,0.0016766399460385604,1,1,1,0,0.004444648780540339,0
16_132,16,asym_3link,redundant_4link,raw_joint,0,0.7835283563845886,0.46672400414300397,0,0,0,0,0.0,0
16_132,16,asym_3link,redundant_4link,normalized_copy,0,0.7676723873207622,0.4459110754883813,0,0,0,0,0.0,0
16_132,16,asym_3link,redundant_4link,link_scaled,0,0.7501461763441559,0.43691309298331077,0,0,0,0,0.0,0
16_132,16,asym_3link,redundant_4link,static_home,0,0.3787026614839628,0.23291539504936037,0,0,0,0,0.36054986733683275,0
16_132,16,asym_3link,redundant_4link,target_ik,0,0.005292290263419743,0.0033782943054172874,1,1,1,0,1.3326938118480014e-05,0
16_132,16,asym_3link,redundant_4link,ejar_absolute,0,0.007268543372314772,0.00436338862346961,1,1,1,0,0.0025345274166751973,0
16_132,16,asym_3link,redundant_4link,ejar_residual_fallback,0,0.007268543372314772,0.00436338862346961,1,1,1,0,0.0025345274166751973,0
16_133,16,heavy_3link,long_2link,raw_joint,0,0.3878168042092197,0.23923551424754647,0,0,0,10,0.0,0
16_133,16,heavy_3link,long_2link,normalized_copy,0,0.36889610121001787,0.22439401253870067,0,0,0,0,0.0,0
16_133,16,heavy_3link,long_2link,link_scaled,0,0.3632551333353115,0.2210281475421191,0,0,0,0,0.0,0
16_133,16,heavy_3link,long_2link,static_home,0,0.08316570610483129,0.04610090152934918,0,1,1,0,0.1425370836414857,0
16_133,16,heavy_3link,long_2link,target_ik,0,0.0011987212076716826,0.0007593587213010602,1,1,1,0,1.433545624623515e-06,0
16_133,16,heavy_3link,long_2link,ejar_absolute,0,0.0011481032825312726,0.0008211461136699732,1,1,1,0,0.0004335691402483882,0
16_133,16,heavy_3link,long_2link,ejar_residual_fallback,0,0.0011481032825312726,0.0008211461136699732,1,1,1,0,0.0004335691402483882,0
16_134,16,teacher_2link,needle_5link,raw_joint,0,0.07667621204529297,0.05526045873758727,0,1,1,16,0.0,0
16_134,16,teacher_2link,needle_5link,normalized_copy,0,0.13999229835354624,0.10260823029484112,0,0,1,0,0.0,0
16_134,16,teacher_2link,needle_5link,link_scaled,0,0.14826447402614076,0.10657480194204585,0,0,1,0,0.0,0
16_134,16,teacher_2link,needle_5link,static_home,0,0.1821462991571879,0.1156082020297388,0,0,1,0,0.22356443103253018,0
16_134,16,teacher_2link,needle_5link,target_ik,0,0.0012253650447012813,0.0008975979889303759,1,1,1,0,1.2462991521398965e-06,0
16_134,16,teacher_2link,needle_5link,ejar_absolute,0,0.0021161242163692633,0.0014155972969474085,1,1,1,0,0.0009147617919062738,0
16_134,16,teacher_2link,needle_5link,ejar_residual_fallback,0,0.0021161242163692633,0.0014155972969474085,1,1,1,0,0.0009147617919062738,0
16_135,16,short_2link,heavy_3link,raw_joint,0,0.1136192859857662,0.06062482999328954,0,0,1,0,0.0,0
16_135,16,short_2link,heavy_3link,normalized_copy,0,0.09477035633250085,0.04990002446752062,0,1,1,0,0.0,0
16_135,16,short_2link,heavy_3link,link_scaled,0,0.06041881831166587,0.031873718475106255,0,1,1,0,0.0,0
16_135,16,short_2link,heavy_3link,static_home,0,0.06380664322199575,0.033658235215662996,0,1,1,0,0.014367345602671132,0
16_135,16,short_2link,heavy_3link,target_ik,0,0.0005871599976380088,0.0002833759895608187,1,1,1,0,1.0202975256237796e-05,0
16_135,16,short_2link,heavy_3link,ejar_absolute,0,0.0016844916578539094,0.0008213294549793762,1,1,1,0,0.0012900700738480756,0
16_135,16,short_2link,heavy_3link,ejar_residual_fallback,0,0.0016844916578539094,0.0008213294549793762,1,1,1,0,0.0012900700738480756,0
16_136,16,long_2link,short_2link,raw_joint,1,0.22156326920170177,0.10582962286728749,0,0,0,0,0.0,0
16_136,16,long_2link,short_2link,normalized_copy,1,0.15195971287068355,0.06985697536868193,0,0,1,0,0.0,0
16_136,16,long_2link,short_2link,link_scaled,1,0.13137029019406773,0.06454684311394948,0,0,1,16,0.0,0
16_136,16,long_2link,short_2link,static_home,1,0.21051366421623746,0.09839621261687154,0,0,0,0,0.216255318866221,0
16_136,16,long_2link,short_2link,target_ik,1,0.049651147870415524,0.035391923772342446,1,1,1,12,0.05751431718349697,0
16_136,16,long_2link,short_2link,ejar_absolute,1,0.059396332482356755,0.04106010366627247,0,1,1,10,0.06804344160618095,0
16_136,16,long_2link,short_2link,ejar_residual_fallback,1,0.059396332482356755,0.04106010366627247,0,1,1,10,0.06804344160618095,0
16_137,16,wide_2link,soft_5link,raw_joint,0,0.45449954179368607,0.2275448505646247,0,0,0,0,0.0,0
16_137,16,wide_2link,soft_5link,normalized_copy,0,0.29234175189589184,0.1492537630769649,0,0,0,0,0.0,0
16_137,16,wide_2link,soft_5link,link_scaled,0,0.2766844789096533,0.14143103694359382,0,0,0,0,0.0,0
16_137,16,wide_2link,soft_5link,static_home,0,0.16258304942794288,0.08528008183907351,0,0,1,0,0.049330626437097846,0
16_137,16,wide_2link,soft_5link,target_ik,0,0.0011169090711824132,0.0005279954371226642,1,1,1,0,1.0457365583531756e-05,0
16_137,16,wide_2link,soft_5link,ejar_absolute,0,0.0030139959016775354,0.001407618247233045,1,1,1,0,0.001997583709322421,0
16_137,16,wide_2link,soft_5link,ejar_residual_fallback,0,0.0030139959016775354,0.001407618247233045,1,1,1,0,0.001997583709322421,0
16_138,16,asym_3link,asym_3link,raw_joint,0,0.055060102082863965,0.026799376403720765,0,1,1,0,0.0,0
16_138,16,asym_3link,asym_3link,normalized_copy,0,0.055060102082863965,0.026799376403720765,0,1,1,0,0.0,0
16_138,16,asym_3link,asym_3link,link_scaled,0,0.055060102082863965,0.026799376403720765,0,1,1,0,0.0,0
16_138,16,asym_3link,asym_3link,static_home,0,0.10948481074108346,0.056865324013419906,0,0,1,0,0.002620540796768471,0
16_138,16,asym_3link,asym_3link,target_ik,0,0.0003208815408344354,0.00015563709127720915,1,1,1,0,4.540361271180061e-06,0
16_138,16,asym_3link,asym_3link,ejar_absolute,0,0.0010316091226921734,0.0005176026868898081,1,1,1,0,0.0007330319824074722,0
16_138,16,asym_3link,asym_3link,ejar_residual_fallback,0,0.0010316091226921734,0.0005176026868898081,1,1,1,0,0.0007330319824074722,0
16_139,16,heavy_3link,large_6link,raw_joint,0,0.3270825042077614,0.17902483974171124,0,0,0,0,0.0,0
16_139,16,heavy_3link,large_6link,normalized_copy,0,0.2762689294011631,0.15016674146411163,0,0,0,0,0.0,0
16_139,16,heavy_3link,large_6link,link_scaled,0,0.276465575613924,0.15028364175729853,0,0,0,0,0.0,0
16_139,16,heavy_3link,large_6link,static_home,0,0.17999779602575414,0.09536130845993117,0,0,1,0,0.22130423273204902,0
16_139,16,heavy_3link,large_6link,target_ik,0,0.0017556066140780942,0.0009601292424059321,1,1,1,0,1.4089619520193742e-06,0
16_139,16,heavy_3link,large_6link,ejar_absolute,0,0.0021705640129644306,0.0011310315901543475,1,1,1,0,0.0004525390737136768,0
16_139,16,heavy_3link,large_6link,ejar_residual_fallback,0,0.0021705640129644306,0.0011310315901543475,1,1,1,0,0.0004525390737136768,0
16_140,16,teacher_2link,long_4link,raw_joint,0,1.0730553055948449,0.5418263024868958,0,0,0,9,0.0,0
16_140,16,teacher_2link,long_4link,normalized_copy,0,1.0043122142278875,0.5367611149419705,0,0,0,0,0.0,0
16_140,16,teacher_2link,long_4link,link_scaled,0,0.8653561089265813,0.4578751932748316,0,0,0,0,0.0,0
16_140,16,teacher_2link,long_4link,static_home,0,0.1570202607756968,0.0763267492917826,0,0,1,0,0.2554639304131533,0
16_140,16,teacher_2link,long_4link,target_ik,0,0.005464581257087128,0.0022904484320958787,1,1,1,0,8.107139325916175e-06,0
16_140,16,teacher_2link,long_4link,ejar_absolute,0,0.006935169435162239,0.002850661578070796,1,1,1,0,0.0017046955382385778,0
16_140,16,teacher_2link,long_4link,ejar_residual_fallback,0,0.006935169435162239,0.002850661578070796,1,1,1,0,0.0017046955382385778,0
16_141,16,short_2link,wide_2link,raw_joint,0,0.23279817477853398,0.11172355205857656,0,0,0,0,0.0,0
16_141,16,short_2link,wide_2link,normalized_copy,0,0.20014811871320043,0.09813123345080918,0,0,0,0,0.0,0
16_141,16,short_2link,wide_2link,link_scaled,0,0.1710901522221812,0.08463778135727444,0,0,1,0,0.0,0
16_141,16,short_2link,wide_2link,static_home,0,0.21971107679527532,0.11439633880541451,0,0,0,0,0.008241385770889623,0
16_141,16,short_2link,wide_2link,target_ik,0,0.06988655938019632,0.016769769505497033,0,1,1,7,0.054608565762343665,0
16_141,16,short_2link,wide_2link,ejar_absolute,0,0.06917270234190892,0.01761796335809903,0,1,1,5,0.055236488271864816,0
16_141,16,short_2link,wide_2link,ejar_residual_fallback,0,0.06917270234190892,0.01761796335809903,0,1,1,5,0.055236488271864816,0
16_142,16,long_2link,snake_6link,raw_joint,0,0.5040342105431311,0.2586870159829867,0,0,0,0,0.0,0
16_142,16,long_2link,snake_6link,normalized_copy,0,0.6009237429747087,0.29884230792914795,0,0,0,0,0.0,0
16_142,16,long_2link,snake_6link,link_scaled,0,0.6437312980440624,0.3287505810715547,0,0,0,15,0.0,0
16_142,16,long_2link,snake_6link,static_home,0,0.3317064717349597,0.1969878373904175,0,0,0,0,0.13162953487588655,0
16_142,16,long_2link,snake_6link,target_ik,0,0.13956930758820063,0.06900960719755578,0,0,1,14,0.1292015352187752,0
16_142,16,long_2link,snake_6link,ejar_absolute,0,0.1366502733959322,0.06764013132908031,0,0,1,11,0.12636954248837504,0
16_142,16,long_2link,snake_6link,ejar_residual_fallback,0,0.1366502733959322,0.06764013132908031,0,0,1,11,0.12636954248837504,0
16_143,16,wide_2link,redundant_4link,raw_joint,0,0.2545301767752202,0.1653314192261634,0,0,0,8,0.0,0
16_143,16,wide_2link,redundant_4link,normalized_copy,0,0.1070242966817772,0.06417174683588102,0,0,1,0,0.0,0
16_143,16,wide_2link,redundant_4link,link_scaled,0,0.08403042641923844,0.049703958067962434,0,1,1,0,0.0,0
16_143,16,wide_2link,redundant_4link,static_home,0,0.07533560442770453,0.048383025502177886,0,1,1,0,0.09403197662890234,0
16_143,16,wide_2link,redundant_4link,target_ik,0,0.0005279837943734028,0.00033572682135484476,1,1,1,0,2.5482341663118285e-06,0
16_143,16,wide_2link,redundant_4link,ejar_absolute,0,0.00041643153892772166,0.00025489556687269857,1,1,1,0,0.0004924920446595256,0
16_143,16,wide_2link,redundant_4link,ejar_residual_fallback,0,0.00041643153892772166,0.00025489556687269857,1,1,1,0,0.0004924920446595256,0
16_144,16,asym_3link,long_2link,raw_joint,0,0.15106084422691538,0.11999037351234243,0,0,1,6,0.0,0
16_144,16,asym_3link,long_2link,normalized_copy,0,0.24039657912474358,0.20980108349159388,0,0,0,0,0.0,0
16_144,16,asym_3link,long_2link,link_scaled,0,0.16428362503860441,0.1436853007796666,0,0,1,0,0.0,0
16_144,16,asym_3link,long_2link,static_home,0,0.10578229732936106,0.06954461454950688,0,0,1,0,0.042458070903536156,0
16_144,16,asym_3link,long_2link,target_ik,0,0.1308749047108577,0.08126051460095998,0,0,1,16,0.12853133774115882,0
16_144,16,asym_3link,long_2link,ejar_absolute,0,0.09699101567530305,0.06279008603944487,0,1,1,1,0.09522534982316126,0
16_144,16,asym_3link,long_2link,ejar_residual_fallback,0,0.09699101567530305,0.06279008603944487,0,1,1,1,0.09522534982316126,0
16_145,16,heavy_3link,needle_5link,raw_joint,0,0.25792157702528734,0.14163863497405466,0,0,0,0,0.0,0
16_145,16,heavy_3link,needle_5link,normalized_copy,0,0.20984313517682088,0.1145790812135764,0,0,0,0,0.0,0
16_145,16,heavy_3link,needle_5link,link_scaled,0,0.23440249395203577,0.1281899286564256,0,0,0,0,0.0,0
16_145,16,heavy_3link,needle_5link,static_home,0,0.13892901979015293,0.07446733047949017,0,0,1,0,0.02242740887565784,0
16_145,16,heavy_3link,needle_5link,target_ik,0,0.0006923796309631026,0.00035989140706580716,1,1,1,0,2.2827157585052407e-06,0
16_145,16,heavy_3link,needle_5link,ejar_absolute,0,0.0007478611494811455,0.00039760795068362754,1,1,1,0,0.0009652557009291131,0
16_145,16,heavy_3link,needle_5link,ejar_residual_fallback,0,0.0007478611494811455,0.00039760795068362754,1,1,1,0,0.0009652557009291131,0
16_146,16,teacher_2link,heavy_3link,raw_joint,0,0.379165434963547,0.19966101229776012,0,0,0,0,0.0,0
16_146,16,teacher_2link,heavy_3link,normalized_copy,0,0.26927513643338963,0.1410763326687095,0,0,0,0,0.0,0
16_146,16,teacher_2link,heavy_3link,link_scaled,0,0.24199044155751373,0.1270670700207711,0,0,0,0,0.0,0
16_146,16,teacher_2link,heavy_3link,static_home,0,0.15637011028296957,0.08309593855688807,0,0,1,0,0.16798428188391792,0
16_146,16,teacher_2link,heavy_3link,target_ik,0,0.0015656621057489129,0.0007686402467077335,1,1,1,0,6.358443673964044e-06,0
16_146,16,teacher_2link,heavy_3link,ejar_absolute,0,0.0025895366633323117,0.001257114233249916,1,1,1,0,0.0012003171371903227,0
16_146,16,teacher_2link,heavy_3link,ejar_residual_fallback,0,0.0025895366633323117,0.001257114233249916,1,1,1,0,0.0012003171371903227,0
16_147,16,short_2link,short_2link,raw_joint,0,0.16003096223828753,0.07900388723283211,0,0,1,0,0.0,0
16_147,16,short_2link,short_2link,normalized_copy,0,0.16003096223828753,0.07900388723283211,0,0,1,0,0.0,0
16_147,16,short_2link,short_2link,link_scaled,0,0.16003096223828753,0.07900388723283211,0,0,1,0,0.0,0
16_147,16,short_2link,short_2link,static_home,0,0.5368365175393243,0.27219166685442486,0,0,0,0,0.4261241881440322,0
16_147,16,short_2link,short_2link,target_ik,0,0.01571318002089054,0.007190713172980217,1,1,1,0,2.2008416453596522e-05,0
16_147,16,short_2link,short_2link,ejar_absolute,0,0.014488991727754474,0.006249941552474373,1,1,1,0,0.0043355366744783465,0
16_147,16,short_2link,short_2link,ejar_residual_fallback,0,0.014488991727754474,0.006249941552474373,1,1,1,0,0.0043355366744783465,0
16_148,16,long_2link,soft_5link,raw_joint,0,0.3588701599697683,0.19254398505983772,0,0,0,0,0.0,0
16_148,16,long_2link,soft_5link,normalized_copy,0,0.40520252915024857,0.21819603205759075,0,0,0,0,0.0,0
16_148,16,long_2link,soft_5link,link_scaled,0,0.4926659706765862,0.26576900622164923,0,0,0,0,0.0,0
16_148,16,long_2link,soft_5link,static_home,0,0.4047423058615815,0.21413859079619013,0,0,0,0,0.00891641238226027,0
16_148,16,long_2link,soft_5link,target_ik,0,0.0034397919145337254,0.0016512667877208102,1,1,1,0,2.0015955557447236e-05,0
16_148,16,long_2link,soft_5link,ejar_absolute,0,0.00644289190322874,0.0029908835207002014,1,1,1,0,0.0032782310845110496,0
16_148,16,long_2link,soft_5link,ejar_residual_fallback,0,0.00644289190322874,0.0029908835207002014,1,1,1,0,0.0032782310845110496,0
16_149,16,wide_2link,asym_3link,raw_joint,0,0.8905472740467696,0.46401415851118033,0,0,0,0,0.0,0
16_149,16,wide_2link,asym_3link,normalized_copy,0,0.9903774646758519,0.5138332825136158,0,0,0,0,0.0,0
16_149,16,wide_2link,asym_3link,link_scaled,0,0.9434543730360607,0.4892753469603673,0,0,0,0,0.0,0
16_149,16,wide_2link,asym_3link,static_home,0,0.7020076780260813,0.36954385674590806,0,0,0,0,0.4906893303262525,0
16_149,16,wide_2link,asym_3link,target_ik,0,0.009901063612848347,0.005038988672538568,1,1,1,0,1.4832277750516203e-05,0
16_149,16,wide_2link,asym_3link,ejar_absolute,0,0.011896344519824912,0.005906494693183023,1,1,1,0,0.003231465841113676,0
16_149,16,wide_2link,asym_3link,ejar_residual_fallback,0,0.011896344519824912,0.005906494693183023,1,1,1,0,0.003231465841113676,0
16_150,16,asym_3link,large_6link,raw_joint,0,0.10415689442957496,0.049614535607690566,0,0,1,0,0.0,0
16_150,16,asym_3link,large_6link,normalized_copy,0,0.031708114076085946,0.013665491823577465,1,1,1,0,0.0,0
16_150,16,asym_3link,large_6link,link_scaled,0,0.017035653631856204,0.008751231275791832,1,1,1,0,0.0,0
16_150,16,asym_3link,large_6link,static_home,0,0.0999634405396648,0.05295539997267207,0,1,1,0,0.05126737783657485,0
16_150,16,asym_3link,large_6link,target_ik,0,0.00012468124168512194,6.594011415309185e-05,1,1,1,0,1.9097090937007694e-06,0
16_150,16,asym_3link,large_6link,ejar_absolute,0,0.0006600652556513505,0.0003511145115189467,1,1,1,0,0.0007518466537080299,0
16_150,16,asym_3link,large_6link,ejar_residual_fallback,0,0.0006600652556513505,0.0003511145115189467,1,1,1,0,0.0007518466537080299,0
16_151,16,heavy_3link,long_4link,raw_joint,0,0.10353684211115005,0.051428597779047576,0,0,1,0,0.0,0
16_151,16,heavy_3link,long_4link,normalized_copy,0,0.055963412512841745,0.029181541515555142,0,1,1,0,0.0,0
16_151,16,heavy_3link,long_4link,link_scaled,0,0.062283246160235416,0.03282979356602108,0,1,1,0,0.0,0
16_151,16,heavy_3link,long_4link,static_home,0,0.15055517679541588,0.07859191740730001,0,0,1,0,0.2257797682971092,0
16_151,16,heavy_3link,long_4link,target_ik,0,0.0015206758745185778,0.0007687713498290065,1,1,1,0,2.850412784980493e-06,0
16_151,16,heavy_3link,long_4link,ejar_absolute,0,0.002386851124564878,0.0011363592965429549,1,1,1,0,0.0009128026723314961,0
16_151,16,heavy_3link,long_4link,ejar_residual_fallback,0,0.002386851124564878,0.0011363592965429549,1,1,1,0,0.0009128026723314961,0
16_152,16,teacher_2link,wide_2link,raw_joint,0,0.285051558589184,0.15398833538483764,0,0,0,0,0.0,0
16_152,16,teacher_2link,wide_2link,normalized_copy,0,0.24406526330049733,0.12977599466362616,0,0,0,0,0.0,0
16_152,16,teacher_2link,wide_2link,link_scaled,0,0.25835272174473534,0.13751411330056784,0,0,0,0,0.0,0
16_152,16,teacher_2link,wide_2link,static_home,0,0.27542830860944023,0.14818890654548295,0,0,0,0,0.016167111158195486,0
16_152,16,teacher_2link,wide_2link,target_ik,0,0.007520207047464503,0.005336363699231021,1,1,1,0,5.0286196756272976e-05,0
16_152,16,teacher_2link,wide_2link,ejar_absolute,0,0.003455130723479843,0.002214549571359162,1,1,1,0,0.0046381477377028905,0
16_152,16,teacher_2link,wide_2link,ejar_residual_fallback,0,0.003455130723479843,0.002214549571359162,1,1,1,0,0.0046381477377028905,0
16_153,16,short_2link,snake_6link,raw_joint,1,0.206013219887351,0.20932270962966548,0,0,0,0,0.0,0
16_153,16,short_2link,snake_6link,normalized_copy,1,0.30323356283529873,0.28222050332525317,0,0,0,0,0.0,0
16_153,16,short_2link,snake_6link,link_scaled,1,0.2331919940016083,0.2103928592518378,0,0,0,0,0.0,0
16_153,16,short_2link,snake_6link,static_home,1,0.09373229810582773,0.04673586602327663,0,1,1,0,0.09240327518823069,0
16_153,16,short_2link,snake_6link,target_ik,1,0.008951227593852695,0.007357106192881291,1,1,1,1,0.006629596113495513,0
16_153,16,short_2link,snake_6link,ejar_absolute,1,0.009614004425683328,0.009203199831263727,1,1,1,1,0.018406429619218973,0
16_153,16,short_2link,snake_6link,ejar_residual_fallback,1,0.009614004425683328,0.009203199831263727,1,1,1,1,0.018406429619218973,0
16_154,16,long_2link,redundant_4link,raw_joint,0,0.09550213945362881,0.06723955334775157,0,1,1,0,0.0,0
16_154,16,long_2link,redundant_4link,normalized_copy,0,0.21520666773268962,0.14808017306314553,0,0,0,0,0.0,0
16_154,16,long_2link,redundant_4link,link_scaled,0,0.3558949529571939,0.22032848282985476,0,0,0,3,0.0,0
16_154,16,long_2link,redundant_4link,static_home,0,0.20464302702730325,0.10758961477305479,0,0,0,0,0.2534973931179328,0
16_154,16,long_2link,redundant_4link,target_ik,0,0.005224965183945768,0.002869414623102108,1,1,1,0,9.516895497900996e-06,0
16_154,16,long_2link,redundant_4link,ejar_absolute,0,0.0046612614052002985,0.0025239244083850396,1,1,1,0,0.001647679921664669,0
16_154,16,long_2link,redundant_4link,ejar_residual_fallback,0,0.0046612614052002985,0.0025239244083850396,1,1,1,0,0.001647679921664669,0
16_155,16,wide_2link,long_2link,raw_joint,0,0.450795153446301,0.24620759380245316,0,0,0,0,0.0,0
16_155,16,wide_2link,long_2link,normalized_copy,0,0.29075414837273306,0.1476478917346899,0,0,0,0,0.0,0
16_155,16,wide_2link,long_2link,link_scaled,0,0.22483916597093376,0.11505136247627765,0,0,0,0,0.0,0
16_155,16,wide_2link,long_2link,static_home,0,0.1884641554789992,0.0993629868532905,0,0,1,0,0.11858070839961207,0
16_155,16,wide_2link,long_2link,target_ik,0,0.05590596455614469,0.014596454483347428,0,1,1,8,0.047992802522161905,0
16_155,16,wide_2link,long_2link,ejar_absolute,0,0.047853077324924664,0.014338584118434914,1,1,1,0,0.04274259461540146,0
16_155,16,wide_2link,long_2link,ejar_residual_fallback,0,0.047853077324924664,0.014338584118434914,1,1,1,0,0.04274259461540146,0
16_156,16,asym_3link,needle_5link,raw_joint,0,0.4738119683325652,0.25991079070999523,0,0,0,0,0.0,0
16_156,16,asym_3link,needle_5link,normalized_copy,0,0.3930948197196051,0.21383391245604222,0,0,0,0,0.0,0
16_156,16,asym_3link,needle_5link,link_scaled,0,0.38228095031809967,0.2074349383253623,0,0,0,0,0.0,0
16_156,16,asym_3link,needle_5link,static_home,0,0.28051765057972344,0.14991843462993903,0,0,0,0,0.2728794915660773,0
16_156,16,asym_3link,needle_5link,target_ik,0,0.0063150537918887605,0.0035194721186417926,1,1,1,0,1.1778132623398081e-05,0
16_156,16,asym_3link,needle_5link,ejar_absolute,0,0.011447698609397407,0.005798086272438772,1,1,1,0,0.0034359592180411825,0
16_156,16,asym_3link,needle_5link,ejar_residual_fallback,0,0.011447698609397407,0.005798086272438772,1,1,1,0,0.0034359592180411825,0
16_157,16,heavy_3link,heavy_3link,raw_joint,0,0.25043809425101154,0.11199959536951148,0,0,0,0,0.0,0
16_157,16,heavy_3link,heavy_3link,normalized_copy,0,0.25043809425101154,0.11199959536951148,0,0,0,0,0.0,0
16_157,16,heavy_3link,heavy_3link,link_scaled,0,0.25043809425101154,0.11199959536951148,0,0,0,0,0.0,0
16_157,16,heavy_3link,heavy_3link,static_home,0,0.14091919475741843,0.06974342698351149,0,0,1,0,0.1739355239231275,0
16_157,16,heavy_3link,heavy_3link,target_ik,0,0.002531109183213889,0.0013125198042817014,1,1,1,0,2.9714838240136982e-06,0
16_157,16,heavy_3link,heavy_3link,ejar_absolute,0,0.003549996066467721,0.0017942827795717148,1,1,1,0,0.0012101327679947245,0
16_157,16,heavy_3link,heavy_3link,ejar_residual_fallback,0,0.003549996066467721,0.0017942827795717148,1,1,1,0,0.0012101327679947245,0
16_158,16,teacher_2link,short_2link,raw_joint,0,0.091885632115946,0.07326151032542447,0,1,1,15,0.0,0
16_158,16,teacher_2link,short_2link,normalized_copy,0,0.09018155197022087,0.07234986142244185,0,1,1,0,0.0,0
16_158,16,teacher_2link,short_2link,link_scaled,0,0.0879786063653637,0.07073961284688088,0,1,1,16,0.0,0
16_158,16,teacher_2link,short_2link,static_home,0,0.016388591978799612,0.013573399023954942,1,1,1,0,0.026445753352609125,0
16_158,16,teacher_2link,short_2link,target_ik,0,0.00029964643151471186,0.0002630645321324965,1,1,1,0,6.646647359975763e-06,0
16_158,16,teacher_2link,short_2link,ejar_absolute,0,0.0010063156888440938,0.0008402394853220212,1,1,1,0,0.0012197133983765055,0
16_158,16,teacher_2link,short_2link,ejar_residual_fallback,0,0.0010063156888440938,0.0008402394853220212,1,1,1,0,0.0012197133983765055,0
16_159,16,short_2link,soft_5link,raw_joint,0,0.11283598420349439,0.05958857362066864,0,0,1,0,0.0,0
16_159,16,short_2link,soft_5link,normalized_copy,0,0.12810682698186102,0.0666012719734372,0,0,1,0,0.0,0
16_159,16,short_2link,soft_5link,link_scaled,0,0.09029029424027084,0.04860377387494015,0,1,1,0,0.0,0
16_159,16,short_2link,soft_5link,static_home,0,0.22802206231648592,0.12108544734593343,0,0,0,0,0.11980123697167469,0
16_159,16,short_2link,soft_5link,target_ik,0,0.0012314699932166962,0.000655376914230841,1,1,1,0,3.3163217286575097e-06,0
16_159,16,short_2link,soft_5link,ejar_absolute,0,0.00103581249360596,0.0005613397677294585,1,1,1,0,0.0005519064416559843,0
16_159,16,short_2link,soft_5link,ejar_residual_fallback,0,0.00103581249360596,0.0005613397677294585,1,1,1,0,0.0005519064416559843,0
16_160,16,long_2link,asym_3link,raw_joint,0,0.22738145274514385,0.11785457868638738,0,0,0,0,0.0,0
16_160,16,long_2link,asym_3link,normalized_copy,0,0.19518179326272148,0.10011852943738042,0,0,1,0,0.0,0
16_160,16,long_2link,asym_3link,link_scaled,0,0.21637525551414905,0.10969528323378969,0,0,0,0,0.0,0
16_160,16,long_2link,asym_3link,static_home,0,0.21523634514557466,0.11412963946066307,0,0,0,0,0.1722941660464715,0
16_160,16,long_2link,asym_3link,target_ik,0,0.0024787388710875127,0.0011556781448010607,1,1,1,0,1.164803940079038e-05,0
16_160,16,long_2link,asym_3link,ejar_absolute,0,0.004359089826578588,0.002016152008748354,1,1,1,0,0.0019564103946725186,0
16_160,16,long_2link,asym_3link,ejar_residual_fallback,0,0.004359089826578588,0.002016152008748354,1,1,1,0,0.0019564103946725186,0
16_161,16,wide_2link,large_6link,raw_joint,0,0.36741649298045875,0.18934868324432103,0,0,0,0,0.0,0
16_161,16,wide_2link,large_6link,normalized_copy,0,0.1521284931241036,0.07979666830737572,0,0,1,0,0.0,0
16_161,16,wide_2link,large_6link,link_scaled,0,0.12955683105063856,0.06815709892708446,0,0,1,0,0.0,0
16_161,16,wide_2link,large_6link,static_home,0,0.13495851771594022,0.0710038363624473,0,0,1,0,0.07333090782838882,0
16_161,16,wide_2link,large_6link,target_ik,0,0.0010990976298959564,0.0005159563501252633,1,1,1,0,5.1872854868408635e-06,0
16_161,16,wide_2link,large_6link,ejar_absolute,0,0.002202250581472418,0.0010529144774814915,1,1,1,0,0.0012649366472240473,0
16_161,16,wide_2link,large_6link,ejar_residual_fallback,0,0.002202250581472418,0.0010529144774814915,1,1,1,0,0.0012649366472240473,0
16_162,16,asym_3link,long_4link,raw_joint,0,1.0615678002483813,0.5571004747370079,0,0,0,0,0.0,0
16_162,16,asym_3link,long_4link,normalized_copy,0,0.9458838596728926,0.5015154229567174,0,0,0,0,0.0,0
16_162,16,asym_3link,long_4link,link_scaled,0,0.8141571662223983,0.4341984915329246,0,0,0,0,0.0,0
16_162,16,asym_3link,long_4link,static_home,0,0.5697448688239963,0.30212444346013756,0,0,0,0,0.5447652632799287,0
16_162,16,asym_3link,long_4link,target_ik,0,0.2717270135724769,0.09470894364669148,0,0,0,13,0.25330159454787304,0
16_162,16,asym_3link,long_4link,ejar_absolute,0,0.268496269161852,0.08960937772448858,0,0,0,12,0.24735357594491603,0
16_162,16,asym_3link,long_4link,ejar_residual_fallback,0,0.268496269161852,0.08960937772448858,0,0,0,12,0.24735357594491603,0
16_163,16,heavy_3link,wide_2link,raw_joint,0,0.0965834569645452,0.05106394025986358,0,1,1,0,0.0,0
16_163,16,heavy_3link,wide_2link,normalized_copy,0,0.1004580919561668,0.05300298625039701,0,0,1,0,0.0,0
16_163,16,heavy_3link,wide_2link,link_scaled,0,0.132697234230434,0.06968853167455848,0,0,1,0,0.0,0
16_163,16,heavy_3link,wide_2link,static_home,0,0.0976674965711734,0.05112906434337739,0,1,1,0,0.0204759066203538,0
16_163,16,heavy_3link,wide_2link,target_ik,0,0.004570269209987212,0.0015632080353589668,1,1,1,0,5.722744955265163e-05,0
16_163,16,heavy_3link,wide_2link,ejar_absolute,0,0.007924654936262548,0.0029161947587790587,1,1,1,0,0.0044209857371067555,0
16_163,16,heavy_3link,wide_2link,ejar_residual_fallback,0,0.007924654936262548,0.0029161947587790587,1,1,1,0,0.0044209857371067555,0
16_164,16,teacher_2link,snake_6link,raw_joint,0,0.12926130129963384,0.056321444985100874,0,0,1,0,0.0,0
16_164,16,teacher_2link,snake_6link,normalized_copy,0,0.11944665692154748,0.05401623308344371,0,0,1,0,0.0,0
16_164,16,teacher_2link,snake_6link,link_scaled,0,0.1298870054192624,0.05640008871098008,0,0,1,0,0.0,0
16_164,16,teacher_2link,snake_6link,static_home,0,0.16645683129426136,0.08850129421000863,0,0,1,0,0.21785060151573976,0
16_164,16,teacher_2link,snake_6link,target_ik,0,0.002513836702481709,0.0012888469629220441,1,1,1,0,1.0988841857262323e-05,0
16_164,16,teacher_2link,snake_6link,ejar_absolute,0,0.0048534254051240825,0.0023299935580897964,1,1,1,0,0.002783665521072525,0
16_164,16,teacher_2link,snake_6link,ejar_residual_fallback,0,0.0048534254051240825,0.0023299935580897964,1,1,1,0,0.002783665521072525,0
16_165,16,short_2link,redundant_4link,raw_joint,0,0.24661024795599096,0.2280309357881789,0,0,0,0,0.0,0
16_165,16,short_2link,redundant_4link,normalized_copy,0,0.13422516919951305,0.11268026551669419,0,0,1,0,0.0,0
16_165,16,short_2link,redundant_4link,link_scaled,0,0.099426671108754,0.1312411145783854,0,1,1,0,0.0,0
16_165,16,short_2link,redundant_4link,static_home,0,0.46767757874851534,0.271634300954384,0,0,0,0,0.34540384455025086,0
16_165,16,short_2link,redundant_4link,target_ik,0,0.004371384314387731,0.0028874067904899534,1,1,1,0,1.589368235801334e-05,0
16_165,16,short_2link,redundant_4link,ejar_absolute,0,0.0011674137246539646,0.0008265612884197317,1,1,1,0,0.002977784136370131,0
16_165,16,short_2link,redundant_4link,ejar_residual_fallback,0,0.0011674137246539646,0.0008265612884197317,1,1,1,0,0.002977784136370131,0
16_166,16,long_2link,long_2link,raw_joint,0,0.013078990901458379,0.0069379217932421505,1,1,1,0,0.0,0
16_166,16,long_2link,long_2link,normalized_copy,0,0.013078990901458379,0.006937921793242183,1,1,1,0,0.0,0
16_166,16,long_2link,long_2link,link_scaled,0,0.013078990901458379,0.006937921793242183,1,1,1,0,0.0,0
16_166,16,long_2link,long_2link,static_home,0,0.0046212402002215325,0.002625765282727833,1,1,1,0,0.0043590221960602095,0
16_166,16,long_2link,long_2link,target_ik,0,5.5992312431555996e-06,3.259529538825547e-06,1,1,1,0,6.683100227548992e-07,0
16_166,16,long_2link,long_2link,ejar_absolute,0,0.00020811021446313208,0.00011740721845109826,1,1,1,0,0.00020361864372465475,0
16_166,16,long_2link,long_2link,ejar_residual_fallback,0,0.00020811021446313208,0.00011740721845109826,1,1,1,0,0.00020361864372465475,0
16_167,16,wide_2link,needle_5link,raw_joint,0,0.15651783712423523,0.12615306488416697,0,0,1,15,0.0,0
16_167,16,wide_2link,needle_5link,normalized_copy,0,0.14103697884337296,0.09620268200548177,0,0,1,0,0.0,0
16_167,16,wide_2link,needle_5link,link_scaled,0,0.18308326243205933,0.11559244802437452,0,0,1,0,0.0,0
16_167,16,wide_2link,needle_5link,static_home,0,0.42449514446190145,0.2767057049092132,0,0,0,0,0.15773060288419086,0
16_167,16,wide_2link,needle_5link,target_ik,0,0.0012653356232385673,0.0011701821234588834,1,1,1,0,5.653090451425305e-06,0
16_167,16,wide_2link,needle_5link,ejar_absolute,0,0.004391915013394666,0.0026693197629652577,1,1,1,0,0.002006583040733738,0
16_167,16,wide_2link,needle_5link,ejar_residual_fallback,0,0.004391915013394666,0.0026693197629652577,1,1,1,0,0.002006583040733738,0
16_168,16,asym_3link,heavy_3link,raw_joint,0,0.19410845405068772,0.10247122599048634,0,0,1,0,0.0,0
16_168,16,asym_3link,heavy_3link,normalized_copy,0,0.15920958787088513,0.08389710362734422,0,0,1,0,0.0,0
16_168,16,asym_3link,heavy_3link,link_scaled,0,0.14147479972015975,0.07473755810333056,0,0,1,0,0.0,0
16_168,16,asym_3link,heavy_3link,static_home,0,0.045574822322253704,0.024054545948469293,1,1,1,0,0.08126174122180975,0
16_168,16,asym_3link,heavy_3link,target_ik,0,0.00016491050126515874,8.579280426933511e-05,1,1,1,0,2.009348391719823e-06,0
16_168,16,asym_3link,heavy_3link,ejar_absolute,0,0.0007037188034726516,0.00035809350667915585,1,1,1,0,0.0005467087313210242,0
16_168,16,asym_3link,heavy_3link,ejar_residual_fallback,0,0.0007037188034726516,0.00035809350667915585,1,1,1,0,0.0005467087313210242,0
16_169,16,heavy_3link,short_2link,raw_joint,0,0.25843041752387697,0.1265737374298632,0,0,0,0,0.0,0
16_169,16,heavy_3link,short_2link,normalized_copy,0,0.16079836937762912,0.06990366477566198,0,0,1,0,0.0,0
16_169,16,heavy_3link,short_2link,link_scaled,0,0.07545437933527617,0.06439854590065666,0,1,1,0,0.0,0
16_169,16,heavy_3link,short_2link,static_home,0,0.19655853443010426,0.10034523702246188,0,0,1,0,0.10359358764993915,0
16_169,16,heavy_3link,short_2link,target_ik,0,0.07916514767567523,0.018369100796609864,0,1,1,8,0.07416247484152214,0
16_169,16,heavy_3link,short_2link,ejar_absolute,0,0.06368268910703508,0.017442505972644726,0,1,1,7,0.057942260001592576,0
16_169,16,heavy_3link,short_2link,ejar_residual_fallback,0,0.06368268910703508,0.017442505972644726,0,1,1,7,0.057942260001592576,0
16_170,16,teacher_2link,soft_5link,raw_joint,1,0.1291068982519445,0.0726019127860064,0,0,1,0,0.0,0
16_170,16,teacher_2link,soft_5link,normalized_copy,1,0.16014390822071464,0.08998121780998294,0,0,1,0,0.0,0
16_170,16,teacher_2link,soft_5link,link_scaled,1,0.16320127352716007,0.092008304621776,0,0,1,0,0.0,0
16_170,16,teacher_2link,soft_5link,static_home,1,0.02565182488286641,0.0129991943477103,1,1,1,0,0.014329687573818282,0
16_170,16,teacher_2link,soft_5link,target_ik,1,0.024716685037689867,0.012972564611856141,1,1,1,3,0.007681837720973578,0
16_170,16,teacher_2link,soft_5link,ejar_absolute,1,0.023840886460439754,0.011895864715963335,1,1,1,0,0.023487768608125556,0
16_170,16,teacher_2link,soft_5link,ejar_residual_fallback,1,0.023840886460439754,0.011895864715963335,1,1,1,0,0.023487768608125556,0
16_171,16,short_2link,asym_3link,raw_joint,0,0.7863825950317113,0.4037405346009152,0,0,0,0,0.0,0
16_171,16,short_2link,asym_3link,normalized_copy,0,0.9000632739087453,0.472815371390782,0,0,0,0,0.0,0
16_171,16,short_2link,asym_3link,link_scaled,0,0.6471044167815446,0.3518072321657786,0,0,0,0,0.0,0
16_171,16,short_2link,asym_3link,static_home,0,0.16436458973018678,0.10532014967382605,0,0,1,0,0.1948392966451742,0
16_171,16,short_2link,asym_3link,target_ik,0,0.003937097159017718,0.0026456343534672646,1,1,1,0,1.9499777990843227e-05,0
16_171,16,short_2link,asym_3link,ejar_absolute,0,0.006819823142184168,0.004265154211934179,1,1,1,0,0.003378054379528247,0
16_171,16,short_2link,asym_3link,ejar_residual_fallback,0,0.006819823142184168,0.004265154211934179,1,1,1,0,0.003378054379528247,0
16_172,16,long_2link,large_6link,raw_joint,0,0.07265331208096634,0.03689411279314469,0,1,1,0,0.0,0
16_172,16,long_2link,large_6link,normalized_copy,0,0.0622371391368969,0.03150541564463682,0,1,1,0,0.0,0
16_172,16,long_2link,large_6link,link_scaled,0,0.06336868868449382,0.03205730921336872,0,1,1,0,0.0,0
16_172,16,long_2link,large_6link,static_home,0,0.04138305622935392,0.02147099523055962,1,1,1,0,0.026075033208963205,0
16_172,16,long_2link,large_6link,target_ik,0,0.00035858138164532056,0.00018673106141214697,1,1,1,0,2.6622324074407536e-06,0
16_172,16,long_2link,large_6link,ejar_absolute,0,0.001007964194089175,0.0005048945827295511,1,1,1,0,0.0006278883644836842,0
16_172,16,long_2link,large_6link,ejar_residual_fallback,0,0.001007964194089175,0.0005048945827295511,1,1,1,0,0.0006278883644836842,0
16_173,16,wide_2link,long_4link,raw_joint,0,0.04466302671868586,0.020192564579684245,1,1,1,0,0.0,0
16_173,16,wide_2link,long_4link,normalized_copy,0,0.08711654559599917,0.041268066360014705,0,1,1,0,0.0,0
16_173,16,wide_2link,long_4link,link_scaled,0,0.0791234094644989,0.0399465239935183,0,1,1,0,0.0,0
16_173,16,wide_2link,long_4link,static_home,0,0.12043955730013736,0.06369079534163405,0,0,1,0,0.13064777863499688,0
16_173,16,wide_2link,long_4link,target_ik,0,0.0010035964422956648,0.0005046653741645266,1,1,1,0,5.583879561529135e-06,0
16_173,16,wide_2link,long_4link,ejar_absolute,0,0.0026106074912476502,0.0012929457985909987,1,1,1,0,0.001679373749914234,0
16_173,16,wide_2link,long_4link,ejar_residual_fallback,0,0.0026106074912476502,0.0012929457985909987,1,1,1,0,0.001679373749914234,0
16_174,16,asym_3link,wide_2link,raw_joint,0,0.4788909789076445,0.2422027561595947,0,0,0,0,0.0,0
16_174,16,asym_3link,wide_2link,normalized_copy,0,0.615727760632323,0.30300791308132347,0,0,0,0,0.0,0
16_174,16,asym_3link,wide_2link,link_scaled,0,0.6427715074576371,0.31757474763762994,0,0,0,7,0.0,0
16_174,16,asym_3link,wide_2link,static_home,0,0.4171120839264602,0.24862734004125614,0,0,0,0,0.26156202966037284,0
16_174,16,asym_3link,wide_2link,target_ik,0,0.19438166894871395,0.09102185969689855,0,0,1,14,0.176976501600458,0
16_174,16,asym_3link,wide_2link,ejar_absolute,0,0.17327452588727238,0.08108849290227682,0,0,1,9,0.1569398086383012,0
16_174,16,asym_3link,wide_2link,ejar_residual_fallback,0,0.17327452588727238,0.08108849290227682,0,0,1,9,0.1569398086383012,0
16_175,16,heavy_3link,snake_6link,raw_joint,0,0.7237779191608141,0.350850005218809,0,0,0,0,0.0,0
16_175,16,heavy_3link,snake_6link,normalized_copy,0,0.7596566629002444,0.38560397708590977,0,0,0,0,0.0,0
16_175,16,heavy_3link,snake_6link,link_scaled,0,0.8935920909176149,0.4590085632966043,0,0,0,5,0.0,0
16_175,16,heavy_3link,snake_6link,static_home,0,0.43532692312100846,0.23649584875226398,0,0,0,0,0.4211311191794217,0
16_175,16,heavy_3link,snake_6link,target_ik,0,0.006451990872834139,0.0028882539264583054,1,1,1,0,1.7407415048601547e-05,0
16_175,16,heavy_3link,snake_6link,ejar_absolute,0,0.010873460031126112,0.004925452208473914,1,1,1,0,0.004266499337082494,0
16_175,16,heavy_3link,snake_6link,ejar_residual_fallback,0,0.010873460031126112,0.004925452208473914,1,1,1,0,0.004266499337082494,0
16_176,16,teacher_2link,redundant_4link,raw_joint,0,0.24661538096005,0.14084114593820446,0,0,0,0,0.0,0
16_176,16,teacher_2link,redundant_4link,normalized_copy,0,0.27568633363322503,0.15486093023791364,0,0,0,0,0.0,0
16_176,16,teacher_2link,redundant_4link,link_scaled,0,0.27568633363322503,0.15486093023791364,0,0,0,0,0.0,0
16_176,16,teacher_2link,redundant_4link,static_home,0,0.32404298700430245,0.17183977906940612,0,0,0,0,0.3239605075492681,0
16_176,16,teacher_2link,redundant_4link,target_ik,0,0.0034310859457640517,0.0019464821554011455,1,1,1,0,1.0936732714923266e-05,0
16_176,16,teacher_2link,redundant_4link,ejar_absolute,0,0.003466505594063068,0.001873907918803964,1,1,1,0,0.0021337322377997367,0
16_176,16,teacher_2link,redundant_4link,ejar_residual_fallback,0,0.003466505594063068,0.001873907918803964,1,1,1,0,0.0021337322377997367,0
16_177,16,short_2link,long_2link,raw_joint,0,0.5431748404424193,0.3001022491926869,0,0,0,0,0.0,0
16_177,16,short_2link,long_2link,normalized_copy,0,0.3686138327349847,0.20440657009553392,0,0,0,0,0.0,0
16_177,16,short_2link,long_2link,link_scaled,0,0.26447402260138114,0.1446060977153447,0,0,0,0,0.0,0
16_177,16,short_2link,long_2link,static_home,0,0.16112374139770091,0.0848063678525747,0,0,1,0,0.18583675435118813,0
16_177,16,short_2link,long_2link,target_ik,0,0.0012618600465908378,0.0006957993470320235,1,1,1,0,4.460801433125867e-06,0
16_177,16,short_2link,long_2link,ejar_absolute,0,0.000742528081609542,0.0004095749702229878,1,1,1,0,0.0014522020305779654,0
16_177,16,short_2link,long_2link,ejar_residual_fallback,0,0.000742528081609542,0.0004095749702229878,1,1,1,0,0.0014522020305779654,0
16_178,16,long_2link,needle_5link,raw_joint,0,0.22932400485819568,0.12511728636005062,0,0,0,0,0.0,0
16_178,16,long_2link,needle_5link,normalized_copy,0,0.11705838777571777,0.06745775292208067,0,0,1,0,0.0,0
16_178,16,long_2link,needle_5link,link_scaled,0,0.08941611912861198,0.052149727743344886,0,1,1,0,0.0,0
16_178,16,long_2link,needle_5link,static_home,0,0.17394570742360163,0.0920438005091947,0,0,1,0,0.2434520634970435,0
16_178,16,long_2link,needle_5link,target_ik,0,0.0018897759956159508,0.0010798744578476242,1,1,1,0,5.070773794781471e-06,0
16_178,16,long_2link,needle_5link,ejar_absolute,0,0.0014035100258563275,0.0006585067738891594,1,1,1,0,0.0009533234508754158,0
16_178,16,long_2link,needle_5link,ejar_residual_fallback,0,0.0014035100258563275,0.0006585067738891594,1,1,1,0,0.0009533234508754158,0
16_179,16,wide_2link,heavy_3link,raw_joint,0,0.4594278766775187,0.2469444463847546,0,0,0,0,0.0,0
16_179,16,wide_2link,heavy_3link,normalized_copy,0,0.29200631541519095,0.1564771118756975,0,0,0,0,0.0,0
16_179,16,wide_2link,heavy_3link,link_scaled,0,0.21923345553394188,0.11963751565589346,0,0,0,0,0.0,0
16_179,16,wide_2link,heavy_3link,static_home,0,0.16458057302199933,0.08893632020266602,0,0,1,0,0.026799682216767387,0
16_179,16,wide_2link,heavy_3link,target_ik,0,0.001151294730812827,0.0006270849151500255,1,1,1,0,6.840399152493151e-06,0
16_179,16,wide_2link,heavy_3link,ejar_absolute,0,0.0009437627863606302,0.0005045173807104891,1,1,1,0,0.001656525052016008,0
16_179,16,wide_2link,heavy_3link,ejar_residual_fallback,0,0.0009437627863606302,0.0005045173807104891,1,1,1,0,0.001656525052016008,0
32_0,32,long_2link,large_6link,raw_joint,1,0.3986284866661547,0.19167010956119465,0,0,0,0,0.0,0
32_0,32,long_2link,large_6link,normalized_copy,1,0.4357786831997387,0.2104649869032288,0,0,0,0,0.0,0
32_0,32,long_2link,large_6link,link_scaled,1,0.44030469180202675,0.2124691971906929,0,0,0,0,0.0,0
32_0,32,long_2link,large_6link,static_home,1,0.2574590536158583,0.1315946958002085,0,0,0,0,0.24785577915099186,0
32_0,32,long_2link,large_6link,target_ik,1,0.2536181111865921,0.12864948532561515,0,0,0,32,0.15956048702509576,0
32_0,32,long_2link,large_6link,ejar_absolute,1,0.2512029586681619,0.1270723300703191,0,0,0,0,0.22379656706043652,0
32_0,32,long_2link,large_6link,ejar_residual_fallback,1,0.2512029586681619,0.1270723300703191,0,0,0,0,0.22379656706043652,0
32_1,32,wide_2link,long_4link,raw_joint,0,0.9739674810179412,0.5946187725076135,0,0,0,0,0.0,0
32_1,32,wide_2link,long_4link,normalized_copy,0,0.7901303304877011,0.42597681470280135,0,0,0,0,0.0,0
32_1,32,wide_2link,long_4link,link_scaled,0,0.6361717660745225,0.33650206259057874,0,0,0,0,0.0,0
32_1,32,wide_2link,long_4link,static_home,0,0.5125128653244481,0.26561769190684753,0,0,0,0,0.37124380191915873,0
32_1,32,wide_2link,long_4link,target_ik,0,0.008412056651089968,0.005989102874327608,1,1,1,0,3.043147859845751e-05,0
32_1,32,wide_2link,long_4link,ejar_absolute,0,0.000701513431865636,0.0006681919686719975,1,1,1,0,0.008749030012893316,0
32_1,32,wide_2link,long_4link,ejar_residual_fallback,0,0.000701513431865636,0.0006681919686719975,1,1,1,0,0.008749030012893316,0
32_2,32,asym_3link,wide_2link,raw_joint,0,0.17405208249725823,0.09536184381902403,0,0,1,0,0.0,0
32_2,32,asym_3link,wide_2link,normalized_copy,0,0.13904645913092809,0.07634547688686853,0,0,1,0,0.0,0
32_2,32,asym_3link,wide_2link,link_scaled,0,0.13295734964892064,0.07363605183644867,0,0,1,0,0.0,0
32_2,32,asym_3link,wide_2link,static_home,0,0.3437389622097568,0.17728115632773467,0,0,0,0,0.0935430366940077,0
32_2,32,asym_3link,wide_2link,target_ik,0,0.002327708101286908,0.0011740162721773607,1,1,1,0,1.7559121091004793e-05,0
32_2,32,asym_3link,wide_2link,ejar_absolute,0,0.002652055807007808,0.0012671758638025752,1,1,1,0,0.0014517622928314415,0
32_2,32,asym_3link,wide_2link,ejar_residual_fallback,0,0.002652055807007808,0.0012671758638025752,1,1,1,0,0.0014517622928314415,0
32_3,32,heavy_3link,snake_6link,raw_joint,0,0.6493968994532875,0.32294722380822816,0,0,0,0,0.0,0
32_3,32,heavy_3link,snake_6link,normalized_copy,0,0.5526718060765122,0.2820310371354204,0,0,0,0,0.0,0
32_3,32,heavy_3link,snake_6link,link_scaled,0,0.7027571108151018,0.3595540322142745,0,0,0,0,0.0,0
32_3,32,heavy_3link,snake_6link,static_home,0,0.11562926259403525,0.05987242431429941,0,0,1,0,0.17401566405566754,0
32_3,32,heavy_3link,snake_6link,target_ik,0,0.0006730051126662169,0.0003517710681658143,1,1,1,0,8.433546969736446e-07,0
32_3,32,heavy_3link,snake_6link,ejar_absolute,0,0.0006500244708699711,0.00031135776817336374,1,1,1,0,0.00018063395490523535,0
32_3,32,heavy_3link,snake_6link,ejar_residual_fallback,0,0.0006500244708699711,0.00031135776817336374,1,1,1,0,0.00018063395490523535,0
32_4,32,teacher_2link,redundant_4link,raw_joint,0,0.40983059307394626,0.25120324628369284,0,0,0,0,0.0,0
32_4,32,teacher_2link,redundant_4link,normalized_copy,0,0.4884111724710756,0.3119615898915993,0,0,0,0,0.0,0
32_4,32,teacher_2link,redundant_4link,link_scaled,0,0.4884111724710756,0.3119615898915993,0,0,0,0,0.0,0
32_4,32,teacher_2link,redundant_4link,static_home,0,0.48979744974498574,0.24913253836257473,0,0,0,0,0.07964344240611146,0
32_4,32,teacher_2link,redundant_4link,target_ik,0,0.007557377834980539,0.0034457053869324274,1,1,1,0,2.5438222965412764e-05,0
32_4,32,teacher_2link,redundant_4link,ejar_absolute,0,0.0117013902313063,0.004787310953756545,1,1,1,0,0.005468869024324075,0
32_4,32,teacher_2link,redundant_4link,ejar_residual_fallback,0,0.0117013902313063,0.004787310953756545,1,1,1,0,0.005468869024324075,0
32_5,32,short_2link,long_2link,raw_joint,0,0.34014587948511504,0.1992061333387661,0,0,0,0,0.0,0
32_5,32,short_2link,long_2link,normalized_copy,0,0.2582262494541936,0.15081434094993768,0,0,0,0,0.0,0
32_5,32,short_2link,long_2link,link_scaled,0,0.17161744313919752,0.09331728764922217,0,0,1,0,0.0,0
32_5,32,short_2link,long_2link,static_home,0,0.07233952964708236,0.03835893857859943,0,1,1,0,0.11436955231141148,0
32_5,32,short_2link,long_2link,target_ik,0,0.0002307949677492398,0.00011208442223372683,1,1,1,0,4.776712627806803e-07,0
32_5,32,short_2link,long_2link,ejar_absolute,0,0.00022379047858269506,0.00011843519333481008,1,1,1,0,0.00015088421743807156,0
32_5,32,short_2link,long_2link,ejar_residual_fallback,0,0.00022379047858269506,0.00011843519333481008,1,1,1,0,0.00015088421743807156,0
32_6,32,long_2link,needle_5link,raw_joint,0,0.39609742479054794,0.2044284069480778,0,0,0,0,0.0,0
32_6,32,long_2link,needle_5link,normalized_copy,0,0.4265384760238068,0.22023705422650852,0,0,0,0,0.0,0
32_6,32,long_2link,needle_5link,link_scaled,0,0.4231734990923436,0.21935758302475042,0,0,0,0,0.0,0
32_6,32,long_2link,needle_5link,static_home,0,0.4635699991433556,0.24107539242094203,0,0,0,0,0.45548969679527845,0
32_6,32,long_2link,needle_5link,target_ik,0,0.003981458552382036,0.0019845812713272844,1,1,1,0,6.665814915182661e-06,0
32_6,32,long_2link,needle_5link,ejar_absolute,0,0.004420284040111622,0.0021790120173114454,1,1,1,0,0.0035321085954536286,0
32_6,32,long_2link,needle_5link,ejar_residual_fallback,0,0.004420284040111622,0.0021790120173114454,1,1,1,0,0.0035321085954536286,0
32_7,32,wide_2link,heavy_3link,raw_joint,0,0.09150432030594358,0.045266252788551474,0,1,1,0,0.0,0
32_7,32,wide_2link,heavy_3link,normalized_copy,0,0.022344548447473463,0.01125288072714937,1,1,1,0,0.0,0
32_7,32,wide_2link,heavy_3link,link_scaled,0,0.04390765006271672,0.022618289345682285,1,1,1,0,0.0,0
32_7,32,wide_2link,heavy_3link,static_home,0,0.08409131197460332,0.04288061138743293,0,1,1,0,0.046650855698405616,0
32_7,32,wide_2link,heavy_3link,target_ik,0,0.00015829677880628744,7.742304088051977e-05,1,1,1,0,2.893389896385347e-06,0
32_7,32,wide_2link,heavy_3link,ejar_absolute,0,0.0009692389633841661,0.00047548390190340766,1,1,1,0,0.0008145265918215814,0
32_7,32,wide_2link,heavy_3link,ejar_residual_fallback,0,0.0009692389633841661,0.00047548390190340766,1,1,1,0,0.0008145265918215814,0
32_8,32,asym_3link,short_2link,raw_joint,0,0.40849391828181064,0.20739119621795998,0,0,0,0,0.0,0
32_8,32,asym_3link,short_2link,normalized_copy,0,0.4455541017957937,0.22093934183803055,0,0,0,0,0.0,0
32_8,32,asym_3link,short_2link,link_scaled,0,0.7165976757432097,0.3716456042220268,0,0,0,0,0.0,0
32_8,32,asym_3link,short_2link,static_home,0,0.1397817264553615,0.062237592723791944,0,0,1,0,0.11273094994338839,0
32_8,32,asym_3link,short_2link,target_ik,0,0.005886137279699739,0.0023969509880678633,1,1,1,0,3.354104413763499e-05,0
32_8,32,asym_3link,short_2link,ejar_absolute,0,0.011307883345019714,0.004001911456730418,1,1,1,0,0.00622821527549145,0
32_8,32,asym_3link,short_2link,ejar_residual_fallback,0,0.011307883345019714,0.004001911456730418,1,1,1,0,0.00622821527549145,0
32_9,32,heavy_3link,soft_5link,raw_joint,0,0.5014742531895038,0.2462757494510351,0,0,0,0,0.0,0
32_9,32,heavy_3link,soft_5link,normalized_copy,0,0.4108255520638996,0.19917862368251268,0,0,0,0,0.0,0
32_9,32,heavy_3link,soft_5link,link_scaled,0,0.5531874779914389,0.2642676888365403,0,0,0,0,0.0,0
32_9,32,heavy_3link,soft_5link,static_home,0,0.08362208394080814,0.0440892819730494,0,1,1,0,0.011650275493265687,0
32_9,32,heavy_3link,soft_5link,target_ik,0,0.0005155670718103225,0.0002634309753827104,1,1,1,0,4.96736754015847e-06,0
32_9,32,heavy_3link,soft_5link,ejar_absolute,0,0.0005996691615932203,0.0003310092483587003,1,1,1,0,0.0008379862543218915,0
32_9,32,heavy_3link,soft_5link,ejar_residual_fallback,0,0.0005996691615932203,0.0003310092483587003,1,1,1,0,0.0008379862543218915,0
32_10,32,teacher_2link,asym_3link,raw_joint,0,0.10042375596045684,0.05258871263061646,0,0,1,0,0.0,0
32_10,32,teacher_2link,asym_3link,normalized_copy,0,0.10935766171494937,0.057300756176540776,0,0,1,0,0.0,0
32_10,32,teacher_2link,asym_3link,link_scaled,0,0.10992937989003532,0.05764121113132141,0,0,1,0,0.0,0
32_10,32,teacher_2link,asym_3link,static_home,0,0.06787212171808822,0.035347236100950766,0,1,1,0,0.022626301469909346,0
32_10,32,teacher_2link,asym_3link,target_ik,0,0.0003705320483796155,0.00020622663856840353,1,1,1,0,8.587686284670903e-06,0
32_10,32,teacher_2link,asym_3link,ejar_absolute,0,0.0012707814799165866,0.0007253165135715183,1,1,1,0,0.0016352249017919601,0
32_10,32,teacher_2link,asym_3link,ejar_residual_fallback,0,0.0012707814799165866,0.0007253165135715183,1,1,1,0,0.0016352249017919601,0
32_11,32,short_2link,large_6link,raw_joint,0,0.20139999688919688,0.17745791338487837,0,0,0,7,0.0,0
32_11,32,short_2link,large_6link,normalized_copy,0,0.19519282551907893,0.19236671679660158,0,0,1,0,0.0,0
32_11,32,short_2link,large_6link,link_scaled,0,0.03755694934595898,0.05625340504353055,1,1,1,0,0.0,0
32_11,32,short_2link,large_6link,static_home,0,0.30275671084786504,0.18719820077423593,0,0,0,0,0.15467072823345338,0
32_11,32,short_2link,large_6link,target_ik,0,0.0007649576492249589,0.0004932551670688075,1,1,1,0,1.7889338411047625e-06,0
32_11,32,short_2link,large_6link,ejar_absolute,0,0.0006167029757289221,0.0003662093835245989,1,1,1,0,0.0005765177153583209,0
32_11,32,short_2link,large_6link,ejar_residual_fallback,0,0.0006167029757289221,0.0003662093835245989,1,1,1,0,0.0005765177153583209,0
32_12,32,long_2link,long_4link,raw_joint,0,0.10451327240852556,0.05198901253118891,0,0,1,0,0.0,0
32_12,32,long_2link,long_4link,normalized_copy,0,0.15484744381819207,0.0747227088022305,0,0,1,0,0.0,0
32_12,32,long_2link,long_4link,link_scaled,0,0.15267695184245456,0.07299089047681455,0,0,1,0,0.0,0
32_12,32,long_2link,long_4link,static_home,0,0.39644888013848817,0.20189199605790378,0,0,0,0,0.16009320106029,0
32_12,32,long_2link,long_4link,target_ik,0,0.00150677662163554,0.000652986983417164,1,1,1,0,8.135447663184143e-06,0
32_12,32,long_2link,long_4link,ejar_absolute,0,0.0039129282560784245,0.0017529162405033327,1,1,1,0,0.002212818777776141,0
32_12,32,long_2link,long_4link,ejar_residual_fallback,0,0.0039129282560784245,0.0017529162405033327,1,1,1,0,0.002212818777776141,0
32_13,32,wide_2link,wide_2link,raw_joint,0,0.537624223479064,0.26676621059849825,0,0,0,0,0.0,0
32_13,32,wide_2link,wide_2link,normalized_copy,0,0.537624223479064,0.26676621059849825,0,0,0,0,0.0,0
32_13,32,wide_2link,wide_2link,link_scaled,0,0.537624223479064,0.26676621059849825,0,0,0,0,0.0,0
32_13,32,wide_2link,wide_2link,static_home,0,0.14921507951957966,0.07480626204527964,0,0,1,0,0.19905223259649488,0
32_13,32,wide_2link,wide_2link,target_ik,0,0.004202446649968803,0.0011076958322238102,1,1,1,0,8.15290902312171e-05,0
32_13,32,wide_2link,wide_2link,ejar_absolute,0,0.008953484076867628,0.002914858104267801,1,1,1,0,0.006182492894992348,0
32_13,32,wide_2link,wide_2link,ejar_residual_fallback,0,0.008953484076867628,0.002914858104267801,1,1,1,0,0.006182492894992348,0
32_14,32,asym_3link,snake_6link,raw_joint,0,0.1927953567759439,0.09953262707252455,0,0,1,0,0.0,0
32_14,32,asym_3link,snake_6link,normalized_copy,0,0.22063572105816637,0.11405156804904072,0,0,0,0,0.0,0
32_14,32,asym_3link,snake_6link,link_scaled,0,0.2241908620170602,0.115852297364477,0,0,0,0,0.0,0
32_14,32,asym_3link,snake_6link,static_home,0,0.27821622935934287,0.14286458278012762,0,0,0,0,0.25223825193395727,0
32_14,32,asym_3link,snake_6link,target_ik,0,0.0022070169853843293,0.0010441597580330714,1,1,1,0,1.670471061653202e-05,0
32_14,32,asym_3link,snake_6link,ejar_absolute,0,0.005953618808851981,0.002713691166884959,1,1,1,0,0.004570380310688285,0
32_14,32,asym_3link,snake_6link,ejar_residual_fallback,0,0.005953618808851981,0.002713691166884959,1,1,1,0,0.004570380310688285,0
32_15,32,heavy_3link,redundant_4link,raw_joint,0,0.3419896447923321,0.15146866706134943,0,0,0,0,0.0,0
32_15,32,heavy_3link,redundant_4link,normalized_copy,0,0.3100061578834324,0.1481956476409334,0,0,0,0,0.0,0
32_15,32,heavy_3link,redundant_4link,link_scaled,0,0.3654473901621068,0.16923396887797493,0,0,0,0,0.0,0
32_15,32,heavy_3link,redundant_4link,static_home,0,0.11060472928018776,0.055052851871282935,0,0,1,0,0.1426228968832483,0
32_15,32,heavy_3link,redundant_4link,target_ik,0,0.0011371330539639833,0.0004735641464380173,1,1,1,0,1.7088419220297002e-05,0
32_15,32,heavy_3link,redundant_4link,ejar_absolute,0,0.0044032100162041095,0.0018157616418098608,1,1,1,0,0.003353355208296743,0
32_15,32,heavy_3link,redundant_4link,ejar_residual_fallback,0,0.0044032100162041095,0.0018157616418098608,1,1,1,0,0.003353355208296743,0
32_16,32,teacher_2link,long_2link,raw_joint,0,0.04816633752706419,0.02140879789515185,1,1,1,0,0.0,0
32_16,32,teacher_2link,long_2link,normalized_copy,0,0.060614596609556676,0.02960582042156761,0,1,1,0,0.0,0
32_16,32,teacher_2link,long_2link,link_scaled,0,0.06827185919415286,0.034350264570346956,0,1,1,0,0.0,0
32_16,32,teacher_2link,long_2link,static_home,0,0.09578142629260261,0.04852777784992913,0,1,1,0,0.06550612835684719,0
32_16,32,teacher_2link,long_2link,target_ik,0,0.046472892391856174,0.012372770001644513,1,1,1,15,0.032345046363663484,0
32_16,32,teacher_2link,long_2link,ejar_absolute,0,0.044373292169377916,0.013344256860653984,1,1,1,0,0.04254679537684903,0
32_16,32,teacher_2link,long_2link,ejar_residual_fallback,0,0.044373292169377916,0.013344256860653984,1,1,1,0,0.04254679537684903,0
32_17,32,short_2link,needle_5link,raw_joint,1,0.13517478661403162,0.0721892342922841,0,0,1,0,0.0,0
32_17,32,short_2link,needle_5link,normalized_copy,1,0.2560242981347712,0.13771178534820072,0,0,0,0,0.0,0
32_17,32,short_2link,needle_5link,link_scaled,1,0.1837361902576841,0.09743765994514805,0,0,1,0,0.0,0
32_17,32,short_2link,needle_5link,static_home,1,0.016358539900198026,0.007985946059781441,1,1,1,0,0.021666021214990762,0
32_17,32,short_2link,needle_5link,target_ik,1,0.0005112098911648393,0.00034990620634127407,1,1,1,0,3.57292693141905e-05,0
32_17,32,short_2link,needle_5link,ejar_absolute,1,0.005569017050072835,0.003627330933226442,1,1,1,0,0.005878229604126913,0
32_17,32,short_2link,needle_5link,ejar_residual_fallback,1,0.005569017050072835,0.003627330933226442,1,1,1,0,0.005878229604126913,0
32_18,32,long_2link,heavy_3link,raw_joint,0,0.2212281848148634,0.11339608645756599,0,0,0,0,0.0,0
32_18,32,long_2link,heavy_3link,normalized_copy,0,0.18260295771460291,0.09335075940512133,0,0,1,0,0.0,0
32_18,32,long_2link,heavy_3link,link_scaled,0,0.1834934552783401,0.09379912528641715,0,0,1,0,0.0,0
32_18,32,long_2link,heavy_3link,static_home,0,0.13968896602181438,0.07192563130276888,0,0,1,0,0.12188523895676795,0
32_18,32,long_2link,heavy_3link,target_ik,0,0.00035141194230683075,0.00017547068120399797,1,1,1,0,3.595112427806747e-06,0
32_18,32,long_2link,heavy_3link,ejar_absolute,0,0.0007883431823759722,0.00039108571049587676,1,1,1,0,0.0005863674307434589,0
32_18,32,long_2link,heavy_3link,ejar_residual_fallback,0,0.0007883431823759722,0.00039108571049587676,1,1,1,0,0.0005863674307434589,0
32_19,32,wide_2link,short_2link,raw_joint,0,0.37542001099526623,0.21284763702561932,0,0,0,3,0.0,0
32_19,32,wide_2link,short_2link,normalized_copy,0,0.4368776703984864,0.2055079069254372,0,0,0,0,0.0,0
32_19,32,wide_2link,short_2link,link_scaled,0,0.4529063593825127,0.22086879777551374,0,0,0,2,0.0,0
32_19,32,wide_2link,short_2link,static_home,0,0.2240894565280263,0.11584025766726067,0,0,0,0,0.2393111715945928,0
32_19,32,wide_2link,short_2link,target_ik,0,0.002023806398101337,0.0010608226067395704,1,1,1,0,2.2033109106237812e-05,0
32_19,32,wide_2link,short_2link,ejar_absolute,0,0.0027253649650385322,0.0015301799858432434,1,1,1,0,0.0038839173634994243,0
32_19,32,wide_2link,short_2link,ejar_residual_fallback,0,0.0027253649650385322,0.0015301799858432434,1,1,1,0,0.0038839173634994243,0
32_20,32,asym_3link,soft_5link,raw_joint,0,0.11585111471632976,0.058343856004077814,0,0,1,0,0.0,0
32_20,32,asym_3link,soft_5link,normalized_copy,0,0.12265610903414699,0.06221717323612797,0,0,1,0,0.0,0
32_20,32,asym_3link,soft_5link,link_scaled,0,0.1271506547039363,0.06450095495318132,0,0,1,0,0.0,0
32_20,32,asym_3link,soft_5link,static_home,0,0.09748161871572394,0.049561540662619356,0,1,1,0,0.07561006581145094,0
32_20,32,asym_3link,soft_5link,target_ik,0,0.0010676594527443822,0.00047351623792875927,1,1,1,0,1.4537105300063025e-05,0
32_20,32,asym_3link,soft_5link,ejar_absolute,0,0.0037067163355195944,0.00159061824032239,1,1,1,0,0.0028093198424799255,0
32_20,32,asym_3link,soft_5link,ejar_residual_fallback,0,0.0037067163355195944,0.00159061824032239,1,1,1,0,0.0028093198424799255,0
32_21,32,heavy_3link,asym_3link,raw_joint,0,0.10591794249287738,0.05403065453310048,0,0,1,0,0.0,0
32_21,32,heavy_3link,asym_3link,normalized_copy,0,0.12868914685489222,0.06565419846657405,0,0,1,0,0.0,0
32_21,32,heavy_3link,asym_3link,link_scaled,0,0.1540913205934753,0.07854070154179874,0,0,1,0,0.0,0
32_21,32,heavy_3link,asym_3link,static_home,0,0.11468716651035354,0.05902285657130364,0,0,1,0,0.10259863408347039,0
32_21,32,heavy_3link,asym_3link,target_ik,0,0.0006616690432076355,0.00032356334999765376,1,1,1,0,1.1161647144639287e-05,0
32_21,32,heavy_3link,asym_3link,ejar_absolute,0,0.001857915444894081,0.0008861794959297857,1,1,1,0,0.0014349232302672903,0
32_21,32,heavy_3link,asym_3link,ejar_residual_fallback,0,0.001857915444894081,0.0008861794959297857,1,1,1,0,0.0014349232302672903,0
32_22,32,teacher_2link,large_6link,raw_joint,0,0.04442049650602918,0.02246124155285792,1,1,1,0,0.0,0
32_22,32,teacher_2link,large_6link,normalized_copy,0,0.03873113826625705,0.019754144755377814,1,1,1,0,0.0,0
32_22,32,teacher_2link,large_6link,link_scaled,0,0.047811185454482784,0.024516733052570298,1,1,1,0,0.0,0
32_22,32,teacher_2link,large_6link,static_home,0,0.06306514194812393,0.032510326101989,0,1,1,0,0.07237164924985781,0
32_22,32,teacher_2link,large_6link,target_ik,0,0.0001223872480505095,6.242373331719585e-05,1,1,1,0,7.987873941028506e-07,0
32_22,32,teacher_2link,large_6link,ejar_absolute,0,0.00027155671310460683,0.0001373246475549752,1,1,1,0,0.00020856892813967876,0
32_22,32,teacher_2link,large_6link,ejar_residual_fallback,0,0.00027155671310460683,0.0001373246475549752,1,1,1,0,0.00020856892813967876,0
32_23,32,short_2link,long_4link,raw_joint,0,0.7988177639811603,0.3897296913801159,0,0,0,8,0.0,0
32_23,32,short_2link,long_4link,normalized_copy,0,0.6568691678241428,0.29928503534174644,0,0,0,0,0.0,0
32_23,32,short_2link,long_4link,link_scaled,0,0.25201485468067836,0.11593188775460728,0,0,0,0,0.0,0
32_23,32,short_2link,long_4link,static_home,0,0.28993653380484175,0.17595136942788733,0,0,0,0,0.21994841348682054,0
32_23,32,short_2link,long_4link,target_ik,0,0.0009469173096988364,0.0005940623143851117,1,1,1,0,1.2762257319530137e-06,0
32_23,32,short_2link,long_4link,ejar_absolute,0,0.0011988413843527766,0.0007016170125532176,1,1,1,0,0.0003933357033096301,0
32_23,32,short_2link,long_4link,ejar_residual_fallback,0,0.0011988413843527766,0.0007016170125532176,1,1,1,0,0.0003933357033096301,0
32_24,32,long_2link,wide_2link,raw_joint,0,0.27799333230912626,0.13809604116294621,0,0,0,0,0.0,0
32_24,32,long_2link,wide_2link,normalized_copy,0,0.3002031536173038,0.14667082105367749,0,0,0,0,0.0,0
32_24,32,long_2link,wide_2link,link_scaled,0,0.34965296409643914,0.1673042674210326,0,0,0,0,0.0,0
32_24,32,long_2link,wide_2link,static_home,0,0.28511231038448487,0.1455154711636178,0,0,0,0,0.29525304845175804,0
32_24,32,long_2link,wide_2link,target_ik,0,0.15659684398632837,0.04310008774128396,0,0,1,17,0.1297735545544393,0
32_24,32,long_2link,wide_2link,ejar_absolute,0,0.13602055905171054,0.03846725761483976,0,0,1,1,0.12142845529743528,0
32_24,32,long_2link,wide_2link,ejar_residual_fallback,0,0.13602055905171054,0.03846725761483976,0,0,1,1,0.12142845529743528,0
32_25,32,wide_2link,snake_6link,raw_joint,0,0.18521012742383533,0.11105462824345819,0,0,1,0,0.0,0
32_25,32,wide_2link,snake_6link,normalized_copy,0,0.10758647808826381,0.059246368932489836,0,0,1,0,0.0,0
32_25,32,wide_2link,snake_6link,link_scaled,0,0.0883646711576451,0.04822610784844214,0,1,1,0,0.0,0
32_25,32,wide_2link,snake_6link,static_home,0,0.12465953329104526,0.0629123711485862,0,0,1,0,0.1328130149909686,0
32_25,32,wide_2link,snake_6link,target_ik,0,0.0012418560847681345,0.0006381394237986605,1,1,1,0,5.0691942555746895e-06,0
32_25,32,wide_2link,snake_6link,ejar_absolute,0,0.0021256965279024434,0.0010268609948032538,1,1,1,0,0.0009734327621701199,0
32_25,32,wide_2link,snake_6link,ejar_residual_fallback,0,0.0021256965279024434,0.0010268609948032538,1,1,1,0,0.0009734327621701199,0
32_26,32,asym_3link,redundant_4link,raw_joint,0,0.26262282775567936,0.12349737432147435,0,0,0,0,0.0,0
32_26,32,asym_3link,redundant_4link,normalized_copy,0,0.21697463446435233,0.1033524343031246,0,0,0,0,0.0,0
32_26,32,asym_3link,redundant_4link,link_scaled,0,0.213275531392961,0.10181696989367539,0,0,0,0,0.0,0
32_26,32,asym_3link,redundant_4link,static_home,0,0.11827752515599813,0.05917916216144202,0,0,1,0,0.026871790763828476,0
32_26,32,asym_3link,redundant_4link,target_ik,0,0.0008586434547455182,0.00039587682706194603,1,1,1,0,1.6718861066981516e-05,0
32_26,32,asym_3link,redundant_4link,ejar_absolute,0,0.0034532908192424655,0.0015739420029942499,1,1,1,0,0.0027479246845567907,0
32_26,32,asym_3link,redundant_4link,ejar_residual_fallback,0,0.0034532908192424655,0.0015739420029942499,1,1,1,0,0.0027479246845567907,0
32_27,32,heavy_3link,long_2link,raw_joint,0,0.6431625134171797,0.3194827526823896,0,0,0,0,0.0,0
32_27,32,heavy_3link,long_2link,normalized_copy,0,0.7598288832259184,0.35180423314824966,0,0,0,0,0.0,0
32_27,32,heavy_3link,long_2link,link_scaled,0,0.7573434009484278,0.3509842279677263,0,0,0,0,0.0,0
32_27,32,heavy_3link,long_2link,static_home,0,0.5712914251480607,0.291668175496877,0,0,0,0,0.5677440905716578,0
32_27,32,heavy_3link,long_2link,target_ik,0,0.005766817480889554,0.007656717387685445,1,1,1,4,0.014787191601588113,0
32_27,32,heavy_3link,long_2link,ejar_absolute,0,0.010940531297577624,0.010688406366253556,1,1,1,4,0.021322541485406347,0
32_27,32,heavy_3link,long_2link,ejar_residual_fallback,0,0.010940531297577624,0.010688406366253556,1,1,1,4,0.021322541485406347,0
32_28,32,teacher_2link,needle_5link,raw_joint,0,0.10308089305174833,0.08771744333542318,0,0,1,32,0.0,0
32_28,32,teacher_2link,needle_5link,normalized_copy,0,0.14869552205949763,0.14292722508009253,0,0,1,0,0.0,0
32_28,32,teacher_2link,needle_5link,link_scaled,0,0.13609278010700565,0.12988726981361404,0,0,1,0,0.0,0
32_28,32,teacher_2link,needle_5link,static_home,0,0.13291145238824878,0.0912395188537911,0,0,1,0,0.1155991692850279,0
32_28,32,teacher_2link,needle_5link,target_ik,0,0.000990855539940988,0.0008000405795373536,1,1,1,0,1.5068275493555359e-05,0
32_28,32,teacher_2link,needle_5link,ejar_absolute,0,0.004440349931456663,0.0030334732228461236,1,1,1,0,0.0037311898198209847,0
32_28,32,teacher_2link,needle_5link,ejar_residual_fallback,0,0.004440349931456663,0.0030334732228461236,1,1,1,0,0.0037311898198209847,0
32_29,32,short_2link,heavy_3link,raw_joint,0,0.4203382660821117,0.25188109875330134,0,0,0,0,0.0,0
32_29,32,short_2link,heavy_3link,normalized_copy,0,0.4017010522845046,0.23659370014411094,0,0,0,0,0.0,0
32_29,32,short_2link,heavy_3link,link_scaled,0,0.2835579860756042,0.15717149526779944,0,0,0,0,0.0,0
32_29,32,short_2link,heavy_3link,static_home,0,0.24261409965049302,0.1212367471831782,0,0,0,0,0.19713322064261982,0
32_29,32,short_2link,heavy_3link,target_ik,0,0.0004988431034614589,0.0002466735878427273,1,1,1,0,8.297847192018445e-07,0
32_29,32,short_2link,heavy_3link,ejar_absolute,0,0.0006917838948838632,0.0003450863697632029,1,1,1,0,0.000316621568376024,0
32_29,32,short_2link,heavy_3link,ejar_residual_fallback,0,0.0006917838948838632,0.0003450863697632029,1,1,1,0,0.000316621568376024,0
32_30,32,long_2link,short_2link,raw_joint,0,0.09093590398053879,0.04442279562263382,0,1,1,0,0.0,0
32_30,32,long_2link,short_2link,normalized_copy,0,0.15290286656265636,0.1156047613175109,0,0,1,0,0.0,0
32_30,32,long_2link,short_2link,link_scaled,0,0.5210867963999828,0.25950066216903295,0,0,0,20,0.0,0
32_30,32,long_2link,short_2link,static_home,0,0.5117104241205884,0.2538204601168445,0,0,0,0,0.474753226196475,0
32_30,32,long_2link,short_2link,target_ik,0,0.007349013993832565,0.0033398422970713107,1,1,1,0,3.226553540034325e-05,0
32_30,32,long_2link,short_2link,ejar_absolute,0,0.007106988154350648,0.0028511061980496097,1,1,1,0,0.00630892281755818,0
32_30,32,long_2link,short_2link,ejar_residual_fallback,0,0.007106988154350648,0.0028511061980496097,1,1,1,0,0.00630892281755818,0
32_31,32,wide_2link,soft_5link,raw_joint,0,0.7461237124480474,0.34133988630357176,0,0,0,3,0.0,0
32_31,32,wide_2link,soft_5link,normalized_copy,0,0.38240509778564696,0.17919342118598522,0,0,0,0,0.0,0
32_31,32,wide_2link,soft_5link,link_scaled,0,0.36126483203014653,0.1710400600647154,0,0,0,0,0.0,0
32_31,32,wide_2link,soft_5link,static_home,0,0.051631809887169804,0.03001235441018231,0,1,1,0,0.0926372538855776,0
32_31,32,wide_2link,soft_5link,target_ik,0,0.0002986880665747077,0.00016872088212803698,1,1,1,0,7.405585400404107e-07,0
32_31,32,wide_2link,soft_5link,ejar_absolute,0,0.0003425924421645426,0.00019614510871654244,1,1,1,0,0.00015157660415613983,0
32_31,32,wide_2link,soft_5link,ejar_residual_fallback,0,0.0003425924421645426,0.00019614510871654244,1,1,1,0,0.00015157660415613983,0
32_32,32,asym_3link,asym_3link,raw_joint,0,0.1279459007005618,0.06001979694177369,0,0,1,0,0.0,0
32_32,32,asym_3link,asym_3link,normalized_copy,0,0.1279459007005618,0.06001979694177369,0,0,1,0,0.0,0
32_32,32,asym_3link,asym_3link,link_scaled,0,0.1279459007005618,0.06001979694177369,0,0,1,0,0.0,0
32_32,32,asym_3link,asym_3link,static_home,0,0.10890748641069332,0.05463388784222793,0,0,1,0,0.12216594637013875,0
32_32,32,asym_3link,asym_3link,target_ik,0,0.08843740814358687,0.03676088655725218,0,1,1,25,0.03228462329437414,0
32_32,32,asym_3link,asym_3link,ejar_absolute,0,0.0849895961369982,0.035582313007976936,0,1,1,0,0.08323610826150134,0
32_32,32,asym_3link,asym_3link,ejar_residual_fallback,0,0.0849895961369982,0.035582313007976936,0,1,1,0,0.08323610826150134,0
32_33,32,heavy_3link,large_6link,raw_joint,0,0.6012239669857838,0.40592611514811683,0,0,0,16,0.0,0
32_33,32,heavy_3link,large_6link,normalized_copy,0,0.35748035306819764,0.2353649987982319,0,0,0,0,0.0,0
32_33,32,heavy_3link,large_6link,link_scaled,0,0.3579798198804897,0.23573120044005402,0,0,0,12,0.0,0
32_33,32,heavy_3link,large_6link,static_home,0,0.2533621017064452,0.1653927571843718,0,0,0,0,0.26191829295078894,0
32_33,32,heavy_3link,large_6link,target_ik,0,0.0013200831737252335,0.0009332562356691033,1,1,1,0,2.6900864354244494e-06,0
32_33,32,heavy_3link,large_6link,ejar_absolute,0,0.0017115676076801534,0.0011597177565289855,1,1,1,0,0.0009405078680603103,0
32_33,32,heavy_3link,large_6link,ejar_residual_fallback,0,0.0017115676076801534,0.0011597177565289855,1,1,1,0,0.0009405078680603103,0
32_34,32,teacher_2link,long_4link,raw_joint,1,0.034395813835449845,0.01710219524799695,1,1,1,0,0.0,0
32_34,32,teacher_2link,long_4link,normalized_copy,1,0.016278537571828868,0.008789874545200554,1,1,1,0,0.0,0
32_34,32,teacher_2link,long_4link,link_scaled,1,0.025559917321471136,0.013698204067155502,1,1,1,0,0.0,0
32_34,32,teacher_2link,long_4link,static_home,1,0.015022020822290203,0.007809350059015142,1,1,1,0,0.017269825354033305,0
32_34,32,teacher_2link,long_4link,target_ik,1,0.015058504410376396,0.0081608023911368,1,1,1,0,0.0016453294255323527,0
32_34,32,teacher_2link,long_4link,ejar_absolute,1,0.01492458301642265,0.00776961084186219,1,1,1,0,0.014888009461896647,0
32_34,32,teacher_2link,long_4link,ejar_residual_fallback,1,0.01492458301642265,0.00776961084186219,1,1,1,0,0.014888009461896647,0
32_35,32,short_2link,wide_2link,raw_joint,0,0.33354895994634987,0.2472248950423861,0,0,0,0,0.0,0
32_35,32,short_2link,wide_2link,normalized_copy,0,0.39456046077000984,0.29372147299025414,0,0,0,0,0.0,0
32_35,32,short_2link,wide_2link,link_scaled,0,0.2974176636773151,0.22429021845174368,0,0,0,0,0.0,0
32_35,32,short_2link,wide_2link,static_home,0,0.09950710645026209,0.08191955615129197,0,1,1,0,0.09597687973481518,0
32_35,32,short_2link,wide_2link,target_ik,0,0.09900777226759497,0.08193743516991855,0,1,1,13,0.07724037846613317,0
32_35,32,short_2link,wide_2link,ejar_absolute,0,0.09581511473922688,0.07840099031359718,0,1,1,1,0.08744453944176035,0
32_35,32,short_2link,wide_2link,ejar_residual_fallback,0,0.09581511473922688,0.07840099031359718,0,1,1,1,0.08744453944176035,0
32_36,32,long_2link,snake_6link,raw_joint,0,0.20601773701019518,0.1061349315461084,0,0,0,0,0.0,0
32_36,32,long_2link,snake_6link,normalized_copy,0,0.21080759855240516,0.10872999911922762,0,0,0,0,0.0,0
32_36,32,long_2link,snake_6link,link_scaled,0,0.22595089183093722,0.11708160120099179,0,0,0,0,0.0,0
32_36,32,long_2link,snake_6link,static_home,0,0.20148143897935686,0.10400085911018517,0,0,0,0,0.15543325334515876,0
32_36,32,long_2link,snake_6link,target_ik,0,0.0014767403697941404,0.0007689245321604506,1,1,1,0,1.0824288103904457e-05,0
32_36,32,long_2link,snake_6link,ejar_absolute,0,0.003395883032445065,0.0016367739469043852,1,1,1,0,0.0026285477135868512,0
32_36,32,long_2link,snake_6link,ejar_residual_fallback,0,0.003395883032445065,0.0016367739469043852,1,1,1,0,0.0026285477135868512,0
32_37,32,wide_2link,redundant_4link,raw_joint,0,0.5169333822000284,0.28552780659120436,0,0,0,12,0.0,0
32_37,32,wide_2link,redundant_4link,normalized_copy,0,0.08792902137737378,0.047970450570690215,0,1,1,0,0.0,0
32_37,32,wide_2link,redundant_4link,link_scaled,0,0.054509698028739215,0.029058016322154684,0,1,1,0,0.0,0
32_37,32,wide_2link,redundant_4link,static_home,0,0.3400185343921229,0.21040137210476723,0,0,0,0,0.11890589159421781,0
32_37,32,wide_2link,redundant_4link,target_ik,0,0.0012342382027586247,0.000782033119965032,1,1,1,0,7.521688964250443e-06,0
32_37,32,wide_2link,redundant_4link,ejar_absolute,0,0.0026887958316509776,0.0015583524437773313,1,1,1,0,0.0015711381554696275,0
32_37,32,wide_2link,redundant_4link,ejar_residual_fallback,0,0.0026887958316509776,0.0015583524437773313,1,1,1,0,0.0015711381554696275,0
32_38,32,asym_3link,long_2link,raw_joint,0,0.21715627276176666,0.21939903504912128,0,0,0,8,0.0,0
32_38,32,asym_3link,long_2link,normalized_copy,0,0.3326225450885147,0.3155683699764771,0,0,0,0,0.0,0
32_38,32,asym_3link,long_2link,link_scaled,0,0.16734033535244858,0.18037882310404893,0,0,1,0,0.0,0
32_38,32,asym_3link,long_2link,static_home,0,0.07704898767176241,0.041693626097014,0,1,1,0,0.16049733524742768,0
32_38,32,asym_3link,long_2link,target_ik,0,0.0012187187841221955,0.0009029913759167245,1,1,1,0,7.384689221375796e-06,0
32_38,32,asym_3link,long_2link,ejar_absolute,0,0.00027365743192971336,0.00037896013576333326,1,1,1,0,0.0023016473049533573,0
32_38,32,asym_3link,long_2link,ejar_residual_fallback,0,0.00027365743192971336,0.00037896013576333326,1,1,1,0,0.0023016473049533573,0
32_39,32,heavy_3link,needle_5link,raw_joint,0,0.33038055061279725,0.16955543876745682,0,0,0,0,0.0,0
32_39,32,heavy_3link,needle_5link,normalized_copy,0,0.29787921977551535,0.15258885231842867,0,0,0,0,0.0,0
32_39,32,heavy_3link,needle_5link,link_scaled,0,0.3162718181365597,0.16212158961123016,0,0,0,0,0.0,0
32_39,32,heavy_3link,needle_5link,static_home,0,0.110781697965051,0.055699536790407504,0,0,1,0,0.11637364250959106,0
32_39,32,heavy_3link,needle_5link,target_ik,0,0.000605629344908322,0.00030714001088253187,1,1,1,0,6.861419775831837e-06,0
32_39,32,heavy_3link,needle_5link,ejar_absolute,0,0.003168999366869882,0.001505732780027822,1,1,1,0,0.0024266850629836158,0
32_39,32,heavy_3link,needle_5link,ejar_residual_fallback,0,0.003168999366869882,0.001505732780027822,1,1,1,0,0.0024266850629836158,0
32_40,32,teacher_2link,heavy_3link,raw_joint,0,0.354183275205659,0.18640605498328228,0,0,0,0,0.0,0
32_40,32,teacher_2link,heavy_3link,normalized_copy,0,0.2514641112350353,0.1310523531689042,0,0,0,0,0.0,0
32_40,32,teacher_2link,heavy_3link,link_scaled,0,0.23655431176393385,0.1224998102652756,0,0,0,0,0.0,0
32_40,32,teacher_2link,heavy_3link,static_home,0,0.22245214190646925,0.11498726039582373,0,0,0,0,0.21839147357996783,0
32_40,32,teacher_2link,heavy_3link,target_ik,0,0.002034339114088088,0.0011499339545386778,1,1,1,0,2.1185955843237833e-05,0
32_40,32,teacher_2link,heavy_3link,ejar_absolute,0,0.002352285508668211,0.0013262110373199972,1,1,1,0,0.0036685275423758803,0
32_40,32,teacher_2link,heavy_3link,ejar_residual_fallback,0,0.002352285508668211,0.0013262110373199972,1,1,1,0,0.0036685275423758803,0
32_41,32,short_2link,short_2link,raw_joint,0,0.2563129463822756,0.15507346526465227,0,0,0,0,0.0,0
32_41,32,short_2link,short_2link,normalized_copy,0,0.2563129463822756,0.15507346526465227,0,0,0,0,0.0,0
32_41,32,short_2link,short_2link,link_scaled,0,0.2563129463822756,0.15507346526465227,0,0,0,0,0.0,0
32_41,32,short_2link,short_2link,static_home,0,0.15929128818901245,0.09780620977591425,0,0,1,0,0.1604673584368306,0
32_41,32,short_2link,short_2link,target_ik,0,0.05854352268562715,0.02007795661917195,0,1,1,18,0.04399486554835597,0
32_41,32,short_2link,short_2link,ejar_absolute,0,0.057383718243740056,0.021667364027340694,0,1,1,0,0.05318109524458048,0
32_41,32,short_2link,short_2link,ejar_residual_fallback,0,0.057383718243740056,0.021667364027340694,0,1,1,0,0.05318109524458048,0
32_42,32,long_2link,soft_5link,raw_joint,0,0.2651389713241221,0.14865323245261083,0,0,0,0,0.0,0
32_42,32,long_2link,soft_5link,normalized_copy,0,0.26764956109698423,0.1672526779502686,0,0,0,0,0.0,0
32_42,32,long_2link,soft_5link,link_scaled,0,0.3876176113575117,0.23741308303461997,0,0,0,0,0.0,0
32_42,32,long_2link,soft_5link,static_home,0,0.5444768216680377,0.2852731118861802,0,0,0,0,0.11240951601496381,0
32_42,32,long_2link,soft_5link,target_ik,0,0.0032141167323501696,0.0020186041482844804,1,1,1,0,2.2924856322050764e-05,0
32_42,32,long_2link,soft_5link,ejar_absolute,0,0.0016501093263606142,0.0008740361946762934,1,1,1,0,0.004581857011793106,0
32_42,32,long_2link,soft_5link,ejar_residual_fallback,0,0.0016501093263606142,0.0008740361946762934,1,1,1,0,0.004581857011793106,0
32_43,32,wide_2link,asym_3link,raw_joint,0,0.1835108203130309,0.11784027875691383,0,0,1,16,0.0,0
32_43,32,wide_2link,asym_3link,normalized_copy,0,0.15830507503779415,0.09597608761886164,0,0,1,0,0.0,0
32_43,32,wide_2link,asym_3link,link_scaled,0,0.14795616560709451,0.08926190413247823,0,0,1,0,0.0,0
32_43,32,wide_2link,asym_3link,static_home,0,0.10963878255195819,0.0602249841841087,0,0,1,0,0.0410943885790996,0
32_43,32,wide_2link,asym_3link,target_ik,0,0.0002654502851248256,0.00015742968625595473,1,1,1,0,9.860173378396459e-06,0
32_43,32,wide_2link,asym_3link,ejar_absolute,0,0.0018156371876797805,0.0010242142188833987,1,1,1,0,0.0016081820163026245,0
32_43,32,wide_2link,asym_3link,ejar_residual_fallback,0,0.0018156371876797805,0.0010242142188833987,1,1,1,0,0.0016081820163026245,0
32_44,32,asym_3link,large_6link,raw_joint,0,1.4119149302939387,0.6863809957033296,0,0,0,0,0.0,0
32_44,32,asym_3link,large_6link,normalized_copy,0,1.030888976271892,0.49632719178861995,0,0,0,0,0.0,0
32_44,32,asym_3link,large_6link,link_scaled,0,0.850168237161465,0.4120912219586138,0,0,0,0,0.0,0
32_44,32,asym_3link,large_6link,static_home,0,0.3114181810378592,0.15870344670775588,0,0,0,0,0.36763381794921646,0
32_44,32,asym_3link,large_6link,target_ik,0,0.00256785377364636,0.001204525759254072,1,1,1,0,9.094693924413934e-06,0
32_44,32,asym_3link,large_6link,ejar_absolute,0,0.006070129840408037,0.0027042536396705563,1,1,1,0,0.0035330369053755044,0
32_44,32,asym_3link,large_6link,ejar_residual_fallback,0,0.006070129840408037,0.0027042536396705563,1,1,1,0,0.0035330369053755044,0
32_45,32,heavy_3link,long_4link,raw_joint,0,0.8929211768830128,0.46641935406356777,0,0,0,0,0.0,0
32_45,32,heavy_3link,long_4link,normalized_copy,0,0.8288516297372711,0.4308096364510142,0,0,0,0,0.0,0
32_45,32,heavy_3link,long_4link,link_scaled,0,0.8411558757548142,0.43738900636879385,0,0,0,0,0.0,0
32_45,32,heavy_3link,long_4link,static_home,0,0.3101631029241844,0.15993468834035748,0,0,0,0,0.3732317830764439,0
32_45,32,heavy_3link,long_4link,target_ik,0,0.0028815138311462647,0.0014786347623896281,1,1,1,0,3.6403135768942184e-06,0
32_45,32,heavy_3link,long_4link,ejar_absolute,0,0.0029628513164127977,0.0014746344313689825,1,1,1,0,0.0008452242702731911,0
32_45,32,heavy_3link,long_4link,ejar_residual_fallback,0,0.0029628513164127977,0.0014746344313689825,1,1,1,0,0.0008452242702731911,0
32_46,32,teacher_2link,wide_2link,raw_joint,0,0.0445000727433077,0.02490169470765912,1,1,1,0,0.0,0
32_46,32,teacher_2link,wide_2link,normalized_copy,0,0.03951181526998403,0.021699893903277576,1,1,1,0,0.0,0
32_46,32,teacher_2link,wide_2link,link_scaled,0,0.03858914021577409,0.021870413702139425,1,1,1,0,0.0,0
32_46,32,teacher_2link,wide_2link,static_home,0,0.016688706691454364,0.008938598848789727,1,1,1,0,0.032373896974923405,0
32_46,32,teacher_2link,wide_2link,target_ik,0,6.500687135372215e-05,3.4220957067710274e-05,1,1,1,0,1.5771359009705237e-06,0
32_46,32,teacher_2link,wide_2link,ejar_absolute,0,0.00014046844902960824,7.525741059147823e-05,1,1,1,0,0.00012143033055806034,0
32_46,32,teacher_2link,wide_2link,ejar_residual_fallback,0,0.00014046844902960824,7.525741059147823e-05,1,1,1,0,0.00012143033055806034,0
32_47,32,short_2link,snake_6link,raw_joint,0,1.0033964175121213,0.5076578993672216,0,0,0,0,0.0,0
32_47,32,short_2link,snake_6link,normalized_copy,0,1.1168773372619503,0.5510933826713678,0,0,0,0,0.0,0
32_47,32,short_2link,snake_6link,link_scaled,0,0.8143005083614928,0.4030872105646393,0,0,0,0,0.0,0
32_47,32,short_2link,snake_6link,static_home,0,0.3375828656522793,0.1950820082125788,0,0,0,0,0.225531818060639,0
32_47,32,short_2link,snake_6link,target_ik,0,0.0069053767548385055,0.0035469920112004122,1,1,1,0,9.926622154002544e-05,0
32_47,32,short_2link,snake_6link,ejar_absolute,0,0.024863348476532293,0.010632246796859191,1,1,1,0,0.01872977259344728,0
32_47,32,short_2link,snake_6link,ejar_residual_fallback,0,0.024863348476532293,0.010632246796859191,1,1,1,0,0.01872977259344728,0
32_48,32,long_2link,redundant_4link,raw_joint,0,0.07167534256240275,0.037497853179443104,0,1,1,0,0.0,0
32_48,32,long_2link,redundant_4link,normalized_copy,0,0.086974003597144,0.04538037782358584,0,1,1,0,0.0,0
32_48,32,long_2link,redundant_4link,link_scaled,0,0.11499296210803638,0.05972404077980699,0,0,1,0,0.0,0
32_48,32,long_2link,redundant_4link,static_home,0,0.08692488932054314,0.04468397022771386,0,1,1,0,0.08723206453066837,0
32_48,32,long_2link,redundant_4link,target_ik,0,4.818254096556358e-05,2.2511075574414424e-05,1,1,1,0,2.189373158981376e-06,0
32_48,32,long_2link,redundant_4link,ejar_absolute,0,0.00042369566229541185,0.00021803681820013073,1,1,1,0,0.0004260963421927696,0
32_48,32,long_2link,redundant_4link,ejar_residual_fallback,0,0.00042369566229541185,0.00021803681820013073,1,1,1,0,0.0004260963421927696,0
32_49,32,wide_2link,long_2link,raw_joint,0,0.34620126378178534,0.1913791119372805,0,0,0,0,0.0,0
32_49,32,wide_2link,long_2link,normalized_copy,0,0.29592597895058625,0.135339105482362,0,0,0,0,0.0,0
32_49,32,wide_2link,long_2link,link_scaled,0,0.13551635930314793,0.05769890964488071,0,0,1,0,0.0,0
32_49,32,wide_2link,long_2link,static_home,0,0.13247376191292398,0.06412267875198412,0,0,1,0,0.08609441889878666,0
32_49,32,wide_2link,long_2link,target_ik,0,0.07747618721536559,0.012110721051937938,0,1,1,9,0.07227601227570071,0
32_49,32,wide_2link,long_2link,ejar_absolute,0,0.04520975794981201,0.009784120371191984,1,1,1,0,0.040482785953790706,0
32_49,32,wide_2link,long_2link,ejar_residual_fallback,0,0.04520975794981201,0.009784120371191984,1,1,1,0,0.040482785953790706,0
32_50,32,asym_3link,needle_5link,raw_joint,0,0.23376789410152946,0.12386976638635899,0,0,0,0,0.0,0
32_50,32,asym_3link,needle_5link,normalized_copy,0,0.1516596705574724,0.08070011784754112,0,0,1,0,0.0,0
32_50,32,asym_3link,needle_5link,link_scaled,0,0.13621746454907713,0.07243419094993686,0,0,1,0,0.0,0
32_50,32,asym_3link,needle_5link,static_home,0,0.06421832256231523,0.032242885307445394,0,1,1,0,0.10248706854019142,0
32_50,32,asym_3link,needle_5link,target_ik,0,0.00023989375426753754,0.00011992131989781045,1,1,1,0,2.718995477665651e-06,0
32_50,32,asym_3link,needle_5link,ejar_absolute,0,0.0011258801554832618,0.0005544435057472721,1,1,1,0,0.0009114085170594013,0
32_50,32,asym_3link,needle_5link,ejar_residual_fallback,0,0.0011258801554832618,0.0005544435057472721,1,1,1,0,0.0009114085170594013,0
32_51,32,heavy_3link,heavy_3link,raw_joint,1,0.4306230082251045,0.1688083898887474,0,0,0,0,0.0,0
32_51,32,heavy_3link,heavy_3link,normalized_copy,1,0.4306230082251045,0.1688083898887474,0,0,0,0,0.0,0
32_51,32,heavy_3link,heavy_3link,link_scaled,1,0.4306230082251045,0.1688083898887474,0,0,0,0,0.0,0
32_51,32,heavy_3link,heavy_3link,static_home,1,0.19307553840534078,0.10478602006511942,0,0,1,0,0.19118864132385355,0
32_51,32,heavy_3link,heavy_3link,target_ik,1,0.20578069492302814,0.1125049985699977,0,0,0,31,0.16638052043002927,0
32_51,32,heavy_3link,heavy_3link,ejar_absolute,1,0.1924669446600293,0.10441188188323916,0,0,1,0,0.1922023433897776,0
32_51,32,heavy_3link,heavy_3link,ejar_residual_fallback,1,0.1924669446600293,0.10441188188323916,0,0,1,0,0.1922023433897776,0
32_52,32,teacher_2link,short_2link,raw_joint,0,0.03453357015522971,0.0177603802770981,1,1,1,0,0.0,0
32_52,32,teacher_2link,short_2link,normalized_copy,0,0.024306731658942787,0.012364973363822453,1,1,1,0,0.0,0
32_52,32,teacher_2link,short_2link,link_scaled,0,0.030292094242691123,0.015340107993014019,1,1,1,0,0.0,0
32_52,32,teacher_2link,short_2link,static_home,0,0.054554742397162244,0.027985276230437492,0,1,1,0,0.062303477404182336,0
32_52,32,teacher_2link,short_2link,target_ik,0,9.328008062738334e-05,4.8052283444590424e-05,1,1,1,0,4.073140584106281e-06,0
32_52,32,teacher_2link,short_2link,ejar_absolute,0,0.0006129184655366228,0.00032529093581792315,1,1,1,0,0.0006819498091162037,0
32_52,32,teacher_2link,short_2link,ejar_residual_fallback,0,0.0006129184655366228,0.00032529093581792315,1,1,1,0,0.0006819498091162037,0
32_53,32,short_2link,soft_5link,raw_joint,0,0.11384001030735767,0.05482057942973434,0,0,1,0,0.0,0
32_53,32,short_2link,soft_5link,normalized_copy,0,0.09247915353637508,0.041426138537477696,0,1,1,0,0.0,0
32_53,32,short_2link,soft_5link,link_scaled,0,0.013919761692182786,0.00498750661272555,1,1,1,0,0.0,0
32_53,32,short_2link,soft_5link,static_home,0,0.1404966170552673,0.07230825126734416,0,0,1,0,0.15984969266872176,0
32_53,32,short_2link,soft_5link,target_ik,0,0.0002932337327216314,0.00015020517577477466,1,1,1,0,1.6677084011788495e-06,0
32_53,32,short_2link,soft_5link,ejar_absolute,0,0.00010107356932552746,5.891594417244953e-05,1,1,1,0,0.00027239688739097667,0
32_53,32,short_2link,soft_5link,ejar_residual_fallback,0,0.00010107356932552746,5.891594417244953e-05,1,1,1,0,0.00027239688739097667,0
32_54,32,long_2link,asym_3link,raw_joint,0,0.454746887366435,0.23128206736421397,0,0,0,0,0.0,0
32_54,32,long_2link,asym_3link,normalized_copy,0,0.5643723913695416,0.28901472918063925,0,0,0,0,0.0,0
32_54,32,long_2link,asym_3link,link_scaled,0,0.6832942960603484,0.34469636406256576,0,0,0,0,0.0,0
32_54,32,long_2link,asym_3link,static_home,0,0.37974655684184083,0.18947966298978985,0,0,0,0,0.13325012819988286,0
32_54,32,long_2link,asym_3link,target_ik,0,0.3081100852163988,0.13913537232660664,0,0,0,28,0.24554221800852455,0
32_54,32,long_2link,asym_3link,ejar_absolute,0,0.2932531859397063,0.1320968536407699,0,0,0,2,0.24536779188541422,0
32_54,32,long_2link,asym_3link,ejar_residual_fallback,0,0.2932531859397063,0.1320968536407699,0,0,0,2,0.24536779188541422,0
32_55,32,wide_2link,large_6link,raw_joint,0,0.3113011407853826,0.17454675321559976,0,0,0,0,0.0,0
32_55,32,wide_2link,large_6link,normalized_copy,0,0.25497624291678633,0.13700501673991877,0,0,0,0,0.0,0
32_55,32,wide_2link,large_6link,link_scaled,0,0.21956960062190603,0.11501876675410642,0,0,0,0,0.0,0
32_55,32,wide_2link,large_6link,static_home,0,0.27794095529492246,0.14323547987171797,0,0,0,0,0.27021117244230375,0
32_55,32,wide_2link,large_6link,target_ik,0,0.0004169231101474194,0.00023199342825050822,1,1,1,0,5.447703961641635e-06,0
32_55,32,wide_2link,large_6link,ejar_absolute,0,0.001094361203452533,0.0005609061539147006,1,1,1,0,0.0013895046399945508,0
32_55,32,wide_2link,large_6link,ejar_residual_fallback,0,0.001094361203452533,0.0005609061539147006,1,1,1,0,0.0013895046399945508,0
32_56,32,asym_3link,long_4link,raw_joint,0,0.34222867520584005,0.1758498884131362,0,0,0,0,0.0,0
32_56,32,asym_3link,long_4link,normalized_copy,0,0.2972037475182196,0.15241343842378924,0,0,0,0,0.0,0
32_56,32,asym_3link,long_4link,link_scaled,0,0.2577309429498645,0.1322385026722487,0,0,0,0,0.0,0
32_56,32,asym_3link,long_4link,static_home,0,0.0992606746380357,0.05114875890500369,0,1,1,0,0.1320454346971338,0
32_56,32,asym_3link,long_4link,target_ik,0,0.00016715596511426167,8.57734126241564e-05,1,1,1,0,9.324183077165481e-07,0
32_56,32,asym_3link,long_4link,ejar_absolute,0,0.0004199892979532787,0.00020760133301628,1,1,1,0,0.00027081214828681777,0
32_56,32,asym_3link,long_4link,ejar_residual_fallback,0,0.0004199892979532787,0.00020760133301628,1,1,1,0,0.00027081214828681777,0
32_57,32,heavy_3link,wide_2link,raw_joint,0,0.07405751049103931,0.03913707551500113,0,1,1,0,0.0,0
32_57,32,heavy_3link,wide_2link,normalized_copy,0,0.07201886681082117,0.03879526630099542,0,1,1,0,0.0,0
32_57,32,heavy_3link,wide_2link,link_scaled,0,0.10482658341666798,0.05676315567221804,0,0,1,0,0.0,0
32_57,32,heavy_3link,wide_2link,static_home,0,0.0731427893434665,0.03786807620933156,0,1,1,0,0.098773409113936,0
32_57,32,heavy_3link,wide_2link,target_ik,0,0.0005066358380218301,0.0002671841539337844,1,1,1,0,6.714156354513794e-06,0
32_57,32,heavy_3link,wide_2link,ejar_absolute,0,0.0006786536958465093,0.0003499017310804746,1,1,1,0,0.0005352092709288858,0
32_57,32,heavy_3link,wide_2link,ejar_residual_fallback,0,0.0006786536958465093,0.0003499017310804746,1,1,1,0,0.0005352092709288858,0
32_58,32,teacher_2link,snake_6link,raw_joint,0,0.10555170620229745,0.052994153341458544,0,0,1,0,0.0,0
32_58,32,teacher_2link,snake_6link,normalized_copy,0,0.1056780945430698,0.0532312839923199,0,0,1,0,0.0,0
32_58,32,teacher_2link,snake_6link,link_scaled,0,0.10516055156718923,0.05278678976673873,0,0,1,0,0.0,0
32_58,32,teacher_2link,snake_6link,static_home,0,0.09498776496335874,0.04879558610925249,0,1,1,0,0.015828281662177264,0
32_58,32,teacher_2link,snake_6link,target_ik,0,0.000837565600605067,0.0004299492996257306,1,1,1,0,4.3541613683083134e-06,0
32_58,32,teacher_2link,snake_6link,ejar_absolute,0,0.001154728807142627,0.000604836168490003,1,1,1,0,0.0010026134682061475,0
32_58,32,teacher_2link,snake_6link,ejar_residual_fallback,0,0.001154728807142627,0.000604836168490003,1,1,1,0,0.0010026134682061475,0
32_59,32,short_2link,redundant_4link,raw_joint,0,0.4265231937521188,0.18336080305059316,0,0,0,0,0.0,0
32_59,32,short_2link,redundant_4link,normalized_copy,0,0.5510047259723128,0.264192212524597,0,0,0,0,0.0,0
32_59,32,short_2link,redundant_4link,link_scaled,0,0.24256319422945433,0.10899522306915445,0,0,0,0,0.0,0
32_59,32,short_2link,redundant_4link,static_home,0,0.16800165372488626,0.08601274963054686,0,0,1,0,0.292081005935474,0
32_59,32,short_2link,redundant_4link,target_ik,0,0.0020775603377448733,0.0009844747387106985,1,1,1,0,7.380561209619195e-06,0
32_59,32,short_2link,redundant_4link,ejar_absolute,0,0.0034518470642172523,0.001388624361340881,1,1,1,0,0.0014767126119557045,0
32_59,32,short_2link,redundant_4link,ejar_residual_fallback,0,0.0034518470642172523,0.001388624361340881,1,1,1,0,0.0014767126119557045,0
32_60,32,long_2link,long_2link,raw_joint,0,0.606670864307228,0.3748491767415838,0,0,0,0,0.0,0
32_60,32,long_2link,long_2link,normalized_copy,0,0.606670864307228,0.3748491767415838,0,0,0,0,0.0,0
32_60,32,long_2link,long_2link,link_scaled,0,0.606670864307228,0.3748491767415838,0,0,0,0,0.0,0
32_60,32,long_2link,long_2link,static_home,0,0.23017328511330876,0.11276021840591297,0,0,0,0,0.10559627715059487,0
32_60,32,long_2link,long_2link,target_ik,0,0.0005460376199933763,0.0002766050604834908,1,1,1,0,4.4083471793250065e-06,0
32_60,32,long_2link,long_2link,ejar_absolute,0,0.0009147687620906624,0.00047413068250925535,1,1,1,0,0.0014047010722812905,0
32_60,32,long_2link,long_2link,ejar_residual_fallback,0,0.0009147687620906624,0.00047413068250925535,1,1,1,0,0.0014047010722812905,0
32_61,32,wide_2link,needle_5link,raw_joint,0,0.5589460588091355,0.33892239676428965,0,0,0,0,0.0,0
32_61,32,wide_2link,needle_5link,normalized_copy,0,0.3163780625079993,0.17171195356684346,0,0,0,0,0.0,0
32_61,32,wide_2link,needle_5link,link_scaled,0,0.2834182721588864,0.14944497904015694,0,0,0,0,0.0,0
32_61,32,wide_2link,needle_5link,static_home,0,0.2653565126393916,0.1361604234647109,0,0,0,0,0.2619740121569195,0
32_61,32,wide_2link,needle_5link,target_ik,0,0.0011462331002409082,0.0006114655318808693,1,1,1,0,1.0151226852483673e-05,0
32_61,32,wide_2link,needle_5link,ejar_absolute,0,0.0036581319100947784,0.0019341233586086153,1,1,1,0,0.004232311337718864,0
32_61,32,wide_2link,needle_5link,ejar_residual_fallback,0,0.0036581319100947784,0.0019341233586086153,1,1,1,0,0.004232311337718864,0
32_62,32,asym_3link,heavy_3link,raw_joint,0,0.5776121930648669,0.3089076988052793,0,0,0,0,0.0,0
32_62,32,asym_3link,heavy_3link,normalized_copy,0,0.44782818425731463,0.23270610040957002,0,0,0,0,0.0,0
32_62,32,asym_3link,heavy_3link,link_scaled,0,0.3693093145864513,0.19211091229793348,0,0,0,0,0.0,0
32_62,32,asym_3link,heavy_3link,static_home,0,0.2928444098786905,0.14783889883218593,0,0,0,0,0.16743375800886726,0
32_62,32,asym_3link,heavy_3link,target_ik,0,0.13030804388619155,0.04634147854382459,0,0,1,23,0.10099202367603963,0
32_62,32,asym_3link,heavy_3link,ejar_absolute,0,0.11694036651885566,0.042625903963339845,0,0,1,0,0.11353811144243339,0
32_62,32,asym_3link,heavy_3link,ejar_residual_fallback,0,0.11694036651885566,0.042625903963339845,0,0,1,0,0.11353811144243339,0
32_63,32,heavy_3link,short_2link,raw_joint,0,0.19669190841660833,0.10216584390867542,0,0,1,0,0.0,0
32_63,32,heavy_3link,short_2link,normalized_copy,0,0.2862565310523481,0.15476428117175384,0,0,0,0,0.0,0
32_63,32,heavy_3link,short_2link,link_scaled,0,0.43541689432095154,0.2477921122788198,0,0,0,0,0.0,0
32_63,32,heavy_3link,short_2link,static_home,0,0.20722499397862232,0.10664503777448875,0,0,0,0,0.20883997454589967,0
32_63,32,heavy_3link,short_2link,target_ik,0,0.0013741113643182807,0.0007068425968617101,1,1,1,0,1.425969539425527e-05,0
32_63,32,heavy_3link,short_2link,ejar_absolute,0,0.0022509851829320697,0.0012122036392588486,1,1,1,0,0.002806250637990516,0
32_63,32,heavy_3link,short_2link,ejar_residual_fallback,0,0.0022509851829320697,0.0012122036392588486,1,1,1,0,0.002806250637990516,0
32_64,32,teacher_2link,soft_5link,raw_joint,0,0.14523346608488244,0.07566728499257418,0,0,1,0,0.0,0
32_64,32,teacher_2link,soft_5link,normalized_copy,0,0.16679524947760607,0.08618925324414818,0,0,1,0,0.0,0
32_64,32,teacher_2link,soft_5link,link_scaled,0,0.1757820134234865,0.09038762774235409,0,0,1,0,0.0,0
32_64,32,teacher_2link,soft_5link,static_home,0,0.20655764617681682,0.1064449422730104,0,0,0,0,0.05664565977022304,0
32_64,32,teacher_2link,soft_5link,target_ik,0,0.00036215365436051595,0.00018891729310003467,1,1,1,0,4.144797526302237e-06,0
32_64,32,teacher_2link,soft_5link,ejar_absolute,0,0.0005482579080177266,0.0002831499150280765,1,1,1,0,0.0007963236874758639,0
32_64,32,teacher_2link,soft_5link,ejar_residual_fallback,0,0.0005482579080177266,0.0002831499150280765,1,1,1,0,0.0007963236874758639,0
32_65,32,short_2link,asym_3link,raw_joint,0,0.4008862448923042,0.26182377085878644,0,0,0,0,0.0,0
32_65,32,short_2link,asym_3link,normalized_copy,0,0.6044435318922953,0.40125826325789427,0,0,0,0,0.0,0
32_65,32,short_2link,asym_3link,link_scaled,0,0.46131531956403815,0.3087455124492685,0,0,0,0,0.0,0
32_65,32,short_2link,asym_3link,static_home,0,0.06467058190664107,0.02416866439041814,0,1,1,0,0.09644181411347187,0
32_65,32,short_2link,asym_3link,target_ik,0,0.0021196533286271095,0.0011708603782889103,1,1,1,0,1.5894815344958017e-05,0
32_65,32,short_2link,asym_3link,ejar_absolute,0,0.00045342930488672566,0.0006454792471817273,1,1,1,0,0.003009318850594223,0
32_65,32,short_2link,asym_3link,ejar_residual_fallback,0,0.00045342930488672566,0.0006454792471817273,1,1,1,0,0.003009318850594223,0
32_66,32,long_2link,large_6link,raw_joint,0,0.43946839424176565,0.249109605035101,0,0,0,0,0.0,0
32_66,32,long_2link,large_6link,normalized_copy,0,0.43389145687626857,0.25274253009823666,0,0,0,0,0.0,0
32_66,32,long_2link,large_6link,link_scaled,0,0.4353658063660285,0.254223895564764,0,0,0,0,0.0,0
32_66,32,long_2link,large_6link,static_home,0,0.3221421196516443,0.164233078300008,0,0,0,0,0.31994125322444983,0
32_66,32,long_2link,large_6link,target_ik,0,0.002126862259965902,0.0012382600266952414,1,1,1,0,1.0127571446415225e-05,0
32_66,32,long_2link,large_6link,ejar_absolute,0,0.001167782496143789,0.0006954231209455953,1,1,1,0,0.0033874717474387138,0
32_66,32,long_2link,large_6link,ejar_residual_fallback,0,0.001167782496143789,0.0006954231209455953,1,1,1,0,0.0033874717474387138,0
32_67,32,wide_2link,long_4link,raw_joint,0,1.7068640753270385,0.8369308754344182,0,0,0,0,0.0,0
32_67,32,wide_2link,long_4link,normalized_copy,0,1.2267637196374257,0.5819370849986231,0,0,0,0,0.0,0
32_67,32,wide_2link,long_4link,link_scaled,0,0.9332266409651192,0.4464590745565177,0,0,0,0,0.0,0
32_67,32,wide_2link,long_4link,static_home,0,0.3254157829611194,0.16560750016795478,0,0,0,0,0.35993154141791817,0
32_67,32,wide_2link,long_4link,target_ik,0,0.0017623907175776995,0.0009036037466651504,1,1,1,0,2.7259736966119734e-06,0
32_67,32,wide_2link,long_4link,ejar_absolute,0,0.0014594862678602352,0.0007002741824871443,1,1,1,0,0.0007442087142666446,0
32_67,32,wide_2link,long_4link,ejar_residual_fallback,0,0.0014594862678602352,0.0007002741824871443,1,1,1,0,0.0007442087142666446,0
32_68,32,asym_3link,wide_2link,raw_joint,1,0.6075402560813151,0.31532993091095946,0,0,0,0,0.0,0
32_68,32,asym_3link,wide_2link,normalized_copy,1,0.5675673255969624,0.2972342373380466,0,0,0,0,0.0,0
32_68,32,asym_3link,wide_2link,link_scaled,1,0.6019665113615085,0.3160143328686264,0,0,0,0,0.0,0
32_68,32,asym_3link,wide_2link,static_home,1,0.39714472420958613,0.2045313361440828,0,0,0,0,0.39706851137076254,0
32_68,32,asym_3link,wide_2link,target_ik,1,0.01672023836258033,0.016671870695314728,1,1,1,4,0.026785723318550916,0
32_68,32,asym_3link,wide_2link,ejar_absolute,1,0.021411920658694954,0.020186744882272775,1,1,1,3,0.03292828521727957,0
32_68,32,asym_3link,wide_2link,ejar_residual_fallback,1,0.021411920658694954,0.020186744882272775,1,1,1,3,0.03292828521727957,0
32_69,32,heavy_3link,snake_6link,raw_joint,0,1.2079479005194464,0.6139421166753588,0,0,0,0,0.0,0
32_69,32,heavy_3link,snake_6link,normalized_copy,0,1.2559221203478854,0.6229613358680113,0,0,0,0,0.0,0
32_69,32,heavy_3link,snake_6link,link_scaled,0,1.612922647630541,0.8067026368482626,0,0,0,0,0.0,0
32_69,32,heavy_3link,snake_6link,static_home,0,0.48013422154868496,0.24618503810731796,0,0,0,0,0.4723557553855347,0
32_69,32,heavy_3link,snake_6link,target_ik,0,0.004528066201927866,0.0022095175474220953,1,1,1,0,2.3544494519620823e-05,0
32_69,32,heavy_3link,snake_6link,ejar_absolute,0,0.008282298998329711,0.0038099798045787532,1,1,1,0,0.004610644611664092,0
32_69,32,heavy_3link,snake_6link,ejar_residual_fallback,0,0.008282298998329711,0.0038099798045787532,1,1,1,0,0.004610644611664092,0
32_70,32,teacher_2link,redundant_4link,raw_joint,0,0.11405722353092622,0.12947821601541037,0,0,1,0,0.0,0
32_70,32,teacher_2link,redundant_4link,normalized_copy,0,0.18012549297376335,0.18737685895965453,0,0,1,0,0.0,0
32_70,32,teacher_2link,redundant_4link,link_scaled,0,0.18012549297376335,0.18737685895965453,0,0,1,0,0.0,0
32_70,32,teacher_2link,redundant_4link,static_home,0,0.20264924563592593,0.11862561714922168,0,0,0,0,0.060636999302210684,0
32_70,32,teacher_2link,redundant_4link,target_ik,0,0.0015075637577616516,0.0010644739929023307,1,1,1,0,2.954517244905623e-05,0
32_70,32,teacher_2link,redundant_4link,ejar_absolute,0,0.0038392424594957462,0.002456974924621088,1,1,1,0,0.005349867385528406,0
32_70,32,teacher_2link,redundant_4link,ejar_residual_fallback,0,0.0038392424594957462,0.002456974924621088,1,1,1,0,0.005349867385528406,0
32_71,32,short_2link,long_2link,raw_joint,0,0.1738648121896244,0.08239627047238887,0,0,1,0,0.0,0
32_71,32,short_2link,long_2link,normalized_copy,0,0.13225837510499697,0.06696250973271844,0,0,1,0,0.0,0
32_71,32,short_2link,long_2link,link_scaled,0,0.056543324368832026,0.02918597089184146,0,1,1,0,0.0,0
32_71,32,short_2link,long_2link,static_home,0,0.014938367172864283,0.00827063750080153,1,1,1,0,0.00733365685307632,0
32_71,32,short_2link,long_2link,target_ik,0,0.0001039425427425939,5.3308495533952784e-05,1,1,1,0,8.137309349986911e-06,0
32_71,32,short_2link,long_2link,ejar_absolute,0,0.002168634375548049,0.0011203118168630459,1,1,1,0,0.002097020408403331,0
32_71,32,short_2link,long_2link,ejar_residual_fallback,0,0.002168634375548049,0.0011203118168630459,1,1,1,0,0.002097020408403331,0
32_72,32,long_2link,needle_5link,raw_joint,0,0.29877367817342587,0.15386608944682964,0,0,0,0,0.0,0
32_72,32,long_2link,needle_5link,normalized_copy,0,0.24240168299375087,0.12512160663407135,0,0,0,0,0.0,0
32_72,32,long_2link,needle_5link,link_scaled,0,0.2554716399448773,0.13193008049493257,0,0,0,0,0.0,0
32_72,32,long_2link,needle_5link,static_home,0,0.2277878845137073,0.11672952626968666,0,0,0,0,0.140388319829679,0
32_72,32,long_2link,needle_5link,target_ik,0,0.0007318978831250143,0.00034182152792292377,1,1,1,0,6.892834367276547e-06,0
32_72,32,long_2link,needle_5link,ejar_absolute,0,0.0023953468577742653,0.001140427030970302,1,1,1,0,0.0017766482485979279,0
32_72,32,long_2link,needle_5link,ejar_residual_fallback,0,0.0023953468577742653,0.001140427030970302,1,1,1,0,0.0017766482485979279,0
32_73,32,wide_2link,heavy_3link,raw_joint,0,0.1461551619173807,0.13728267331329508,0,0,1,19,0.0,0
32_73,32,wide_2link,heavy_3link,normalized_copy,0,0.02547052212260428,0.024395114264252574,1,1,1,0,0.0,0
32_73,32,wide_2link,heavy_3link,link_scaled,0,0.07789263542799763,0.05685319370015916,0,1,1,0,0.0,0
32_73,32,wide_2link,heavy_3link,static_home,0,0.06499643928304681,0.04456402415578049,0,1,1,0,0.05949230222999425,0
32_73,32,wide_2link,heavy_3link,target_ik,0,0.001177336329073959,0.0008961824096776155,1,1,1,0,1.478391395248745e-05,0
32_73,32,wide_2link,heavy_3link,ejar_absolute,0,0.0028160277406074075,0.0019250804850825978,1,1,1,0,0.0020568568102934883,0
32_73,32,wide_2link,heavy_3link,ejar_residual_fallback,0,0.0028160277406074075,0.0019250804850825978,1,1,1,0,0.0020568568102934883,0
32_74,32,asym_3link,short_2link,raw_joint,0,0.3027692361407876,0.17056229569697587,0,0,0,0,0.0,0
32_74,32,asym_3link,short_2link,normalized_copy,0,0.36373149198107174,0.20833663678458303,0,0,0,0,0.0,0
32_74,32,asym_3link,short_2link,link_scaled,0,0.3767928622817261,0.22768383921731514,0,0,0,0,0.0,0
32_74,32,asym_3link,short_2link,static_home,0,0.13807583892653785,0.07867205039436809,0,0,1,0,0.10579329474879862,0
32_74,32,asym_3link,short_2link,target_ik,0,0.0031114703683592995,0.0018997584942933435,1,1,1,0,4.0114920036096633e-05,0
32_74,32,asym_3link,short_2link,ejar_absolute,0,0.004424958323751458,0.0030300380914051214,1,1,1,0,0.006958018129456186,0
32_74,32,asym_3link,short_2link,ejar_residual_fallback,0,0.004424958323751458,0.0030300380914051214,1,1,1,0,0.006958018129456186,0
32_75,32,heavy_3link,soft_5link,raw_joint,0,0.25207188516211654,0.1833193328360948,0,0,0,19,0.0,0
32_75,32,heavy_3link,soft_5link,normalized_copy,0,0.16447772538277114,0.12171267702217424,0,0,1,0,0.0,0
32_75,32,heavy_3link,soft_5link,link_scaled,0,0.17562076245283095,0.13684924011447447,0,0,1,20,0.0,0
32_75,32,heavy_3link,soft_5link,static_home,0,0.1239658351193122,0.07784796231974982,0,0,1,0,0.16273441883311462,0
32_75,32,heavy_3link,soft_5link,target_ik,0,0.0007946352282785234,0.000544089520755359,1,1,1,0,4.602199255936176e-06,0
32_75,32,heavy_3link,soft_5link,ejar_absolute,0,0.000418104844193301,0.0002933423839339129,1,1,1,0,0.0008699249210540155,0
32_75,32,heavy_3link,soft_5link,ejar_residual_fallback,0,0.000418104844193301,0.0002933423839339129,1,1,1,0,0.0008699249210540155,0
32_76,32,teacher_2link,asym_3link,raw_joint,0,0.26996414725156315,0.2485948029044382,0,0,0,0,0.0,0
32_76,32,teacher_2link,asym_3link,normalized_copy,0,0.32198526261937127,0.2850960763114587,0,0,0,0,0.0,0
32_76,32,teacher_2link,asym_3link,link_scaled,0,0.3300041211712281,0.29281684037507294,0,0,0,10,0.0,0
32_76,32,teacher_2link,asym_3link,static_home,0,0.07518358792387819,0.0394707563728917,0,1,1,0,0.07154004107850741,0
32_76,32,teacher_2link,asym_3link,target_ik,0,0.0005099028522928902,0.00035344166874819,1,1,1,0,3.058533488544506e-06,0
32_76,32,teacher_2link,asym_3link,ejar_absolute,0,0.0003540297120010953,0.00023247490643891986,1,1,1,0,0.0006717612927241234,0
32_76,32,teacher_2link,asym_3link,ejar_residual_fallback,0,0.0003540297120010953,0.00023247490643891986,1,1,1,0,0.0006717612927241234,0
32_77,32,short_2link,large_6link,raw_joint,0,0.7103713448354009,0.3318159493419117,0,0,0,0,0.0,0
32_77,32,short_2link,large_6link,normalized_copy,0,0.5736282251353261,0.27125546611197154,0,0,0,0,0.0,0
32_77,32,short_2link,large_6link,link_scaled,0,0.29998523052294596,0.1453308493045582,0,0,0,0,0.0,0
32_77,32,short_2link,large_6link,static_home,0,0.10029247449433686,0.057851646121234626,0,0,1,0,0.04492696224979008,0
32_77,32,short_2link,large_6link,target_ik,0,6.50595409202712e-05,4.002646538598261e-05,1,1,1,0,9.445523918133852e-07,0
32_77,32,short_2link,large_6link,ejar_absolute,0,0.00027603893573385275,0.00017734492269266228,1,1,1,0,0.00034016144366118153,0
32_77,32,short_2link,large_6link,ejar_residual_fallback,0,0.00027603893573385275,0.00017734492269266228,1,1,1,0,0.00034016144366118153,0
32_78,32,long_2link,long_4link,raw_joint,0,0.5774388081462618,0.28802523574793526,0,0,0,0,0.0,0
32_78,32,long_2link,long_4link,normalized_copy,0,0.5570594578092355,0.2761390894256138,0,0,0,0,0.0,0
32_78,32,long_2link,long_4link,link_scaled,0,0.567275253994778,0.2808918857448599,0,0,0,0,0.0,0
32_78,32,long_2link,long_4link,static_home,0,0.5150985172031318,0.26215836678356913,0,0,0,0,0.033348471720714055,0
32_78,32,long_2link,long_4link,target_ik,0,0.002552604886491381,0.001071950602408046,1,1,1,0,2.718338247591113e-05,0
32_78,32,long_2link,long_4link,ejar_absolute,0,0.008249445583778138,0.0035607871201266536,1,1,1,0,0.005776271641208689,0
32_78,32,long_2link,long_4link,ejar_residual_fallback,0,0.008249445583778138,0.0035607871201266536,1,1,1,0,0.005776271641208689,0
32_79,32,wide_2link,wide_2link,raw_joint,0,0.14334845662412174,0.11620934662779564,0,0,1,0,0.0,0
32_79,32,wide_2link,wide_2link,normalized_copy,0,0.14334845662412174,0.11620934662779564,0,0,1,0,0.0,0
32_79,32,wide_2link,wide_2link,link_scaled,0,0.14334845662412174,0.11620934662779564,0,0,1,0,0.0,0
32_79,32,wide_2link,wide_2link,static_home,0,0.0823383947801927,0.05444128803643436,0,1,1,0,0.10018959388504572,0
32_79,32,wide_2link,wide_2link,target_ik,0,0.0003587253194266312,0.00029621134784587884,1,1,1,0,8.149346863154762e-06,0
32_79,32,wide_2link,wide_2link,ejar_absolute,0,0.00012966668509206924,0.00017675484055704478,1,1,1,0,0.0007657579444201633,0
32_79,32,wide_2link,wide_2link,ejar_residual_fallback,0,0.00012966668509206924,0.00017675484055704478,1,1,1,0,0.0007657579444201633,0
32_80,32,asym_3link,snake_6link,raw_joint,0,0.163482565579644,0.08256046251369592,0,0,1,0,0.0,0
32_80,32,asym_3link,snake_6link,normalized_copy,0,0.12746199753630683,0.06379837694758295,0,0,1,0,0.0,0
32_80,32,asym_3link,snake_6link,link_scaled,0,0.1297265305717404,0.06482774769781964,0,0,1,0,0.0,0
32_80,32,asym_3link,snake_6link,static_home,0,0.11310633347683993,0.05817095115256696,0,0,1,0,0.11473392474167103,0
32_80,32,asym_3link,snake_6link,target_ik,0,0.0004422455117911923,0.0002261523444848417,1,1,1,0,6.426921348022076e-06,0
32_80,32,asym_3link,snake_6link,ejar_absolute,0,0.001432635004267807,0.0007434984294696361,1,1,1,0,0.0014064525328718314,0
32_80,32,asym_3link,snake_6link,ejar_residual_fallback,0,0.001432635004267807,0.0007434984294696361,1,1,1,0,0.0014064525328718314,0
32_81,32,heavy_3link,redundant_4link,raw_joint,0,0.17186423411515636,0.10762266096324015,0,0,1,0,0.0,0
32_81,32,heavy_3link,redundant_4link,normalized_copy,0,0.021409217891649502,0.007514443838788011,1,1,1,0,0.0,0
32_81,32,heavy_3link,redundant_4link,link_scaled,0,0.07600125265630646,0.0411451004734916,0,1,1,0,0.0,0
32_81,32,heavy_3link,redundant_4link,static_home,0,0.25110996744809777,0.12920235320441625,0,0,0,0,0.2251976814857003,0
32_81,32,heavy_3link,redundant_4link,target_ik,0,0.0010961338095924836,0.000640625478893736,1,1,1,0,1.1589147908171552e-05,0
32_81,32,heavy_3link,redundant_4link,ejar_absolute,0,0.001052405718113936,0.0005770168875033353,1,1,1,0,0.002110530586652483,0
32_81,32,heavy_3link,redundant_4link,ejar_residual_fallback,0,0.001052405718113936,0.0005770168875033353,1,1,1,0,0.002110530586652483,0
32_82,32,teacher_2link,long_2link,raw_joint,0,0.18600497062624194,0.0988022852077368,0,0,1,0,0.0,0
32_82,32,teacher_2link,long_2link,normalized_copy,0,0.09650243881061188,0.05046984507361516,0,1,1,0,0.0,0
32_82,32,teacher_2link,long_2link,link_scaled,0,0.035432946163934,0.019411274241271596,1,1,1,0,0.0,0
32_82,32,teacher_2link,long_2link,static_home,0,0.11139613712031257,0.0597349409240807,0,0,1,0,0.0742650752158505,0
32_82,32,teacher_2link,long_2link,target_ik,0,0.0005497302754423058,0.00034409548368799454,1,1,1,0,6.390940617595961e-06,0
32_82,32,teacher_2link,long_2link,ejar_absolute,0,0.00152790208535771,0.0008778645513543265,1,1,1,0,0.0020436562423445524,0
32_82,32,teacher_2link,long_2link,ejar_residual_fallback,0,0.00152790208535771,0.0008778645513543265,1,1,1,0,0.0020436562423445524,0
32_83,32,short_2link,needle_5link,raw_joint,0,0.6286899601462819,0.344717831888646,0,0,0,0,0.0,0
32_83,32,short_2link,needle_5link,normalized_copy,0,0.4412228559706121,0.2460103238072377,0,0,0,0,0.0,0
32_83,32,short_2link,needle_5link,link_scaled,0,0.24586174196669772,0.13965594953831031,0,0,0,0,0.0,0
32_83,32,short_2link,needle_5link,static_home,0,0.11310853292595974,0.05312752095988065,0,0,1,0,0.11795585542944555,0
32_83,32,short_2link,needle_5link,target_ik,0,0.00033436018155295265,0.00013590020181876306,1,1,1,0,1.5488947488566452e-06,0
32_83,32,short_2link,needle_5link,ejar_absolute,0,0.0011403869691168696,0.0005166557535583127,1,1,1,0,0.0009565403538476086,0
32_83,32,short_2link,needle_5link,ejar_residual_fallback,0,0.0011403869691168696,0.0005166557535583127,1,1,1,0,0.0009565403538476086,0
32_84,32,long_2link,heavy_3link,raw_joint,0,0.27476304934414364,0.14536104709547126,0,0,0,0,0.0,0
32_84,32,long_2link,heavy_3link,normalized_copy,0,0.27727275210902863,0.14483712059611237,0,0,0,0,0.0,0
32_84,32,long_2link,heavy_3link,link_scaled,0,0.276493358811821,0.14457678684797678,0,0,0,0,0.0,0
32_84,32,long_2link,heavy_3link,static_home,0,0.32570055885955024,0.16507218488133119,0,0,0,0,0.38688591561184027,0
32_84,32,long_2link,heavy_3link,target_ik,0,0.004369505895733274,0.002704315171053172,1,1,1,0,1.8438119368593232e-05,0
32_84,32,long_2link,heavy_3link,ejar_absolute,0,0.0010670398438015712,0.0006350247160423913,1,1,1,0,0.004950247189512918,0
32_84,32,long_2link,heavy_3link,ejar_residual_fallback,0,0.0010670398438015712,0.0006350247160423913,1,1,1,0,0.004950247189512918,0
32_85,32,wide_2link,short_2link,raw_joint,1,0.044825268076293286,0.02938478286762084,1,1,1,0,0.0,0
32_85,32,wide_2link,short_2link,normalized_copy,1,0.06242829304925526,0.029173719429407968,0,1,1,0,0.0,0
32_85,32,wide_2link,short_2link,link_scaled,1,0.1710556100918451,0.07522766008688275,0,0,1,0,0.0,0
32_85,32,wide_2link,short_2link,static_home,1,0.03011390753856247,0.01720678476719853,1,1,1,0,0.026454787996703692,0
32_85,32,wide_2link,short_2link,target_ik,1,0.03704471267154292,0.028203525149516708,1,1,1,8,0.03251252036041714,0
32_85,32,wide_2link,short_2link,ejar_absolute,1,0.02856959524975405,0.016304927340167683,1,1,1,0,0.027484367816401695,0
32_85,32,wide_2link,short_2link,ejar_residual_fallback,1,0.02856959524975405,0.016304927340167683,1,1,1,0,0.027484367816401695,0
32_86,32,asym_3link,soft_5link,raw_joint,0,0.07237204206266544,0.039737005732769996,0,1,1,0,0.0,0
32_86,32,asym_3link,soft_5link,normalized_copy,0,0.10511084802014165,0.05786184495405824,0,0,1,0,0.0,0
32_86,32,asym_3link,soft_5link,link_scaled,0,0.10696784870447969,0.058781751952700995,0,0,1,0,0.0,0
32_86,32,asym_3link,soft_5link,static_home,0,0.142830668886606,0.07345710764484142,0,0,1,0,0.008118323633689419,0
32_86,32,asym_3link,soft_5link,target_ik,0,0.00015352710186363163,7.842115223056392e-05,1,1,1,0,5.772718325347237e-07,0
32_86,32,asym_3link,soft_5link,ejar_absolute,0,0.00013632454863098884,6.895083477592942e-05,1,1,1,0,0.00011195668195616708,0
32_86,32,asym_3link,soft_5link,ejar_residual_fallback,0,0.00013632454863098884,6.895083477592942e-05,1,1,1,0,0.00011195668195616708,0
32_87,32,heavy_3link,asym_3link,raw_joint,0,0.4677779233417321,0.2412691385959157,0,0,0,0,0.0,0
32_87,32,heavy_3link,asym_3link,normalized_copy,0,0.5214053662533519,0.2692649362211642,0,0,0,0,0.0,0
32_87,32,heavy_3link,asym_3link,link_scaled,0,0.6045169246879519,0.31323534566354416,0,0,0,0,0.0,0
32_87,32,heavy_3link,asym_3link,static_home,0,0.47060200577273487,0.24645622218932522,0,0,0,0,0.08080102668762719,0
32_87,32,heavy_3link,asym_3link,target_ik,0,0.0023979719494822494,0.0013827526081733757,1,1,1,0,3.577078145552395e-05,0
32_87,32,heavy_3link,asym_3link,ejar_absolute,0,0.0026512428680774227,0.001436099122638077,1,1,1,0,0.004640500004137318,0
32_87,32,heavy_3link,asym_3link,ejar_residual_fallback,0,0.0026512428680774227,0.001436099122638077,1,1,1,0,0.004640500004137318,0
32_88,32,teacher_2link,large_6link,raw_joint,0,0.1858665817489466,0.1428023889667483,0,0,1,0,0.0,0
32_88,32,teacher_2link,large_6link,normalized_copy,0,0.1505498323369223,0.10766950257226726,0,0,1,0,0.0,0
32_88,32,teacher_2link,large_6link,link_scaled,0,0.13778583442491327,0.09304174483119575,0,0,1,0,0.0,0
32_88,32,teacher_2link,large_6link,static_home,0,0.13958665654402824,0.0754270424112063,0,0,1,0,0.12077698298358554,0
32_88,32,teacher_2link,large_6link,target_ik,0,0.0001198782070052603,0.00010770870993543651,1,1,1,0,1.7778279146715006e-06,0
32_88,32,teacher_2link,large_6link,ejar_absolute,0,0.0005268202908233514,0.0002693712533724949,1,1,1,0,0.0005872175320680805,0
32_88,32,teacher_2link,large_6link,ejar_residual_fallback,0,0.0005268202908233514,0.0002693712533724949,1,1,1,0,0.0005872175320680805,0
32_89,32,short_2link,long_4link,raw_joint,0,0.27656151502639853,0.14608539095614465,0,0,0,0,0.0,0
32_89,32,short_2link,long_4link,normalized_copy,0,0.3002083778811519,0.15932418264380263,0,0,0,0,0.0,0
32_89,32,short_2link,long_4link,link_scaled,0,0.19823489137018038,0.10360021556302862,0,0,1,0,0.0,0
32_89,32,short_2link,long_4link,static_home,0,0.07998105437753747,0.04076345103925079,0,1,1,0,0.09471366067695738,0
32_89,32,short_2link,long_4link,target_ik,0,0.00025395881439303406,0.00013027812561751447,1,1,1,0,2.5331998559084693e-06,0
32_89,32,short_2link,long_4link,ejar_absolute,0,0.00037770137544796393,0.0001994926780246534,1,1,1,0,0.0004679455038202269,0
32_89,32,short_2link,long_4link,ejar_residual_fallback,0,0.00037770137544796393,0.0001994926780246534,1,1,1,0,0.0004679455038202269,0
32_90,32,long_2link,wide_2link,raw_joint,0,0.18998364903565845,0.10465898061460573,0,0,1,0,0.0,0
32_90,32,long_2link,wide_2link,normalized_copy,0,0.07277667832632581,0.03462084851595061,0,1,1,0,0.0,0
32_90,32,long_2link,wide_2link,link_scaled,0,0.06334263482246462,0.0380894089894043,0,1,1,0,0.0,0
32_90,32,long_2link,wide_2link,static_home,0,0.13313167171406615,0.06846741776837223,0,0,1,0,0.21121173925408676,0
32_90,32,long_2link,wide_2link,target_ik,0,0.005183088260000231,0.0040086461183061325,1,1,1,1,0.0013476841064617008,0
32_90,32,long_2link,wide_2link,ejar_absolute,0,0.004423077560982948,0.0038851300710439265,1,1,1,0,0.008093419708246138,0
32_90,32,long_2link,wide_2link,ejar_residual_fallback,0,0.004423077560982948,0.0038851300710439265,1,1,1,0,0.008093419708246138,0
32_91,32,wide_2link,snake_6link,raw_joint,0,0.5533112085395675,0.31141994972998144,0,0,0,0,0.0,0
32_91,32,wide_2link,snake_6link,normalized_copy,0,0.4066964566603932,0.2069896352936758,0,0,0,0,0.0,0
32_91,32,wide_2link,snake_6link,link_scaled,0,0.39553681234872856,0.20101303098652992,0,0,0,0,0.0,0
32_91,32,wide_2link,snake_6link,static_home,0,0.18362236031651394,0.09469795207440496,0,0,1,0,0.1825864025293163,0
32_91,32,wide_2link,snake_6link,target_ik,0,0.0012884078983258411,0.0006473059247368714,1,1,1,0,4.530935490626636e-06,0
32_91,32,wide_2link,snake_6link,ejar_absolute,0,0.00120607239459332,0.0006337926871478744,1,1,1,0,0.0009452472251088043,0
32_91,32,wide_2link,snake_6link,ejar_residual_fallback,0,0.00120607239459332,0.0006337926871478744,1,1,1,0,0.0009452472251088043,0
32_92,32,asym_3link,redundant_4link,raw_joint,0,0.2694227557395555,0.12722998142453676,0,0,0,0,0.0,0
32_92,32,asym_3link,redundant_4link,normalized_copy,0,0.26534326629498683,0.1244420079221214,0,0,0,0,0.0,0
32_92,32,asym_3link,redundant_4link,link_scaled,0,0.2609853260795025,0.12262783024996468,0,0,0,0,0.0,0
32_92,32,asym_3link,redundant_4link,static_home,0,0.2039794002853535,0.1069808711514219,0,0,0,0,0.15702990495263627,0
32_92,32,asym_3link,redundant_4link,target_ik,0,0.0011613402172257234,0.0005977108705612422,1,1,1,0,7.007094831150964e-06,0
32_92,32,asym_3link,redundant_4link,ejar_absolute,0,0.0015241841120217864,0.000797666179087927,1,1,1,0,0.0014892340847955155,0
32_92,32,asym_3link,redundant_4link,ejar_residual_fallback,0,0.0015241841120217864,0.000797666179087927,1,1,1,0,0.0014892340847955155,0
32_93,32,heavy_3link,long_2link,raw_joint,0,0.0235429226166354,0.013459454422581445,1,1,1,0,0.0,0
32_93,32,heavy_3link,long_2link,normalized_copy,0,0.03488397798861111,0.02057252794719327,1,1,1,0,0.0,0
32_93,32,heavy_3link,long_2link,link_scaled,0,0.03254592301891392,0.019328766331039686,1,1,1,0,0.0,0
32_93,32,heavy_3link,long_2link,static_home,0,0.193780012822505,0.09979607412792207,0,0,1,0,0.15302529533781195,0
32_93,32,heavy_3link,long_2link,target_ik,0,0.0002160884710008625,0.00010957665404209458,1,1,1,0,5.16908338739991e-07,0
32_93,32,heavy_3link,long_2link,ejar_absolute,0,0.00036044296006620735,0.0001696625788066145,1,1,1,0,0.0001779417271451902,0
32_93,32,heavy_3link,long_2link,ejar_residual_fallback,0,0.00036044296006620735,0.0001696625788066145,1,1,1,0,0.0001779417271451902,0
32_94,32,teacher_2link,needle_5link,raw_joint,0,0.14870484127160838,0.08119990914645947,0,0,1,0,0.0,0
32_94,32,teacher_2link,needle_5link,normalized_copy,0,0.19941136383835728,0.10429352817182075,0,0,1,0,0.0,0
32_94,32,teacher_2link,needle_5link,link_scaled,0,0.2038460398452396,0.10632728967928753,0,0,0,0,0.0,0
32_94,32,teacher_2link,needle_5link,static_home,0,0.23544162898989746,0.12164547030199963,0,0,0,0,0.0691901903301163,0
32_94,32,teacher_2link,needle_5link,target_ik,0,0.0017157063466042614,0.000871177968723502,1,1,1,0,9.049186147918146e-06,0
32_94,32,teacher_2link,needle_5link,ejar_absolute,0,0.002646934654412085,0.0013053061788947326,1,1,1,0,0.0021771523804257585,0
32_94,32,teacher_2link,needle_5link,ejar_residual_fallback,0,0.002646934654412085,0.0013053061788947326,1,1,1,0,0.0021771523804257585,0
32_95,32,short_2link,heavy_3link,raw_joint,0,0.22292003575381625,0.17117045979465867,0,0,0,23,0.0,0
32_95,32,short_2link,heavy_3link,normalized_copy,0,0.4092205345240103,0.32953513204069607,0,0,0,0,0.0,0
32_95,32,short_2link,heavy_3link,link_scaled,0,0.18175832150671029,0.15202730888203642,0,0,1,0,0.0,0
32_95,32,short_2link,heavy_3link,static_home,0,0.12067555255093901,0.09929719639139675,0,0,1,0,0.12969451268581839,0
32_95,32,short_2link,heavy_3link,target_ik,0,0.09339872941300228,0.07262077219804552,0,1,1,13,0.07001435012631281,0
32_95,32,short_2link,heavy_3link,ejar_absolute,0,0.09151156245583426,0.0703789067141947,0,1,1,4,0.08040765024828223,0
32_95,32,short_2link,heavy_3link,ejar_residual_fallback,0,0.09151156245583426,0.0703789067141947,0,1,1,4,0.08040765024828223,0
32_96,32,long_2link,short_2link,raw_joint,0,0.5580628899683734,0.2821543475696266,0,0,0,0,0.0,0
32_96,32,long_2link,short_2link,normalized_copy,0,0.49357786601348574,0.2511561842400324,0,0,0,0,0.0,0
32_96,32,long_2link,short_2link,link_scaled,0,0.5600481284543878,0.27962618048877597,0,0,0,21,0.0,0
32_96,32,long_2link,short_2link,static_home,0,0.43054682742668215,0.21520664555637575,0,0,0,0,0.4811149252642176,0
32_96,32,long_2link,short_2link,target_ik,0,0.014719507527591697,0.003681942587512044,1,1,1,3,0.008727157884127215,0
32_96,32,long_2link,short_2link,ejar_absolute,0,0.020537360456303284,0.006622176051236745,1,1,1,2,0.013172967031199443,0
32_96,32,long_2link,short_2link,ejar_residual_fallback,0,0.020537360456303284,0.006622176051236745,1,1,1,2,0.013172967031199443,0
32_97,32,wide_2link,soft_5link,raw_joint,0,0.3954273717467801,0.1848046357085943,0,0,0,0,0.0,0
32_97,32,wide_2link,soft_5link,normalized_copy,0,0.19485638221183615,0.09095966031257047,0,0,1,0,0.0,0
32_97,32,wide_2link,soft_5link,link_scaled,0,0.1932479187662766,0.09093112924750474,0,0,1,0,0.0,0
32_97,32,wide_2link,soft_5link,static_home,0,0.11426607923535376,0.05684361830406284,0,0,1,0,0.11867097931939027,0
32_97,32,wide_2link,soft_5link,target_ik,0,0.0013714819719215139,0.0006389570812640451,1,1,1,0,8.518859788860322e-06,0
32_97,32,wide_2link,soft_5link,ejar_absolute,0,0.00299089577734811,0.001315927382377347,1,1,1,0,0.0017321159856453338,0
32_97,32,wide_2link,soft_5link,ejar_residual_fallback,0,0.00299089577734811,0.001315927382377347,1,1,1,0,0.0017321159856453338,0
32_98,32,asym_3link,asym_3link,raw_joint,0,0.7022230947720631,0.38245809034059863,0,0,0,0,0.0,0
32_98,32,asym_3link,asym_3link,normalized_copy,0,0.7022230947720631,0.38245809034059863,0,0,0,0,0.0,0
32_98,32,asym_3link,asym_3link,link_scaled,0,0.7022230947720631,0.38245809034059863,0,0,0,0,0.0,0
32_98,32,asym_3link,asym_3link,static_home,0,0.46534991481261223,0.26226294607037426,0,0,0,0,0.05377813495948571,0
32_98,32,asym_3link,asym_3link,target_ik,0,0.0027654054266753572,0.0016026578628688583,1,1,1,0,1.3375132097852437e-05,0
32_98,32,asym_3link,asym_3link,ejar_absolute,0,0.004433067235320708,0.002354256853605423,1,1,1,0,0.0020797021722136397,0
32_98,32,asym_3link,asym_3link,ejar_residual_fallback,0,0.004433067235320708,0.002354256853605423,1,1,1,0,0.0020797021722136397,0
32_99,32,heavy_3link,large_6link,raw_joint,0,0.8534471960797735,0.4598970293154816,0,0,0,0,0.0,0
32_99,32,heavy_3link,large_6link,normalized_copy,0,0.6649769451337647,0.35043350608007096,0,0,0,0,0.0,0
32_99,32,heavy_3link,large_6link,link_scaled,0,0.6663397389647081,0.3511943191715888,0,0,0,0,0.0,0
32_99,32,heavy_3link,large_6link,static_home,0,0.47897900070178456,0.24798376466499025,0,0,0,0,0.2332002943927615,0
32_99,32,heavy_3link,large_6link,target_ik,0,0.0015937465266703465,0.0009028879444640284,1,1,1,0,1.2047016638617686e-05,0
32_99,32,heavy_3link,large_6link,ejar_absolute,0,0.0025665665998402917,0.0014202738848580246,1,1,1,0,0.003887975689411252,0
32_99,32,heavy_3link,large_6link,ejar_residual_fallback,0,0.0025665665998402917,0.0014202738848580246,1,1,1,0,0.003887975689411252,0
32_100,32,teacher_2link,long_4link,raw_joint,0,0.3673217448038462,0.18356816085973382,0,0,0,0,0.0,0
32_100,32,teacher_2link,long_4link,normalized_copy,0,0.26317511726548576,0.13053260306867945,0,0,0,0,0.0,0
32_100,32,teacher_2link,long_4link,link_scaled,0,0.24958932920858923,0.1247122665448453,0,0,0,0,0.0,0
32_100,32,teacher_2link,long_4link,static_home,0,0.24961877160420515,0.12811882303441507,0,0,0,0,0.19873088200308628,0
32_100,32,teacher_2link,long_4link,target_ik,0,0.0015713514799027414,0.0006885026122600573,1,1,1,0,3.792882576841707e-05,0
32_100,32,teacher_2link,long_4link,ejar_absolute,0,0.007129227490572241,0.0029667877304597173,1,1,1,0,0.0059221858143136885,0
32_100,32,teacher_2link,long_4link,ejar_residual_fallback,0,0.007129227490572241,0.0029667877304597173,1,1,1,0,0.0059221858143136885,0
32_101,32,short_2link,wide_2link,raw_joint,0,0.4609841397944202,0.2295720347505475,0,0,0,0,0.0,0
32_101,32,short_2link,wide_2link,normalized_copy,0,0.2153531268045959,0.1250322609191007,0,0,0,0,0.0,0
32_101,32,short_2link,wide_2link,link_scaled,0,0.19812787571258458,0.1152300642921881,0,0,1,0,0.0,0
32_101,32,short_2link,wide_2link,static_home,0,0.08324859478610486,0.04233164198055772,0,1,1,0,0.10607129832754789,0
32_101,32,short_2link,wide_2link,target_ik,0,0.0033985248361167036,0.0015046881368908594,1,1,1,0,1.747560392755547e-05,0
32_101,32,short_2link,wide_2link,ejar_absolute,0,0.00406969282938868,0.0016477329328290443,1,1,1,0,0.0013347899637927306,0
32_101,32,short_2link,wide_2link,ejar_residual_fallback,0,0.00406969282938868,0.0016477329328290443,1,1,1,0,0.0013347899637927306,0
32_102,32,long_2link,snake_6link,raw_joint,1,0.060277949300369504,0.029470956529173864,0,1,1,0,0.0,0
32_102,32,long_2link,snake_6link,normalized_copy,1,0.07013681362237602,0.03413028593755544,0,1,1,0,0.0,0
32_102,32,long_2link,snake_6link,link_scaled,1,0.08936440125862927,0.043154654765129495,0,1,1,0,0.0,0
32_102,32,long_2link,snake_6link,static_home,1,0.0005920688813293855,0.0001496577697208014,1,1,1,0,0.003235598875173107,0
32_102,32,long_2link,snake_6link,target_ik,1,8.699778433222095e-05,1.0033306937717407e-05,1,1,1,0,2.8161783185022203e-05,0
32_102,32,long_2link,snake_6link,ejar_absolute,1,0.00047225067595184713,9.555042455964191e-05,1,1,1,0,0.0006231907693748719,0
32_102,32,long_2link,snake_6link,ejar_residual_fallback,1,0.00047225067595184713,9.555042455964191e-05,1,1,1,0,0.0006231907693748719,0
32_103,32,wide_2link,redundant_4link,raw_joint,0,0.4226532545582319,0.32512565679165695,0,0,0,16,0.0,0
32_103,32,wide_2link,redundant_4link,normalized_copy,0,0.20832912341230686,0.15926006327436998,0,0,0,0,0.0,0
32_103,32,wide_2link,redundant_4link,link_scaled,0,0.1818578106744051,0.1376717605674759,0,0,1,0,0.0,0
32_103,32,wide_2link,redundant_4link,static_home,0,0.09729102744059058,0.06957169717405094,0,1,1,0,0.04603392081933361,0
32_103,32,wide_2link,redundant_4link,target_ik,0,0.00013176582667738217,9.995928938388363e-05,1,1,1,0,2.691871470108367e-06,0
32_103,32,wide_2link,redundant_4link,ejar_absolute,0,0.0006138583699481944,0.0004322566865975262,1,1,1,0,0.0005121972207902655,0
32_103,32,wide_2link,redundant_4link,ejar_residual_fallback,0,0.0006138583699481944,0.0004322566865975262,1,1,1,0,0.0005121972207902655,0
32_104,32,asym_3link,long_2link,raw_joint,0,0.2725534468199691,0.14835538400088544,0,0,0,0,0.0,0
32_104,32,asym_3link,long_2link,normalized_copy,0,0.2371007975063349,0.13018141158591212,0,0,0,0,0.0,0
32_104,32,asym_3link,long_2link,link_scaled,0,0.2334143489760606,0.1232751878215089,0,0,0,0,0.0,0
32_104,32,asym_3link,long_2link,static_home,0,0.3034897576631467,0.1563334233797961,0,0,0,0,0.27371392462095007,0
32_104,32,asym_3link,long_2link,target_ik,0,0.0018672775666707007,0.0011032284360237277,1,1,1,0,1.0648067404901297e-05,0
32_104,32,asym_3link,long_2link,ejar_absolute,0,0.0018923078643890718,0.0011645707101320005,1,1,1,0,0.0034360848635345,0
32_104,32,asym_3link,long_2link,ejar_residual_fallback,0,0.0018923078643890718,0.0011645707101320005,1,1,1,0,0.0034360848635345,0
32_105,32,heavy_3link,needle_5link,raw_joint,0,0.16554675101379238,0.08353797310408721,0,0,1,0,0.0,0
32_105,32,heavy_3link,needle_5link,normalized_copy,0,0.1623492254813279,0.08256736981681244,0,0,1,0,0.0,0
32_105,32,heavy_3link,needle_5link,link_scaled,0,0.15795175777549678,0.07993476104696766,0,0,1,0,0.0,0
32_105,32,heavy_3link,needle_5link,static_home,0,0.18307165146365217,0.09289257788510914,0,0,1,0,0.11064177755540935,0
32_105,32,heavy_3link,needle_5link,target_ik,0,0.0010813535685136968,0.0004998481568654774,1,1,1,0,1.7635274901783994e-05,0
32_105,32,heavy_3link,needle_5link,ejar_absolute,0,0.006919803925535541,0.0032324592334374244,1,1,1,0,0.0060898700094001315,0
32_105,32,heavy_3link,needle_5link,ejar_residual_fallback,0,0.006919803925535541,0.0032324592334374244,1,1,1,0,0.0060898700094001315,0
32_106,32,teacher_2link,heavy_3link,raw_joint,0,0.33679536910115393,0.17480900862686535,0,0,0,0,0.0,0
32_106,32,teacher_2link,heavy_3link,normalized_copy,0,0.27111626197440486,0.14211926404588193,0,0,0,0,0.0,0
32_106,32,teacher_2link,heavy_3link,link_scaled,0,0.24260086571190764,0.1268929014766744,0,0,0,0,0.0,0
32_106,32,teacher_2link,heavy_3link,static_home,0,0.2675839032496973,0.13729636481089935,0,0,0,0,0.020831966722821938,0
32_106,32,teacher_2link,heavy_3link,target_ik,0,0.00121932691364076,0.0005394377101628338,1,1,1,0,9.492698390405659e-06,0
32_106,32,teacher_2link,heavy_3link,ejar_absolute,0,0.004133856219303233,0.0018469726164881688,1,1,1,0,0.002919567343825725,0
32_106,32,teacher_2link,heavy_3link,ejar_residual_fallback,0,0.004133856219303233,0.0018469726164881688,1,1,1,0,0.002919567343825725,0
32_107,32,short_2link,short_2link,raw_joint,0,0.40040193856820244,0.19021757494061503,0,0,0,0,0.0,0
32_107,32,short_2link,short_2link,normalized_copy,0,0.40040193856820244,0.19021757494061503,0,0,0,0,0.0,0
32_107,32,short_2link,short_2link,link_scaled,0,0.40040193856820244,0.19021757494061503,0,0,0,0,0.0,0
32_107,32,short_2link,short_2link,static_home,0,0.34277014356738106,0.17435396630742483,0,0,0,0,0.23060794084648356,0
32_107,32,short_2link,short_2link,target_ik,0,0.16157734884379601,0.04928281730224164,0,0,1,21,0.14516323218411897,0
32_107,32,short_2link,short_2link,ejar_absolute,0,0.16077221923879864,0.05043427602353077,0,0,1,5,0.1539638656279212,0
32_107,32,short_2link,short_2link,ejar_residual_fallback,0,0.16077221923879864,0.05043427602353077,0,0,1,5,0.1539638656279212,0
32_108,32,long_2link,soft_5link,raw_joint,0,0.1952775348142452,0.14821362585960668,0,0,1,0,0.0,0
32_108,32,long_2link,soft_5link,normalized_copy,0,0.2526969254887395,0.20103836669542163,0,0,0,0,0.0,0
32_108,32,long_2link,soft_5link,link_scaled,0,0.3025415689391565,0.24663197347053384,0,0,0,4,0.0,0
32_108,32,long_2link,soft_5link,static_home,0,0.10119816269506614,0.05792658503585434,0,0,1,0,0.023427407628315643,0
32_108,32,long_2link,soft_5link,target_ik,0,0.00022201668684648275,0.0001330433470009123,1,1,1,0,1.878584656661208e-06,0
32_108,32,long_2link,soft_5link,ejar_absolute,0,0.0003005654100647983,0.00019418565556620504,1,1,1,0,0.00031947731984102625,0
32_108,32,long_2link,soft_5link,ejar_residual_fallback,0,0.0003005654100647983,0.00019418565556620504,1,1,1,0,0.00031947731984102625,0
32_109,32,wide_2link,asym_3link,raw_joint,0,0.6098886205016668,0.3410413846810676,0,0,0,0,0.0,0
32_109,32,wide_2link,asym_3link,normalized_copy,0,0.5763206000662494,0.3060992629080048,0,0,0,0,0.0,0
32_109,32,wide_2link,asym_3link,link_scaled,0,0.5161196584799213,0.2736642645198718,0,0,0,0,0.0,0
32_109,32,wide_2link,asym_3link,static_home,0,0.34699841043183516,0.1877641594611531,0,0,0,0,0.06901170920629499,0
32_109,32,wide_2link,asym_3link,target_ik,0,0.0072063568125536655,0.004045901588721915,1,1,1,0,2.264262223803882e-05,0
32_109,32,wide_2link,asym_3link,ejar_absolute,0,0.0071136521775799245,0.0035945705479046015,1,1,1,0,0.0033293404690662963,0
32_109,32,wide_2link,asym_3link,ejar_residual_fallback,0,0.0071136521775799245,0.0035945705479046015,1,1,1,0,0.0033293404690662963,0
32_110,32,asym_3link,large_6link,raw_joint,0,0.5165540523115746,0.2660251772497861,0,0,0,3,0.0,0
32_110,32,asym_3link,large_6link,normalized_copy,0,0.39027772294615376,0.1942441339158633,0,0,0,0,0.0,0
32_110,32,asym_3link,large_6link,link_scaled,0,0.3415824625966944,0.1675636132613356,0,0,0,0,0.0,0
32_110,32,asym_3link,large_6link,static_home,0,0.26238584451229946,0.13778035305706124,0,0,0,0,0.057369769106617584,0
32_110,32,asym_3link,large_6link,target_ik,0,0.0007121879662709868,0.00039601085378591363,1,1,1,0,1.1178188284377761e-05,0
32_110,32,asym_3link,large_6link,ejar_absolute,0,0.0030782390596382696,0.0016204407875431244,1,1,1,0,0.0030716193362714784,0
32_110,32,asym_3link,large_6link,ejar_residual_fallback,0,0.0030782390596382696,0.0016204407875431244,1,1,1,0,0.0030716193362714784,0
32_111,32,heavy_3link,long_4link,raw_joint,0,0.1210549404666656,0.06767637019109549,0,0,1,0,0.0,0
32_111,32,heavy_3link,long_4link,normalized_copy,0,0.12463651336063095,0.06868913057007743,0,0,1,0,0.0,0
32_111,32,heavy_3link,long_4link,link_scaled,0,0.1262699348898666,0.06978110551372942,0,0,1,0,0.0,0
32_111,32,heavy_3link,long_4link,static_home,0,0.06954493416642026,0.0359342083033711,0,1,1,0,0.08348963988101672,0
32_111,32,heavy_3link,long_4link,target_ik,0,0.0004098712284559792,0.00020811668919864528,1,1,1,0,7.388454725542348e-07,0
32_111,32,heavy_3link,long_4link,ejar_absolute,0,0.0004301090109508565,0.00021175962326680061,1,1,1,0,0.00018908752370822154,0
32_111,32,heavy_3link,long_4link,ejar_residual_fallback,0,0.0004301090109508565,0.00021175962326680061,1,1,1,0,0.00018908752370822154,0
32_112,32,teacher_2link,wide_2link,raw_joint,0,0.17921073036637888,0.09975178488292868,0,0,1,0,0.0,0
32_112,32,teacher_2link,wide_2link,normalized_copy,0,0.24221352450150063,0.13272795081272082,0,0,0,0,0.0,0
32_112,32,teacher_2link,wide_2link,link_scaled,0,0.28000147460923325,0.15301439770908043,0,0,0,0,0.0,0
32_112,32,teacher_2link,wide_2link,static_home,0,0.018021828189351878,0.009042448821027487,1,1,1,0,0.040594648151283844,0
32_112,32,teacher_2link,wide_2link,target_ik,0,0.0002873761714475075,0.00014046563320177177,1,1,1,0,4.45817342520063e-06,0
32_112,32,teacher_2link,wide_2link,ejar_absolute,0,0.00044440371025607483,0.00020557700374989119,1,1,1,0,0.0002627163230935536,0
32_112,32,teacher_2link,wide_2link,ejar_residual_fallback,0,0.00044440371025607483,0.00020557700374989119,1,1,1,0,0.0002627163230935536,0
32_113,32,short_2link,snake_6link,raw_joint,0,0.2548599582554609,0.14569069126319284,0,0,0,0,0.0,0
32_113,32,short_2link,snake_6link,normalized_copy,0,0.2701483689936965,0.14396516677813298,0,0,0,0,0.0,0
32_113,32,short_2link,snake_6link,link_scaled,0,0.28316684064822,0.14716499330906302,0,0,0,0,0.0,0
32_113,32,short_2link,snake_6link,static_home,0,0.2815006588510621,0.1444740142197129,0,0,0,0,0.2750937058556003,0
32_113,32,short_2link,snake_6link,target_ik,0,0.0032930233247892406,0.001527545958735383,1,1,1,0,2.078861810779716e-05,0
32_113,32,short_2link,snake_6link,ejar_absolute,0,0.005830584676636445,0.0028808321375865557,1,1,1,0,0.0055615206525550815,0
32_113,32,short_2link,snake_6link,ejar_residual_fallback,0,0.005830584676636445,0.0028808321375865557,1,1,1,0,0.0055615206525550815,0
32_114,32,long_2link,redundant_4link,raw_joint,0,0.603733689848321,0.3145756497044755,0,0,0,0,0.0,0
32_114,32,long_2link,redundant_4link,normalized_copy,0,0.644677292708264,0.33786177974158904,0,0,0,0,0.0,0
32_114,32,long_2link,redundant_4link,link_scaled,0,0.7515047933588574,0.3950860217827524,0,0,0,0,0.0,0
32_114,32,long_2link,redundant_4link,static_home,0,0.20683999146206877,0.10590660228448745,0,0,0,0,0.2984738854630369,0
32_114,32,long_2link,redundant_4link,target_ik,0,0.001736162404101832,0.0008225281605825451,1,1,1,0,2.0580562531855003e-05,0
32_114,32,long_2link,redundant_4link,ejar_absolute,0,0.005778882066572309,0.002527253496620114,1,1,1,0,0.004280500030660986,0
32_114,32,long_2link,redundant_4link,ejar_residual_fallback,0,0.005778882066572309,0.002527253496620114,1,1,1,0,0.004280500030660986,0
32_115,32,wide_2link,long_2link,raw_joint,0,0.4855824724387086,0.21991450133477974,0,0,0,0,0.0,0
32_115,32,wide_2link,long_2link,normalized_copy,0,0.27725026159701904,0.12236454233113767,0,0,0,0,0.0,0
32_115,32,wide_2link,long_2link,link_scaled,0,0.2400438844055453,0.1107757588241651,0,0,0,0,0.0,0
32_115,32,wide_2link,long_2link,static_home,0,0.09777075814399944,0.048289230337369746,0,1,1,0,0.110152791964677,0
32_115,32,wide_2link,long_2link,target_ik,0,0.026731713842521092,0.0030985674513740163,1,1,1,5,0.022967581393790727,0
32_115,32,wide_2link,long_2link,ejar_absolute,0,0.01806516982140269,0.005002991830510898,1,1,1,0,0.015658379807343033,0
32_115,32,wide_2link,long_2link,ejar_residual_fallback,0,0.01806516982140269,0.005002991830510898,1,1,1,0,0.015658379807343033,0
32_116,32,asym_3link,needle_5link,raw_joint,0,0.07619829617938567,0.03741371703815809,0,1,1,0,0.0,0
32_116,32,asym_3link,needle_5link,normalized_copy,0,0.09388509411737768,0.0474466887703051,0,1,1,0,0.0,0
32_116,32,asym_3link,needle_5link,link_scaled,0,0.09577999937175584,0.04858962144899527,0,1,1,0,0.0,0
32_116,32,asym_3link,needle_5link,static_home,0,0.14507846526693918,0.07430496936515059,0,0,1,0,0.0028740883839217125,0
32_116,32,asym_3link,needle_5link,target_ik,0,0.0005209699976864147,0.0002487570930982936,1,1,1,0,6.544792783941758e-06,0
32_116,32,asym_3link,needle_5link,ejar_absolute,0,0.00172475539273054,0.0008346547622602605,1,1,1,0,0.0013887159444207341,0
32_116,32,asym_3link,needle_5link,ejar_residual_fallback,0,0.00172475539273054,0.0008346547622602605,1,1,1,0,0.0013887159444207341,0
32_117,32,heavy_3link,heavy_3link,raw_joint,0,0.4673525798184653,0.249220510374709,0,0,0,0,0.0,0
32_117,32,heavy_3link,heavy_3link,normalized_copy,0,0.4673525798184653,0.249220510374709,0,0,0,0,0.0,0
32_117,32,heavy_3link,heavy_3link,link_scaled,0,0.4673525798184653,0.249220510374709,0,0,0,0,0.0,0
32_117,32,heavy_3link,heavy_3link,static_home,0,0.4310620614632952,0.2244802011955021,0,0,0,0,0.13769382787150755,0
32_117,32,heavy_3link,heavy_3link,target_ik,0,0.004486800902704138,0.0029612432574973955,1,1,1,0,2.0023420150805573e-05,0
32_117,32,heavy_3link,heavy_3link,ejar_absolute,0,0.003436249221430057,0.0018198037760491896,1,1,1,0,0.0040737998006533035,0
32_117,32,heavy_3link,heavy_3link,ejar_residual_fallback,0,0.003436249221430057,0.0018198037760491896,1,1,1,0,0.0040737998006533035,0
32_118,32,teacher_2link,short_2link,raw_joint,0,0.19052932765115563,0.0930795728097106,0,0,1,0,0.0,0
32_118,32,teacher_2link,short_2link,normalized_copy,0,0.15818935483658017,0.07629859998912791,0,0,1,0,0.0,0
32_118,32,teacher_2link,short_2link,link_scaled,0,0.16025288817543454,0.06967348872586786,0,0,1,0,0.0,0
32_118,32,teacher_2link,short_2link,static_home,0,0.09492983389925887,0.045056352777830114,0,1,1,0,0.11834392813819924,0
32_118,32,teacher_2link,short_2link,target_ik,0,0.1759297533904322,0.08662664772630961,0,0,1,32,0.1676128286213845,0
32_118,32,teacher_2link,short_2link,ejar_absolute,0,0.09464705074166228,0.043845632811163146,0,1,1,0,0.09387770084512624,0
32_118,32,teacher_2link,short_2link,ejar_residual_fallback,0,0.09464705074166228,0.043845632811163146,0,1,1,0,0.09387770084512624,0
32_119,32,short_2link,soft_5link,raw_joint,1,0.30252063123363193,0.13940859526199345,0,0,0,0,0.0,0
32_119,32,short_2link,soft_5link,normalized_copy,1,0.20592826964448618,0.13287761310998608,0,0,0,0,0.0,0
32_119,32,short_2link,soft_5link,link_scaled,1,0.2538255951900188,0.13891597793388125,0,0,0,0,0.0,0
32_119,32,short_2link,soft_5link,static_home,1,0.305233776556355,0.1566612766077,0,0,0,0,0.31197833928087493,0
32_119,32,short_2link,soft_5link,target_ik,1,0.005934855118025256,0.004174702716221713,1,1,1,2,0.007980591051230671,0
32_119,32,short_2link,soft_5link,ejar_absolute,1,0.005656625002315425,0.005717392355157988,1,1,1,0,0.01685302383128756,0
32_119,32,short_2link,soft_5link,ejar_residual_fallback,1,0.005656625002315425,0.005717392355157988,1,1,1,0,0.01685302383128756,0
32_120,32,long_2link,asym_3link,raw_joint,0,0.38887253260930416,0.19696129770088946,0,0,0,0,0.0,0
32_120,32,long_2link,asym_3link,normalized_copy,0,0.42630992173110227,0.21384980931491632,0,0,0,0,0.0,0
32_120,32,long_2link,asym_3link,link_scaled,0,0.5054764032841867,0.2513517998763895,0,0,0,0,0.0,0
32_120,32,long_2link,asym_3link,static_home,0,0.24850139788357428,0.127211751552506,0,0,0,0,0.21595004187625383,0
32_120,32,long_2link,asym_3link,target_ik,0,0.001127999233325974,0.000506913983741903,1,1,1,0,1.0503620088612474e-05,0
32_120,32,long_2link,asym_3link,ejar_absolute,0,0.0031440812902278847,0.0014467358974093038,1,1,1,0,0.002051496758826919,0
32_120,32,long_2link,asym_3link,ejar_residual_fallback,0,0.0031440812902278847,0.0014467358974093038,1,1,1,0,0.002051496758826919,0
32_121,32,wide_2link,large_6link,raw_joint,0,0.2639086070729298,0.17299190990016222,0,0,0,0,0.0,0
32_121,32,wide_2link,large_6link,normalized_copy,0,0.1333097915349957,0.07423985116188526,0,0,1,0,0.0,0
32_121,32,wide_2link,large_6link,link_scaled,0,0.15072079530293775,0.08251378152983013,0,0,1,0,0.0,0
32_121,32,wide_2link,large_6link,static_home,0,0.11764486429544194,0.06092060955972321,0,0,1,0,0.046171149099381574,0
32_121,32,wide_2link,large_6link,target_ik,0,0.0009495068273647821,0.0005303922219384272,1,1,1,0,1.0276398113464226e-05,0
32_121,32,wide_2link,large_6link,ejar_absolute,0,0.0017707123061270228,0.0010437636977749447,1,1,1,0,0.002689977040232323,0
32_121,32,wide_2link,large_6link,ejar_residual_fallback,0,0.0017707123061270228,0.0010437636977749447,1,1,1,0,0.002689977040232323,0
32_122,32,asym_3link,long_4link,raw_joint,0,0.6717980403315302,0.36939632206755674,0,0,0,0,0.0,0
32_122,32,asym_3link,long_4link,normalized_copy,0,0.6340948516357244,0.3429360618001418,0,0,0,0,0.0,0
32_122,32,asym_3link,long_4link,link_scaled,0,0.5744388047573856,0.3054962492008887,0,0,0,0,0.0,0
32_122,32,asym_3link,long_4link,static_home,0,0.3437233555503542,0.17752003052236445,0,0,0,0,0.26577328497724606,0
32_122,32,asym_3link,long_4link,target_ik,0,0.004343751027949833,0.002057893504858985,1,1,1,0,1.4079220653144658e-05,0
32_122,32,asym_3link,long_4link,ejar_absolute,0,0.005045210995841818,0.0023434826284572164,1,1,1,0,0.002526134062901003,0
32_122,32,asym_3link,long_4link,ejar_residual_fallback,0,0.005045210995841818,0.0023434826284572164,1,1,1,0,0.002526134062901003,0
32_123,32,heavy_3link,wide_2link,raw_joint,0,0.7607459860256528,0.4100985500228971,0,0,0,0,0.0,0
32_123,32,heavy_3link,wide_2link,normalized_copy,0,0.7130770920172443,0.3700997128266231,0,0,0,0,0.0,0
32_123,32,heavy_3link,wide_2link,link_scaled,0,1.0604234379421262,0.5452406861476218,0,0,0,4,0.0,0
32_123,32,heavy_3link,wide_2link,static_home,0,0.7040837597649686,0.3638837171826633,0,0,0,0,0.5028187722722289,0
32_123,32,heavy_3link,wide_2link,target_ik,0,0.015411760190611138,0.009544610698137182,1,1,1,1,0.0023279030149993235,0
32_123,32,heavy_3link,wide_2link,ejar_absolute,0,0.013305752878859508,0.007316047835497938,1,1,1,1,0.007279184763055217,0
32_123,32,heavy_3link,wide_2link,ejar_residual_fallback,0,0.013305752878859508,0.007316047835497938,1,1,1,1,0.007279184763055217,0
32_124,32,teacher_2link,snake_6link,raw_joint,0,0.05314824762894281,0.02735189926118059,0,1,1,0,0.0,0
32_124,32,teacher_2link,snake_6link,normalized_copy,0,0.05415175465302691,0.02785294222286467,0,1,1,0,0.0,0
32_124,32,teacher_2link,snake_6link,link_scaled,0,0.05602299910541979,0.028809033289649608,0,1,1,0,0.0,0
32_124,32,teacher_2link,snake_6link,static_home,0,0.06930533940663243,0.03566970748316676,0,1,1,0,0.012049525905007666,0
32_124,32,teacher_2link,snake_6link,target_ik,0,0.00012738996855522669,6.83641541850773e-05,1,1,1,0,3.472352160259634e-06,0
32_124,32,teacher_2link,snake_6link,ejar_absolute,0,0.0006995138108807584,0.00037870328250772347,1,1,1,0,0.0008286220405982261,0
32_124,32,teacher_2link,snake_6link,ejar_residual_fallback,0,0.0006995138108807584,0.00037870328250772347,1,1,1,0,0.0008286220405982261,0
32_125,32,short_2link,redundant_4link,raw_joint,0,0.18638035390655802,0.1489816953380887,0,0,1,0,0.0,0
32_125,32,short_2link,redundant_4link,normalized_copy,0,0.2075296276146497,0.18677372152564992,0,0,0,0,0.0,0
32_125,32,short_2link,redundant_4link,link_scaled,0,0.09931757360814654,0.09898867199701802,0,1,1,0,0.0,0
32_125,32,short_2link,redundant_4link,static_home,0,0.1534790589741375,0.09543324535142053,0,0,1,0,0.16293391234681387,0
32_125,32,short_2link,redundant_4link,target_ik,0,0.0003942512499899658,0.00026930298877173985,1,1,1,0,4.64407218314365e-06,0
32_125,32,short_2link,redundant_4link,ejar_absolute,0,0.001152834314780636,0.0007786743218304703,1,1,1,0,0.0007919925135077387,0
32_125,32,short_2link,redundant_4link,ejar_residual_fallback,0,0.001152834314780636,0.0007786743218304703,1,1,1,0,0.0007919925135077387,0
32_126,32,long_2link,long_2link,raw_joint,0,0.2341405079914415,0.11877307932400732,0,0,0,0,0.0,0
32_126,32,long_2link,long_2link,normalized_copy,0,0.2341405079914415,0.11877307932400732,0,0,0,0,0.0,0
32_126,32,long_2link,long_2link,link_scaled,0,0.2341405079914415,0.11877307932400732,0,0,0,0,0.0,0
32_126,32,long_2link,long_2link,static_home,0,0.16624960188441795,0.08812473808150667,0,0,1,0,0.14733184547704203,0
32_126,32,long_2link,long_2link,target_ik,0,0.0006852431075930406,0.00040576218663897266,1,1,1,0,6.529429458007238e-06,0
32_126,32,long_2link,long_2link,ejar_absolute,0,0.0014855571896943837,0.0008680114617455555,1,1,1,0,0.0020977309360678746,0
32_126,32,long_2link,long_2link,ejar_residual_fallback,0,0.0014855571896943837,0.0008680114617455555,1,1,1,0,0.0020977309360678746,0
32_127,32,wide_2link,needle_5link,raw_joint,0,0.08086595107885154,0.04767298719398497,0,1,1,0,0.0,0
32_127,32,wide_2link,needle_5link,normalized_copy,0,0.1425309973375647,0.07232017393391613,0,0,1,0,0.0,0
32_127,32,wide_2link,needle_5link,link_scaled,0,0.167746728951172,0.08557751702696567,0,0,1,0,0.0,0
32_127,32,wide_2link,needle_5link,static_home,0,0.25370655641332845,0.1306036244470784,0,0,0,0,0.25463792671202,0
32_127,32,wide_2link,needle_5link,target_ik,0,0.0010210597600091296,0.0005170833699757974,1,1,1,0,7.562808800673563e-06,0
32_127,32,wide_2link,needle_5link,ejar_absolute,0,0.0029382475299733683,0.0015600946839906316,1,1,1,0,0.0033349901780637807,0
32_127,32,wide_2link,needle_5link,ejar_residual_fallback,0,0.0029382475299733683,0.0015600946839906316,1,1,1,0,0.0033349901780637807,0
32_128,32,asym_3link,heavy_3link,raw_joint,0,0.04808865599255163,0.024765278987949817,1,1,1,0,0.0,0
32_128,32,asym_3link,heavy_3link,normalized_copy,0,0.024004902990507702,0.011603256894687376,1,1,1,0,0.0,0
32_128,32,asym_3link,heavy_3link,link_scaled,0,0.032485173676669456,0.01622234479663733,1,1,1,0,0.0,0
32_128,32,asym_3link,heavy_3link,static_home,0,0.04220674711597314,0.02170860703745136,1,1,1,0,0.07307945202588904,0
32_128,32,asym_3link,heavy_3link,target_ik,0,7.965692798659167e-05,4.091705878982345e-05,1,1,1,0,2.972751105329484e-07,0
32_128,32,asym_3link,heavy_3link,ejar_absolute,0,0.00011648345643673197,5.638878286247126e-05,1,1,1,0,9.709333414807613e-05,0
32_128,32,asym_3link,heavy_3link,ejar_residual_fallback,0,0.00011648345643673197,5.638878286247126e-05,1,1,1,0,9.709333414807613e-05,0
32_129,32,heavy_3link,short_2link,raw_joint,0,0.10489471799836421,0.05273021063831253,0,0,1,0,0.0,0
32_129,32,heavy_3link,short_2link,normalized_copy,0,0.09759075106155014,0.04856535531852672,0,1,1,0,0.0,0
32_129,32,heavy_3link,short_2link,link_scaled,0,0.3938586210621974,0.20486539245274107,0,0,0,0,0.0,0
32_129,32,heavy_3link,short_2link,static_home,0,0.07037699602596688,0.033909285872607844,0,1,1,0,0.12113240194376985,0
32_129,32,heavy_3link,short_2link,target_ik,0,0.12552878223917238,0.05813397706783971,0,0,1,30,0.11841876512690372,0
32_129,32,heavy_3link,short_2link,ejar_absolute,0,0.0631510906550317,0.028186345022568917,0,1,1,0,0.06239263554344168,0
32_129,32,heavy_3link,short_2link,ejar_residual_fallback,0,0.0631510906550317,0.028186345022568917,0,1,1,0,0.06239263554344168,0
32_130,32,teacher_2link,soft_5link,raw_joint,0,0.4977437533068745,0.2633606467070406,0,0,0,0,0.0,0
32_130,32,teacher_2link,soft_5link,normalized_copy,0,0.5549602319175169,0.2946324680798603,0,0,0,0,0.0,0
32_130,32,teacher_2link,soft_5link,link_scaled,0,0.5812539476856389,0.3103844055711035,0,0,0,0,0.0,0
32_130,32,teacher_2link,soft_5link,static_home,0,0.45830992920064145,0.2328491429306625,0,0,0,0,0.11813566822209778,0
32_130,32,teacher_2link,soft_5link,target_ik,0,0.001087408104936195,0.0005414139492156101,1,1,1,0,1.2722133725550091e-05,0
32_130,32,teacher_2link,soft_5link,ejar_absolute,0,0.003274465899954116,0.0015808483496970943,1,1,1,0,0.0023605545295799194,0
32_130,32,teacher_2link,soft_5link,ejar_residual_fallback,0,0.003274465899954116,0.0015808483496970943,1,1,1,0,0.0023605545295799194,0
32_131,32,short_2link,asym_3link,raw_joint,0,0.012064852868181682,0.006213429430147477,1,1,1,0,0.0,0
32_131,32,short_2link,asym_3link,normalized_copy,0,0.00857408955814318,0.004420178625230281,1,1,1,0,0.0,0
32_131,32,short_2link,asym_3link,link_scaled,0,0.006992089491344218,0.0036027269845664016,1,1,1,0,0.0,0
32_131,32,short_2link,asym_3link,static_home,0,0.00716241171225857,0.00368962730955456,1,1,1,0,0.002973212610481456,0
32_131,32,short_2link,asym_3link,target_ik,0,4.727518281082831e-05,2.1828487666117268e-05,1,1,1,0,9.270936796057888e-06,0
32_131,32,short_2link,asym_3link,ejar_absolute,0,0.001101283622355165,0.0005281806302856793,1,1,1,0,0.001077447830223778,0
32_131,32,short_2link,asym_3link,ejar_residual_fallback,0,0.001101283622355165,0.0005281806302856793,1,1,1,0,0.001077447830223778,0
32_132,32,long_2link,large_6link,raw_joint,0,0.16328752824491463,0.08483520221321111,0,0,1,0,0.0,0
32_132,32,long_2link,large_6link,normalized_copy,0,0.1586245682128586,0.08216826441021731,0,0,1,0,0.0,0
32_132,32,long_2link,large_6link,link_scaled,0,0.15884153181779836,0.08227643919727065,0,0,1,0,0.0,0
32_132,32,long_2link,large_6link,static_home,0,0.16516022574237096,0.08457549772943301,0,0,1,0,0.08309006268560588,0
32_132,32,long_2link,large_6link,target_ik,0,0.0003934395618323254,0.0002065180640541256,1,1,1,0,2.970911043297314e-06,0
32_132,32,long_2link,large_6link,ejar_absolute,0,0.0009543657891496038,0.0004838745160108223,1,1,1,0,0.0008721550241522127,0
32_132,32,long_2link,large_6link,ejar_residual_fallback,0,0.0009543657891496038,0.0004838745160108223,1,1,1,0,0.0008721550241522127,0
32_133,32,wide_2link,long_4link,raw_joint,0,0.28335906877368544,0.17906248957866877,0,0,0,0,0.0,0
32_133,32,wide_2link,long_4link,normalized_copy,0,0.3158297685282612,0.1735785034397217,0,0,0,0,0.0,0
32_133,32,wide_2link,long_4link,link_scaled,0,0.3112132310270867,0.16641691476967893,0,0,0,0,0.0,0
32_133,32,wide_2link,long_4link,static_home,0,0.2424598201716091,0.12522073390677257,0,0,0,0,0.2809437717431251,0
32_133,32,wide_2link,long_4link,target_ik,0,0.0010919504859873818,0.0005717283572258664,1,1,1,0,9.48364847487829e-06,0
32_133,32,wide_2link,long_4link,ejar_absolute,0,0.0017336393154126723,0.0009336232517008583,1,1,1,0,0.001968942269162123,0
32_133,32,wide_2link,long_4link,ejar_residual_fallback,0,0.0017336393154126723,0.0009336232517008583,1,1,1,0,0.001968942269162123,0
32_134,32,asym_3link,wide_2link,raw_joint,0,0.25799329252417735,0.1321137616310134,0,0,0,0,0.0,0
32_134,32,asym_3link,wide_2link,normalized_copy,0,0.2525064787889882,0.12954389471884883,0,0,0,0,0.0,0
32_134,32,asym_3link,wide_2link,link_scaled,0,0.2708450295013017,0.13887464694709706,0,0,0,0,0.0,0
32_134,32,asym_3link,wide_2link,static_home,0,0.13976185047875866,0.07180346543694162,0,0,1,0,0.1295012675067946,0
32_134,32,asym_3link,wide_2link,target_ik,0,0.0007503602805803912,0.0003588255130633959,1,1,1,0,1.5221781141473833e-05,0
32_134,32,asym_3link,wide_2link,ejar_absolute,0,0.001969624853589897,0.000922027147571938,1,1,1,0,0.0013612266006836234,0
32_134,32,asym_3link,wide_2link,ejar_residual_fallback,0,0.001969624853589897,0.000922027147571938,1,1,1,0,0.0013612266006836234,0
32_135,32,heavy_3link,snake_6link,raw_joint,0,0.12381281752552888,0.10269710855593743,0,0,1,16,0.0,0
32_135,32,heavy_3link,snake_6link,normalized_copy,0,0.09576725977700509,0.03936338489141879,0,1,1,0,0.0,0
32_135,32,heavy_3link,snake_6link,link_scaled,0,0.09301887915250262,0.03716935296248863,0,1,1,21,0.0,0
32_135,32,heavy_3link,snake_6link,static_home,0,0.13016809631371237,0.08080816833029195,0,0,1,0,0.12449381883366722,0
32_135,32,heavy_3link,snake_6link,target_ik,0,0.0008112939478623751,0.0005691452192829211,1,1,1,0,1.1018298762210892e-05,0
32_135,32,heavy_3link,snake_6link,ejar_absolute,0,0.0032558891493863753,0.0019389783082655538,1,1,1,0,0.0024288712288608057,0
32_135,32,heavy_3link,snake_6link,ejar_residual_fallback,0,0.0032558891493863753,0.0019389783082655538,1,1,1,0,0.0024288712288608057,0
32_136,32,teacher_2link,redundant_4link,raw_joint,1,0.49967036937692433,0.25782711522105217,0,0,0,0,0.0,0
32_136,32,teacher_2link,redundant_4link,normalized_copy,1,0.45793898786444914,0.2326445622377174,0,0,0,0,0.0,0
32_136,32,teacher_2link,redundant_4link,link_scaled,1,0.45793898786444914,0.2326445622377174,0,0,0,0,0.0,0
32_136,32,teacher_2link,redundant_4link,static_home,1,0.437065144843194,0.22128306946076048,0,0,0,0,0.4256382880970289,0
32_136,32,teacher_2link,redundant_4link,target_ik,1,0.4756204210990975,0.2451229931153467,0,0,0,32,0.41941713800302344,0
32_136,32,teacher_2link,redundant_4link,ejar_absolute,1,0.4339012889004014,0.22082203236922587,0,0,0,25,0.3486338213606112,0
32_136,32,teacher_2link,redundant_4link,ejar_residual_fallback,1,0.4339012889004014,0.22082203236922587,0,0,0,25,0.3486338213606112,0
32_137,32,short_2link,long_2link,raw_joint,0,0.5566997961730269,0.2911506982555384,0,0,0,0,0.0,0
32_137,32,short_2link,long_2link,normalized_copy,0,0.39716583722498255,0.20922968806325165,0,0,0,0,0.0,0
32_137,32,short_2link,long_2link,link_scaled,0,0.2599924765382199,0.13622308390459026,0,0,0,0,0.0,0
32_137,32,short_2link,long_2link,static_home,0,0.2015632654364965,0.10415583569610196,0,0,0,0,0.16196999603008908,0
32_137,32,short_2link,long_2link,target_ik,0,0.0010827388246969988,0.0006265263029181339,1,1,1,0,8.296268614436742e-06,0
32_137,32,short_2link,long_2link,ejar_absolute,0,0.0016258810669473156,0.0009245159533263829,1,1,1,0,0.002657272269687618,0
32_137,32,short_2link,long_2link,ejar_residual_fallback,0,0.0016258810669473156,0.0009245159533263829,1,1,1,0,0.002657272269687618,0
32_138,32,long_2link,needle_5link,raw_joint,0,0.4833854756394553,0.2554561824026502,0,0,0,0,0.0,0
32_138,32,long_2link,needle_5link,normalized_copy,0,0.5723131943101841,0.301110131361927,0,0,0,0,0.0,0
32_138,32,long_2link,needle_5link,link_scaled,0,0.6425784488125481,0.34072918071381314,0,0,0,0,0.0,0
32_138,32,long_2link,needle_5link,static_home,0,0.3632003201532454,0.18275335248483981,0,0,0,0,0.07908843247347289,0
32_138,32,long_2link,needle_5link,target_ik,0,0.0016721792705427427,0.0008565234434384521,1,1,1,0,6.239581350158285e-06,0
32_138,32,long_2link,needle_5link,ejar_absolute,0,0.004290785150241821,0.002035237428499425,1,1,1,0,0.002945146543526703,0
32_138,32,long_2link,needle_5link,ejar_residual_fallback,0,0.004290785150241821,0.002035237428499425,1,1,1,0,0.002945146543526703,0
32_139,32,wide_2link,heavy_3link,raw_joint,0,0.23947152190818377,0.1210724520004286,0,0,0,0,0.0,0
32_139,32,wide_2link,heavy_3link,normalized_copy,0,0.21999529496172837,0.11197414371605363,0,0,0,0,0.0,0
32_139,32,wide_2link,heavy_3link,link_scaled,0,0.18346432349200303,0.09361065789076023,0,0,1,0,0.0,0
32_139,32,wide_2link,heavy_3link,static_home,0,0.1902342417675862,0.09805657590152847,0,0,1,0,0.011880833731925482,0
32_139,32,wide_2link,heavy_3link,target_ik,0,0.00034889929474512556,0.0001807533854805614,1,1,1,0,1.654167076515955e-06,0
32_139,32,wide_2link,heavy_3link,ejar_absolute,0,0.0005179079836661464,0.0002646230206755063,1,1,1,0,0.00040409343725509293,0
32_139,32,wide_2link,heavy_3link,ejar_residual_fallback,0,0.0005179079836661464,0.0002646230206755063,1,1,1,0,0.00040409343725509293,0
32_140,32,asym_3link,short_2link,raw_joint,0,0.3275763778811444,0.18980233659166088,0,0,0,0,0.0,0
32_140,32,asym_3link,short_2link,normalized_copy,0,0.35423884854475557,0.21432727638022733,0,0,0,0,0.0,0
32_140,32,asym_3link,short_2link,link_scaled,0,0.34343274646013516,0.22947120789941322,0,0,0,0,0.0,0
32_140,32,asym_3link,short_2link,static_home,0,0.5639223265601032,0.2924670358755062,0,0,0,0,0.22254485341644895,0
32_140,32,asym_3link,short_2link,target_ik,0,0.006800113150462681,0.004692913198880017,1,1,1,3,0.00477243049793183,0
32_140,32,asym_3link,short_2link,ejar_absolute,0,0.007787287104345747,0.005830410140469724,1,1,1,1,0.013407244422542137,0
32_140,32,asym_3link,short_2link,ejar_residual_fallback,0,0.007787287104345747,0.005830410140469724,1,1,1,1,0.013407244422542137,0
32_141,32,heavy_3link,soft_5link,raw_joint,0,0.5156747885839027,0.2630028051336981,0,0,0,0,0.0,0
32_141,32,heavy_3link,soft_5link,normalized_copy,0,0.4186549604763079,0.21445391666866964,0,0,0,0,0.0,0
32_141,32,heavy_3link,soft_5link,link_scaled,0,0.5264978518844001,0.26868682774262936,0,0,0,0,0.0,0
32_141,32,heavy_3link,soft_5link,static_home,0,0.21489195426291105,0.10919684191816537,0,0,0,0,0.05201695702463311,0
32_141,32,heavy_3link,soft_5link,target_ik,0,0.00035007092852765365,0.00016178286434227784,1,1,1,0,5.899572344516935e-06,0
32_141,32,heavy_3link,soft_5link,ejar_absolute,0,0.0014990387579785337,0.0007314980478840343,1,1,1,0,0.0011737661191111891,0
32_141,32,heavy_3link,soft_5link,ejar_residual_fallback,0,0.0014990387579785337,0.0007314980478840343,1,1,1,0,0.0011737661191111891,0
32_142,32,teacher_2link,asym_3link,raw_joint,0,0.7047606535401452,0.3374741887303783,0,0,0,0,0.0,0
32_142,32,teacher_2link,asym_3link,normalized_copy,0,0.8114631600020925,0.3992687569279793,0,0,0,0,0.0,0
32_142,32,teacher_2link,asym_3link,link_scaled,0,0.8243566904921229,0.40551004347151925,0,0,0,0,0.0,0
32_142,32,teacher_2link,asym_3link,static_home,0,0.4798929648288342,0.23870254020663714,0,0,0,0,0.23970011975290315,0
32_142,32,teacher_2link,asym_3link,target_ik,0,0.005931487231280046,0.0024638722293466855,1,1,1,0,2.6727529589600086e-05,0
32_142,32,teacher_2link,asym_3link,ejar_absolute,0,0.009965509317519735,0.0039763213294398865,1,1,1,0,0.004534920289800388,0
32_142,32,teacher_2link,asym_3link,ejar_residual_fallback,0,0.009965509317519735,0.0039763213294398865,1,1,1,0,0.004534920289800388,0
32_143,32,short_2link,large_6link,raw_joint,0,0.3188976166373775,0.15906680383086186,0,0,0,0,0.0,0
32_143,32,short_2link,large_6link,normalized_copy,0,0.18971029349418556,0.09166769323747345,0,0,1,0,0.0,0
32_143,32,short_2link,large_6link,link_scaled,0,0.1945714908277495,0.09671394745517885,0,0,1,0,0.0,0
32_143,32,short_2link,large_6link,static_home,0,0.25221753747698306,0.12951063868416499,0,0,0,0,0.17534228507720706,0
32_143,32,short_2link,large_6link,target_ik,0,0.0006384221875132594,0.00032258061887421104,1,1,1,0,1.4078497774167418e-06,0
32_143,32,short_2link,large_6link,ejar_absolute,0,0.0007307728572218639,0.00036082924492342633,1,1,1,0,0.00046225230059012757,0
32_143,32,short_2link,large_6link,ejar_residual_fallback,0,0.0007307728572218639,0.00036082924492342633,1,1,1,0,0.00046225230059012757,0
32_144,32,long_2link,long_4link,raw_joint,0,1.0042230828575414,0.5076360503151063,0,0,0,0,0.0,0
32_144,32,long_2link,long_4link,normalized_copy,0,0.9308181871861102,0.46995498276751757,0,0,0,0,0.0,0
32_144,32,long_2link,long_4link,link_scaled,0,0.9505848396034493,0.478883825727241,0,0,0,0,0.0,0
32_144,32,long_2link,long_4link,static_home,0,0.7773553474604028,0.3966751489130037,0,0,0,0,0.5839218634493578,0
32_144,32,long_2link,long_4link,target_ik,0,0.22601684020522586,0.05266529145256059,0,0,0,20,0.20871789795210696,0
32_144,32,long_2link,long_4link,ejar_absolute,0,0.22517217861902458,0.054926745175632216,0,0,0,17,0.20996846428046598,0
32_144,32,long_2link,long_4link,ejar_residual_fallback,0,0.22517217861902458,0.054926745175632216,0,0,0,17,0.20996846428046598,0
32_145,32,wide_2link,wide_2link,raw_joint,0,0.3285092958885403,0.17414186246394692,0,0,0,0,0.0,0
32_145,32,wide_2link,wide_2link,normalized_copy,0,0.3285092958885403,0.17414186246394692,0,0,0,0,0.0,0
32_145,32,wide_2link,wide_2link,link_scaled,0,0.3285092958885403,0.17414186246394692,0,0,0,0,0.0,0
32_145,32,wide_2link,wide_2link,static_home,0,0.3848519461400705,0.24129713527410068,0,0,0,0,0.32033319054131615,0
32_145,32,wide_2link,wide_2link,target_ik,0,0.1507363118954107,0.05170899462824553,0,0,1,18,0.11935306667042396,0
32_145,32,wide_2link,wide_2link,ejar_absolute,0,0.14458367849608356,0.05035191065106668,0,0,1,5,0.12276117101778002,0
32_145,32,wide_2link,wide_2link,ejar_residual_fallback,0,0.14458367849608356,0.05035191065106668,0,0,1,5,0.12276117101778002,0
32_146,32,asym_3link,snake_6link,raw_joint,0,0.10157382346827545,0.05539493474392921,0,0,1,0,0.0,0
32_146,32,asym_3link,snake_6link,normalized_copy,0,0.0841061628784794,0.04607164730321382,0,1,1,0,0.0,0
32_146,32,asym_3link,snake_6link,link_scaled,0,0.08715842626962916,0.047403203700835894,0,1,1,0,0.0,0
32_146,32,asym_3link,snake_6link,static_home,0,0.08862216779865814,0.046998289147866704,0,1,1,0,0.07815165693926975,0
32_146,32,asym_3link,snake_6link,target_ik,0,0.0008059641281656409,0.00041237942164523906,1,1,1,0,1.6293749242600546e-05,0
32_146,32,asym_3link,snake_6link,ejar_absolute,0,0.003718616122282923,0.0021646934541556884,1,1,1,0,0.004316258265323254,0
32_146,32,asym_3link,snake_6link,ejar_residual_fallback,0,0.003718616122282923,0.0021646934541556884,1,1,1,0,0.004316258265323254,0
32_147,32,heavy_3link,redundant_4link,raw_joint,0,0.26376082660881744,0.22385859105861955,0,0,0,30,0.0,0
32_147,32,heavy_3link,redundant_4link,normalized_copy,0,0.15446489009737427,0.11553767334562334,0,0,1,0,0.0,0
32_147,32,heavy_3link,redundant_4link,link_scaled,0,0.1563462881750249,0.1175712997853359,0,0,1,31,0.0,0
32_147,32,heavy_3link,redundant_4link,static_home,0,0.12056759228118598,0.09515685634564047,0,0,1,0,0.06224048741532354,0
32_147,32,heavy_3link,redundant_4link,target_ik,0,0.0011206373762667758,0.0010008672370038195,1,1,1,0,1.2260326043380416e-05,0
32_147,32,heavy_3link,redundant_4link,ejar_absolute,0,0.0012668016900635158,0.0009752287870319991,1,1,1,0,0.002034818484992461,0
32_147,32,heavy_3link,redundant_4link,ejar_residual_fallback,0,0.0012668016900635158,0.0009752287870319991,1,1,1,0,0.002034818484992461,0
32_148,32,teacher_2link,long_2link,raw_joint,0,0.23148546116167895,0.1287054004341346,0,0,0,0,0.0,0
32_148,32,teacher_2link,long_2link,normalized_copy,0,0.20011857435574257,0.10921759252404137,0,0,0,0,0.0,0
32_148,32,teacher_2link,long_2link,link_scaled,0,0.17592400531553015,0.09466836433812274,0,0,1,0,0.0,0
32_148,32,teacher_2link,long_2link,static_home,0,0.10339424275884157,0.05297296057363451,0,0,1,0,0.0521592872976305,0
32_148,32,teacher_2link,long_2link,target_ik,0,0.00025140053483930434,0.00013426668725213863,1,1,1,0,4.016097360094849e-06,0
32_148,32,teacher_2link,long_2link,ejar_absolute,0,0.001030205443442532,0.0005531679807206943,1,1,1,0,0.0012740912011871561,0
32_148,32,teacher_2link,long_2link,ejar_residual_fallback,0,0.001030205443442532,0.0005531679807206943,1,1,1,0,0.0012740912011871561,0
32_149,32,short_2link,needle_5link,raw_joint,0,0.21794369873430802,0.14529435746621788,0,0,0,2,0.0,0
32_149,32,short_2link,needle_5link,normalized_copy,0,0.17019426831863008,0.12411658130280157,0,0,1,0,0.0,0
32_149,32,short_2link,needle_5link,link_scaled,0,0.14255969520107425,0.09496273140734668,0,0,1,0,0.0,0
32_149,32,short_2link,needle_5link,static_home,0,0.15671445239497692,0.09068439367478973,0,0,1,0,0.020269547744781017,0
32_149,32,short_2link,needle_5link,target_ik,0,0.00038518585575669496,0.0002345879229705537,1,1,1,0,4.854411218584816e-06,0
32_149,32,short_2link,needle_5link,ejar_absolute,0,0.0017758726689369887,0.0009948561383979872,1,1,1,0,0.0014238786440646158,0
32_149,32,short_2link,needle_5link,ejar_residual_fallback,0,0.0017758726689369887,0.0009948561383979872,1,1,1,0,0.0014238786440646158,0
32_150,32,long_2link,heavy_3link,raw_joint,0,0.3808398680236942,0.1963476433008256,0,0,0,0,0.0,0
32_150,32,long_2link,heavy_3link,normalized_copy,0,0.4061189805298642,0.21467815612945296,0,0,0,0,0.0,0
32_150,32,long_2link,heavy_3link,link_scaled,0,0.4085974299440569,0.21611042782838652,0,0,0,0,0.0,0
32_150,32,long_2link,heavy_3link,static_home,0,0.2888920448626475,0.14869628838705026,0,0,0,0,0.27452967238890447,0
32_150,32,long_2link,heavy_3link,target_ik,0,0.0015519774446270495,0.0008927948732128116,1,1,1,0,1.2173504529493652e-05,0
32_150,32,long_2link,heavy_3link,ejar_absolute,0,0.0023381746813943656,0.0013177842835192044,1,1,1,0,0.0035496801654501704,0
32_150,32,long_2link,heavy_3link,ejar_residual_fallback,0,0.0023381746813943656,0.0013177842835192044,1,1,1,0,0.0035496801654501704,0
32_151,32,wide_2link,short_2link,raw_joint,0,0.14289910113628265,0.07973089300303396,0,0,1,0,0.0,0
32_151,32,wide_2link,short_2link,normalized_copy,0,0.08668132328063492,0.041140557764096405,0,1,1,0,0.0,0
32_151,32,wide_2link,short_2link,link_scaled,0,0.07708011819002296,0.03363687509264001,0,1,1,0,0.0,0
32_151,32,wide_2link,short_2link,static_home,0,0.16301909763106961,0.08433961077656585,0,0,1,0,0.08967652553565718,0
32_151,32,wide_2link,short_2link,target_ik,0,0.0014248394270406021,0.0008872677495583142,1,1,1,0,3.139883769939615e-05,0
32_151,32,wide_2link,short_2link,ejar_absolute,0,0.004521783157504224,0.0027578457963916723,1,1,1,0,0.005851239024837587,0
32_151,32,wide_2link,short_2link,ejar_residual_fallback,0,0.004521783157504224,0.0027578457963916723,1,1,1,0,0.005851239024837587,0
32_152,32,asym_3link,soft_5link,raw_joint,0,0.5112391700694153,0.26597410989621273,0,0,0,0,0.0,0
32_152,32,asym_3link,soft_5link,normalized_copy,0,0.4928343375081247,0.2550994650504217,0,0,0,0,0.0,0
32_152,32,asym_3link,soft_5link,link_scaled,0,0.5052821603186948,0.261695531690848,0,0,0,0,0.0,0
32_152,32,asym_3link,soft_5link,static_home,0,0.21180625210592668,0.10786936093861016,0,0,0,0,0.18695968805250843,0
32_152,32,asym_3link,soft_5link,target_ik,0,0.0009903696895041869,0.0005270754707198495,1,1,1,0,8.102165546956714e-06,0
32_152,32,asym_3link,soft_5link,ejar_absolute,0,0.002235562256742366,0.0011418199670896972,1,1,1,0,0.0014787477985055513,0
32_152,32,asym_3link,soft_5link,ejar_residual_fallback,0,0.002235562256742366,0.0011418199670896972,1,1,1,0,0.0014787477985055513,0
32_153,32,heavy_3link,asym_3link,raw_joint,1,0.2419010207770528,0.12241925471085079,0,0,0,0,0.0,0
32_153,32,heavy_3link,asym_3link,normalized_copy,1,0.26889365791997677,0.13516966019834853,0,0,0,0,0.0,0
32_153,32,heavy_3link,asym_3link,link_scaled,1,0.32410615410022464,0.161454027065492,0,0,0,0,0.0,0
32_153,32,heavy_3link,asym_3link,static_home,1,0.21318639404993583,0.10961930364004097,0,0,0,0,0.21657226113646363,0
32_153,32,heavy_3link,asym_3link,target_ik,1,0.21555611638871103,0.11047457895459384,0,0,0,32,0.1402806928660533,0
32_153,32,heavy_3link,asym_3link,ejar_absolute,1,0.21220871565890048,0.10849501650146656,0,0,0,0,0.21102684996634827,0
32_153,32,heavy_3link,asym_3link,ejar_residual_fallback,1,0.21220871565890048,0.10849501650146656,0,0,0,0,0.21102684996634827,0
32_154,32,teacher_2link,large_6link,raw_joint,0,0.894458093075704,0.4837242366155884,0,0,0,0,0.0,0
32_154,32,teacher_2link,large_6link,normalized_copy,0,0.7761801571649987,0.4165399371765073,0,0,0,0,0.0,0
32_154,32,teacher_2link,large_6link,link_scaled,0,0.6754650726188378,0.35971765449938126,0,0,0,0,0.0,0
32_154,32,teacher_2link,large_6link,static_home,0,0.3782559496603262,0.1943267827226654,0,0,0,0,0.3575363451216617,0
32_154,32,teacher_2link,large_6link,target_ik,0,0.0014326276789785814,0.0007388716031425878,1,1,1,0,1.3688957264276814e-06,0
32_154,32,teacher_2link,large_6link,ejar_absolute,0,0.001862000929317789,0.0009456917007309553,1,1,1,0,0.0005959465481328562,0
32_154,32,teacher_2link,large_6link,ejar_residual_fallback,0,0.001862000929317789,0.0009456917007309553,1,1,1,0,0.0005959465481328562,0
32_155,32,short_2link,long_4link,raw_joint,0,0.5809799972857839,0.30433935519450106,0,0,0,0,0.0,0
32_155,32,short_2link,long_4link,normalized_copy,0,0.4516919546799786,0.2404526797748121,0,0,0,0,0.0,0
32_155,32,short_2link,long_4link,link_scaled,0,0.3318113150578151,0.17476545383784403,0,0,0,0,0.0,0
32_155,32,short_2link,long_4link,static_home,0,0.15076337929687106,0.07772321106057023,0,0,1,0,0.1890619732442283,0
32_155,32,short_2link,long_4link,target_ik,0,0.0006494985688402107,0.00034007927630978904,1,1,1,0,1.0697025750761604e-06,0
32_155,32,short_2link,long_4link,ejar_absolute,0,0.0007570074928153352,0.00039056122019455556,1,1,1,0,0.00030031454426030727,0
32_155,32,short_2link,long_4link,ejar_residual_fallback,0,0.0007570074928153352,0.00039056122019455556,1,1,1,0,0.00030031454426030727,0
32_156,32,long_2link,wide_2link,raw_joint,0,0.33209862058524153,0.16763184789273075,0,0,0,0,0.0,0
32_156,32,long_2link,wide_2link,normalized_copy,0,0.33420509603517595,0.17055112448505233,0,0,0,0,0.0,0
32_156,32,long_2link,wide_2link,link_scaled,0,0.40175142421791105,0.20338002142084904,0,0,0,0,0.0,0
32_156,32,long_2link,wide_2link,static_home,0,0.39381269229501054,0.19505987071160086,0,0,0,0,0.07427777099484972,0
32_156,32,long_2link,wide_2link,target_ik,0,0.35723553484909054,0.18011647730430705,0,0,0,32,0.31537807412521224,0
32_156,32,long_2link,wide_2link,ejar_absolute,0,0.31551046938916383,0.15653569485401203,0,0,0,28,0.26825574761756377,0
32_156,32,long_2link,wide_2link,ejar_residual_fallback,0,0.31551046938916383,0.15653569485401203,0,0,0,28,0.26825574761756377,0
32_157,32,wide_2link,snake_6link,raw_joint,0,0.28610422524139306,0.2005606093443968,0,0,0,0,0.0,0
32_157,32,wide_2link,snake_6link,normalized_copy,0,0.21150454162974858,0.12240922246685418,0,0,0,0,0.0,0
32_157,32,wide_2link,snake_6link,link_scaled,0,0.20071331217487828,0.11547512314955309,0,0,0,0,0.0,0
32_157,32,wide_2link,snake_6link,static_home,0,0.13216091069542135,0.06758431901601072,0,0,1,0,0.05202258265112193,0
32_157,32,wide_2link,snake_6link,target_ik,0,0.000575633234018739,0.00033255766844594045,1,1,1,0,1.2260345217823208e-05,0
32_157,32,wide_2link,snake_6link,ejar_absolute,0,0.002247721173720118,0.0012568411192759757,1,1,1,0,0.0028126045279301395,0
32_157,32,wide_2link,snake_6link,ejar_residual_fallback,0,0.002247721173720118,0.0012568411192759757,1,1,1,0,0.0028126045279301395,0
32_158,32,asym_3link,redundant_4link,raw_joint,0,0.3455008405857969,0.17022818699352088,0,0,0,0,0.0,0
32_158,32,asym_3link,redundant_4link,normalized_copy,0,0.2967100793497763,0.14793692518896312,0,0,0,0,0.0,0
32_158,32,asym_3link,redundant_4link,link_scaled,0,0.2926462603972513,0.14611870389878256,0,0,0,0,0.0,0
32_158,32,asym_3link,redundant_4link,static_home,0,0.2705003824734854,0.1376361845773906,0,0,0,0,0.10619648141728578,0
32_158,32,asym_3link,redundant_4link,target_ik,0,0.0008649318734078377,0.00037760823967629436,1,1,1,0,1.1933789837210308e-05,0
32_158,32,asym_3link,redundant_4link,ejar_absolute,0,0.002812928351450732,0.0013083526023005558,1,1,1,0,0.0020348831333348873,0
32_158,32,asym_3link,redundant_4link,ejar_residual_fallback,0,0.002812928351450732,0.0013083526023005558,1,1,1,0,0.0020348831333348873,0
32_159,32,heavy_3link,long_2link,raw_joint,0,0.1643995114723249,0.08859881658998617,0,0,1,0,0.0,0
32_159,32,heavy_3link,long_2link,normalized_copy,0,0.20874503137295902,0.11806147073952993,0,0,0,0,0.0,0
32_159,32,heavy_3link,long_2link,link_scaled,0,0.20547462720576043,0.1161429627221192,0,0,0,0,0.0,0
32_159,32,heavy_3link,long_2link,static_home,0,0.1347248235978974,0.07016875268377318,0,0,1,0,0.18648536485989936,0
32_159,32,heavy_3link,long_2link,target_ik,0,0.0014223223821286577,0.0008187194820633238,1,1,1,0,8.82060111897676e-06,0
32_159,32,heavy_3link,long_2link,ejar_absolute,0,0.0016721727366938294,0.001025785347113864,1,1,1,0,0.0028520736010154597,0
32_159,32,heavy_3link,long_2link,ejar_residual_fallback,0,0.0016721727366938294,0.001025785347113864,1,1,1,0,0.0028520736010154597,0
32_160,32,teacher_2link,needle_5link,raw_joint,0,0.14618353558800734,0.07822690739793012,0,0,1,0,0.0,0
32_160,32,teacher_2link,needle_5link,normalized_copy,0,0.03390031980201557,0.02855765253879288,1,1,1,0,0.0,0
32_160,32,teacher_2link,needle_5link,link_scaled,0,0.043675515153996,0.032614598825905276,1,1,1,0,0.0,0
32_160,32,teacher_2link,needle_5link,static_home,0,0.13779000020315788,0.07047929030305974,0,0,1,0,0.1515986083567801,0
32_160,32,teacher_2link,needle_5link,target_ik,0,0.0006469649773990397,0.0003216342184063299,1,1,1,0,3.0920439769829725e-06,0
32_160,32,teacher_2link,needle_5link,ejar_absolute,0,0.0010411742982008123,0.0005047912442941295,1,1,1,0,0.0006927647818644208,0
32_160,32,teacher_2link,needle_5link,ejar_residual_fallback,0,0.0010411742982008123,0.0005047912442941295,1,1,1,0,0.0006927647818644208,0
32_161,32,short_2link,heavy_3link,raw_joint,0,0.7253420707009687,0.26823742627981095,0,0,0,5,0.0,0
32_161,32,short_2link,heavy_3link,normalized_copy,0,0.6617903832460398,0.2489076092574234,0,0,0,0,0.0,0
32_161,32,short_2link,heavy_3link,link_scaled,0,0.3224934696212593,0.14102213344858766,0,0,0,0,0.0,0
32_161,32,short_2link,heavy_3link,static_home,0,0.24069523100471116,0.12599065780429908,0,0,0,0,0.26532684147974167,0
32_161,32,short_2link,heavy_3link,target_ik,0,0.06817840274793982,0.013427940514838197,0,1,1,10,0.053708465031942626,0
32_161,32,short_2link,heavy_3link,ejar_absolute,0,0.05559230832230869,0.012542678109611691,0,1,1,0,0.04951164174410289,0
32_161,32,short_2link,heavy_3link,ejar_residual_fallback,0,0.05559230832230869,0.012542678109611691,0,1,1,0,0.04951164174410289,0
32_162,32,long_2link,short_2link,raw_joint,0,0.10992010236170287,0.09569830290619613,0,0,1,0,0.0,0
32_162,32,long_2link,short_2link,normalized_copy,0,0.14564659626170784,0.13198339650999394,0,0,1,0,0.0,0
32_162,32,long_2link,short_2link,link_scaled,0,0.13674593542292887,0.12632329411836346,0,0,1,28,0.0,0
32_162,32,long_2link,short_2link,static_home,0,0.047786288733700825,0.043165649711189316,1,1,1,0,0.05806121692182947,0
32_162,32,long_2link,short_2link,target_ik,0,0.052170956624459565,0.0476061383832973,0,1,1,9,0.04876525383228679,0
32_162,32,long_2link,short_2link,ejar_absolute,0,0.037659812552943706,0.033842198546644345,1,1,1,3,0.05004200641047023,0
32_162,32,long_2link,short_2link,ejar_residual_fallback,0,0.037659812552943706,0.033842198546644345,1,1,1,3,0.05004200641047023,0
32_163,32,wide_2link,soft_5link,raw_joint,0,0.30700765299745447,0.18878249301532268,0,0,0,0,0.0,0
32_163,32,wide_2link,soft_5link,normalized_copy,0,0.24903204683164137,0.1260311879433476,0,0,0,0,0.0,0
32_163,32,wide_2link,soft_5link,link_scaled,0,0.26493434428577106,0.1341024511346131,0,0,0,0,0.0,0
32_163,32,wide_2link,soft_5link,static_home,0,0.4106293907103228,0.21184321366363534,0,0,0,0,0.4116757804592798,0
32_163,32,wide_2link,soft_5link,target_ik,0,0.00444970496640912,0.0027631278979487607,1,1,1,0,3.956444501534061e-05,0
32_163,32,wide_2link,soft_5link,ejar_absolute,0,0.0034086838831278226,0.001984200272304382,1,1,1,0,0.006959545940516122,0
32_163,32,wide_2link,soft_5link,ejar_residual_fallback,0,0.0034086838831278226,0.001984200272304382,1,1,1,0,0.006959545940516122,0
32_164,32,asym_3link,asym_3link,raw_joint,0,0.4858699331575311,0.24901071726854923,0,0,0,0,0.0,0
32_164,32,asym_3link,asym_3link,normalized_copy,0,0.4858699331575311,0.24901071726854923,0,0,0,0,0.0,0
32_164,32,asym_3link,asym_3link,link_scaled,0,0.4858699331575311,0.24901071726854923,0,0,0,0,0.0,0
32_164,32,asym_3link,asym_3link,static_home,0,0.09727515059627882,0.048346939652946175,0,1,1,0,0.17091860852934682,0
32_164,32,asym_3link,asym_3link,target_ik,0,0.0019045824481367906,0.0008606642385504564,1,1,1,0,1.8566613717691946e-05,0
32_164,32,asym_3link,asym_3link,ejar_absolute,0,0.003784345532250631,0.001562312888387127,1,1,1,0,0.0021142559021791285,0
32_164,32,asym_3link,asym_3link,ejar_residual_fallback,0,0.003784345532250631,0.001562312888387127,1,1,1,0,0.0021142559021791285,0
32_165,32,heavy_3link,large_6link,raw_joint,0,1.0245399471438428,0.580295325333114,0,0,0,0,0.0,0
32_165,32,heavy_3link,large_6link,normalized_copy,0,0.5457820576233497,0.29620126460891094,0,0,0,0,0.0,0
32_165,32,heavy_3link,large_6link,link_scaled,0,0.550096731166667,0.2985688765682153,0,0,0,0,0.0,0
32_165,32,heavy_3link,large_6link,static_home,0,0.9069658012966396,0.46526078680309924,0,0,0,0,0.13161372371361924,0
32_165,32,heavy_3link,large_6link,target_ik,0,0.004002377887005155,0.002044822802279996,1,1,1,0,1.7432561048233977e-06,0
32_165,32,heavy_3link,large_6link,ejar_absolute,0,0.004426994822462233,0.0021870545898812124,1,1,1,0,0.0006916556214698926,0
32_165,32,heavy_3link,large_6link,ejar_residual_fallback,0,0.004426994822462233,0.0021870545898812124,1,1,1,0,0.0006916556214698926,0
32_166,32,teacher_2link,long_4link,raw_joint,0,0.087693753915573,0.04762405665988078,0,1,1,20,0.0,0
32_166,32,teacher_2link,long_4link,normalized_copy,0,0.1269535414112629,0.0831301263317073,0,0,1,0,0.0,0
32_166,32,teacher_2link,long_4link,link_scaled,0,0.148438988427233,0.09588820040715294,0,0,1,0,0.0,0
32_166,32,teacher_2link,long_4link,static_home,0,0.1790366105333532,0.11222923111694388,0,0,1,0,0.20321175846812234,0
32_166,32,teacher_2link,long_4link,target_ik,0,0.0006980806664989628,0.00048760390958359494,1,1,1,0,2.5177618160089674e-06,0
32_166,32,teacher_2link,long_4link,ejar_absolute,0,0.0012865723474124989,0.0008234048345540836,1,1,1,0,0.0008046077348635195,0
32_166,32,teacher_2link,long_4link,ejar_residual_fallback,0,0.0012865723474124989,0.0008234048345540836,1,1,1,0,0.0008046077348635195,0
32_167,32,short_2link,wide_2link,raw_joint,0,0.2164595743911155,0.19390231910263764,0,0,0,0,0.0,0
32_167,32,short_2link,wide_2link,normalized_copy,0,0.25413941600544826,0.2201636908127961,0,0,0,0,0.0,0
32_167,32,short_2link,wide_2link,link_scaled,0,0.18376942127557302,0.16121486809370006,0,0,1,0,0.0,0
32_167,32,short_2link,wide_2link,static_home,0,0.07896225835290321,0.06396339255073138,0,1,1,0,0.09592510280720028,0
32_167,32,short_2link,wide_2link,target_ik,0,0.0016918964722782745,0.0014487693556564504,1,1,1,0,3.916935803036106e-05,0
32_167,32,short_2link,wide_2link,ejar_absolute,0,0.0032335581373229266,0.003102465263005199,1,1,1,0,0.003150656651580377,0
32_167,32,short_2link,wide_2link,ejar_residual_fallback,0,0.0032335581373229266,0.003102465263005199,1,1,1,0,0.003150656651580377,0
32_168,32,long_2link,snake_6link,raw_joint,0,0.5542132868120866,0.2374929615178043,0,0,0,0,0.0,0
32_168,32,long_2link,snake_6link,normalized_copy,0,0.6819225791775128,0.2871947923192235,0,0,0,0,0.0,0
32_168,32,long_2link,snake_6link,link_scaled,0,0.9025918359275286,0.395354312761622,0,0,0,5,0.0,0
32_168,32,long_2link,snake_6link,static_home,0,0.25662049024889516,0.13356797553678723,0,0,0,0,0.174883241880177,0
32_168,32,long_2link,snake_6link,target_ik,0,0.0012855488754803732,0.000653942618526543,1,1,1,0,7.854228311753802e-06,0
32_168,32,long_2link,snake_6link,ejar_absolute,0,0.0019171815703155947,0.000996530212178554,1,1,1,0,0.0016390568172598293,0
32_168,32,long_2link,snake_6link,ejar_residual_fallback,0,0.0019171815703155947,0.000996530212178554,1,1,1,0,0.0016390568172598293,0
32_169,32,wide_2link,redundant_4link,raw_joint,0,0.14259220872193196,0.1007886349364083,0,0,1,32,0.0,0
32_169,32,wide_2link,redundant_4link,normalized_copy,0,0.14913901163210458,0.10592181554567442,0,0,1,0,0.0,0
32_169,32,wide_2link,redundant_4link,link_scaled,0,0.13145040771241498,0.092373099377417,0,0,1,0,0.0,0
32_169,32,wide_2link,redundant_4link,static_home,0,0.0629730321156969,0.034647635845273764,0,1,1,0,0.01421636874628487,0
32_169,32,wide_2link,redundant_4link,target_ik,0,0.00010602102312853273,6.865483036497242e-05,1,1,1,0,2.264844502029927e-06,0
32_169,32,wide_2link,redundant_4link,ejar_absolute,0,0.0004993094719905507,0.00028270808465270564,1,1,1,0,0.00048014281196943616,0
32_169,32,wide_2link,redundant_4link,ejar_residual_fallback,0,0.0004993094719905507,0.00028270808465270564,1,1,1,0,0.00048014281196943616,0
32_170,32,asym_3link,long_2link,raw_joint,1,0.35510497355925996,0.1877357896344216,0,0,0,0,0.0,0
32_170,32,asym_3link,long_2link,normalized_copy,1,0.38506154682711874,0.20174337181026078,0,0,0,0,0.0,0
32_170,32,asym_3link,long_2link,link_scaled,1,0.28173380400274695,0.14761586685486197,0,0,0,0,0.0,0
32_170,32,asym_3link,long_2link,static_home,1,0.19195234375628292,0.0993665471523727,0,0,1,0,0.19246944396835125,0
32_170,32,asym_3link,long_2link,target_ik,1,0.010082707225942686,0.01055853073770294,1,1,1,4,0.015430020740777558,0
32_170,32,asym_3link,long_2link,ejar_absolute,1,0.036798581674527014,0.03218728739478713,1,1,1,0,0.042632132419370944,0
32_170,32,asym_3link,long_2link,ejar_residual_fallback,1,0.036798581674527014,0.03218728739478713,1,1,1,0,0.042632132419370944,0
32_171,32,heavy_3link,needle_5link,raw_joint,0,0.5804767121053068,0.3089233216193723,0,0,0,1,0.0,0
32_171,32,heavy_3link,needle_5link,normalized_copy,0,0.5336944873869063,0.2822665946967229,0,0,0,0,0.0,0
32_171,32,heavy_3link,needle_5link,link_scaled,0,0.5634915503966061,0.29729715342296104,0,0,0,1,0.0,0
32_171,32,heavy_3link,needle_5link,static_home,0,0.571229603172849,0.31328814436061153,0,0,0,0,0.12077357970340322,0
32_171,32,heavy_3link,needle_5link,target_ik,0,0.009320107270580946,0.005821480548153294,1,1,1,0,3.4706477901676324e-05,0
32_171,32,heavy_3link,needle_5link,ejar_absolute,0,0.011740517019136271,0.005463242568244136,1,1,1,0,0.006806250371347256,0
32_171,32,heavy_3link,needle_5link,ejar_residual_fallback,0,0.011740517019136271,0.005463242568244136,1,1,1,0,0.006806250371347256,0
32_172,32,teacher_2link,heavy_3link,raw_joint,0,0.07917492782740666,0.05528756469259931,0,1,1,0,0.0,0
32_172,32,teacher_2link,heavy_3link,normalized_copy,0,0.1852444179831356,0.10279354631462054,0,0,1,0,0.0,0
32_172,32,teacher_2link,heavy_3link,link_scaled,0,0.16118236605492475,0.08672154047247933,0,0,1,0,0.0,0
32_172,32,teacher_2link,heavy_3link,static_home,0,0.037373863103736554,0.021191842809485956,1,1,1,0,0.040323218721334694,0
32_172,32,teacher_2link,heavy_3link,target_ik,0,0.00011967099586469953,6.475133802996026e-05,1,1,1,0,3.306300859420803e-06,0
32_172,32,teacher_2link,heavy_3link,ejar_absolute,0,0.0009671749329573324,0.0005463177756431282,1,1,1,0,0.0008627255057204428,0
32_172,32,teacher_2link,heavy_3link,ejar_residual_fallback,0,0.0009671749329573324,0.0005463177756431282,1,1,1,0,0.0008627255057204428,0
32_173,32,short_2link,short_2link,raw_joint,0,0.37178468961405914,0.18527552037532208,0,0,0,0,0.0,0
32_173,32,short_2link,short_2link,normalized_copy,0,0.37178468961405914,0.18527552037532208,0,0,0,0,0.0,0
32_173,32,short_2link,short_2link,link_scaled,0,0.37178468961405914,0.18527552037532208,0,0,0,0,0.0,0
32_173,32,short_2link,short_2link,static_home,0,0.11851406100627729,0.06156467206033695,0,0,1,0,0.1998498226999908,0
32_173,32,short_2link,short_2link,target_ik,0,0.002472813431166538,0.0007599619137137702,1,1,1,0,4.9108738382705285e-05,0
32_173,32,short_2link,short_2link,ejar_absolute,0,0.007459934531805721,0.00186752073635443,1,1,1,0,0.007186786727731053,0
32_173,32,short_2link,short_2link,ejar_residual_fallback,0,0.007459934531805721,0.00186752073635443,1,1,1,0,0.007186786727731053,0
32_174,32,long_2link,soft_5link,raw_joint,0,0.10264156802537563,0.12411913515139866,0,0,1,0,0.0,0
32_174,32,long_2link,soft_5link,normalized_copy,0,0.1756790373778327,0.20277597645929726,0,0,1,0,0.0,0
32_174,32,long_2link,soft_5link,link_scaled,0,0.17700724182240912,0.20233700573755925,0,0,1,20,0.0,0
32_174,32,long_2link,soft_5link,static_home,0,0.06225303923841284,0.04313794957631968,0,1,1,0,0.026631957123476522,0
32_174,32,long_2link,soft_5link,target_ik,0,0.00011437912975862981,0.00010528035586714106,1,1,1,0,7.136629361751774e-07,0
32_174,32,long_2link,soft_5link,ejar_absolute,0,0.00011333021019665075,9.63967983443945e-05,1,1,1,0,0.00013567673561598137,0
32_174,32,long_2link,soft_5link,ejar_residual_fallback,0,0.00011333021019665075,9.63967983443945e-05,1,1,1,0,0.00013567673561598137,0
32_175,32,wide_2link,asym_3link,raw_joint,0,0.22765051012548984,0.11870499281808086,0,0,0,0,0.0,0
32_175,32,wide_2link,asym_3link,normalized_copy,0,0.22551634052061825,0.11103051315058175,0,0,0,0,0.0,0
32_175,32,wide_2link,asym_3link,link_scaled,0,0.21308901692077653,0.10612910505534101,0,0,0,0,0.0,0
32_175,32,wide_2link,asym_3link,static_home,0,0.19536115652346217,0.09765405438652215,0,0,1,0,0.08810098291322128,0
32_175,32,wide_2link,asym_3link,target_ik,0,0.13792087660438856,0.04709328194501691,0,0,1,21,0.09913940022258377,0
32_175,32,wide_2link,asym_3link,ejar_absolute,0,0.12391097529974764,0.042706795707722414,0,0,1,0,0.11897709993862705,0
32_175,32,wide_2link,asym_3link,ejar_residual_fallback,0,0.12391097529974764,0.042706795707722414,0,0,1,0,0.11897709993862705,0
32_176,32,asym_3link,large_6link,raw_joint,0,0.045980477279032005,0.02378423803614179,1,1,1,0,0.0,0
32_176,32,asym_3link,large_6link,normalized_copy,0,0.042770745621731096,0.022077005687055597,1,1,1,0,0.0,0
32_176,32,asym_3link,large_6link,link_scaled,0,0.0448899176645156,0.023106435881109375,1,1,1,0,0.0,0
32_176,32,asym_3link,large_6link,static_home,0,0.07510819419630387,0.0384853469617843,0,1,1,0,0.03840937057884903,0
32_176,32,asym_3link,large_6link,target_ik,0,3.8484920153211715e-05,1.9671360881884216e-05,1,1,1,0,1.107881758348605e-06,0
32_176,32,asym_3link,large_6link,ejar_absolute,0,0.00032348912346600185,0.00016974277165701193,1,1,1,0,0.0003635970165989196,0
32_176,32,asym_3link,large_6link,ejar_residual_fallback,0,0.00032348912346600185,0.00016974277165701193,1,1,1,0,0.0003635970165989196,0
32_177,32,heavy_3link,long_4link,raw_joint,0,0.47159790788601136,0.2259785754021244,0,0,0,0,0.0,0
32_177,32,heavy_3link,long_4link,normalized_copy,0,0.37486696426808724,0.1803103237947963,0,0,0,0,0.0,0
32_177,32,heavy_3link,long_4link,link_scaled,0,0.38228112682070176,0.18353300881312704,0,0,0,0,0.0,0
32_177,32,heavy_3link,long_4link,static_home,0,0.25948920897067174,0.13194875788415497,0,0,0,0,0.12536100728752375,0
32_177,32,heavy_3link,long_4link,target_ik,0,0.004355785711023525,0.001422119682732952,1,1,1,0,6.137775245098113e-05,0
32_177,32,heavy_3link,long_4link,ejar_absolute,0,0.01068160555442384,0.003434731419308679,1,1,1,0,0.007647545912649971,0
32_177,32,heavy_3link,long_4link,ejar_residual_fallback,0,0.01068160555442384,0.003434731419308679,1,1,1,0,0.007647545912649971,0
32_178,32,teacher_2link,wide_2link,raw_joint,0,0.07183882911867212,0.08107199628755393,0,1,1,0,0.0,0
32_178,32,teacher_2link,wide_2link,normalized_copy,0,0.13971200881665738,0.11011203956462817,0,0,1,0,0.0,0
32_178,32,teacher_2link,wide_2link,link_scaled,0,0.13891400665502376,0.10946215532645341,0,0,1,30,0.0,0
32_178,32,teacher_2link,wide_2link,static_home,0,0.1347380464239615,0.0902025175969671,0,0,1,0,0.16531182889399998,0
32_178,32,teacher_2link,wide_2link,target_ik,0,0.0008622184089301171,0.0007047057893107163,1,1,1,0,1.1593110901250352e-05,0
32_178,32,teacher_2link,wide_2link,ejar_absolute,0,0.0012088968549667264,0.0010471223970285022,1,1,1,0,0.0010434168593884713,0
32_178,32,teacher_2link,wide_2link,ejar_residual_fallback,0,0.0012088968549667264,0.0010471223970285022,1,1,1,0,0.0010434168593884713,0
32_179,32,short_2link,snake_6link,raw_joint,0,0.7923873289908941,0.4602868210320254,0,0,0,0,0.0,0
32_179,32,short_2link,snake_6link,normalized_copy,0,0.8813904941981723,0.5201982472346853,0,0,0,0,0.0,0
32_179,32,short_2link,snake_6link,link_scaled,0,0.6774640136212474,0.3926695940048251,0,0,0,0,0.0,0
32_179,32,short_2link,snake_6link,static_home,0,0.12377784902939609,0.06446110789441539,0,0,1,0,0.03297654669023693,0
32_179,32,short_2link,snake_6link,target_ik,0,0.0013255359107069388,0.0006411514623967892,1,1,1,0,6.935539755620468e-06,0
32_179,32,short_2link,snake_6link,ejar_absolute,0,0.000851258780230944,0.0004708542442074977,1,1,1,0,0.001341738607342708,0
32_179,32,short_2link,snake_6link,ejar_residual_fallback,0,0.000851258780230944,0.0004708542442074977,1,1,1,0,0.001341738607342708,0
64_0,64,asym_3link,snake_6link,raw_joint,1,0.17264667059257766,0.14565969425310937,0,0,1,0,0.0,0
64_0,64,asym_3link,snake_6link,normalized_copy,1,0.4197347619136626,0.26330666875348263,0,0,0,0,0.0,0
64_0,64,asym_3link,snake_6link,link_scaled,1,0.467510819031574,0.2893635558808911,0,0,0,0,0.0,0
64_0,64,asym_3link,snake_6link,static_home,1,0.14899302301913142,0.09263405201577715,0,0,1,0,0.28114160304330243,0
64_0,64,asym_3link,snake_6link,target_ik,1,0.0065943361041404976,0.005260790832235977,1,1,1,0,4.189842552942819e-05,0
64_0,64,asym_3link,snake_6link,ejar_absolute,1,0.0035397161859321443,0.003921012111437223,1,1,1,0,0.008533581832139427,0
64_0,64,asym_3link,snake_6link,ejar_residual_fallback,1,0.0035397161859321443,0.003921012111437223,1,1,1,0,0.008533581832139427,0
64_1,64,heavy_3link,redundant_4link,raw_joint,0,0.3686797414384193,0.1834438812860278,0,0,0,0,0.0,0
64_1,64,heavy_3link,redundant_4link,normalized_copy,0,0.4603732321903082,0.2303573357520736,0,0,0,0,0.0,0
64_1,64,heavy_3link,redundant_4link,link_scaled,0,0.5158920555282683,0.25852938445728096,0,0,0,0,0.0,0
64_1,64,heavy_3link,redundant_4link,static_home,0,0.4145035150378028,0.2105894717322387,0,0,0,0,0.25310290143376096,0
64_1,64,heavy_3link,redundant_4link,target_ik,0,0.0012902915681764523,0.0007601344638329587,1,1,1,0,3.356868169277098e-05,0
64_1,64,heavy_3link,redundant_4link,ejar_absolute,0,0.006935586764403549,0.004285643492695453,1,1,1,0,0.00798779223854024,0
64_1,64,heavy_3link,redundant_4link,ejar_residual_fallback,0,0.006935586764403549,0.004285643492695453,1,1,1,0,0.00798779223854024,0
64_2,64,teacher_2link,long_2link,raw_joint,0,0.2359698201491532,0.12146740154299854,0,0,0,0,0.0,0
64_2,64,teacher_2link,long_2link,normalized_copy,0,0.18189726121088473,0.09594184174447189,0,0,1,0,0.0,0
64_2,64,teacher_2link,long_2link,link_scaled,0,0.1656213539981305,0.08768349284847007,0,0,1,0,0.0,0
64_2,64,teacher_2link,long_2link,static_home,0,0.2171137468928963,0.10918622967505341,0,0,0,0,0.11411692391971492,0
64_2,64,teacher_2link,long_2link,target_ik,0,0.01179571813269744,0.0011345578165421538,1,1,1,3,0.005851030349152559,0
64_2,64,teacher_2link,long_2link,ejar_absolute,0,0.015315744323588806,0.004213682852244904,1,1,1,0,0.012975384201314277,0
64_2,64,teacher_2link,long_2link,ejar_residual_fallback,0,0.015315744323588806,0.004213682852244904,1,1,1,0,0.012975384201314277,0
64_3,64,short_2link,needle_5link,raw_joint,0,0.14570115783403123,0.07536192855583664,0,0,1,0,0.0,0
64_3,64,short_2link,needle_5link,normalized_copy,0,0.12377781022386733,0.06373130558673278,0,0,1,0,0.0,0
64_3,64,short_2link,needle_5link,link_scaled,0,0.10910498214394274,0.05507330668192065,0,0,1,0,0.0,0
64_3,64,short_2link,needle_5link,static_home,0,0.10961655616412472,0.05454329436700037,0,0,1,0,0.03047467254104167,0
64_3,64,short_2link,needle_5link,target_ik,0,0.00010224063042855918,4.699536336726124e-05,1,1,1,0,4.959250681331729e-06,0
64_3,64,short_2link,needle_5link,ejar_absolute,0,0.0014472813737804308,0.0006856192964710836,1,1,1,0,0.001376548650534092,0
64_3,64,short_2link,needle_5link,ejar_residual_fallback,0,0.0014472813737804308,0.0006856192964710836,1,1,1,0,0.001376548650534092,0
64_4,64,long_2link,heavy_3link,raw_joint,0,0.4404207905618215,0.2761853702105695,0,0,0,0,0.0,0
64_4,64,long_2link,heavy_3link,normalized_copy,0,0.4252032972170838,0.27607272387363846,0,0,0,0,0.0,0
64_4,64,long_2link,heavy_3link,link_scaled,0,0.42254365409682226,0.27622352781420084,0,0,0,4,0.0,0
64_4,64,long_2link,heavy_3link,static_home,0,0.4077539500856525,0.22196532023201218,0,0,0,0,0.2337480842557349,0
64_4,64,long_2link,heavy_3link,target_ik,0,0.0013317549225439445,0.000826473073021973,1,1,1,0,1.55409770621058e-05,0
64_4,64,long_2link,heavy_3link,ejar_absolute,0,0.005120902728518436,0.002473468747379016,1,1,1,0,0.0038202857732455415,0
64_4,64,long_2link,heavy_3link,ejar_residual_fallback,0,0.005120902728518436,0.002473468747379016,1,1,1,0,0.0038202857732455415,0
64_5,64,wide_2link,short_2link,raw_joint,0,0.27566121884306366,0.21030869514164247,0,0,0,29,0.0,0
64_5,64,wide_2link,short_2link,normalized_copy,0,0.21734666363316796,0.15664268539704201,0,0,0,0,0.0,0
64_5,64,wide_2link,short_2link,link_scaled,0,0.24804148416906094,0.1866223846561878,0,0,0,27,0.0,0
64_5,64,wide_2link,short_2link,static_home,0,0.1851215581937284,0.11152174438268163,0,0,1,0,0.12094939052174256,0
64_5,64,wide_2link,short_2link,target_ik,0,0.033910592478991225,0.00622586436770605,1,1,1,18,0.020056296893591615,0
64_5,64,wide_2link,short_2link,ejar_absolute,0,0.03340719440144126,0.010011822798209592,1,1,1,0,0.03150554798241282,0
64_5,64,wide_2link,short_2link,ejar_residual_fallback,0,0.03340719440144126,0.010011822798209592,1,1,1,0,0.03150554798241282,0
64_6,64,asym_3link,soft_5link,raw_joint,0,0.09981240405968068,0.04973137450984556,0,1,1,0,0.0,0
64_6,64,asym_3link,soft_5link,normalized_copy,0,0.11935720793636878,0.05965885280175595,0,0,1,0,0.0,0
64_6,64,asym_3link,soft_5link,link_scaled,0,0.12274151883601266,0.061357559860756195,0,0,1,0,0.0,0
64_6,64,asym_3link,soft_5link,static_home,0,0.10984730406733374,0.0554807205428018,0,0,1,0,0.11736102640936598,0
64_6,64,asym_3link,soft_5link,target_ik,0,0.0003457686224288699,0.00016599315819059172,1,1,1,0,9.737800662755566e-06,0
64_6,64,asym_3link,soft_5link,ejar_absolute,0,0.002187291187168153,0.0010017296582224915,1,1,1,0,0.0019330093635585007,0
64_6,64,asym_3link,soft_5link,ejar_residual_fallback,0,0.002187291187168153,0.0010017296582224915,1,1,1,0,0.0019330093635585007,0
64_7,64,heavy_3link,asym_3link,raw_joint,0,0.1517584538826299,0.08191372584556678,0,0,1,0,0.0,0
64_7,64,heavy_3link,asym_3link,normalized_copy,0,0.1631639110060976,0.0894124521740333,0,0,1,0,0.0,0
64_7,64,heavy_3link,asym_3link,link_scaled,0,0.15250727338315875,0.08876958707129806,0,0,1,0,0.0,0
64_7,64,heavy_3link,asym_3link,static_home,0,0.19651946892238273,0.09957881253229532,0,0,1,0,0.2132839924530366,0
64_7,64,heavy_3link,asym_3link,target_ik,0,0.0003338140165004563,0.00017008154037557218,1,1,1,0,8.9930575150602e-06,0
64_7,64,heavy_3link,asym_3link,ejar_absolute,0,0.0013897274820139256,0.0007548442579115371,1,1,1,0,0.0016349544793123748,0
64_7,64,heavy_3link,asym_3link,ejar_residual_fallback,0,0.0013897274820139256,0.0007548442579115371,1,1,1,0,0.0016349544793123748,0
64_8,64,teacher_2link,large_6link,raw_joint,0,0.20023667025501213,0.08266339053777247,0,0,0,0,0.0,0
64_8,64,teacher_2link,large_6link,normalized_copy,0,0.09350548523702476,0.04286364544683711,0,1,1,0,0.0,0
64_8,64,teacher_2link,large_6link,link_scaled,0,0.16830907017917143,0.06084148166753124,0,0,1,0,0.0,0
64_8,64,teacher_2link,large_6link,static_home,0,0.41840391894370643,0.2110856201552195,0,0,0,0,0.39587553420456184,0
64_8,64,teacher_2link,large_6link,target_ik,0,0.0007368122310865814,0.0003713388014967429,1,1,1,0,8.8782445746665e-06,0
64_8,64,teacher_2link,large_6link,ejar_absolute,0,0.0015632804107897779,0.000977312555539526,1,1,1,0,0.00213982162354582,0
64_8,64,teacher_2link,large_6link,ejar_residual_fallback,0,0.0015632804107897779,0.000977312555539526,1,1,1,0,0.00213982162354582,0
64_9,64,short_2link,long_4link,raw_joint,0,0.6866876001747366,0.39172370005467183,0,0,0,0,0.0,0
64_9,64,short_2link,long_4link,normalized_copy,0,0.6052088511842959,0.36175713291139844,0,0,0,0,0.0,0
64_9,64,short_2link,long_4link,link_scaled,0,0.28715254604159857,0.16230382347466743,0,0,0,0,0.0,0
64_9,64,short_2link,long_4link,static_home,0,0.25504904460879463,0.11820155554563319,0,0,0,0,0.1743165986555047,0
64_9,64,short_2link,long_4link,target_ik,0,0.0006659634961809827,0.0003377297717229234,1,1,1,0,1.1770561001157876e-05,0
64_9,64,short_2link,long_4link,ejar_absolute,0,0.00280684475836548,0.0014192933038269003,1,1,1,0,0.0032883822409252124,0
64_9,64,short_2link,long_4link,ejar_residual_fallback,0,0.00280684475836548,0.0014192933038269003,1,1,1,0,0.0032883822409252124,0
64_10,64,long_2link,wide_2link,raw_joint,0,0.2849382059563469,0.14772938286716975,0,0,0,0,0.0,0
64_10,64,long_2link,wide_2link,normalized_copy,0,0.2482086832282277,0.13430867482534242,0,0,0,0,0.0,0
64_10,64,long_2link,wide_2link,link_scaled,0,0.2539848525661569,0.1483936481166688,0,0,0,0,0.0,0
64_10,64,long_2link,wide_2link,static_home,0,0.10088157133537627,0.05304703576710057,0,0,1,0,0.09863176001756734,0
64_10,64,long_2link,wide_2link,target_ik,0,0.0003236829166699961,0.0001672351889896643,1,1,1,0,8.554023899406964e-06,0
64_10,64,long_2link,wide_2link,ejar_absolute,0,0.0008702212665841456,0.00047495536707942176,1,1,1,0,0.0010787304011216942,0
64_10,64,long_2link,wide_2link,ejar_residual_fallback,0,0.0008702212665841456,0.00047495536707942176,1,1,1,0,0.0010787304011216942,0
64_11,64,wide_2link,snake_6link,raw_joint,0,0.0522503994602922,0.02727506496663267,0,1,1,0,0.0,0
64_11,64,wide_2link,snake_6link,normalized_copy,0,0.06086279264380597,0.03093090867250712,0,1,1,0,0.0,0
64_11,64,wide_2link,snake_6link,link_scaled,0,0.05677200991549503,0.028919091647505266,0,1,1,0,0.0,0
64_11,64,wide_2link,snake_6link,static_home,0,0.09133816944948005,0.046192374408881354,0,1,1,0,0.10336131031846627,0
64_11,64,wide_2link,snake_6link,target_ik,0,0.0001824885387796683,9.44120927451203e-05,1,1,1,0,5.270704479094537e-06,0
64_11,64,wide_2link,snake_6link,ejar_absolute,0,0.0013466426326087012,0.0007192657417544904,1,1,1,0,0.0014367445508323522,0
64_11,64,wide_2link,snake_6link,ejar_residual_fallback,0,0.0013466426326087012,0.0007192657417544904,1,1,1,0,0.0014367445508323522,0
64_12,64,asym_3link,redundant_4link,raw_joint,0,0.37730248584848686,0.19328956687326831,0,0,0,0,0.0,0
64_12,64,asym_3link,redundant_4link,normalized_copy,0,0.3709824912270392,0.1909449013793561,0,0,0,0,0.0,0
64_12,64,asym_3link,redundant_4link,link_scaled,0,0.3626326110873548,0.1865977134866786,0,0,0,0,0.0,0
64_12,64,asym_3link,redundant_4link,static_home,0,0.04812723140034479,0.02500053826699758,1,1,1,0,0.030745703393263008,0
64_12,64,asym_3link,redundant_4link,target_ik,0,0.00016449813404247833,8.528841806713062e-05,1,1,1,0,2.854682345760159e-06,0
64_12,64,asym_3link,redundant_4link,ejar_absolute,0,0.0003561647052421186,0.00019694582827234976,1,1,1,0,0.0004677530156189332,0
64_12,64,asym_3link,redundant_4link,ejar_residual_fallback,0,0.0003561647052421186,0.00019694582827234976,1,1,1,0,0.0004677530156189332,0
64_13,64,heavy_3link,long_2link,raw_joint,0,0.2683556437078996,0.13592008796130117,0,0,0,0,0.0,0
64_13,64,heavy_3link,long_2link,normalized_copy,0,0.27711356934420056,0.1395222947399144,0,0,0,0,0.0,0
64_13,64,heavy_3link,long_2link,link_scaled,0,0.27527612095226045,0.1386018332883356,0,0,0,0,0.0,0
64_13,64,heavy_3link,long_2link,static_home,0,0.06006810624409327,0.03028749245463913,0,1,1,0,0.0985765979530822,0
64_13,64,heavy_3link,long_2link,target_ik,0,0.00014128737751708062,6.795696214430388e-05,1,1,1,0,3.2812148313841122e-06,0
64_13,64,heavy_3link,long_2link,ejar_absolute,0,0.0011810413928696935,0.000548626622336932,1,1,1,0,0.0010571637874387323,0
64_13,64,heavy_3link,long_2link,ejar_residual_fallback,0,0.0011810413928696935,0.000548626622336932,1,1,1,0,0.0010571637874387323,0
64_14,64,teacher_2link,needle_5link,raw_joint,0,0.7415307840343672,0.37455672667701245,0,0,0,0,0.0,0
64_14,64,teacher_2link,needle_5link,normalized_copy,0,0.503820728826889,0.2570611363170989,0,0,0,0,0.0,0
64_14,64,teacher_2link,needle_5link,link_scaled,0,0.48374985687477406,0.246749378404571,0,0,0,0,0.0,0
64_14,64,teacher_2link,needle_5link,static_home,0,0.2445480400627496,0.12398073360745776,0,0,0,0,0.2820313616872875,0
64_14,64,teacher_2link,needle_5link,target_ik,0,0.0004886666282593221,0.00023472923203592512,1,1,1,0,1.116375945503237e-05,0
64_14,64,teacher_2link,needle_5link,ejar_absolute,0,0.004688899916027539,0.002076171574626187,1,1,1,0,0.004179369779047941,0
64_14,64,teacher_2link,needle_5link,ejar_residual_fallback,0,0.004688899916027539,0.002076171574626187,1,1,1,0,0.004179369779047941,0
64_15,64,short_2link,heavy_3link,raw_joint,0,1.24507865742621,0.757509715894901,0,0,0,1,0.0,0
64_15,64,short_2link,heavy_3link,normalized_copy,0,0.9793673646902965,0.6255600716975735,0,0,0,0,0.0,0
64_15,64,short_2link,heavy_3link,link_scaled,0,0.4111054786373705,0.26226793161198925,0,0,0,0,0.0,0
64_15,64,short_2link,heavy_3link,static_home,0,0.36389802232157387,0.18131374974025677,0,0,0,0,0.24843150331147623,0
64_15,64,short_2link,heavy_3link,target_ik,0,0.0009146253747845082,0.0004334472479075873,1,1,1,0,5.524034993933505e-06,0
64_15,64,short_2link,heavy_3link,ejar_absolute,0,0.0016242693206807465,0.0008007271663042555,1,1,1,0,0.0017963011837523039,0
64_15,64,short_2link,heavy_3link,ejar_residual_fallback,0,0.0016242693206807465,0.0008007271663042555,1,1,1,0,0.0017963011837523039,0
64_16,64,long_2link,short_2link,raw_joint,0,0.10745111397158315,0.04977715213430376,0,0,1,0,0.0,0
64_16,64,long_2link,short_2link,normalized_copy,0,0.1352044256088283,0.05833051143949872,0,0,1,0,0.0,0
64_16,64,long_2link,short_2link,link_scaled,0,0.263282751257742,0.09310130422220642,0,0,0,0,0.0,0
64_16,64,long_2link,short_2link,static_home,0,0.026563089012004368,0.015622279371527548,1,1,1,0,0.022136903231814598,0
64_16,64,long_2link,short_2link,target_ik,0,0.00023791986835728556,0.00012780349013474812,1,1,1,0,7.236312819911837e-06,0
64_16,64,long_2link,short_2link,ejar_absolute,0,0.0012991375639260945,0.0008540888795512005,1,1,1,0,0.0015251480135051777,0
64_16,64,long_2link,short_2link,ejar_residual_fallback,0,0.0012991375639260945,0.0008540888795512005,1,1,1,0,0.0015251480135051777,0
64_17,64,wide_2link,soft_5link,raw_joint,1,0.29430046996012743,0.15163769488030504,0,0,0,0,0.0,0
64_17,64,wide_2link,soft_5link,normalized_copy,1,0.15531125957418257,0.07864505321483527,0,0,1,0,0.0,0
64_17,64,wide_2link,soft_5link,link_scaled,1,0.14901183738199364,0.07545275583305769,0,0,1,0,0.0,0
64_17,64,wide_2link,soft_5link,static_home,1,0.03284802515745454,0.016322946989659387,1,1,1,0,0.025811956948047096,0
64_17,64,wide_2link,soft_5link,target_ik,1,0.03227254284277058,0.015876354883469813,1,1,1,0,0.004559717086358113,0
64_17,64,wide_2link,soft_5link,ejar_absolute,1,0.031598286390340465,0.015557276582831955,1,1,1,0,0.031560687011957585,0
64_17,64,wide_2link,soft_5link,ejar_residual_fallback,1,0.031598286390340465,0.015557276582831955,1,1,1,0,0.031560687011957585,0
64_18,64,asym_3link,asym_3link,raw_joint,0,0.282539367641747,0.1651028381007929,0,0,0,0,0.0,0
64_18,64,asym_3link,asym_3link,normalized_copy,0,0.282539367641747,0.1651028381007929,0,0,0,0,0.0,0
64_18,64,asym_3link,asym_3link,link_scaled,0,0.282539367641747,0.1651028381007929,0,0,0,0,0.0,0
64_18,64,asym_3link,asym_3link,static_home,0,0.16207123230650594,0.0916559015905152,0,0,1,0,0.21907736748069911,0
64_18,64,asym_3link,asym_3link,target_ik,0,0.00037550188256327787,0.00022469124249346233,1,1,1,0,7.894324016102949e-06,0
64_18,64,asym_3link,asym_3link,ejar_absolute,0,0.00035839518706228777,0.0004201599947519252,1,1,1,0,0.0011385866562191674,0
64_18,64,asym_3link,asym_3link,ejar_residual_fallback,0,0.00035839518706228777,0.0004201599947519252,1,1,1,0,0.0011385866562191674,0
64_19,64,heavy_3link,large_6link,raw_joint,0,0.4181754496221051,0.2647762903344308,0,0,0,18,0.0,0
64_19,64,heavy_3link,large_6link,normalized_copy,0,0.44655392406927436,0.2813053821847442,0,0,0,0,0.0,0
64_19,64,heavy_3link,large_6link,link_scaled,0,0.4474030379780217,0.281866180494201,0,0,0,14,0.0,0
64_19,64,heavy_3link,large_6link,static_home,0,0.306990284799328,0.19272057620954142,0,0,0,0,0.27314231990993854,0
64_19,64,heavy_3link,large_6link,target_ik,0,0.0005493637726740168,0.00039020144958232207,1,1,1,0,6.591627610486798e-06,0
64_19,64,heavy_3link,large_6link,ejar_absolute,0,0.0016724889032705666,0.0007477116588410716,1,1,1,0,0.001445743703110382,0
64_19,64,heavy_3link,large_6link,ejar_residual_fallback,0,0.0016724889032705666,0.0007477116588410716,1,1,1,0,0.001445743703110382,0
64_20,64,teacher_2link,long_4link,raw_joint,0,0.06625362671652081,0.03354739235494872,0,1,1,0,0.0,0
64_20,64,teacher_2link,long_4link,normalized_copy,0,0.07198122952550193,0.03661201817657678,0,1,1,0,0.0,0
64_20,64,teacher_2link,long_4link,link_scaled,0,0.062027692782466434,0.031504910075402355,0,1,1,0,0.0,0
64_20,64,teacher_2link,long_4link,static_home,0,0.012669088064318773,0.0062635264588165596,1,1,1,0,0.02319464741083003,0
64_20,64,teacher_2link,long_4link,target_ik,0,1.2476632488429471e-05,6.135471974557574e-06,1,1,1,0,2.514872022636879e-06,0
64_20,64,teacher_2link,long_4link,ejar_absolute,0,0.000641699211997495,0.0003157587705136175,1,1,1,0,0.0006326533716914121,0
64_20,64,teacher_2link,long_4link,ejar_residual_fallback,0,0.000641699211997495,0.0003157587705136175,1,1,1,0,0.0006326533716914121,0
64_21,64,short_2link,wide_2link,raw_joint,0,0.03530100888487795,0.02404753465221591,1,1,1,0,0.0,0
64_21,64,short_2link,wide_2link,normalized_copy,0,0.0024306865931290915,0.008848127620798889,1,1,1,0,0.0,0
64_21,64,short_2link,wide_2link,link_scaled,0,0.028625805504040605,0.018939675288279258,1,1,1,0,0.0,0
64_21,64,short_2link,wide_2link,static_home,0,0.07951607936981268,0.0414110114549684,0,1,1,0,0.016705633479383412,0
64_21,64,short_2link,wide_2link,target_ik,0,0.0002928055894102437,0.00015294109075518312,1,1,1,0,1.0409446167943936e-05,0
64_21,64,short_2link,wide_2link,ejar_absolute,0,0.0007486800731410999,0.00039935866389520416,1,1,1,0,0.0008394868107852439,0
64_21,64,short_2link,wide_2link,ejar_residual_fallback,0,0.0007486800731410999,0.00039935866389520416,1,1,1,0,0.0008394868107852439,0
64_22,64,long_2link,snake_6link,raw_joint,0,0.32610814056645326,0.2108470937299257,0,0,0,0,0.0,0
64_22,64,long_2link,snake_6link,normalized_copy,0,0.3913924840050135,0.26304420643696896,0,0,0,0,0.0,0
64_22,64,long_2link,snake_6link,link_scaled,0,0.5793132730611149,0.3958712371295442,0,0,0,0,0.0,0
64_22,64,long_2link,snake_6link,static_home,0,0.28200436493139397,0.15632327172493776,0,0,0,0,0.1508802137216516,0
64_22,64,long_2link,snake_6link,target_ik,0,0.06920180135540875,0.012699860925772147,0,1,1,13,0.037289811756296434,0
64_22,64,long_2link,snake_6link,ejar_absolute,0,0.06905053512549075,0.017369947408483973,0,1,1,0,0.06405014082956978,0
64_22,64,long_2link,snake_6link,ejar_residual_fallback,0,0.06905053512549075,0.017369947408483973,0,1,1,0,0.06405014082956978,0
64_23,64,wide_2link,redundant_4link,raw_joint,0,0.9370409893368744,0.4964812455468368,0,0,0,0,0.0,0
64_23,64,wide_2link,redundant_4link,normalized_copy,0,0.7738729188948226,0.3924305865902984,0,0,0,0,0.0,0
64_23,64,wide_2link,redundant_4link,link_scaled,0,0.690114818975529,0.3500853758613749,0,0,0,0,0.0,0
64_23,64,wide_2link,redundant_4link,static_home,0,0.4067228721759625,0.20933765211585886,0,0,0,0,0.08537737661769072,0
64_23,64,wide_2link,redundant_4link,target_ik,0,0.0008326434212034481,0.00047747934309753725,1,1,1,0,1.8083055104018106e-05,0
64_23,64,wide_2link,redundant_4link,ejar_absolute,0,0.002981571094961423,0.001581937832994347,1,1,1,0,0.003574577767827511,0
64_23,64,wide_2link,redundant_4link,ejar_residual_fallback,0,0.002981571094961423,0.001581937832994347,1,1,1,0,0.003574577767827511,0
64_24,64,asym_3link,long_2link,raw_joint,0,0.3535815424208,0.22592909261072985,0,0,0,0,0.0,0
64_24,64,asym_3link,long_2link,normalized_copy,0,0.42395974987526663,0.26725817572031224,0,0,0,0,0.0,0
64_24,64,asym_3link,long_2link,link_scaled,0,0.21785675433791796,0.1481130315194491,0,0,0,0,0.0,0
64_24,64,asym_3link,long_2link,static_home,0,0.32113517818835524,0.16046285028511614,0,0,0,0,0.2974268918552165,0
64_24,64,asym_3link,long_2link,target_ik,0,0.001023376331408581,0.0008255626556622481,1,1,1,0,0.00011577240545741759,0
64_24,64,asym_3link,long_2link,ejar_absolute,0,0.012133142311812459,0.008724268038202084,1,1,1,0,0.012518277098410621,0
64_24,64,asym_3link,long_2link,ejar_residual_fallback,0,0.012133142311812459,0.008724268038202084,1,1,1,0,0.012518277098410621,0
64_25,64,heavy_3link,needle_5link,raw_joint,0,0.20695724976688293,0.14849732889452144,0,0,0,0,0.0,0
64_25,64,heavy_3link,needle_5link,normalized_copy,0,0.0994206217436233,0.06390307835306928,0,1,1,0,0.0,0
64_25,64,heavy_3link,needle_5link,link_scaled,0,0.09505224619437187,0.06374287335974327,0,1,1,0,0.0,0
64_25,64,heavy_3link,needle_5link,static_home,0,0.10281376649697631,0.08157363861734697,0,0,1,0,0.13017509832402827,0
64_25,64,heavy_3link,needle_5link,target_ik,0,0.0003527551488570613,0.000256423754611035,1,1,1,0,5.976801603398785e-06,0
64_25,64,heavy_3link,needle_5link,ejar_absolute,0,0.0014630729741440431,0.0012042497769166904,1,1,1,0,0.0014334610118480003,0
64_25,64,heavy_3link,needle_5link,ejar_residual_fallback,0,0.0014630729741440431,0.0012042497769166904,1,1,1,0,0.0014334610118480003,0
64_26,64,teacher_2link,heavy_3link,raw_joint,0,0.09764095510550988,0.04950350135476799,0,1,1,0,0.0,0
64_26,64,teacher_2link,heavy_3link,normalized_copy,0,0.06846367971168152,0.03435277839807302,0,1,1,0,0.0,0
64_26,64,teacher_2link,heavy_3link,link_scaled,0,0.07377982823632129,0.03721091538025074,0,1,1,0,0.0,0
64_26,64,teacher_2link,heavy_3link,static_home,0,0.09434558044633859,0.048257502674002674,0,1,1,0,0.021193618463427225,0
64_26,64,teacher_2link,heavy_3link,target_ik,0,9.216413854930891e-05,4.7988728230372965e-05,1,1,1,0,2.7020339256833767e-06,0
64_26,64,teacher_2link,heavy_3link,ejar_absolute,0,0.0007573505314513279,0.000397967607654357,1,1,1,0,0.0008351810319754478,0
64_26,64,teacher_2link,heavy_3link,ejar_residual_fallback,0,0.0007573505314513279,0.000397967607654357,1,1,1,0,0.0008351810319754478,0
64_27,64,short_2link,short_2link,raw_joint,0,0.44275817205293505,0.21012830443648794,0,0,0,0,0.0,0
64_27,64,short_2link,short_2link,normalized_copy,0,0.44275817205293483,0.21012830443648786,0,0,0,0,0.0,0
64_27,64,short_2link,short_2link,link_scaled,0,0.44275817205293483,0.21012830443648786,0,0,0,0,0.0,0
64_27,64,short_2link,short_2link,static_home,0,0.4180331762628919,0.2077140419297541,0,0,0,0,0.16096904854927915,0
64_27,64,short_2link,short_2link,target_ik,0,0.28582616921781184,0.13622046737566468,0,0,0,61,0.2450662764038194,0
64_27,64,short_2link,short_2link,ejar_absolute,0,0.2857676829942696,0.13623009737201253,0,0,0,0,0.2838294769543883,0
64_27,64,short_2link,short_2link,ejar_residual_fallback,0,0.2857676829942696,0.13623009737201253,0,0,0,0,0.2838294769543883,0
64_28,64,long_2link,soft_5link,raw_joint,0,0.46810154443517954,0.2922908434317204,0,0,0,0,0.0,0
64_28,64,long_2link,soft_5link,normalized_copy,0,0.5816092976724022,0.3647718614293314,0,0,0,0,0.0,0
64_28,64,long_2link,soft_5link,link_scaled,0,0.752140520817448,0.4733686358289033,0,0,0,13,0.0,0
64_28,64,long_2link,soft_5link,static_home,0,0.41785118177562125,0.2616009789501527,0,0,0,0,0.3607632190874535,0
64_28,64,long_2link,soft_5link,target_ik,0,0.005315988531924002,0.0037176763620561572,1,1,1,0,4.1854670899877004e-05,0
64_28,64,long_2link,soft_5link,ejar_absolute,0,0.012341247507476895,0.006817358372047919,1,1,1,0,0.009185385919895657,0
64_28,64,long_2link,soft_5link,ejar_residual_fallback,0,0.012341247507476895,0.006817358372047919,1,1,1,0,0.009185385919895657,0
64_29,64,wide_2link,asym_3link,raw_joint,0,0.48312933294344484,0.3640838808159961,0,0,0,33,0.0,0
64_29,64,wide_2link,asym_3link,normalized_copy,0,0.33836260061500784,0.2375323369432243,0,0,0,0,0.0,0
64_29,64,wide_2link,asym_3link,link_scaled,0,0.3280897029984859,0.2264023722857843,0,0,0,0,0.0,0
64_29,64,wide_2link,asym_3link,static_home,0,0.2442501302043956,0.15613358965003749,0,0,0,0,0.19435308398512596,0
64_29,64,wide_2link,asym_3link,target_ik,0,0.0012453123502215728,0.000917128562814409,1,1,1,0,1.271638197348792e-05,0
64_29,64,wide_2link,asym_3link,ejar_absolute,0,0.0013183699500146306,0.0008442775055137162,1,1,1,0,0.0022477804882917894,0
64_29,64,wide_2link,asym_3link,ejar_residual_fallback,0,0.0013183699500146306,0.0008442775055137162,1,1,1,0,0.0022477804882917894,0
64_30,64,asym_3link,large_6link,raw_joint,0,0.2775616475737432,0.14169266115186419,0,0,0,0,0.0,0
64_30,64,asym_3link,large_6link,normalized_copy,0,0.1665093841794832,0.08586739560210083,0,0,1,0,0.0,0
64_30,64,asym_3link,large_6link,link_scaled,0,0.13252958551978644,0.06805925983150267,0,0,1,0,0.0,0
64_30,64,asym_3link,large_6link,static_home,0,0.10129323438559931,0.0523710916291176,0,0,1,0,0.013770581644623758,0
64_30,64,asym_3link,large_6link,target_ik,0,0.00019569096507047096,0.00010160161019815594,1,1,1,0,5.793181343552255e-06,0
64_30,64,asym_3link,large_6link,ejar_absolute,0,0.0017737338537845147,0.0009400392072861563,1,1,1,0,0.0018872786538321675,0
64_30,64,asym_3link,large_6link,ejar_residual_fallback,0,0.0017737338537845147,0.0009400392072861563,1,1,1,0,0.0018872786538321675,0
64_31,64,heavy_3link,long_4link,raw_joint,0,0.4453454001631212,0.21949382048946176,0,0,0,0,0.0,0
64_31,64,heavy_3link,long_4link,normalized_copy,0,0.43512861947403314,0.21471839050599184,0,0,0,0,0.0,0
64_31,64,heavy_3link,long_4link,link_scaled,0,0.442855795629801,0.21842255778597014,0,0,0,0,0.0,0
64_31,64,heavy_3link,long_4link,static_home,0,0.3478499101834043,0.17503103944759385,0,0,0,0,0.2518331951596054,0
64_31,64,heavy_3link,long_4link,target_ik,0,0.0008730243764223892,0.0003751460791189148,1,1,1,0,8.506040696129664e-06,0
64_31,64,heavy_3link,long_4link,ejar_absolute,0,0.0026462772152404963,0.0011857694692771119,1,1,1,0,0.0018231048359425418,0
64_31,64,heavy_3link,long_4link,ejar_residual_fallback,0,0.0026462772152404963,0.0011857694692771119,1,1,1,0,0.0018231048359425418,0
64_32,64,teacher_2link,wide_2link,raw_joint,0,0.35779737669503175,0.24205991701292368,0,0,0,0,0.0,0
64_32,64,teacher_2link,wide_2link,normalized_copy,0,0.5021726476671162,0.34820456298200264,0,0,0,0,0.0,0
64_32,64,teacher_2link,wide_2link,link_scaled,0,0.5637553339264346,0.3909452880844789,0,0,0,21,0.0,0
64_32,64,teacher_2link,wide_2link,static_home,0,0.1735431189477757,0.12010518848415142,0,0,1,0,0.1607627818160768,0
64_32,64,teacher_2link,wide_2link,target_ik,0,0.18260330442477682,0.12878217541532322,0,0,1,33,0.12179975707081599,0
64_32,64,teacher_2link,wide_2link,ejar_absolute,0,0.16885457264186107,0.11548143494937388,0,0,1,0,0.1665622118989896,0
64_32,64,teacher_2link,wide_2link,ejar_residual_fallback,0,0.16885457264186107,0.11548143494937388,0,0,1,0,0.1665622118989896,0
64_33,64,short_2link,snake_6link,raw_joint,0,0.11602652391606526,0.06913595006094256,0,0,1,0,0.0,0
64_33,64,short_2link,snake_6link,normalized_copy,0,0.09146962443016213,0.05590778859950958,0,1,1,0,0.0,0
64_33,64,short_2link,snake_6link,link_scaled,0,0.08441091743751664,0.04793983568523201,0,1,1,0,0.0,0
64_33,64,short_2link,snake_6link,static_home,0,0.09462448401367218,0.05335190604970423,0,1,1,0,0.10193443652100576,0
64_33,64,short_2link,snake_6link,target_ik,0,0.0004139310016871589,0.0002406577585068402,1,1,1,0,2.2098749308091663e-05,0
64_33,64,short_2link,snake_6link,ejar_absolute,0,0.005535684068623347,0.002788366635260802,1,1,1,0,0.00515153691506693,0
64_33,64,short_2link,snake_6link,ejar_residual_fallback,0,0.005535684068623347,0.002788366635260802,1,1,1,0,0.00515153691506693,0
64_34,64,long_2link,redundant_4link,raw_joint,1,0.22703489348793968,0.12387848764871259,0,0,0,0,0.0,0
64_34,64,long_2link,redundant_4link,normalized_copy,1,0.2908574376749437,0.16467972787254112,0,0,0,0,0.0,0
64_34,64,long_2link,redundant_4link,link_scaled,1,0.3676844430554723,0.21023676662268473,0,0,0,0,0.0,0
64_34,64,long_2link,redundant_4link,static_home,1,0.2414393268929523,0.12213972179705887,0,0,0,0,0.24508361945110335,0
64_34,64,long_2link,redundant_4link,target_ik,1,0.004610379253885415,0.0037531785726272705,1,1,1,1,0.0015222123307594361,0
64_34,64,long_2link,redundant_4link,ejar_absolute,1,0.010610583468620262,0.009191184752273731,1,1,1,0,0.014786132321894815,0
64_34,64,long_2link,redundant_4link,ejar_residual_fallback,1,0.010610583468620262,0.009191184752273731,1,1,1,0,0.014786132321894815,0
64_35,64,wide_2link,long_2link,raw_joint,0,0.03025510323884324,0.046696036790495124,1,1,1,0,0.0,0
64_35,64,wide_2link,long_2link,normalized_copy,0,0.0902760386332488,0.059676756660441435,0,1,1,0,0.0,0
64_35,64,wide_2link,long_2link,link_scaled,0,0.06019385759133006,0.039395899102933125,0,1,1,0,0.0,0
64_35,64,wide_2link,long_2link,static_home,0,0.03938169166317088,0.020844478348815712,1,1,1,0,0.03157349950960789,0
64_35,64,wide_2link,long_2link,target_ik,0,0.00016232677608679118,7.375957425044259e-05,1,1,1,0,1.176293429904477e-05,0
64_35,64,wide_2link,long_2link,ejar_absolute,0,0.003337204408647368,0.0015203428376499867,1,1,1,0,0.003221200957916197,0
64_35,64,wide_2link,long_2link,ejar_residual_fallback,0,0.003337204408647368,0.0015203428376499867,1,1,1,0,0.003221200957916197,0
64_36,64,asym_3link,needle_5link,raw_joint,0,0.14692283819843796,0.06279225254857018,0,0,1,0,0.0,0
64_36,64,asym_3link,needle_5link,normalized_copy,0,0.1658891898741268,0.07861691904071293,0,0,1,0,0.0,0
64_36,64,asym_3link,needle_5link,link_scaled,0,0.16415808198066761,0.07873038075883593,0,0,1,0,0.0,0
64_36,64,asym_3link,needle_5link,static_home,0,0.08146812820962095,0.040127560781183735,0,1,1,0,0.08196831233236788,0
64_36,64,asym_3link,needle_5link,target_ik,0,0.0004309162957101599,0.0002018496588818237,1,1,1,0,1.132016623431882e-05,0
64_36,64,asym_3link,needle_5link,ejar_absolute,0,0.0017813892658588312,0.0008173665766746181,1,1,1,0,0.001566012670339569,0
64_36,64,asym_3link,needle_5link,ejar_residual_fallback,0,0.0017813892658588312,0.0008173665766746181,1,1,1,0,0.001566012670339569,0
64_37,64,heavy_3link,heavy_3link,raw_joint,0,0.1770459361817871,0.15839229579228215,0,0,1,0,0.0,0
64_37,64,heavy_3link,heavy_3link,normalized_copy,0,0.1770459361817871,0.15839229579228215,0,0,1,0,0.0,0
64_37,64,heavy_3link,heavy_3link,link_scaled,0,0.1770459361817871,0.15839229579228215,0,0,1,0,0.0,0
64_37,64,heavy_3link,heavy_3link,static_home,0,0.009159631324174331,0.009742949732621808,1,1,1,0,0.031107899562289466,0
64_37,64,heavy_3link,heavy_3link,target_ik,0,2.9053042300949372e-05,2.469233153942936e-05,1,1,1,0,7.850502741753134e-07,0
64_37,64,heavy_3link,heavy_3link,ejar_absolute,0,4.2768063029107366e-05,7.983487557824544e-05,1,1,1,0,0.00022236849319754842,0
64_37,64,heavy_3link,heavy_3link,ejar_residual_fallback,0,4.2768063029107366e-05,7.983487557824544e-05,1,1,1,0,0.00022236849319754842,0
64_38,64,teacher_2link,short_2link,raw_joint,0,0.2940905329261337,0.15216630153437702,0,0,0,0,0.0,0
64_38,64,teacher_2link,short_2link,normalized_copy,0,0.28626204221415374,0.14766571822417157,0,0,0,0,0.0,0
64_38,64,teacher_2link,short_2link,link_scaled,0,0.29715704634898227,0.15679136387728188,0,0,0,0,0.0,0
64_38,64,teacher_2link,short_2link,static_home,0,0.2870379326982461,0.1465989617143954,0,0,0,0,0.20161457283715895,0
64_38,64,teacher_2link,short_2link,target_ik,0,0.0018290283106274557,0.0012259337362679598,1,1,1,0,4.782633486830267e-05,0
64_38,64,teacher_2link,short_2link,ejar_absolute,0,0.007290862875540253,0.004737708594477847,1,1,1,0,0.008991185672810431,0
64_38,64,teacher_2link,short_2link,ejar_residual_fallback,0,0.007290862875540253,0.004737708594477847,1,1,1,0,0.008991185672810431,0
64_39,64,short_2link,soft_5link,raw_joint,0,0.512107503957722,0.36973748241474264,0,0,0,0,0.0,0
64_39,64,short_2link,soft_5link,normalized_copy,0,0.5915418245181688,0.4539052625739216,0,0,0,0,0.0,0
64_39,64,short_2link,soft_5link,link_scaled,0,0.418146508401547,0.32040454874660274,0,0,0,0,0.0,0
64_39,64,short_2link,soft_5link,static_home,0,0.21269778856542063,0.12795866188926786,0,0,0,0,0.14213092330048127,0
64_39,64,short_2link,soft_5link,target_ik,0,0.05046960552649037,0.011746376984148904,0,1,1,9,0.012649065800467369,0
64_39,64,short_2link,soft_5link,ejar_absolute,0,0.04967635412379848,0.014888162087022726,1,1,1,0,0.04671459590870969,0
64_39,64,short_2link,soft_5link,ejar_residual_fallback,0,0.04967635412379848,0.014888162087022726,1,1,1,0,0.04671459590870969,0
64_40,64,long_2link,asym_3link,raw_joint,0,0.45264074689229644,0.24984808773578487,0,0,0,0,0.0,0
64_40,64,long_2link,asym_3link,normalized_copy,0,0.33123957394718456,0.20077554620438334,0,0,0,0,0.0,0
64_40,64,long_2link,asym_3link,link_scaled,0,0.2314933724636455,0.1768646782247163,0,0,0,0,0.0,0
64_40,64,long_2link,asym_3link,static_home,0,0.4619209211104261,0.23361866899964495,0,0,0,0,0.4413795917077506,0
64_40,64,long_2link,asym_3link,target_ik,0,0.005211109939997613,0.003685280026099556,1,1,1,2,0.002741008120853438,0
64_40,64,long_2link,asym_3link,ejar_absolute,0,0.007664604640175598,0.005671462865041365,1,1,1,0,0.013394481570668675,0
64_40,64,long_2link,asym_3link,ejar_residual_fallback,0,0.007664604640175598,0.005671462865041365,1,1,1,0,0.013394481570668675,0
64_41,64,wide_2link,large_6link,raw_joint,0,0.41896952799184667,0.1926803961384254,0,0,0,0,0.0,0
64_41,64,wide_2link,large_6link,normalized_copy,0,0.24335399485065345,0.11834937903851753,0,0,0,0,0.0,0
64_41,64,wide_2link,large_6link,link_scaled,0,0.21728503011230849,0.10716030565851695,0,0,0,0,0.0,0
64_41,64,wide_2link,large_6link,static_home,0,0.17589925372498408,0.08838041223511393,0,0,1,0,0.1587169328041207,0
64_41,64,wide_2link,large_6link,target_ik,0,0.0004632134007124982,0.0002441379666998531,1,1,1,0,3.3261641566252403e-06,0
64_41,64,wide_2link,large_6link,ejar_absolute,0,0.0009257087214804562,0.000461837910604029,1,1,1,0,0.0008041406203407397,0
64_41,64,wide_2link,large_6link,ejar_residual_fallback,0,0.0009257087214804562,0.000461837910604029,1,1,1,0,0.0008041406203407397,0
64_42,64,asym_3link,long_4link,raw_joint,0,0.38402606059888755,0.2029990592681392,0,0,0,0,0.0,0
64_42,64,asym_3link,long_4link,normalized_copy,0,0.33956153477148504,0.176323052923867,0,0,0,0,0.0,0
64_42,64,asym_3link,long_4link,link_scaled,0,0.3009793701481223,0.15460289124775628,0,0,0,0,0.0,0
64_42,64,asym_3link,long_4link,static_home,0,0.2761374267698326,0.14270849215779385,0,0,0,0,0.26893783602812027,0
64_42,64,asym_3link,long_4link,target_ik,0,0.0010750270488153041,0.0006252695429507617,1,1,1,0,1.1742722253010607e-05,0
64_42,64,asym_3link,long_4link,ejar_absolute,0,0.0017522776320822054,0.001016373969002996,1,1,1,0,0.002744973454980128,0
64_42,64,asym_3link,long_4link,ejar_residual_fallback,0,0.0017522776320822054,0.001016373969002996,1,1,1,0,0.002744973454980128,0
64_43,64,heavy_3link,wide_2link,raw_joint,0,0.04892028046073505,0.025111254887886257,1,1,1,0,0.0,0
64_43,64,heavy_3link,wide_2link,normalized_copy,0,0.030584106229492033,0.014847069549746676,1,1,1,0,0.0,0
64_43,64,heavy_3link,wide_2link,link_scaled,0,0.058255382715573886,0.027189209496436585,0,1,1,0,0.0,0
64_43,64,heavy_3link,wide_2link,static_home,0,0.08917057489175781,0.045491202448620593,0,1,1,0,0.13542970489928136,0
64_43,64,heavy_3link,wide_2link,target_ik,0,0.0001570804115362273,7.777246522578514e-05,1,1,1,0,1.819981863303557e-06,0
64_43,64,heavy_3link,wide_2link,ejar_absolute,0,0.00026250259013352274,0.00013501353192009333,1,1,1,0,0.00029330505919064837,0
64_43,64,heavy_3link,wide_2link,ejar_residual_fallback,0,0.00026250259013352274,0.00013501353192009333,1,1,1,0,0.00029330505919064837,0
64_44,64,teacher_2link,snake_6link,raw_joint,0,0.265680886096249,0.12682559638454674,0,0,0,0,0.0,0
64_44,64,teacher_2link,snake_6link,normalized_copy,0,0.2574785860579652,0.12328350794321148,0,0,0,0,0.0,0
64_44,64,teacher_2link,snake_6link,link_scaled,0,0.2682044071643149,0.1278563731243363,0,0,0,0,0.0,0
64_44,64,teacher_2link,snake_6link,static_home,0,0.19206337387870906,0.09700035342285626,0,0,1,0,0.1671772266265178,0
64_44,64,teacher_2link,snake_6link,target_ik,0,8.244113552530995e-05,3.6627978315023746e-05,1,1,1,0,3.731558941648178e-06,0
64_44,64,teacher_2link,snake_6link,ejar_absolute,0,0.0009331366776976881,0.00046048703817658677,1,1,1,0,0.0008578234169756687,0
64_44,64,teacher_2link,snake_6link,ejar_residual_fallback,0,0.0009331366776976881,0.00046048703817658677,1,1,1,0,0.0008578234169756687,0
64_45,64,short_2link,redundant_4link,raw_joint,0,0.9406801964542947,0.4960632664381246,0,0,0,0,0.0,0
64_45,64,short_2link,redundant_4link,normalized_copy,0,1.04395478606522,0.5648380877026253,0,0,0,0,0.0,0
64_45,64,short_2link,redundant_4link,link_scaled,0,0.7861220043216098,0.4164162883276633,0,0,0,0,0.0,0
64_45,64,short_2link,redundant_4link,static_home,0,0.2467041341499555,0.12038312137326082,0,0,0,0,0.14410006534770436,0
64_45,64,short_2link,redundant_4link,target_ik,0,0.0009284715051808421,0.0004728787979311175,1,1,1,0,6.314175133525684e-06,0
64_45,64,short_2link,redundant_4link,ejar_absolute,0,0.0018009110488863718,0.0008804216971925296,1,1,1,0,0.0012120224695153807,0
64_45,64,short_2link,redundant_4link,ejar_residual_fallback,0,0.0018009110488863718,0.0008804216971925296,1,1,1,0,0.0012120224695153807,0
64_46,64,long_2link,long_2link,raw_joint,0,0.09302229797377999,0.04715048998832691,0,1,1,0,0.0,0
64_46,64,long_2link,long_2link,normalized_copy,0,0.09302229797377999,0.04715048998832691,0,1,1,0,0.0,0
64_46,64,long_2link,long_2link,link_scaled,0,0.09302229797377999,0.04715048998832691,0,1,1,0,0.0,0
64_46,64,long_2link,long_2link,static_home,0,0.065957122599715,0.033416755481001585,0,1,1,0,0.07192644702162235,0
64_46,64,long_2link,long_2link,target_ik,0,4.9714761102520965e-05,2.46288364081461e-05,1,1,1,0,1.6750873028923051e-06,0
64_46,64,long_2link,long_2link,ejar_absolute,0,0.000584191806050053,0.00028634688345467366,1,1,1,0,0.0005436691647066737,0
64_46,64,long_2link,long_2link,ejar_residual_fallback,0,0.000584191806050053,0.00028634688345467366,1,1,1,0,0.0005436691647066737,0
64_47,64,wide_2link,needle_5link,raw_joint,0,0.35343201622131626,0.20122466623773144,0,0,0,0,0.0,0
64_47,64,wide_2link,needle_5link,normalized_copy,0,0.1383644670960079,0.07268624016312897,0,0,1,0,0.0,0
64_47,64,wide_2link,needle_5link,link_scaled,0,0.14226704363014372,0.07116923134232335,0,0,1,0,0.0,0
64_47,64,wide_2link,needle_5link,static_home,0,0.2831993565624648,0.1423361297624089,0,0,0,0,0.14851399763911413,0
64_47,64,wide_2link,needle_5link,target_ik,0,0.00034403474643626507,0.00016791411912247124,1,1,1,0,6.02591712235709e-06,0
64_47,64,wide_2link,needle_5link,ejar_absolute,0,0.0031956076930000905,0.0015518417357451488,1,1,1,0,0.0029771629992519835,0
64_47,64,wide_2link,needle_5link,ejar_residual_fallback,0,0.0031956076930000905,0.0015518417357451488,1,1,1,0,0.0029771629992519835,0
64_48,64,asym_3link,heavy_3link,raw_joint,0,0.5403992900393414,0.2726573043218816,0,0,0,0,0.0,0
64_48,64,asym_3link,heavy_3link,normalized_copy,0,0.4505663276569449,0.2287750574236329,0,0,0,0,0.0,0
64_48,64,asym_3link,heavy_3link,link_scaled,0,0.37531732130484097,0.19145762144100825,0,0,0,0,0.0,0
64_48,64,asym_3link,heavy_3link,static_home,0,0.150480824772373,0.07712607450772746,0,0,1,0,0.051242227784344105,0
64_48,64,asym_3link,heavy_3link,target_ik,0,0.0006068075358211156,0.00029924739673424245,1,1,1,0,1.969589221345213e-06,0
64_48,64,asym_3link,heavy_3link,ejar_absolute,0,0.0008698952255675519,0.0004326035356195244,1,1,1,0,0.0006985113071694941,0
64_48,64,asym_3link,heavy_3link,ejar_residual_fallback,0,0.0008698952255675519,0.0004326035356195244,1,1,1,0,0.0006985113071694941,0
64_49,64,heavy_3link,short_2link,raw_joint,0,0.15312522540163584,0.07993425155500816,0,0,1,0,0.0,0
64_49,64,heavy_3link,short_2link,normalized_copy,0,0.14692934898142337,0.08336320434166342,0,0,1,0,0.0,0
64_49,64,heavy_3link,short_2link,link_scaled,0,0.41279163451818607,0.2237984515370715,0,0,0,0,0.0,0
64_49,64,heavy_3link,short_2link,static_home,0,0.17004774977024195,0.08855789556519952,0,0,1,0,0.19689073707089272,0
64_49,64,heavy_3link,short_2link,target_ik,0,0.0010035476145841195,0.0005650225074159926,1,1,1,0,2.771784657986368e-05,0
64_49,64,heavy_3link,short_2link,ejar_absolute,0,0.0040483562600862,0.002444739950948816,1,1,1,0,0.004873118384898484,0
64_49,64,heavy_3link,short_2link,ejar_residual_fallback,0,0.0040483562600862,0.002444739950948816,1,1,1,0,0.004873118384898484,0
64_50,64,teacher_2link,soft_5link,raw_joint,0,0.1701179605070711,0.09206115324718196,0,0,1,0,0.0,0
64_50,64,teacher_2link,soft_5link,normalized_copy,0,0.20114740847933799,0.10898793200094138,0,0,0,0,0.0,0
64_50,64,teacher_2link,soft_5link,link_scaled,0,0.21175551067821408,0.11517700493461656,0,0,0,0,0.0,0
64_50,64,teacher_2link,soft_5link,static_home,0,0.05289917159334322,0.02627108363391235,0,1,1,0,0.0436117210588681,0
64_50,64,teacher_2link,soft_5link,target_ik,0,5.4391931400088235e-05,2.6329284989965754e-05,1,1,1,0,3.7412694426190743e-06,0
64_50,64,teacher_2link,soft_5link,ejar_absolute,0,0.0007703129547382628,0.000377161958958489,1,1,1,0,0.0007252547416907575,0
64_50,64,teacher_2link,soft_5link,ejar_residual_fallback,0,0.0007703129547382628,0.000377161958958489,1,1,1,0,0.0007252547416907575,0
64_51,64,short_2link,asym_3link,raw_joint,1,0.22052094786604148,0.11007296129219346,0,0,0,0,0.0,0
64_51,64,short_2link,asym_3link,normalized_copy,1,0.15153087009063324,0.07511263341245558,0,0,1,0,0.0,0
64_51,64,short_2link,asym_3link,link_scaled,1,0.12340198744013607,0.06172083926288044,0,0,1,0,0.0,0
64_51,64,short_2link,asym_3link,static_home,1,0.10200120841092503,0.05173887008096997,0,0,1,0,0.10165420566610618,0
64_51,64,short_2link,asym_3link,target_ik,1,0.1016162297295367,0.05224449158068346,0,0,1,20,0.02220163210005377,0
64_51,64,short_2link,asym_3link,ejar_absolute,1,0.10159343289794674,0.05138095167931473,0,0,1,0,0.10154586104601984,0
64_51,64,short_2link,asym_3link,ejar_residual_fallback,1,0.10159343289794674,0.05138095167931473,0,0,1,0,0.10154586104601984,0
64_52,64,long_2link,large_6link,raw_joint,0,0.10670428175719804,0.04402427360181933,0,0,1,0,0.0,0
64_52,64,long_2link,large_6link,normalized_copy,0,0.12834709018535756,0.0638530404620786,0,0,1,0,0.0,0
64_52,64,long_2link,large_6link,link_scaled,0,0.126029698130904,0.062285496544822766,0,0,1,0,0.0,0
64_52,64,long_2link,large_6link,static_home,0,0.19269106655976734,0.0934613966414059,0,0,1,0,0.10809798450099022,0
64_52,64,long_2link,large_6link,target_ik,0,0.00079028169837609,0.00039394698404387075,1,1,1,0,4.817655458242491e-06,0
64_52,64,long_2link,large_6link,ejar_absolute,0,0.0026857284487743095,0.0012821874449598283,1,1,1,0,0.002046277163926227,0
64_52,64,long_2link,large_6link,ejar_residual_fallback,0,0.0026857284487743095,0.0012821874449598283,1,1,1,0,0.002046277163926227,0
64_53,64,wide_2link,long_4link,raw_joint,0,0.8919069766295621,0.48320644257057127,0,0,0,0,0.0,0
64_53,64,wide_2link,long_4link,normalized_copy,0,0.26797593486967186,0.12073061704668295,0,0,0,0,0.0,0
64_53,64,wide_2link,long_4link,link_scaled,0,0.07357568848029367,0.02710896148573823,0,1,1,0,0.0,0
64_53,64,wide_2link,long_4link,static_home,0,0.1616802435501103,0.08152504256451287,0,0,1,0,0.27977758140672865,0
64_53,64,wide_2link,long_4link,target_ik,0,0.00047852213695078936,0.00023367770952748392,1,1,1,0,4.499372923645236e-06,0
64_53,64,wide_2link,long_4link,ejar_absolute,0,0.0007992199729849193,0.0002251680038086063,1,1,1,0,0.000854182403360198,0
64_53,64,wide_2link,long_4link,ejar_residual_fallback,0,0.0007992199729849193,0.0002251680038086063,1,1,1,0,0.000854182403360198,0
64_54,64,asym_3link,wide_2link,raw_joint,0,0.04213669985316276,0.021370957541679426,1,1,1,0,0.0,0
64_54,64,asym_3link,wide_2link,normalized_copy,0,0.02305720885886313,0.011859648300345693,1,1,1,0,0.0,0
64_54,64,asym_3link,wide_2link,link_scaled,0,0.02052470070954224,0.010653955891693332,1,1,1,0,0.0,0
64_54,64,asym_3link,wide_2link,static_home,0,0.031351239434155964,0.015780823132465146,1,1,1,0,0.038232150408839934,0
64_54,64,asym_3link,wide_2link,target_ik,0,0.0001550558111581745,9.845390757772733e-05,1,1,1,0,3.4828584098062526e-05,0
64_54,64,asym_3link,wide_2link,ejar_absolute,0,0.002851180930604852,0.0017876221974443217,1,1,1,0,0.003004220177162413,0
64_54,64,asym_3link,wide_2link,ejar_residual_fallback,0,0.002851180930604852,0.0017876221974443217,1,1,1,0,0.003004220177162413,0
64_55,64,heavy_3link,snake_6link,raw_joint,0,0.4943137111552071,0.2394330742109084,0,0,0,0,0.0,0
64_55,64,heavy_3link,snake_6link,normalized_copy,0,0.4123314521315267,0.2021965776712226,0,0,0,0,0.0,0
64_55,64,heavy_3link,snake_6link,link_scaled,0,0.5540794401361939,0.2519831043704601,0,0,0,1,0.0,0
64_55,64,heavy_3link,snake_6link,static_home,0,0.37777073838909914,0.22713040088651165,0,0,0,0,0.09871112766516726,0
64_55,64,heavy_3link,snake_6link,target_ik,0,0.0007599157469106915,0.0004564950320857278,1,1,1,0,5.388294224951882e-06,0
64_55,64,heavy_3link,snake_6link,ejar_absolute,0,0.0018703039523840553,0.0010221798868381496,1,1,1,0,0.0012155758863819854,0
64_55,64,heavy_3link,snake_6link,ejar_residual_fallback,0,0.0018703039523840553,0.0010221798868381496,1,1,1,0,0.0012155758863819854,0
64_56,64,teacher_2link,redundant_4link,raw_joint,0,0.4468681660391288,0.3051310250493414,0,0,0,0,0.0,0
64_56,64,teacher_2link,redundant_4link,normalized_copy,0,0.5019556457186606,0.34792678625692486,0,0,0,0,0.0,0
64_56,64,teacher_2link,redundant_4link,link_scaled,0,0.5019556457186606,0.34792678625692486,0,0,0,0,0.0,0
64_56,64,teacher_2link,redundant_4link,static_home,0,0.38785838525975863,0.25843939536303007,0,0,0,0,0.2739742726126459,0
64_56,64,teacher_2link,redundant_4link,target_ik,0,0.004329177155677949,0.002688300261152022,1,1,1,0,0.00014539988863354836,0
64_56,64,teacher_2link,redundant_4link,ejar_absolute,0,0.020674430774029227,0.011311857826672576,1,1,1,0,0.017847846586194153,0
64_56,64,teacher_2link,redundant_4link,ejar_residual_fallback,0,0.020674430774029227,0.011311857826672576,1,1,1,0,0.017847846586194153,0
64_57,64,short_2link,long_2link,raw_joint,0,0.23970479600386985,0.12257078848682354,0,0,0,0,0.0,0
64_57,64,short_2link,long_2link,normalized_copy,0,0.11181050264956538,0.05778712303977737,0,0,1,0,0.0,0
64_57,64,short_2link,long_2link,link_scaled,0,0.05489103692682196,0.027454971729286754,0,1,1,0,0.0,0
64_57,64,short_2link,long_2link,static_home,0,0.06802835176521368,0.03432374585444142,0,1,1,0,0.09772498966568734,0
64_57,64,short_2link,long_2link,target_ik,0,0.03913094330330636,0.012401793041735915,1,1,1,20,0.017445708081929034,0
64_57,64,short_2link,long_2link,ejar_absolute,0,0.0364765238955988,0.012855965528642644,1,1,1,0,0.03601743592045865,0
64_57,64,short_2link,long_2link,ejar_residual_fallback,0,0.0364765238955988,0.012855965528642644,1,1,1,0,0.03601743592045865,0
64_58,64,long_2link,needle_5link,raw_joint,0,0.13818289724633806,0.06987453171148687,0,0,1,0,0.0,0
64_58,64,long_2link,needle_5link,normalized_copy,0,0.27083752379026393,0.13204806745116301,0,0,0,0,0.0,0
64_58,64,long_2link,needle_5link,link_scaled,0,0.22895231894406537,0.10976697760179782,0,0,0,0,0.0,0
64_58,64,long_2link,needle_5link,static_home,0,0.3355606370044895,0.17011903933077593,0,0,0,0,0.4232306416968415,0
64_58,64,long_2link,needle_5link,target_ik,0,0.0011561425640087496,0.0006058237883549622,1,1,1,0,2.4068462182180116e-06,0
64_58,64,long_2link,needle_5link,ejar_absolute,0,0.0023066441769499253,0.0011031361212872313,1,1,1,0,0.0013678276149775353,0
64_58,64,long_2link,needle_5link,ejar_residual_fallback,0,0.0023066441769499253,0.0011031361212872313,1,1,1,0,0.0013678276149775353,0
64_59,64,wide_2link,heavy_3link,raw_joint,0,0.6776851856033823,0.4467305611913679,0,0,0,4,0.0,0
64_59,64,wide_2link,heavy_3link,normalized_copy,0,0.4832010567557749,0.31216157539455036,0,0,0,0,0.0,0
64_59,64,wide_2link,heavy_3link,link_scaled,0,0.3803555761227507,0.24538909749811944,0,0,0,0,0.0,0
64_59,64,wide_2link,heavy_3link,static_home,0,0.17260793735920174,0.11801550409332023,0,0,1,0,0.11018358186710572,0
64_59,64,wide_2link,heavy_3link,target_ik,0,0.0001286804364626893,9.139847896999907e-05,1,1,1,0,2.91644912614192e-06,0
64_59,64,wide_2link,heavy_3link,ejar_absolute,0,0.0007078968230905664,0.00048110017875924453,1,1,1,0,0.0007161431356644974,0
64_59,64,wide_2link,heavy_3link,ejar_residual_fallback,0,0.0007078968230905664,0.00048110017875924453,1,1,1,0,0.0007161431356644974,0
64_60,64,asym_3link,short_2link,raw_joint,0,0.13037743868028892,0.0734932589150098,0,0,1,0,0.0,0
64_60,64,asym_3link,short_2link,normalized_copy,0,0.2070342907890242,0.1161949259302901,0,0,0,0,0.0,0
64_60,64,asym_3link,short_2link,link_scaled,0,0.282499743209411,0.16170286358759922,0,0,0,0,0.0,0
64_60,64,asym_3link,short_2link,static_home,0,0.24359431302972048,0.12419577133386468,0,0,0,0,0.21162530047824957,0
64_60,64,asym_3link,short_2link,target_ik,0,0.0005037234139397875,0.00028631856313036957,1,1,1,0,1.852329421651519e-05,0
64_60,64,asym_3link,short_2link,ejar_absolute,0,0.002927124431596991,0.0015943552456321982,1,1,1,0,0.0034215161170386282,0
64_60,64,asym_3link,short_2link,ejar_residual_fallback,0,0.002927124431596991,0.0015943552456321982,1,1,1,0,0.0034215161170386282,0
64_61,64,heavy_3link,soft_5link,raw_joint,0,0.19539566470647926,0.0981679344965955,0,0,1,0,0.0,0
64_61,64,heavy_3link,soft_5link,normalized_copy,0,0.2715853078063083,0.13782110402013972,0,0,0,0,0.0,0
64_61,64,heavy_3link,soft_5link,link_scaled,0,0.3408260288394082,0.17333264843556598,0,0,0,0,0.0,0
64_61,64,heavy_3link,soft_5link,static_home,0,0.24613970920060366,0.12561952082967576,0,0,0,0,0.020243115797903968,0
64_61,64,heavy_3link,soft_5link,target_ik,0,0.0003946272849214553,0.00021768832770408984,1,1,1,0,1.9677823888808513e-05,0
64_61,64,heavy_3link,soft_5link,ejar_absolute,0,0.0028008948207336208,0.0015252252616700247,1,1,1,0,0.0030862917680550923,0
64_61,64,heavy_3link,soft_5link,ejar_residual_fallback,0,0.0028008948207336208,0.0015252252616700247,1,1,1,0,0.0030862917680550923,0
64_62,64,teacher_2link,asym_3link,raw_joint,0,0.5770410711822881,0.28956450621512614,0,0,0,0,0.0,0
64_62,64,teacher_2link,asym_3link,normalized_copy,0,0.5772914389045752,0.28828376821281154,0,0,0,0,0.0,0
64_62,64,teacher_2link,asym_3link,link_scaled,0,0.5978654260449064,0.29856629358574316,0,0,0,0,0.0,0
64_62,64,teacher_2link,asym_3link,static_home,0,0.4543867829202619,0.23013306902132868,0,0,0,0,0.42334534930610007,0
64_62,64,teacher_2link,asym_3link,target_ik,0,0.0012791732341047369,0.0006115065926527352,1,1,1,0,1.008953173406601e-05,0
64_62,64,teacher_2link,asym_3link,ejar_absolute,0,0.003286844993107576,0.001500127787897668,1,1,1,0,0.002281974827641703,0
64_62,64,teacher_2link,asym_3link,ejar_residual_fallback,0,0.003286844993107576,0.001500127787897668,1,1,1,0,0.002281974827641703,0
64_63,64,short_2link,large_6link,raw_joint,0,0.3219614723672901,0.15255134930592795,0,0,0,0,0.0,0
64_63,64,short_2link,large_6link,normalized_copy,0,0.18433123453397915,0.08716049759443051,0,0,1,0,0.0,0
64_63,64,short_2link,large_6link,link_scaled,0,0.090525561317968,0.05301058696368814,0,1,1,0,0.0,0
64_63,64,short_2link,large_6link,static_home,0,0.201232402807882,0.12521962812910278,0,0,0,0,0.11620824542587788,0
64_63,64,short_2link,large_6link,target_ik,0,0.00047109219163028146,0.00031065047241964517,1,1,1,0,2.608049548695691e-06,0
64_63,64,short_2link,large_6link,ejar_absolute,0,0.0009220553975711521,0.000670578955994339,1,1,1,0,0.000864729984041414,0
64_63,64,short_2link,large_6link,ejar_residual_fallback,0,0.0009220553975711521,0.000670578955994339,1,1,1,0,0.000864729984041414,0
64_64,64,long_2link,long_4link,raw_joint,0,0.1768572822482256,0.09015074130773723,0,0,1,0,0.0,0
64_64,64,long_2link,long_4link,normalized_copy,0,0.20883601920532593,0.10691276571571265,0,0,0,0,0.0,0
64_64,64,long_2link,long_4link,link_scaled,0,0.21238404781133124,0.10872051838017605,0,0,0,0,0.0,0
64_64,64,long_2link,long_4link,static_home,0,0.02631480972149534,0.013480235476102272,1,1,1,0,0.05474313505248829,0
64_64,64,long_2link,long_4link,target_ik,0,9.529691465900727e-05,4.712041666082098e-05,1,1,1,0,4.7351546766130545e-07,0
64_64,64,long_2link,long_4link,ejar_absolute,0,0.00012874245434736357,5.7730626315905e-05,1,1,1,0,9.94862451112311e-05,0
64_64,64,long_2link,long_4link,ejar_residual_fallback,0,0.00012874245434736357,5.7730626315905e-05,1,1,1,0,9.94862451112311e-05,0
64_65,64,wide_2link,wide_2link,raw_joint,0,0.14560943834958506,0.10461033092757807,0,0,1,0,0.0,0
64_65,64,wide_2link,wide_2link,normalized_copy,0,0.14560943834958506,0.10461033092757807,0,0,1,0,0.0,0
64_65,64,wide_2link,wide_2link,link_scaled,0,0.14560943834958506,0.10461033092757807,0,0,1,0,0.0,0
64_65,64,wide_2link,wide_2link,static_home,0,0.29356821847769543,0.20445241244549034,0,0,0,0,0.2149213902428415,0
64_65,64,wide_2link,wide_2link,target_ik,0,0.002253811863017337,0.0015873168542953364,1,1,1,0,4.8861737928943935e-05,0
64_65,64,wide_2link,wide_2link,ejar_absolute,0,0.005349737494735003,0.0031952633579515138,1,1,1,0,0.003852276996770495,0
64_65,64,wide_2link,wide_2link,ejar_residual_fallback,0,0.005349737494735003,0.0031952633579515138,1,1,1,0,0.003852276996770495,0
64_66,64,asym_3link,snake_6link,raw_joint,0,0.6310015027180422,0.33921721042135966,0,0,0,0,0.0,0
64_66,64,asym_3link,snake_6link,normalized_copy,0,0.43526839974314974,0.2302247545128551,0,0,0,0,0.0,0
64_66,64,asym_3link,snake_6link,link_scaled,0,0.4559374554432553,0.23994813931916056,0,0,0,0,0.0,0
64_66,64,asym_3link,snake_6link,static_home,0,0.19253650179469864,0.10371475698027685,0,0,1,0,0.13177230895383943,0
64_66,64,asym_3link,snake_6link,target_ik,0,0.0007913334482329651,0.0004635309122867434,1,1,1,0,1.6471984420103087e-05,0
64_66,64,asym_3link,snake_6link,ejar_absolute,0,0.0030192483690487525,0.001631139036752306,1,1,1,0,0.0031550804658593955,0
64_66,64,asym_3link,snake_6link,ejar_residual_fallback,0,0.0030192483690487525,0.001631139036752306,1,1,1,0,0.0031550804658593955,0
64_67,64,heavy_3link,redundant_4link,raw_joint,0,0.1506623120268344,0.07686387135506828,0,0,1,0,0.0,0
64_67,64,heavy_3link,redundant_4link,normalized_copy,0,0.16330786523203897,0.08345431206813486,0,0,1,0,0.0,0
64_67,64,heavy_3link,redundant_4link,link_scaled,0,0.1809509897124335,0.09450604743676866,0,0,1,0,0.0,0
64_67,64,heavy_3link,redundant_4link,static_home,0,0.28493397075643373,0.14659084991155097,0,0,0,0,0.2302666121737013,0
64_67,64,heavy_3link,redundant_4link,target_ik,0,0.00082864722077025,0.00045569135136520867,1,1,1,0,1.0004659148929606e-05,0
64_67,64,heavy_3link,redundant_4link,ejar_absolute,0,0.001417568795833685,0.0007711090957874681,1,1,1,0,0.002089847224551606,0
64_67,64,heavy_3link,redundant_4link,ejar_residual_fallback,0,0.001417568795833685,0.0007711090957874681,1,1,1,0,0.002089847224551606,0
64_68,64,teacher_2link,long_2link,raw_joint,1,0.06954254216865656,0.03828132914694078,0,1,1,2,0.0,0
64_68,64,teacher_2link,long_2link,normalized_copy,1,0.05846736818910698,0.03291601181984329,0,1,1,0,0.0,0
64_68,64,teacher_2link,long_2link,link_scaled,1,0.05208692316254858,0.029144922380140756,0,1,1,0,0.0,0
64_68,64,teacher_2link,long_2link,static_home,1,0.046836464363842735,0.02596264452228167,1,1,1,0,0.047054340790304565,0
64_68,64,teacher_2link,long_2link,target_ik,1,0.0011976673052320336,0.0010623490954062135,1,1,1,1,0.0007278701004603689,0
64_68,64,teacher_2link,long_2link,ejar_absolute,1,0.031702740734733614,0.02137142588394935,1,1,1,0,0.0321037171635579,0
64_68,64,teacher_2link,long_2link,ejar_residual_fallback,1,0.031702740734733614,0.02137142588394935,1,1,1,0,0.0321037171635579,0
64_69,64,short_2link,needle_5link,raw_joint,0,0.6482688661957124,0.3318288974245844,0,0,0,0,0.0,0
64_69,64,short_2link,needle_5link,normalized_copy,0,0.4738301306759295,0.25135729137649376,0,0,0,0,0.0,0
64_69,64,short_2link,needle_5link,link_scaled,0,0.3518767475220334,0.18446174041916835,0,0,0,0,0.0,0
64_69,64,short_2link,needle_5link,static_home,0,0.31915039296274894,0.16043318502567683,0,0,0,0,0.16891665910742448,0
64_69,64,short_2link,needle_5link,target_ik,0,0.19316358700929478,0.0868520814664761,0,0,1,57,0.11392101712395836,0
64_69,64,short_2link,needle_5link,ejar_absolute,0,0.18873765201483375,0.08561114318168858,0,0,1,0,0.18760717425685716,0
64_69,64,short_2link,needle_5link,ejar_residual_fallback,0,0.18873765201483375,0.08561114318168858,0,0,1,0,0.18760717425685716,0
64_70,64,long_2link,heavy_3link,raw_joint,0,0.3340306141328088,0.16532659898880964,0,0,0,0,0.0,0
64_70,64,long_2link,heavy_3link,normalized_copy,0,0.3599497466886762,0.1777833394712022,0,0,0,0,0.0,0
64_70,64,long_2link,heavy_3link,link_scaled,0,0.362625504600524,0.1790628671626513,0,0,0,0,0.0,0
64_70,64,long_2link,heavy_3link,static_home,0,0.23550392673091933,0.11877888753796335,0,0,0,0,0.10679516602857111,0
64_70,64,long_2link,heavy_3link,target_ik,0,0.0004585301874499055,0.00020717720602681086,1,1,1,0,7.416373279303787e-06,0
64_70,64,long_2link,heavy_3link,ejar_absolute,0,0.0019250092982375324,0.0008851889252742891,1,1,1,0,0.0015392068025017111,0
64_70,64,long_2link,heavy_3link,ejar_residual_fallback,0,0.0019250092982375324,0.0008851889252742891,1,1,1,0,0.0015392068025017111,0
64_71,64,wide_2link,short_2link,raw_joint,0,0.6379970480694812,0.29936314223498695,0,0,0,0,0.0,0
64_71,64,wide_2link,short_2link,normalized_copy,0,0.617682061243024,0.2666060767754178,0,0,0,0,0.0,0
64_71,64,wide_2link,short_2link,link_scaled,0,0.8188573605347461,0.3498039034374495,0,0,0,0,0.0,0
64_71,64,wide_2link,short_2link,static_home,0,0.3946437506536398,0.18797591560695218,0,0,0,0,0.20727167728666607,0
64_71,64,wide_2link,short_2link,target_ik,0,0.4062138160116182,0.1991071789216601,0,0,0,63,0.3752548117919592,0
64_71,64,wide_2link,short_2link,ejar_absolute,0,0.3423128590232248,0.162873222425341,0,0,0,0,0.34117670912404846,0
64_71,64,wide_2link,short_2link,ejar_residual_fallback,0,0.3423128590232248,0.162873222425341,0,0,0,0,0.34117670912404846,0
64_72,64,asym_3link,soft_5link,raw_joint,0,0.10389963496527917,0.05223457830851161,0,0,1,0,0.0,0
64_72,64,asym_3link,soft_5link,normalized_copy,0,0.09337804479730426,0.046829015126128054,0,1,1,0,0.0,0
64_72,64,asym_3link,soft_5link,link_scaled,0,0.09616150773068814,0.04821759723476352,0,1,1,0,0.0,0
64_72,64,asym_3link,soft_5link,static_home,0,0.052035835917156666,0.02637341962982606,0,1,1,0,0.04957420582553975,0
64_72,64,asym_3link,soft_5link,target_ik,0,2.3257812276983093e-05,1.1563620989122464e-05,1,1,1,0,2.5973669672358326e-06,0
64_72,64,asym_3link,soft_5link,ejar_absolute,0,0.00047871032063388276,0.0002394585899686197,1,1,1,0,0.0004643184449454658,0
64_72,64,asym_3link,soft_5link,ejar_residual_fallback,0,0.00047871032063388276,0.0002394585899686197,1,1,1,0,0.0004643184449454658,0
64_73,64,heavy_3link,asym_3link,raw_joint,0,0.09534922087238484,0.04284267272891053,0,1,1,0,0.0,0
64_73,64,heavy_3link,asym_3link,normalized_copy,0,0.037927369309618035,0.014835835665805108,1,1,1,0,0.0,0
64_73,64,heavy_3link,asym_3link,link_scaled,0,0.15400445265390264,0.08159359244971175,0,0,1,0,0.0,0
64_73,64,heavy_3link,asym_3link,static_home,0,0.1175348753773579,0.06006182130787656,0,0,1,0,0.2543413661760679,0
64_73,64,heavy_3link,asym_3link,target_ik,0,0.0006632437304783727,0.0003137664490208441,1,1,1,0,1.3746637377783484e-05,0
64_73,64,heavy_3link,asym_3link,ejar_absolute,0,0.0005229831642345726,0.0010394913833818098,1,1,1,0,0.0026823585255311426,0
64_73,64,heavy_3link,asym_3link,ejar_residual_fallback,0,0.0005229831642345726,0.0010394913833818098,1,1,1,0,0.0026823585255311426,0
64_74,64,teacher_2link,large_6link,raw_joint,0,0.06485605206605828,0.035317737612976456,0,1,1,0,0.0,0
64_74,64,teacher_2link,large_6link,normalized_copy,0,0.16447552342453703,0.08891169165007567,0,0,1,0,0.0,0
64_74,64,teacher_2link,large_6link,link_scaled,0,0.1808107302664804,0.09590189298744481,0,0,1,0,0.0,0
64_74,64,teacher_2link,large_6link,static_home,0,0.0971626653432079,0.04789612765357623,0,1,1,0,0.12436687038119132,0
64_74,64,teacher_2link,large_6link,target_ik,0,0.00031752216779796925,0.0001496723732136224,1,1,1,0,4.878647278997662e-06,0
64_74,64,teacher_2link,large_6link,ejar_absolute,0,0.001654495077205488,0.0007555462318764097,1,1,1,0,0.0013620792780950715,0
64_74,64,teacher_2link,large_6link,ejar_residual_fallback,0,0.001654495077205488,0.0007555462318764097,1,1,1,0,0.0013620792780950715,0
64_75,64,short_2link,long_4link,raw_joint,0,0.7298068275104742,0.42486218503387085,0,0,0,0,0.0,0
64_75,64,short_2link,long_4link,normalized_copy,0,0.5286814007168379,0.3020847073617771,0,0,0,0,0.0,0
64_75,64,short_2link,long_4link,link_scaled,0,0.37396602416944463,0.18127019104851413,0,0,0,0,0.0,0
64_75,64,short_2link,long_4link,static_home,0,0.4041579512680733,0.20436394184129908,0,0,0,0,0.4283164465509101,0
64_75,64,short_2link,long_4link,target_ik,0,0.0011853231108653359,0.0006001329891302257,1,1,1,0,2.004425107299254e-06,0
64_75,64,short_2link,long_4link,ejar_absolute,0,0.0018128516219326411,0.0008675851804661391,1,1,1,0,0.0007849489677530994,0
64_75,64,short_2link,long_4link,ejar_residual_fallback,0,0.0018128516219326411,0.0008675851804661391,1,1,1,0,0.0007849489677530994,0
64_76,64,long_2link,wide_2link,raw_joint,0,0.058979288373174746,0.0600231011295103,0,1,1,0,0.0,0
64_76,64,long_2link,wide_2link,normalized_copy,0,0.03650133584865688,0.030246211229295543,1,1,1,0,0.0,0
64_76,64,long_2link,wide_2link,link_scaled,0,0.07984730622601431,0.07102776010389168,0,1,1,0,0.0,0
64_76,64,long_2link,wide_2link,static_home,0,0.024699350738140752,0.016776836391643606,1,1,1,0,0.01770232515199919,0
64_76,64,long_2link,wide_2link,target_ik,0,0.0018637863988735025,0.0018372518327894026,1,1,1,1,0.000454790092458674,0
64_76,64,long_2link,wide_2link,ejar_absolute,0,0.0074239003503194755,0.006469550683332853,1,1,1,0,0.00790120602330163,0
64_76,64,long_2link,wide_2link,ejar_residual_fallback,0,0.0074239003503194755,0.006469550683332853,1,1,1,0,0.00790120602330163,0
64_77,64,wide_2link,snake_6link,raw_joint,0,1.1644357986437794,0.676382602573664,0,0,0,0,0.0,0
64_77,64,wide_2link,snake_6link,normalized_copy,0,0.7039590713109035,0.3626644158231108,0,0,0,0,0.0,0
64_77,64,wide_2link,snake_6link,link_scaled,0,0.6683549552765071,0.34368151738685626,0,0,0,0,0.0,0
64_77,64,wide_2link,snake_6link,static_home,0,0.24643656935265915,0.11912112198977245,0,0,0,0,0.2190603237414487,0
64_77,64,wide_2link,snake_6link,target_ik,0,0.0013944070713098988,0.0006261484517695366,1,1,1,0,2.702711107614608e-05,0
64_77,64,wide_2link,snake_6link,ejar_absolute,0,0.0075134289184189745,0.0031369133786847345,1,1,1,0,0.006593647144527296,0
64_77,64,wide_2link,snake_6link,ejar_residual_fallback,0,0.0075134289184189745,0.0031369133786847345,1,1,1,0,0.006593647144527296,0
64_78,64,asym_3link,redundant_4link,raw_joint,0,0.11816594047437887,0.060707210562993316,0,0,1,0,0.0,0
64_78,64,asym_3link,redundant_4link,normalized_copy,0,0.11717492865301357,0.05961002185396372,0,0,1,0,0.0,0
64_78,64,asym_3link,redundant_4link,link_scaled,0,0.1153244800110118,0.05862702360771134,0,0,1,0,0.0,0
64_78,64,asym_3link,redundant_4link,static_home,0,0.09599472348230932,0.048879647736001175,0,1,1,0,0.05583398875962493,0
64_78,64,asym_3link,redundant_4link,target_ik,0,3.4313694866467874e-05,1.7882740323221762e-05,1,1,1,0,2.09961528114217e-06,0
64_78,64,asym_3link,redundant_4link,ejar_absolute,0,0.00039326819394225137,0.0002022197056296296,1,1,1,0,0.000427180402679873,0
64_78,64,asym_3link,redundant_4link,ejar_residual_fallback,0,0.00039326819394225137,0.0002022197056296296,1,1,1,0,0.000427180402679873,0
64_79,64,heavy_3link,long_2link,raw_joint,0,0.07027552029935565,0.035618527640099165,0,1,1,0,0.0,0
64_79,64,heavy_3link,long_2link,normalized_copy,0,0.04178167436383704,0.02128025696062678,1,1,1,0,0.0,0
64_79,64,heavy_3link,long_2link,link_scaled,0,0.041724496807504695,0.021239344725282057,1,1,1,0,0.0,0
64_79,64,heavy_3link,long_2link,static_home,0,0.016609779066114317,0.008332447611894427,1,1,1,0,0.02805804840651607,0
64_79,64,heavy_3link,long_2link,target_ik,0,1.448022318218087e-05,7.221565835233307e-06,1,1,1,0,8.681494346649079e-07,0
64_79,64,heavy_3link,long_2link,ejar_absolute,0,0.0002756947760291317,0.0001366520853187166,1,1,1,0,0.00026337759419038675,0
64_79,64,heavy_3link,long_2link,ejar_residual_fallback,0,0.0002756947760291317,0.0001366520853187166,1,1,1,0,0.00026337759419038675,0
64_80,64,teacher_2link,needle_5link,raw_joint,0,0.5988436721042006,0.45632251861046497,0,0,0,18,0.0,0
64_80,64,teacher_2link,needle_5link,normalized_copy,0,0.4973727948927187,0.3857982215721955,0,0,0,0,0.0,0
64_80,64,teacher_2link,needle_5link,link_scaled,0,0.46906585457046235,0.3618392248531812,0,0,0,0,0.0,0
64_80,64,teacher_2link,needle_5link,static_home,0,0.26943084879918283,0.16854030950447263,0,0,0,0,0.17051842984509205,0
64_80,64,teacher_2link,needle_5link,target_ik,0,0.0008101869432057532,0.0005810141205043382,1,1,1,0,7.717524117886474e-06,0
64_80,64,teacher_2link,needle_5link,ejar_absolute,0,0.0035731694917478835,0.0020090318043520295,1,1,1,0,0.0028190287730901855,0
64_80,64,teacher_2link,needle_5link,ejar_residual_fallback,0,0.0035731694917478835,0.0020090318043520295,1,1,1,0,0.0028190287730901855,0
64_81,64,short_2link,heavy_3link,raw_joint,0,0.38680408448416276,0.3288998897885075,0,0,0,0,0.0,0
64_81,64,short_2link,heavy_3link,normalized_copy,0,0.3583297528895833,0.30920918495639005,0,0,0,0,0.0,0
64_81,64,short_2link,heavy_3link,link_scaled,0,0.1921475531802344,0.16282198302590314,0,0,1,0,0.0,0
64_81,64,short_2link,heavy_3link,static_home,0,0.11753128507820457,0.0762435398693789,0,0,1,0,0.10129029613357778,0
64_81,64,short_2link,heavy_3link,target_ik,0,0.0001858934090087002,0.00015170167381518314,1,1,1,0,4.3280821202237154e-06,0
64_81,64,short_2link,heavy_3link,ejar_absolute,0,0.00144086858208013,0.0009801013424154555,1,1,1,0,0.0012889180911908246,0
64_81,64,short_2link,heavy_3link,ejar_residual_fallback,0,0.00144086858208013,0.0009801013424154555,1,1,1,0,0.0012889180911908246,0
64_82,64,long_2link,short_2link,raw_joint,0,0.2328254654602848,0.11798546329298033,0,0,0,0,0.0,0
64_82,64,long_2link,short_2link,normalized_copy,0,0.15886109764504475,0.08536463306888532,0,0,1,0,0.0,0
64_82,64,long_2link,short_2link,link_scaled,0,0.270082148264378,0.14982395196750847,0,0,0,0,0.0,0
64_82,64,long_2link,short_2link,static_home,0,0.16559561667429937,0.08595915385951244,0,0,1,0,0.2670088135997988,0
64_82,64,long_2link,short_2link,target_ik,0,0.0012240159966773157,0.0006619388510359679,1,1,1,0,8.43161247919427e-06,0
64_82,64,long_2link,short_2link,ejar_absolute,0,0.0009942732036288644,0.0007477998457190943,1,1,1,0,0.0017138251560499776,0
64_82,64,long_2link,short_2link,ejar_residual_fallback,0,0.0009942732036288644,0.0007477998457190943,1,1,1,0,0.0017138251560499776,0
64_83,64,wide_2link,soft_5link,raw_joint,0,0.10766249231944187,0.05831002550468827,0,0,1,0,0.0,0
64_83,64,wide_2link,soft_5link,normalized_copy,0,0.149449171626481,0.06739009364598099,0,0,1,0,0.0,0
64_83,64,wide_2link,soft_5link,link_scaled,0,0.14545552359136926,0.06611957338914531,0,0,1,0,0.0,0
64_83,64,wide_2link,soft_5link,static_home,0,0.18216883713140572,0.09187093901910745,0,0,1,0,0.14436274273641372,0
64_83,64,wide_2link,soft_5link,target_ik,0,0.00022545885121656465,0.00010940067879628084,1,1,1,0,4.8634911197260866e-06,0
64_83,64,wide_2link,soft_5link,ejar_absolute,0,0.0011406900996059476,0.0005452075961093919,1,1,1,0,0.0009448594279004582,0
64_83,64,wide_2link,soft_5link,ejar_residual_fallback,0,0.0011406900996059476,0.0005452075961093919,1,1,1,0,0.0009448594279004582,0
64_84,64,asym_3link,asym_3link,raw_joint,0,0.05413416838895134,0.026652787195923726,0,1,1,0,0.0,0
64_84,64,asym_3link,asym_3link,normalized_copy,0,0.05413416838895134,0.026652787195923726,0,1,1,0,0.0,0
64_84,64,asym_3link,asym_3link,link_scaled,0,0.05413416838895134,0.026652787195923726,0,1,1,0,0.0,0
64_84,64,asym_3link,asym_3link,static_home,0,0.036794131827868067,0.018492762369262214,1,1,1,0,0.041521361949562303,0
64_84,64,asym_3link,asym_3link,target_ik,0,2.626082444100221e-05,1.3112872514883513e-05,1,1,1,0,7.277807689711596e-07,0
64_84,64,asym_3link,asym_3link,ejar_absolute,0,0.0002003874641186943,9.905101941793461e-05,1,1,1,0,0.00018581216268032731,0
64_84,64,asym_3link,asym_3link,ejar_residual_fallback,0,0.0002003874641186943,9.905101941793461e-05,1,1,1,0,0.00018581216268032731,0
64_85,64,heavy_3link,large_6link,raw_joint,1,0.3477979239577982,0.16915864905030287,0,0,0,0,0.0,0
64_85,64,heavy_3link,large_6link,normalized_copy,1,0.4048473743817513,0.19927196565887756,0,0,0,0,0.0,0
64_85,64,heavy_3link,large_6link,link_scaled,1,0.4056328808537493,0.199633259116468,0,0,0,0,0.0,0
64_85,64,heavy_3link,large_6link,static_home,1,0.26845811492535115,0.13602117815684905,0,0,0,0,0.2703883353842261,0
64_85,64,heavy_3link,large_6link,target_ik,1,0.26863852396761767,0.1358325652168333,0,0,0,58,0.08140518876923915,0
64_85,64,heavy_3link,large_6link,ejar_absolute,1,0.267324012588065,0.1347220012733215,0,0,0,0,0.2670462981705622,0
64_85,64,heavy_3link,large_6link,ejar_residual_fallback,1,0.267324012588065,0.1347220012733215,0,0,0,0,0.2670462981705622,0
64_86,64,teacher_2link,long_4link,raw_joint,0,0.04282250664199915,0.023123227906151372,1,1,1,0,0.0,0
64_86,64,teacher_2link,long_4link,normalized_copy,0,0.06715301218585168,0.03537373353684798,0,1,1,0,0.0,0
64_86,64,teacher_2link,long_4link,link_scaled,0,0.06441025665690893,0.033364938652844955,0,1,1,0,0.0,0
64_86,64,teacher_2link,long_4link,static_home,0,0.07759502435577359,0.03887233814664704,0,1,1,0,0.03746909079952067,0
64_86,64,teacher_2link,long_4link,target_ik,0,4.932703367397442e-05,2.4628315873342628e-05,1,1,1,0,2.206111885881574e-06,0
64_86,64,teacher_2link,long_4link,ejar_absolute,0,0.0003775274797941931,0.00019355291432915638,1,1,1,0,0.00041293049066789135,0
64_86,64,teacher_2link,long_4link,ejar_residual_fallback,0,0.0003775274797941931,0.00019355291432915638,1,1,1,0,0.00041293049066789135,0
64_87,64,short_2link,wide_2link,raw_joint,0,0.32514046620355536,0.1697919118163653,0,0,0,0,0.0,0
64_87,64,short_2link,wide_2link,normalized_copy,0,0.5273420382700452,0.2946542769977367,0,0,0,0,0.0,0
64_87,64,short_2link,wide_2link,link_scaled,0,0.43902475775955246,0.23932326493777065,0,0,0,0,0.0,0
64_87,64,short_2link,wide_2link,static_home,0,0.04265518348116232,0.02072651318886929,1,1,1,0,0.1075605635887587,0
64_87,64,short_2link,wide_2link,target_ik,0,0.00054384781485079,0.00021892274687187,1,1,1,0,1.6546460933618006e-05,0
64_87,64,short_2link,wide_2link,ejar_absolute,0,0.0014769285832002576,0.00047473039357672094,1,1,1,0,0.0010851313583782791,0
64_87,64,short_2link,wide_2link,ejar_residual_fallback,0,0.0014769285832002576,0.00047473039357672094,1,1,1,0,0.0010851313583782791,0
64_88,64,long_2link,snake_6link,raw_joint,0,0.5582986332422808,0.3570944424406599,0,0,0,0,0.0,0
64_88,64,long_2link,snake_6link,normalized_copy,0,0.6793818266603486,0.4305249482763821,0,0,0,0,0.0,0
64_88,64,long_2link,snake_6link,link_scaled,0,0.9231179552839665,0.5836314666793143,0,0,0,9,0.0,0
64_88,64,long_2link,snake_6link,static_home,0,0.3737999890104173,0.2454755204537099,0,0,0,0,0.17246946955508538,0
64_88,64,long_2link,snake_6link,target_ik,0,0.004440171037374725,0.002598669361175846,1,1,1,0,2.7424686840810173e-05,0
64_88,64,long_2link,snake_6link,ejar_absolute,0,0.010765570550253572,0.005478697404462475,1,1,1,0,0.0068872234858652895,0
64_88,64,long_2link,snake_6link,ejar_residual_fallback,0,0.010765570550253572,0.005478697404462475,1,1,1,0,0.0068872234858652895,0
64_89,64,wide_2link,redundant_4link,raw_joint,0,0.20680043584436425,0.18210215610377428,0,0,0,0,0.0,0
64_89,64,wide_2link,redundant_4link,normalized_copy,0,0.1195765754810731,0.10575376654618535,0,0,1,0,0.0,0
64_89,64,wide_2link,redundant_4link,link_scaled,0,0.11426226244536423,0.09676624130953536,0,0,1,0,0.0,0
64_89,64,wide_2link,redundant_4link,static_home,0,0.10653547250024936,0.05949826009378597,0,0,1,0,0.11497712840401544,0
64_89,64,wide_2link,redundant_4link,target_ik,0,0.00011381728088543612,6.521619001763445e-05,1,1,1,0,1.303702056105472e-06,0
64_89,64,wide_2link,redundant_4link,ejar_absolute,0,0.0001539842877643047,7.71869920306061e-05,1,1,1,0,0.0002715518305715048,0
64_89,64,wide_2link,redundant_4link,ejar_residual_fallback,0,0.0001539842877643047,7.71869920306061e-05,1,1,1,0,0.0002715518305715048,0
64_90,64,asym_3link,long_2link,raw_joint,0,0.15801559052899034,0.08176743049570996,0,0,1,0,0.0,0
64_90,64,asym_3link,long_2link,normalized_copy,0,0.15459066305134816,0.0796384327108562,0,0,1,0,0.0,0
64_90,64,asym_3link,long_2link,link_scaled,0,0.11711798034957928,0.06054669570552634,0,0,1,0,0.0,0
64_90,64,asym_3link,long_2link,static_home,0,0.109516749326226,0.0560249326448171,0,0,1,0,0.002800484041443839,0
64_90,64,asym_3link,long_2link,target_ik,0,8.689706800516525e-05,4.4192034855774394e-05,1,1,1,0,2.0407934935974386e-06,0
64_90,64,asym_3link,long_2link,ejar_absolute,0,0.0005845657881251163,0.0003032554573376991,1,1,1,0,0.0006439004188316242,0
64_90,64,asym_3link,long_2link,ejar_residual_fallback,0,0.0005845657881251163,0.0003032554573376991,1,1,1,0,0.0006439004188316242,0
64_91,64,heavy_3link,needle_5link,raw_joint,0,0.3681351552976412,0.14766609783744938,0,0,0,0,0.0,0
64_91,64,heavy_3link,needle_5link,normalized_copy,0,0.2553411378607914,0.10588887694450903,0,0,0,0,0.0,0
64_91,64,heavy_3link,needle_5link,link_scaled,0,0.33777487781567217,0.13374219013741467,0,0,0,0,0.0,0
64_91,64,heavy_3link,needle_5link,static_home,0,0.3630648162194926,0.18419090931054272,0,0,0,0,0.15915192632110697,0
64_91,64,heavy_3link,needle_5link,target_ik,0,0.0004618997735087448,0.0002101003567151602,1,1,1,0,5.6282459183211065e-06,0
64_91,64,heavy_3link,needle_5link,ejar_absolute,0,0.002269641600987724,0.0011243625771255583,1,1,1,0,0.002269382732342634,0
64_91,64,heavy_3link,needle_5link,ejar_residual_fallback,0,0.002269641600987724,0.0011243625771255583,1,1,1,0,0.002269382732342634,0
64_92,64,teacher_2link,heavy_3link,raw_joint,0,0.2377562603293028,0.14157747454284053,0,0,0,14,0.0,0
64_92,64,teacher_2link,heavy_3link,normalized_copy,0,0.1996462018572441,0.1412059364847209,0,0,1,0,0.0,0
64_92,64,teacher_2link,heavy_3link,link_scaled,0,0.1764962857125045,0.11817485717926028,0,0,1,0,0.0,0
64_92,64,teacher_2link,heavy_3link,static_home,0,0.19853931619198556,0.11520905397265235,0,0,1,0,0.05312337400134422,0
64_92,64,teacher_2link,heavy_3link,target_ik,0,0.06652071279550813,0.021298388662860438,0,1,1,21,0.026922150497454417,0
64_92,64,teacher_2link,heavy_3link,ejar_absolute,0,0.06639068125504496,0.022914634080937295,0,1,1,0,0.06415912685312099,0
64_92,64,teacher_2link,heavy_3link,ejar_residual_fallback,0,0.06639068125504496,0.022914634080937295,0,1,1,0,0.06415912685312099,0
64_93,64,short_2link,short_2link,raw_joint,0,0.40656339285103893,0.16974415093489778,0,0,0,0,0.0,0
64_93,64,short_2link,short_2link,normalized_copy,0,0.40656339285103893,0.16974415093489778,0,0,0,0,0.0,0
64_93,64,short_2link,short_2link,link_scaled,0,0.40656339285103893,0.16974415093489778,0,0,0,0,0.0,0
64_93,64,short_2link,short_2link,static_home,0,0.1918320389845368,0.09810261546528667,0,0,1,0,0.00449102833471504,0
64_93,64,short_2link,short_2link,target_ik,0,0.1918192471848993,0.101496141655797,0,0,1,63,0.15925180455319515,0
64_93,64,short_2link,short_2link,ejar_absolute,0,0.1673483988773465,0.08696580580189424,0,0,1,0,0.16731290203960758,0
64_93,64,short_2link,short_2link,ejar_residual_fallback,0,0.1673483988773465,0.08696580580189424,0,0,1,0,0.16731290203960758,0
64_94,64,long_2link,soft_5link,raw_joint,0,0.20520289045262155,0.11144268299243412,0,0,0,0,0.0,0
64_94,64,long_2link,soft_5link,normalized_copy,0,0.15776171899056246,0.09798557930210218,0,0,1,0,0.0,0
64_94,64,long_2link,soft_5link,link_scaled,0,0.24524643592867662,0.1521725058449112,0,0,0,0,0.0,0
64_94,64,long_2link,soft_5link,static_home,0,0.20757213583201561,0.11064812370520768,0,0,0,0,0.22096404542801323,0
64_94,64,long_2link,soft_5link,target_ik,0,0.0022432887159782593,0.001194584508520103,1,1,1,0,5.423673057973573e-06,0
64_94,64,long_2link,soft_5link,ejar_absolute,0,0.0017102156549333252,0.0008287587181900917,1,1,1,0,0.0011273466651140743,0
64_94,64,long_2link,soft_5link,ejar_residual_fallback,0,0.0017102156549333252,0.0008287587181900917,1,1,1,0,0.0011273466651140743,0
64_95,64,wide_2link,asym_3link,raw_joint,0,0.2816835301890339,0.22506107630293223,0,0,0,2,0.0,0
64_95,64,wide_2link,asym_3link,normalized_copy,0,0.22307876569311857,0.15543186346157695,0,0,0,0,0.0,0
64_95,64,wide_2link,asym_3link,link_scaled,0,0.20716251940855698,0.1429261869056924,0,0,0,0,0.0,0
64_95,64,wide_2link,asym_3link,static_home,0,0.09858553254760627,0.05323622583939292,0,1,1,0,0.08778764391052914,0
64_95,64,wide_2link,asym_3link,target_ik,0,0.0002729922274817165,0.00013800047968696148,1,1,1,0,1.4022400386367599e-05,0
64_95,64,wide_2link,asym_3link,ejar_absolute,0,0.002441364845822,0.0011580141395081205,1,1,1,0,0.002551062338469889,0
64_95,64,wide_2link,asym_3link,ejar_residual_fallback,0,0.002441364845822,0.0011580141395081205,1,1,1,0,0.002551062338469889,0
64_96,64,asym_3link,large_6link,raw_joint,0,0.25152007914981633,0.1395688753386714,0,0,0,0,0.0,0
64_96,64,asym_3link,large_6link,normalized_copy,0,0.20499227879345433,0.11013894090710541,0,0,0,0,0.0,0
64_96,64,asym_3link,large_6link,link_scaled,0,0.20449927921232658,0.10767188830859528,0,0,0,0,0.0,0
64_96,64,asym_3link,large_6link,static_home,0,0.08949242191147312,0.04510466152848157,0,1,1,0,0.1420889047226522,0
64_96,64,asym_3link,large_6link,target_ik,0,0.00026368013813755903,0.00013425935782482556,1,1,1,0,1.0393529310685254e-06,0
64_96,64,asym_3link,large_6link,ejar_absolute,0,0.00020324649242931038,0.00010491379478087462,1,1,1,0,0.00028367613651477216,0
64_96,64,asym_3link,large_6link,ejar_residual_fallback,0,0.00020324649242931038,0.00010491379478087462,1,1,1,0,0.00028367613651477216,0
64_97,64,heavy_3link,long_4link,raw_joint,0,0.34247108094034867,0.16184463078257605,0,0,0,0,0.0,0
64_97,64,heavy_3link,long_4link,normalized_copy,0,0.36558268950116674,0.17124485491784247,0,0,0,0,0.0,0
64_97,64,heavy_3link,long_4link,link_scaled,0,0.3734519698738662,0.17478018159868902,0,0,0,0,0.0,0
64_97,64,heavy_3link,long_4link,static_home,0,0.21467870303398454,0.10869739824903572,0,0,0,0,0.105865956622955,0
64_97,64,heavy_3link,long_4link,target_ik,0,0.00019508536108512483,9.752032162684172e-05,1,1,1,0,1.1193653687663566e-06,0
64_97,64,heavy_3link,long_4link,ejar_absolute,0,0.000376439234757144,0.00018810086872495505,1,1,1,0,0.00031549109442922165,0
64_97,64,heavy_3link,long_4link,ejar_residual_fallback,0,0.000376439234757144,0.00018810086872495505,1,1,1,0,0.00031549109442922165,0
64_98,64,teacher_2link,wide_2link,raw_joint,0,0.19452197537925317,0.11249417076850146,0,0,1,0,0.0,0
64_98,64,teacher_2link,wide_2link,normalized_copy,0,0.21803599554052747,0.13977452136468588,0,0,0,0,0.0,0
64_98,64,teacher_2link,wide_2link,link_scaled,0,0.23359007321004657,0.15168442357197898,0,0,0,0,0.0,0
64_98,64,teacher_2link,wide_2link,static_home,0,0.20321790903173065,0.11225850580616978,0,0,0,0,0.09180677188328237,0
64_98,64,teacher_2link,wide_2link,target_ik,0,0.00023312236421903717,0.00015291722704365802,1,1,1,0,6.952176732449907e-06,0
64_98,64,teacher_2link,wide_2link,ejar_absolute,0,0.0004804692114998171,0.00029655874238367156,1,1,1,0,0.000534945453240127,0
64_98,64,teacher_2link,wide_2link,ejar_residual_fallback,0,0.0004804692114998171,0.00029655874238367156,1,1,1,0,0.000534945453240127,0
64_99,64,short_2link,snake_6link,raw_joint,0,0.3182964958274694,0.16422288260189244,0,0,0,0,0.0,0
64_99,64,short_2link,snake_6link,normalized_copy,0,0.388159848111904,0.20764597447889097,0,0,0,0,0.0,0
64_99,64,short_2link,snake_6link,link_scaled,0,0.3406032768729053,0.17971208990502735,0,0,0,0,0.0,0
64_99,64,short_2link,snake_6link,static_home,0,0.3354239009350962,0.1663534867644337,0,0,0,0,0.05131727264501014,0
64_99,64,short_2link,snake_6link,target_ik,0,0.18163477340688214,0.06293742084969939,0,0,1,36,0.0833494222181301,0
64_99,64,short_2link,snake_6link,ejar_absolute,0,0.1797910618540422,0.0689783685159821,0,0,1,0,0.17795864441611708,0
64_99,64,short_2link,snake_6link,ejar_residual_fallback,0,0.1797910618540422,0.0689783685159821,0,0,1,0,0.17795864441611708,0
64_100,64,long_2link,redundant_4link,raw_joint,0,0.44374711499582276,0.19361182132957383,0,0,0,0,0.0,0
64_100,64,long_2link,redundant_4link,normalized_copy,0,0.6021414010797898,0.25723672962997907,0,0,0,0,0.0,0
64_100,64,long_2link,redundant_4link,link_scaled,0,0.7737985176855254,0.32282826727253827,0,0,0,0,0.0,0
64_100,64,long_2link,redundant_4link,static_home,0,0.17325632033880742,0.08634125274633334,0,0,1,0,0.1761906409295798,0
64_100,64,long_2link,redundant_4link,target_ik,0,0.000427359693216096,0.00019337949009687528,1,1,1,0,6.2534903582371086e-06,0
64_100,64,long_2link,redundant_4link,ejar_absolute,0,0.0014596275764846177,0.0006441566993112642,1,1,1,0,0.0011145141846410414,0
64_100,64,long_2link,redundant_4link,ejar_residual_fallback,0,0.0014596275764846177,0.0006441566993112642,1,1,1,0,0.0011145141846410414,0
64_101,64,wide_2link,long_2link,raw_joint,0,0.15877475287983325,0.08254770529099997,0,0,1,0,0.0,0
64_101,64,wide_2link,long_2link,normalized_copy,0,0.20306440878119697,0.10423363706678121,0,0,0,0,0.0,0
64_101,64,wide_2link,long_2link,link_scaled,0,0.15839325689442965,0.0811016382691889,0,0,1,0,0.0,0
64_101,64,wide_2link,long_2link,static_home,0,0.13125414111316425,0.06655615828590025,0,0,1,0,0.08191989325692106,0
64_101,64,wide_2link,long_2link,target_ik,0,8.015022046638481e-05,4.0598455846567667e-05,1,1,1,0,1.3351256018365437e-06,0
64_101,64,wide_2link,long_2link,ejar_absolute,0,0.00039742312640931405,0.00020589382653132094,1,1,1,0,0.00043917735514440825,0
64_101,64,wide_2link,long_2link,ejar_residual_fallback,0,0.00039742312640931405,0.00020589382653132094,1,1,1,0,0.00043917735514440825,0
64_102,64,asym_3link,needle_5link,raw_joint,1,0.05176116152878374,0.026663176683869402,0,1,1,0,0.0,0
64_102,64,asym_3link,needle_5link,normalized_copy,1,0.037808374486302906,0.01941033381018475,1,1,1,0,0.0,0
64_102,64,asym_3link,needle_5link,link_scaled,1,0.0362550491951603,0.018547243428390373,1,1,1,0,0.0,0
64_102,64,asym_3link,needle_5link,static_home,1,0.03655512133399573,0.018548789242522623,1,1,1,0,0.037941246288688286,0
64_102,64,asym_3link,needle_5link,target_ik,1,0.0008742871875131525,0.0007319184147886063,1,1,1,0,0.0001664224197139032,0
64_102,64,asym_3link,needle_5link,ejar_absolute,1,0.017451435191397604,0.01208159190148756,1,1,1,0,0.017760175143295615,0
64_102,64,asym_3link,needle_5link,ejar_residual_fallback,1,0.017451435191397604,0.01208159190148756,1,1,1,0,0.017760175143295615,0
64_103,64,heavy_3link,heavy_3link,raw_joint,0,0.39691860092100256,0.21048725596847773,0,0,0,0,0.0,0
64_103,64,heavy_3link,heavy_3link,normalized_copy,0,0.39691860092100256,0.21048725596847773,0,0,0,0,0.0,0
64_103,64,heavy_3link,heavy_3link,link_scaled,0,0.39691860092100256,0.21048725596847773,0,0,0,0,0.0,0
64_103,64,heavy_3link,heavy_3link,static_home,0,0.3988011734694955,0.2050852212476319,0,0,0,0,0.03568370230950284,0
64_103,64,heavy_3link,heavy_3link,target_ik,0,0.00045657969251582445,0.00024458177798608263,1,1,1,0,5.16156695395147e-06,0
64_103,64,heavy_3link,heavy_3link,ejar_absolute,0,0.0011425987017763019,0.000592242527687436,1,1,1,0,0.0015197407069817146,0
64_103,64,heavy_3link,heavy_3link,ejar_residual_fallback,0,0.0011425987017763019,0.000592242527687436,1,1,1,0,0.0015197407069817146,0
64_104,64,teacher_2link,short_2link,raw_joint,0,0.2624095699914768,0.13371870121824664,0,0,0,0,0.0,0
64_104,64,teacher_2link,short_2link,normalized_copy,0,0.267971750280266,0.13588592533560923,0,0,0,0,0.0,0
64_104,64,teacher_2link,short_2link,link_scaled,0,0.31931057838375904,0.1636892944223683,0,0,0,0,0.0,0
64_104,64,teacher_2link,short_2link,static_home,0,0.24472449751570802,0.12424224336643666,0,0,0,0,0.2357019295719975,0
64_104,64,teacher_2link,short_2link,target_ik,0,0.001240609498876313,0.0007907316450213389,1,1,1,0,3.600324711044996e-05,0
64_104,64,teacher_2link,short_2link,ejar_absolute,0,0.005518467959712164,0.0033575296478457342,1,1,1,0,0.0067247448085001205,0
64_104,64,teacher_2link,short_2link,ejar_residual_fallback,0,0.005518467959712164,0.0033575296478457342,1,1,1,0,0.0067247448085001205,0
64_105,64,short_2link,soft_5link,raw_joint,0,0.3913035281016752,0.27857382142372705,0,0,0,0,0.0,0
64_105,64,short_2link,soft_5link,normalized_copy,0,0.41750355114694215,0.3147119838618975,0,0,0,0,0.0,0
64_105,64,short_2link,soft_5link,link_scaled,0,0.3028267997554377,0.22384672936284644,0,0,0,0,0.0,0
64_105,64,short_2link,soft_5link,static_home,0,0.21199048681046095,0.12244834568568036,0,0,0,0,0.1207951443554448,0
64_105,64,short_2link,soft_5link,target_ik,0,0.000866633961438712,0.0004909705958437565,1,1,1,0,2.223662800808618e-05,0
64_105,64,short_2link,soft_5link,ejar_absolute,0,0.004580628066495256,0.002329770828647406,1,1,1,0,0.003842743494887065,0
64_105,64,short_2link,soft_5link,ejar_residual_fallback,0,0.004580628066495256,0.002329770828647406,1,1,1,0,0.003842743494887065,0
64_106,64,long_2link,asym_3link,raw_joint,0,0.2980799714742443,0.12522062534445777,0,0,0,0,0.0,0
64_106,64,long_2link,asym_3link,normalized_copy,0,0.34409241253816814,0.13213813092639703,0,0,0,0,0.0,0
64_106,64,long_2link,asym_3link,link_scaled,0,0.464971391753155,0.1577178066169668,0,0,0,0,0.0,0
64_106,64,long_2link,asym_3link,static_home,0,0.23323855015660183,0.1172288714531847,0,0,0,0,0.2605743648333103,0
64_106,64,long_2link,asym_3link,target_ik,0,0.0012173380687883107,0.0005998105212056267,1,1,1,0,1.3019503671747356e-05,0
64_106,64,long_2link,asym_3link,ejar_absolute,0,0.003316102070689815,0.0015301273466442385,1,1,1,0,0.00226874773623561,0
64_106,64,long_2link,asym_3link,ejar_residual_fallback,0,0.003316102070689815,0.0015301273466442385,1,1,1,0,0.00226874773623561,0
64_107,64,wide_2link,large_6link,raw_joint,0,0.3444105197857365,0.17988751991425833,0,0,0,0,0.0,0
64_107,64,wide_2link,large_6link,normalized_copy,0,0.21313348828654236,0.1082501823740857,0,0,0,0,0.0,0
64_107,64,wide_2link,large_6link,link_scaled,0,0.19723718270589924,0.10029096463359852,0,0,1,0,0.0,0
64_107,64,wide_2link,large_6link,static_home,0,0.2474961923635369,0.12444318337643046,0,0,0,0,0.06300164483205763,0
64_107,64,wide_2link,large_6link,target_ik,0,0.0002567231246628094,0.00013556674546926997,1,1,1,0,2.7589229932284705e-06,0
64_107,64,wide_2link,large_6link,ejar_absolute,0,0.000988807447407609,0.0004876252056406446,1,1,1,0,0.0008416931991339048,0
64_107,64,wide_2link,large_6link,ejar_residual_fallback,0,0.000988807447407609,0.0004876252056406446,1,1,1,0,0.0008416931991339048,0
64_108,64,asym_3link,long_4link,raw_joint,0,1.5424617583026998,0.8465703623908896,0,0,0,0,0.0,0
64_108,64,asym_3link,long_4link,normalized_copy,0,1.3130048931441973,0.7161506832591109,0,0,0,0,0.0,0
64_108,64,asym_3link,long_4link,link_scaled,0,1.1557398251393913,0.61929471911992,0,0,0,0,0.0,0
64_108,64,asym_3link,long_4link,static_home,0,0.61649776451853,0.31286502093010843,0,0,0,0,0.6873676109097644,0
64_108,64,asym_3link,long_4link,target_ik,0,0.13743910023573594,0.025381665949422594,0,0,1,17,0.10656638867703512,0
64_108,64,asym_3link,long_4link,ejar_absolute,0,0.10435911184301071,0.020662615818028654,0,0,1,0,0.09880332075288643,0
64_108,64,asym_3link,long_4link,ejar_residual_fallback,0,0.10435911184301071,0.020662615818028654,0,0,1,0,0.09880332075288643,0
64_109,64,heavy_3link,wide_2link,raw_joint,0,0.18938449155434714,0.08721845206526793,0,0,1,0,0.0,0
64_109,64,heavy_3link,wide_2link,normalized_copy,0,0.17919743050774922,0.07859190499407803,0,0,1,0,0.0,0
64_109,64,heavy_3link,wide_2link,link_scaled,0,0.27474150438046635,0.11199239806972597,0,0,0,0,0.0,0
64_109,64,heavy_3link,wide_2link,static_home,0,0.24691453205840555,0.12231058183081843,0,0,0,0,0.0008746701510823599,0
64_109,64,heavy_3link,wide_2link,target_ik,0,0.018749042637324135,0.001684670365250332,1,1,1,5,0.007462540397408519,0
64_109,64,heavy_3link,wide_2link,ejar_absolute,0,0.01858634324148555,0.0034155670879343412,1,1,1,0,0.015070372348360275,0
64_109,64,heavy_3link,wide_2link,ejar_residual_fallback,0,0.01858634324148555,0.0034155670879343412,1,1,1,0,0.015070372348360275,0
64_110,64,teacher_2link,snake_6link,raw_joint,0,0.14693875689275077,0.0713166026561932,0,0,1,0,0.0,0
64_110,64,teacher_2link,snake_6link,normalized_copy,0,0.14829152652771513,0.07197238650903362,0,0,1,0,0.0,0
64_110,64,teacher_2link,snake_6link,link_scaled,0,0.1546125281404948,0.07496143535599314,0,0,1,0,0.0,0
64_110,64,teacher_2link,snake_6link,static_home,0,0.03601582755917863,0.017819918853069987,1,1,1,0,0.006824324988389216,0
64_110,64,teacher_2link,snake_6link,target_ik,0,5.5553147351344086e-05,2.7739141861601876e-05,1,1,1,0,1.391716543734625e-06,0
64_110,64,teacher_2link,snake_6link,ejar_absolute,0,0.00030854313014129725,0.0001489974059326357,1,1,1,0,0.0002646928428511525,0
64_110,64,teacher_2link,snake_6link,ejar_residual_fallback,0,0.00030854313014129725,0.0001489974059326357,1,1,1,0,0.0002646928428511525,0
64_111,64,short_2link,redundant_4link,raw_joint,0,0.5666652262906707,0.36331659987417225,0,0,0,0,0.0,0
64_111,64,short_2link,redundant_4link,normalized_copy,0,0.8301862770448595,0.5242182506182653,0,0,0,0,0.0,0
64_111,64,short_2link,redundant_4link,link_scaled,0,0.5846920220861271,0.3616977019552367,0,0,0,0,0.0,0
64_111,64,short_2link,redundant_4link,static_home,0,0.2619198275373724,0.19054191220407934,0,0,0,0,0.08618092816186458,0
64_111,64,short_2link,redundant_4link,target_ik,0,0.0003605231643912377,0.0002469212636600173,1,1,1,0,8.295273803985125e-06,0
64_111,64,short_2link,redundant_4link,ejar_absolute,0,0.0017160153664384683,0.0011849237821160354,1,1,1,0,0.0015115517755071141,0
64_111,64,short_2link,redundant_4link,ejar_residual_fallback,0,0.0017160153664384683,0.0011849237821160354,1,1,1,0,0.0015115517755071141,0
64_112,64,long_2link,long_2link,raw_joint,0,0.13774617764038843,0.06193195045547378,0,0,1,0,0.0,0
64_112,64,long_2link,long_2link,normalized_copy,0,0.13774617764038843,0.06193195045547378,0,0,1,0,0.0,0
64_112,64,long_2link,long_2link,link_scaled,0,0.13774617764038843,0.06193195045547378,0,0,1,0,0.0,0
64_112,64,long_2link,long_2link,static_home,0,0.18525321158427033,0.10001125271235187,0,0,1,0,0.04338691027001678,0
64_112,64,long_2link,long_2link,target_ik,0,0.00035056198979743926,0.00017662009420757943,1,1,1,0,6.853879632860805e-06,0
64_112,64,long_2link,long_2link,ejar_absolute,0,0.002497972297439594,0.0012320435238660215,1,1,1,0,0.002165658205574481,0
64_112,64,long_2link,long_2link,ejar_residual_fallback,0,0.002497972297439594,0.0012320435238660215,1,1,1,0,0.002165658205574481,0
64_113,64,wide_2link,needle_5link,raw_joint,0,0.05430494328840117,0.027744500842013756,0,1,1,0,0.0,0
64_113,64,wide_2link,needle_5link,normalized_copy,0,0.07605091370387429,0.03299874668524992,0,1,1,0,0.0,0
64_113,64,wide_2link,needle_5link,link_scaled,0,0.07212920697733195,0.03178777463993216,0,1,1,0,0.0,0
64_113,64,wide_2link,needle_5link,static_home,0,0.08154734087813315,0.041986607201072675,0,1,1,0,0.05683131208882522,0
64_113,64,wide_2link,needle_5link,target_ik,0,8.178166401950156e-05,4.090346281864349e-05,1,1,1,0,8.015020146498551e-06,0
64_113,64,wide_2link,needle_5link,ejar_absolute,0,0.002682444151472694,0.001295024258433941,1,1,1,0,0.0026302353526748406,0
64_113,64,wide_2link,needle_5link,ejar_residual_fallback,0,0.002682444151472694,0.001295024258433941,1,1,1,0,0.0026302353526748406,0
64_114,64,asym_3link,heavy_3link,raw_joint,0,0.22227189047068102,0.12084015490216841,0,0,0,0,0.0,0
64_114,64,asym_3link,heavy_3link,normalized_copy,0,0.20847418130460452,0.11222538875124446,0,0,0,0,0.0,0
64_114,64,asym_3link,heavy_3link,link_scaled,0,0.2026067980125935,0.10725856026326952,0,0,0,0,0.0,0
64_114,64,asym_3link,heavy_3link,static_home,0,0.16415605746745954,0.08472066464986716,0,0,1,0,0.009818353059856596,0
64_114,64,asym_3link,heavy_3link,target_ik,0,0.0003994217803387354,0.00021630655806255183,1,1,1,0,8.307317188996143e-06,0
64_114,64,asym_3link,heavy_3link,ejar_absolute,0,0.002154450070461422,0.0011728960476804304,1,1,1,0,0.00246642511230775,0
64_114,64,asym_3link,heavy_3link,ejar_residual_fallback,0,0.002154450070461422,0.0011728960476804304,1,1,1,0,0.00246642511230775,0
64_115,64,heavy_3link,short_2link,raw_joint,0,0.9558167113313378,0.4897808578291275,0,0,0,0,0.0,0
64_115,64,heavy_3link,short_2link,normalized_copy,0,1.2456763959436594,0.6580847168927664,0,0,0,0,0.0,0
64_115,64,heavy_3link,short_2link,link_scaled,0,1.7090361294521932,0.961668277122075,0,0,0,0,0.0,0
64_115,64,heavy_3link,short_2link,static_home,0,0.9651239649173751,0.4917871813050309,0,0,0,0,0.541840625845179,0
64_115,64,heavy_3link,short_2link,target_ik,0,0.004314580202526818,0.0021018382931071973,1,1,1,0,2.5138978827763037e-05,0
64_115,64,heavy_3link,short_2link,ejar_absolute,0,0.006941035193505609,0.002423646604570332,1,1,1,0,0.004042383270854398,0
64_115,64,heavy_3link,short_2link,ejar_residual_fallback,0,0.006941035193505609,0.002423646604570332,1,1,1,0,0.004042383270854398,0
64_116,64,teacher_2link,soft_5link,raw_joint,0,0.6668051790400714,0.34892387775653844,0,0,0,0,0.0,0
64_116,64,teacher_2link,soft_5link,normalized_copy,0,0.7417380387298319,0.3894091809955253,0,0,0,0,0.0,0
64_116,64,teacher_2link,soft_5link,link_scaled,0,0.7658896962225813,0.40244123909688334,0,0,0,0,0.0,0
64_116,64,teacher_2link,soft_5link,static_home,0,0.17137158045729206,0.08296410487884748,0,0,1,0,0.27522221836386007,0
64_116,64,teacher_2link,soft_5link,target_ik,0,0.0031740016190928005,0.001193274145569884,1,1,1,0,3.165657864587893e-05,0
64_116,64,teacher_2link,soft_5link,ejar_absolute,0,0.009300549730457077,0.0028711454266283,1,1,1,0,0.006689237201632134,0
64_116,64,teacher_2link,soft_5link,ejar_residual_fallback,0,0.009300549730457077,0.0028711454266283,1,1,1,0,0.006689237201632134,0
64_117,64,short_2link,asym_3link,raw_joint,0,0.1914670361871419,0.09062808927868654,0,0,1,0,0.0,0
64_117,64,short_2link,asym_3link,normalized_copy,0,0.13372444508885387,0.056102288682751744,0,0,1,0,0.0,0
64_117,64,short_2link,asym_3link,link_scaled,0,0.13781330566644054,0.06384956785499714,0,0,1,0,0.0,0
64_117,64,short_2link,asym_3link,static_home,0,0.1748443477177543,0.09135704607917239,0,0,1,0,0.1633188549529824,0
64_117,64,short_2link,asym_3link,target_ik,0,0.00030892553721049477,0.00015389883634629452,1,1,1,0,7.738973552831014e-06,0
64_117,64,short_2link,asym_3link,ejar_absolute,0,0.001817195000094809,0.0008933854234101865,1,1,1,0,0.0015593975847113212,0
64_117,64,short_2link,asym_3link,ejar_residual_fallback,0,0.001817195000094809,0.0008933854234101865,1,1,1,0,0.0015593975847113212,0
64_118,64,long_2link,large_6link,raw_joint,0,0.29823708541681343,0.1426410102077204,0,0,0,0,0.0,0
64_118,64,long_2link,large_6link,normalized_copy,0,0.23889155293805547,0.1122153015232946,0,0,0,0,0.0,0
64_118,64,long_2link,large_6link,link_scaled,0,0.236163749152967,0.11063223564369651,0,0,0,0,0.0,0
64_118,64,long_2link,large_6link,static_home,0,0.23342666262172787,0.11875079253681248,0,0,0,0,0.31267657481643063,0
64_118,64,long_2link,large_6link,target_ik,0,0.0011279982883607743,0.0005357254629548528,1,1,1,0,2.4344308313220915e-06,0
64_118,64,long_2link,large_6link,ejar_absolute,0,0.0014108385380682488,0.000644233402061924,1,1,1,0,0.0005699969336088841,0
64_118,64,long_2link,large_6link,ejar_residual_fallback,0,0.0014108385380682488,0.000644233402061924,1,1,1,0,0.0005699969336088841,0
64_119,64,wide_2link,long_4link,raw_joint,1,0.48484289763242266,0.33103844241747504,0,0,0,0,0.0,0
64_119,64,wide_2link,long_4link,normalized_copy,1,0.14518946065357452,0.09449313497795747,0,0,1,0,0.0,0
64_119,64,wide_2link,long_4link,link_scaled,1,0.1334859471762714,0.08544383250678783,0,0,1,0,0.0,0
64_119,64,wide_2link,long_4link,static_home,1,0.1113153978145565,0.07139838129513333,0,0,1,0,0.11163768641410812,0
64_119,64,wide_2link,long_4link,target_ik,1,0.11090333827086417,0.07187109886178686,0,0,1,21,0.02698321485227117,0
64_119,64,wide_2link,long_4link,ejar_absolute,1,0.11081608851109487,0.07089869089184597,0,0,1,0,0.11067820968283253,0
64_119,64,wide_2link,long_4link,ejar_residual_fallback,1,0.11081608851109487,0.07089869089184597,0,0,1,0,0.11067820968283253,0
64_120,64,asym_3link,wide_2link,raw_joint,0,0.15495296553599738,0.08042984480723683,0,0,1,0,0.0,0
64_120,64,asym_3link,wide_2link,normalized_copy,0,0.08690859858973718,0.040833584434216946,0,1,1,0,0.0,0
64_120,64,asym_3link,wide_2link,link_scaled,0,0.10766314612105561,0.0490419383231413,0,0,1,0,0.0,0
64_120,64,asym_3link,wide_2link,static_home,0,0.2669904141673408,0.13629347014413604,0,0,0,0,0.12215282084518352,0
64_120,64,asym_3link,wide_2link,target_ik,0,0.0009453009405102081,0.0005194034450834893,1,1,1,0,2.3508283026254752e-05,0
64_120,64,asym_3link,wide_2link,ejar_absolute,0,0.0015997802726611349,0.0008536996620060188,1,1,1,0,0.0020856661757567988,0
64_120,64,asym_3link,wide_2link,ejar_residual_fallback,0,0.0015997802726611349,0.0008536996620060188,1,1,1,0,0.0020856661757567988,0
64_121,64,heavy_3link,snake_6link,raw_joint,0,0.3438761336102398,0.13618170974188992,0,0,0,0,0.0,0
64_121,64,heavy_3link,snake_6link,normalized_copy,0,0.3451725451796765,0.13783743960404843,0,0,0,0,0.0,0
64_121,64,heavy_3link,snake_6link,link_scaled,0,0.4505856726230272,0.15916179403294553,0,0,0,2,0.0,0
64_121,64,heavy_3link,snake_6link,static_home,0,0.28128718493304405,0.14259073574385778,0,0,0,0,0.2812410795754248,0
64_121,64,heavy_3link,snake_6link,target_ik,0,0.000330756998874306,0.0002092847599278933,1,1,1,0,9.517747269549883e-06,0
64_121,64,heavy_3link,snake_6link,ejar_absolute,0,0.003079442897411591,0.0013984010521932528,1,1,1,0,0.002454308866543535,0
64_121,64,heavy_3link,snake_6link,ejar_residual_fallback,0,0.003079442897411591,0.0013984010521932528,1,1,1,0,0.002454308866543535,0
64_122,64,teacher_2link,redundant_4link,raw_joint,0,0.19524257070341058,0.10814550895188581,0,0,1,0,0.0,0
64_122,64,teacher_2link,redundant_4link,normalized_copy,0,0.27331535217208336,0.14930535599693412,0,0,0,0,0.0,0
64_122,64,teacher_2link,redundant_4link,link_scaled,0,0.27331535217208336,0.14930535599693412,0,0,0,0,0.0,0
64_122,64,teacher_2link,redundant_4link,static_home,0,0.17852004050146889,0.08583282245897264,0,0,1,0,0.06692867181883808,0
64_122,64,teacher_2link,redundant_4link,target_ik,0,0.011674056616108671,0.001204033141905223,1,1,1,3,0.00792226073065996,0
64_122,64,teacher_2link,redundant_4link,ejar_absolute,0,0.017820017530579418,0.004755284659428644,1,1,1,0,0.015669563426713808,0
64_122,64,teacher_2link,redundant_4link,ejar_residual_fallback,0,0.017820017530579418,0.004755284659428644,1,1,1,0,0.015669563426713808,0
64_123,64,short_2link,long_2link,raw_joint,0,0.39200780693442666,0.2579430441201893,0,0,0,0,0.0,0
64_123,64,short_2link,long_2link,normalized_copy,0,0.14638562453271528,0.09730522528807192,0,0,1,0,0.0,0
64_123,64,short_2link,long_2link,link_scaled,0,0.16680872411612088,0.07761011236148768,0,0,1,0,0.0,0
64_123,64,short_2link,long_2link,static_home,0,0.2744834128392296,0.14192192420199748,0,0,0,0,0.07574921816842865,0
64_123,64,short_2link,long_2link,target_ik,0,0.000861444829651314,0.0005264034018135148,1,1,1,0,9.24110423559081e-06,0
64_123,64,short_2link,long_2link,ejar_absolute,0,0.0021351817623643608,0.0012135385625043431,1,1,1,0,0.0029313080957000283,0
64_123,64,short_2link,long_2link,ejar_residual_fallback,0,0.0021351817623643608,0.0012135385625043431,1,1,1,0,0.0029313080957000283,0
64_124,64,long_2link,needle_5link,raw_joint,0,0.569464873877619,0.42159951833199394,0,0,0,0,0.0,0
64_124,64,long_2link,needle_5link,normalized_copy,0,0.5848332958379204,0.42882793405027964,0,0,0,0,0.0,0
64_124,64,long_2link,needle_5link,link_scaled,0,0.6738523808663747,0.5012594818435372,0,0,0,2,0.0,0
64_124,64,long_2link,needle_5link,static_home,0,0.17977084975972327,0.12568299270860345,0,0,1,0,0.16536544296799544,0
64_124,64,long_2link,needle_5link,target_ik,0,0.0011628208749346442,0.0007881993219577187,1,1,1,0,1.3795060644501796e-05,0
64_124,64,long_2link,needle_5link,ejar_absolute,0,0.006043492542870336,0.003821105897117103,1,1,1,0,0.005109196720728151,0
64_124,64,long_2link,needle_5link,ejar_residual_fallback,0,0.006043492542870336,0.003821105897117103,1,1,1,0,0.005109196720728151,0
64_125,64,wide_2link,heavy_3link,raw_joint,0,0.2424600119096628,0.09211166386293113,0,0,0,0,0.0,0
64_125,64,wide_2link,heavy_3link,normalized_copy,0,0.1351418379731836,0.05693824902023874,0,0,1,0,0.0,0
64_125,64,wide_2link,heavy_3link,link_scaled,0,0.09429260035348716,0.03995062572386038,0,1,1,0,0.0,0
64_125,64,wide_2link,heavy_3link,static_home,0,0.15606330227498685,0.06825641507943875,0,0,1,0,0.08078932601100751,0
64_125,64,wide_2link,heavy_3link,target_ik,0,0.00022208095144158016,8.954618948303283e-05,1,1,1,0,5.09815522650853e-06,0
64_125,64,wide_2link,heavy_3link,ejar_absolute,0,0.0008514269122724166,0.00041469337072985187,1,1,1,0,0.0008697455833308092,0
64_125,64,wide_2link,heavy_3link,ejar_residual_fallback,0,0.0008514269122724166,0.00041469337072985187,1,1,1,0,0.0008697455833308092,0
64_126,64,asym_3link,short_2link,raw_joint,0,0.564229701018961,0.31705560941209254,0,0,0,0,0.0,0
64_126,64,asym_3link,short_2link,normalized_copy,0,0.6438325698030456,0.35863348974617776,0,0,0,0,0.0,0
64_126,64,asym_3link,short_2link,link_scaled,0,0.7918575710660433,0.4311030564310491,0,0,0,8,0.0,0
64_126,64,asym_3link,short_2link,static_home,0,0.277265163126459,0.17229116987148346,0,0,0,0,0.33100320230600166,0
64_126,64,asym_3link,short_2link,target_ik,0,0.07440441320660396,0.023321490763298727,0,1,1,17,0.06195062557020103,0
64_126,64,asym_3link,short_2link,ejar_absolute,0,0.06460267749752814,0.022207331574328026,0,1,1,0,0.05914260572555673,0
64_126,64,asym_3link,short_2link,ejar_residual_fallback,0,0.06460267749752814,0.022207331574328026,0,1,1,0,0.05914260572555673,0
64_127,64,heavy_3link,soft_5link,raw_joint,0,0.18876062376410854,0.23631046606625133,0,0,1,46,0.0,0
64_127,64,heavy_3link,soft_5link,normalized_copy,0,0.1855242767646086,0.20476128828388235,0,0,1,0,0.0,0
64_127,64,heavy_3link,soft_5link,link_scaled,0,0.2578419145322809,0.2889481383345239,0,0,0,46,0.0,0
64_127,64,heavy_3link,soft_5link,static_home,0,0.2963154258245555,0.1837374692952204,0,0,0,0,0.06671576626535888,0
64_127,64,heavy_3link,soft_5link,target_ik,0,0.00061640936368317,0.0004598274782882226,1,1,1,0,3.0176943873481996e-06,0
64_127,64,heavy_3link,soft_5link,ejar_absolute,0,0.0005503487128607233,0.0003930173316862906,1,1,1,0,0.0005606987006454252,0
64_127,64,heavy_3link,soft_5link,ejar_residual_fallback,0,0.0005503487128607233,0.0003930173316862906,1,1,1,0,0.0005606987006454252,0
64_128,64,teacher_2link,asym_3link,raw_joint,0,0.17722122302114887,0.09005347498352131,0,0,1,0,0.0,0
64_128,64,teacher_2link,asym_3link,normalized_copy,0,0.17097834140733983,0.08653426589684399,0,0,1,0,0.0,0
64_128,64,teacher_2link,asym_3link,link_scaled,0,0.17440849338439188,0.08826736929922781,0,0,1,0,0.0,0
64_128,64,teacher_2link,asym_3link,static_home,0,0.03834950699122479,0.019267156052533478,1,1,1,0,0.042332851452507717,0
64_128,64,teacher_2link,asym_3link,target_ik,0,0.018283664315651288,0.004084428215277469,1,1,1,0,0.0026716642346369572,0
64_128,64,teacher_2link,asym_3link,ejar_absolute,0,0.01762767660995495,0.006276222266999706,1,1,1,0,0.0173365326550785,0
64_128,64,teacher_2link,asym_3link,ejar_residual_fallback,0,0.01762767660995495,0.006276222266999706,1,1,1,0,0.0173365326550785,0
64_129,64,short_2link,large_6link,raw_joint,0,0.5917723652027804,0.29271727296441796,0,0,0,0,0.0,0
64_129,64,short_2link,large_6link,normalized_copy,0,0.4063460731451188,0.22882877640158178,0,0,0,0,0.0,0
64_129,64,short_2link,large_6link,link_scaled,0,0.0971968216509775,0.05091233455054665,0,1,1,0,0.0,0
64_129,64,short_2link,large_6link,static_home,0,0.6269994972334567,0.31697214088322767,0,0,0,0,0.47909297566594,0
64_129,64,short_2link,large_6link,target_ik,0,0.0017167117858146485,0.0009084695834199992,1,1,1,0,1.0207065326557173e-05,0
64_129,64,short_2link,large_6link,ejar_absolute,0,0.0019256611223799716,0.0011318367351632812,1,1,1,0,0.002870544933667811,0
64_129,64,short_2link,large_6link,ejar_residual_fallback,0,0.0019256611223799716,0.0011318367351632812,1,1,1,0,0.002870544933667811,0
64_130,64,long_2link,long_4link,raw_joint,0,0.1413006478252654,0.06653096492954444,0,0,1,0,0.0,0
64_130,64,long_2link,long_4link,normalized_copy,0,0.19360414040400262,0.09269256040037234,0,0,1,0,0.0,0
64_130,64,long_2link,long_4link,link_scaled,0,0.19224193564234016,0.09169522114985992,0,0,1,0,0.0,0
64_130,64,long_2link,long_4link,static_home,0,0.13605553952153604,0.06813515913875348,0,0,1,0,0.19227632501146263,0
64_130,64,long_2link,long_4link,target_ik,0,0.004688727673857316,0.0006480995698183033,1,1,1,2,0.00244681649509711,0
64_130,64,long_2link,long_4link,ejar_absolute,0,0.014728837164882942,0.005056622206178087,1,1,1,0,0.013756708718938073,0
64_130,64,long_2link,long_4link,ejar_residual_fallback,0,0.014728837164882942,0.005056622206178087,1,1,1,0,0.013756708718938073,0
64_131,64,wide_2link,wide_2link,raw_joint,0,0.2766729108378346,0.15181792112887604,0,0,0,0,0.0,0
64_131,64,wide_2link,wide_2link,normalized_copy,0,0.2766729108378346,0.15181792112887604,0,0,0,0,0.0,0
64_131,64,wide_2link,wide_2link,link_scaled,0,0.2766729108378346,0.15181792112887604,0,0,0,0,0.0,0
64_131,64,wide_2link,wide_2link,static_home,0,0.27275463930647237,0.14648544225609544,0,0,0,0,0.03263474463163867,0
64_131,64,wide_2link,wide_2link,target_ik,0,0.19487293689827492,0.1034776865750465,0,0,1,62,0.0946219297431487,0
64_131,64,wide_2link,wide_2link,ejar_absolute,0,0.1943944172099267,0.10286126231460946,0,0,1,0,0.19337281165017145,0
64_131,64,wide_2link,wide_2link,ejar_residual_fallback,0,0.1943944172099267,0.10286126231460946,0,0,1,0,0.19337281165017145,0
64_132,64,asym_3link,snake_6link,raw_joint,0,0.5800139269290784,0.3483571965557061,0,0,0,0,0.0,0
64_132,64,asym_3link,snake_6link,normalized_copy,0,0.48517213926983827,0.2744423734246759,0,0,0,0,0.0,0
64_132,64,asym_3link,snake_6link,link_scaled,0,0.5065022229552892,0.2866353265431683,0,0,0,0,0.0,0
64_132,64,asym_3link,snake_6link,static_home,0,0.5128925593558197,0.26016785804324005,0,0,0,0,0.40131623141747225,0
64_132,64,asym_3link,snake_6link,target_ik,0,0.0027435140938877473,0.0016023859196614945,1,1,1,0,5.481042858674896e-05,0
64_132,64,asym_3link,snake_6link,ejar_absolute,0,0.009044401084226696,0.006048394545219508,1,1,1,0,0.011597673073682084,0
64_132,64,asym_3link,snake_6link,ejar_residual_fallback,0,0.009044401084226696,0.006048394545219508,1,1,1,0,0.011597673073682084,0
64_133,64,heavy_3link,redundant_4link,raw_joint,0,0.39148071040294213,0.26386695385820186,0,0,0,0,0.0,0
64_133,64,heavy_3link,redundant_4link,normalized_copy,0,0.33103763369231765,0.1978439072383073,0,0,0,0,0.0,0
64_133,64,heavy_3link,redundant_4link,link_scaled,0,0.43686999668502263,0.2602759511252946,0,0,0,0,0.0,0
64_133,64,heavy_3link,redundant_4link,static_home,0,0.28072987955549333,0.15897582574836372,0,0,0,0,0.06861995327892136,0
64_133,64,heavy_3link,redundant_4link,target_ik,0,0.0023174430705993573,0.0009718645654455706,1,1,1,0,0.00010520004802470378,0
64_133,64,heavy_3link,redundant_4link,ejar_absolute,0,0.01798551783182945,0.007754619830363555,1,1,1,0,0.01632294044015243,0
64_133,64,heavy_3link,redundant_4link,ejar_residual_fallback,0,0.01798551783182945,0.007754619830363555,1,1,1,0,0.01632294044015243,0
64_134,64,teacher_2link,long_2link,raw_joint,0,0.255075609608742,0.13578114924768536,0,0,0,0,0.0,0
64_134,64,teacher_2link,long_2link,normalized_copy,0,0.23168197991777892,0.12058455667870954,0,0,0,0,0.0,0
64_134,64,teacher_2link,long_2link,link_scaled,0,0.221691364077268,0.11374682979635924,0,0,0,0,0.0,0
64_134,64,teacher_2link,long_2link,static_home,0,0.23323625835257952,0.11937614458667528,0,0,0,0,0.043526255237012,0
64_134,64,teacher_2link,long_2link,target_ik,0,0.0015233271902437464,0.0010175594083273328,1,1,1,0,2.165703214890537e-05,0
64_134,64,teacher_2link,long_2link,ejar_absolute,0,0.00545359019143837,0.0035928039469110126,1,1,1,0,0.0068903424795375475,0
64_134,64,teacher_2link,long_2link,ejar_residual_fallback,0,0.00545359019143837,0.0035928039469110126,1,1,1,0,0.0068903424795375475,0
64_135,64,short_2link,needle_5link,raw_joint,0,0.24256143684605633,0.07796533730670821,0,0,0,1,0.0,0
64_135,64,short_2link,needle_5link,normalized_copy,0,0.23287200407913988,0.06078370578710146,0,0,0,0,0.0,0
64_135,64,short_2link,needle_5link,link_scaled,0,0.061450003591148335,0.02901165642874523,0,1,1,0,0.0,0
64_135,64,short_2link,needle_5link,static_home,0,0.09796433872299197,0.048585322316029536,0,1,1,0,0.17357926696273984,0
64_135,64,short_2link,needle_5link,target_ik,0,0.00033217146548103146,0.00015518287957607118,1,1,1,0,1.4726146238617813e-05,0
64_135,64,short_2link,needle_5link,ejar_absolute,0,0.002416902659705333,0.0010135352476850308,1,1,1,0,0.002119907374288326,0
64_135,64,short_2link,needle_5link,ejar_residual_fallback,0,0.002416902659705333,0.0010135352476850308,1,1,1,0,0.002119907374288326,0
64_136,64,long_2link,heavy_3link,raw_joint,1,0.1513639500253652,0.07633021992087342,0,0,1,0,0.0,0
64_136,64,long_2link,heavy_3link,normalized_copy,1,0.15369412616069478,0.07701966059983668,0,0,1,0,0.0,0
64_136,64,long_2link,heavy_3link,link_scaled,1,0.15498096419876653,0.07765722613156714,0,0,1,0,0.0,0
64_136,64,long_2link,heavy_3link,static_home,1,0.10826869822768172,0.0548430098502949,0,0,1,0,0.10733242820937047,0
64_136,64,long_2link,heavy_3link,target_ik,1,0.1085330383491858,0.05530886775945914,0,0,1,36,0.03512651491164273,0
64_136,64,long_2link,heavy_3link,ejar_absolute,1,0.10809139098048434,0.05473920036458022,0,0,1,0,0.10808384031797523,0
64_136,64,long_2link,heavy_3link,ejar_residual_fallback,1,0.10809139098048434,0.05473920036458022,0,0,1,0,0.10808384031797523,0
64_137,64,wide_2link,short_2link,raw_joint,0,0.14246569734261633,0.06876920819007099,0,0,1,0,0.0,0
64_137,64,wide_2link,short_2link,normalized_copy,0,0.2546848977871236,0.1219345547340628,0,0,0,0,0.0,0
64_137,64,wide_2link,short_2link,link_scaled,0,0.34348565152401894,0.1649564004281166,0,0,0,0,0.0,0
64_137,64,wide_2link,short_2link,static_home,0,0.23121698999511067,0.11437806398196022,0,0,0,0,0.04382042887713352,0
64_137,64,wide_2link,short_2link,target_ik,0,0.12359282402451582,0.037131727237671934,0,0,1,37,0.0996057308134273,0
64_137,64,wide_2link,short_2link,ejar_absolute,0,0.1150679220152512,0.036285215340770754,0,0,1,0,0.11278275062375577,0
64_137,64,wide_2link,short_2link,ejar_residual_fallback,0,0.1150679220152512,0.036285215340770754,0,0,1,0,0.11278275062375577,0
64_138,64,asym_3link,soft_5link,raw_joint,0,0.7547246982428406,0.5121267330480318,0,0,0,23,0.0,0
64_138,64,asym_3link,soft_5link,normalized_copy,0,0.7157277602053896,0.47395293266325167,0,0,0,0,0.0,0
64_138,64,asym_3link,soft_5link,link_scaled,0,0.7399131907128994,0.49044630566446396,0,0,0,22,0.0,0
64_138,64,asym_3link,soft_5link,static_home,0,0.21449910453316998,0.14147935328411682,0,0,0,0,0.24184122080101103,0
64_138,64,asym_3link,soft_5link,target_ik,0,0.0014652707514737386,0.0010745295781997553,1,1,1,0,3.047316769916006e-06,0
64_138,64,asym_3link,soft_5link,ejar_absolute,0,0.0016370932249147358,0.001159326683466056,1,1,1,0,0.0005749210752975908,0
64_138,64,asym_3link,soft_5link,ejar_residual_fallback,0,0.0016370932249147358,0.001159326683466056,1,1,1,0,0.0005749210752975908,0
64_139,64,heavy_3link,asym_3link,raw_joint,0,0.013012360594810502,0.006620146643817714,1,1,1,0,0.0,0
64_139,64,heavy_3link,asym_3link,normalized_copy,0,0.012710734340654397,0.0064492718095233124,1,1,1,0,0.0,0
64_139,64,heavy_3link,asym_3link,link_scaled,0,0.02050036975225149,0.010405337140261088,1,1,1,0,0.0,0
64_139,64,heavy_3link,asym_3link,static_home,0,0.019924580540521295,0.01007076759308051,1,1,1,0,0.01854399643823517,0
64_139,64,heavy_3link,asym_3link,target_ik,0,2.164235421916074e-06,1.101609206108525e-06,1,1,1,0,7.861913526864721e-07,0
64_139,64,heavy_3link,asym_3link,ejar_absolute,0,0.00013598340810645496,6.916919836883977e-05,1,1,1,0,0.00013895565664458852,0
64_139,64,heavy_3link,asym_3link,ejar_residual_fallback,0,0.00013598340810645496,6.916919836883977e-05,1,1,1,0,0.00013895565664458852,0
64_140,64,teacher_2link,large_6link,raw_joint,0,0.07375418859217865,0.042858698264088224,0,1,1,15,0.0,0
64_140,64,teacher_2link,large_6link,normalized_copy,0,0.08177871091876669,0.05096686748746451,0,1,1,0,0.0,0
64_140,64,teacher_2link,large_6link,link_scaled,0,0.08260005568218486,0.050472813204867205,0,1,1,0,0.0,0
64_140,64,teacher_2link,large_6link,static_home,0,0.07562485265588391,0.04005145176142008,0,1,1,0,0.08337542583478291,0
64_140,64,teacher_2link,large_6link,target_ik,0,0.00014053972834167957,8.002724696155185e-05,1,1,1,0,7.475791414258658e-06,0
64_140,64,teacher_2link,large_6link,ejar_absolute,0,0.0020892728943859196,0.0010317396882279137,1,1,1,0,0.0019971224442699104,0
64_140,64,teacher_2link,large_6link,ejar_residual_fallback,0,0.0020892728943859196,0.0010317396882279137,1,1,1,0,0.0019971224442699104,0
64_141,64,short_2link,long_4link,raw_joint,0,0.5307122446012487,0.24872070107499222,0,0,0,0,0.0,0
64_141,64,short_2link,long_4link,normalized_copy,0,0.2145659526057016,0.10251710846009077,0,0,0,0,0.0,0
64_141,64,short_2link,long_4link,link_scaled,0,0.2750868028582466,0.14579397703330663,0,0,0,0,0.0,0
64_141,64,short_2link,long_4link,static_home,0,0.30922440015508007,0.15769771935652258,0,0,0,0,0.3797412579430224,0
64_141,64,short_2link,long_4link,target_ik,0,0.0019892877223927265,0.001196930762091358,1,1,1,0,2.7823002689435505e-05,0
64_141,64,short_2link,long_4link,ejar_absolute,0,0.006508583023985608,0.004007244879791878,1,1,1,0,0.008001435762311406,0
64_141,64,short_2link,long_4link,ejar_residual_fallback,0,0.006508583023985608,0.004007244879791878,1,1,1,0,0.008001435762311406,0
64_142,64,long_2link,wide_2link,raw_joint,0,0.30076079926318483,0.16213204123165442,0,0,0,0,0.0,0
64_142,64,long_2link,wide_2link,normalized_copy,0,0.2746374969171057,0.16370184712073754,0,0,0,0,0.0,0
64_142,64,long_2link,wide_2link,link_scaled,0,0.1856590410390745,0.14620678588691802,0,0,1,0,0.0,0
64_142,64,long_2link,wide_2link,static_home,0,0.31060298432578803,0.15808650164114885,0,0,0,0,0.18091096202056953,0
64_142,64,long_2link,wide_2link,target_ik,0,0.0022902216819443186,0.0015048247134692736,1,1,1,0,4.866845629650411e-05,0
64_142,64,long_2link,wide_2link,ejar_absolute,0,0.002711539408667876,0.0016860518510487886,1,1,1,0,0.004456857782361266,0
64_142,64,long_2link,wide_2link,ejar_residual_fallback,0,0.002711539408667876,0.0016860518510487886,1,1,1,0,0.004456857782361266,0
64_143,64,wide_2link,snake_6link,raw_joint,0,0.1369218178817395,0.06801122019823912,0,0,1,0,0.0,0
64_143,64,wide_2link,snake_6link,normalized_copy,0,0.1059813791268229,0.05334907390574911,0,0,1,0,0.0,0
64_143,64,wide_2link,snake_6link,link_scaled,0,0.09656517920663614,0.04856747964324505,0,1,1,0,0.0,0
64_143,64,wide_2link,snake_6link,static_home,0,0.04335925788466142,0.0217542100174538,1,1,1,0,0.04055696626558216,0
64_143,64,wide_2link,snake_6link,target_ik,0,8.846057153703839e-05,4.2463786866021386e-05,1,1,1,0,1.744353036914874e-05,0
64_143,64,wide_2link,snake_6link,ejar_absolute,0,0.0033698591088364748,0.001619662888871864,1,1,1,0,0.003308928821162592,0
64_143,64,wide_2link,snake_6link,ejar_residual_fallback,0,0.0033698591088364748,0.001619662888871864,1,1,1,0,0.003308928821162592,0
64_144,64,asym_3link,redundant_4link,raw_joint,0,0.3415149680445558,0.17709138042670047,0,0,0,0,0.0,0
64_144,64,asym_3link,redundant_4link,normalized_copy,0,0.267921504565717,0.14046264291243565,0,0,0,0,0.0,0
64_144,64,asym_3link,redundant_4link,link_scaled,0,0.26481149976301227,0.13853951445883417,0,0,0,0,0.0,0
64_144,64,asym_3link,redundant_4link,static_home,0,0.144387952274047,0.07178161707612506,0,0,1,0,0.11910958345771223,0
64_144,64,asym_3link,redundant_4link,target_ik,0,0.0003788951956890721,0.0001927122871133103,1,1,1,0,3.888704147235421e-06,0
64_144,64,asym_3link,redundant_4link,ejar_absolute,0,0.0010047273831511438,0.0004925469044646187,1,1,1,0,0.0007371626027388755,0
64_144,64,asym_3link,redundant_4link,ejar_residual_fallback,0,0.0010047273831511438,0.0004925469044646187,1,1,1,0,0.0007371626027388755,0
64_145,64,heavy_3link,long_2link,raw_joint,0,0.31515219408789513,0.15894821337217485,0,0,0,0,0.0,0
64_145,64,heavy_3link,long_2link,normalized_copy,0,0.35311327387553737,0.1776151340392032,0,0,0,0,0.0,0
64_145,64,heavy_3link,long_2link,link_scaled,0,0.35006925359929186,0.17608258380566139,0,0,0,0,0.0,0
64_145,64,heavy_3link,long_2link,static_home,0,0.046933246738303604,0.02400552501942096,1,1,1,0,0.07806314354667067,0
64_145,64,heavy_3link,long_2link,target_ik,0,6.74730465675775e-05,3.475908159762257e-05,1,1,1,0,2.08847270838278e-06,0
64_145,64,heavy_3link,long_2link,ejar_absolute,0,0.000579584425749272,0.00030860585287673277,1,1,1,0,0.0006396612223705213,0
64_145,64,heavy_3link,long_2link,ejar_residual_fallback,0,0.000579584425749272,0.00030860585287673277,1,1,1,0,0.0006396612223705213,0
64_146,64,teacher_2link,needle_5link,raw_joint,0,0.02899196451458264,0.01461142538152875,1,1,1,0,0.0,0
64_146,64,teacher_2link,needle_5link,normalized_copy,0,0.02404244785761328,0.012124354221811982,1,1,1,0,0.0,0
64_146,64,teacher_2link,needle_5link,link_scaled,0,0.023170460860436278,0.011688332672688123,1,1,1,0,0.0,0
64_146,64,teacher_2link,needle_5link,static_home,0,0.021097914577488573,0.010699822871289087,1,1,1,0,0.0023683911830592735,0
64_146,64,teacher_2link,needle_5link,target_ik,0,2.922653295128822e-06,1.4773864444431778e-06,1,1,1,0,1.5914112676539778e-07,0
64_146,64,teacher_2link,needle_5link,ejar_absolute,0,6.457609909455186e-05,3.261996620388378e-05,1,1,1,0,6.270168689456005e-05,0
64_146,64,teacher_2link,needle_5link,ejar_residual_fallback,0,6.457609909455186e-05,3.261996620388378e-05,1,1,1,0,6.270168689456005e-05,0
64_147,64,short_2link,heavy_3link,raw_joint,0,0.2512036324175373,0.1607840114376558,0,0,0,0,0.0,0
64_147,64,short_2link,heavy_3link,normalized_copy,0,0.33137662965738346,0.23405324264146896,0,0,0,0,0.0,0
64_147,64,short_2link,heavy_3link,link_scaled,0,0.17324490116011818,0.12429983474176032,0,0,1,0,0.0,0
64_147,64,short_2link,heavy_3link,static_home,0,0.08738391016944644,0.05236456851943492,0,1,1,0,0.0699444872781936,0
64_147,64,short_2link,heavy_3link,target_ik,0,0.06260251089985358,0.03241773048606804,0,1,1,24,0.011442905789715277,0
64_147,64,short_2link,heavy_3link,ejar_absolute,0,0.06181552772233472,0.03235059837797899,0,1,1,0,0.06079631588162992,0
64_147,64,short_2link,heavy_3link,ejar_residual_fallback,0,0.06181552772233472,0.03235059837797899,0,1,1,0,0.06079631588162992,0
64_148,64,long_2link,short_2link,raw_joint,0,0.346823163085519,0.1761421912375993,0,0,0,0,0.0,0
64_148,64,long_2link,short_2link,normalized_copy,0,0.3847446108574997,0.1958063492941503,0,0,0,0,0.0,0
64_148,64,long_2link,short_2link,link_scaled,0,0.513919198464891,0.2697864168449513,0,0,0,0,0.0,0
64_148,64,long_2link,short_2link,static_home,0,0.282519119860935,0.14336761044442609,0,0,0,0,0.2858351684069881,0
64_148,64,long_2link,short_2link,target_ik,0,0.0010817133057029159,0.000587013140713219,1,1,1,0,2.4883426695638453e-05,0
64_148,64,long_2link,short_2link,ejar_absolute,0,0.0036196593802011114,0.0020902827561254875,1,1,1,0,0.004425511183146302,0
64_148,64,long_2link,short_2link,ejar_residual_fallback,0,0.0036196593802011114,0.0020902827561254875,1,1,1,0,0.004425511183146302,0
64_149,64,wide_2link,soft_5link,raw_joint,0,0.6980256326162539,0.44357520839666803,0,0,0,0,0.0,0
64_149,64,wide_2link,soft_5link,normalized_copy,0,0.3667630257221157,0.22017833706957696,0,0,0,0,0.0,0
64_149,64,wide_2link,soft_5link,link_scaled,0,0.3299625090132825,0.1984071609744034,0,0,0,0,0.0,0
64_149,64,wide_2link,soft_5link,static_home,0,0.24065827045914723,0.11890803917872876,0,0,0,0,0.13011763985823743,0
64_149,64,wide_2link,soft_5link,target_ik,0,0.0003099595936732005,0.00015864863038885478,1,1,1,0,1.4439231958502941e-05,0
64_149,64,wide_2link,soft_5link,ejar_absolute,0,0.002276600571448968,0.0011904896136256489,1,1,1,0,0.002567088757994277,0
64_149,64,wide_2link,soft_5link,ejar_residual_fallback,0,0.002276600571448968,0.0011904896136256489,1,1,1,0,0.002567088757994277,0
64_150,64,asym_3link,asym_3link,raw_joint,0,0.06002845681384743,0.0354334868437912,0,1,1,0,0.0,0
64_150,64,asym_3link,asym_3link,normalized_copy,0,0.06002845681384743,0.035433486843791204,0,1,1,0,0.0,0
64_150,64,asym_3link,asym_3link,link_scaled,0,0.06002845681384743,0.035433486843791204,0,1,1,0,0.0,0
64_150,64,asym_3link,asym_3link,static_home,0,0.2591185749473642,0.13519714234183808,0,0,0,0,0.2321069628905995,0
64_150,64,asym_3link,asym_3link,target_ik,0,0.0015372232050141074,0.0009086982313711055,1,1,1,0,1.9857515541744098e-05,0
64_150,64,asym_3link,asym_3link,ejar_absolute,0,0.002565575445234059,0.001511865401365056,1,1,1,0,0.0037948222116246004,0
64_150,64,asym_3link,asym_3link,ejar_residual_fallback,0,0.002565575445234059,0.001511865401365056,1,1,1,0,0.0037948222116246004,0
64_151,64,heavy_3link,large_6link,raw_joint,0,0.7482596175767773,0.3380660589060803,0,0,0,0,0.0,0
64_151,64,heavy_3link,large_6link,normalized_copy,0,0.547956163889951,0.24447036559547458,0,0,0,0,0.0,0
64_151,64,heavy_3link,large_6link,link_scaled,0,0.5483131082206661,0.24441035343285075,0,0,0,0,0.0,0
64_151,64,heavy_3link,large_6link,static_home,0,0.3253362906637319,0.17460923126979627,0,0,0,0,0.18349859854038994,0
64_151,64,heavy_3link,large_6link,target_ik,0,0.002579357689813254,0.0012859686369274682,1,1,1,0,7.114672577066492e-06,0
64_151,64,heavy_3link,large_6link,ejar_absolute,0,0.0019880301664570296,0.001140408004602845,1,1,1,0,0.0025797887232120974,0
64_151,64,heavy_3link,large_6link,ejar_residual_fallback,0,0.0019880301664570296,0.001140408004602845,1,1,1,0,0.0025797887232120974,0
64_152,64,teacher_2link,long_4link,raw_joint,0,0.5792290751735301,0.30068558394541955,0,0,0,0,0.0,0
64_152,64,teacher_2link,long_4link,normalized_copy,0,0.46689994814217267,0.23884075304267716,0,0,0,0,0.0,0
64_152,64,teacher_2link,long_4link,link_scaled,0,0.4390177434377696,0.22318924566337928,0,0,0,0,0.0,0
64_152,64,teacher_2link,long_4link,static_home,0,0.3944175208396094,0.20028386321474656,0,0,0,0,0.39287358321181953,0
64_152,64,teacher_2link,long_4link,target_ik,0,0.000863298652044634,0.0004453559656480437,1,1,1,0,1.5009184650405583e-05,0
64_152,64,teacher_2link,long_4link,ejar_absolute,0,0.0035580580615938028,0.001815827606505205,1,1,1,0,0.0038576751249987445,0
64_152,64,teacher_2link,long_4link,ejar_residual_fallback,0,0.0035580580615938028,0.001815827606505205,1,1,1,0,0.0038576751249987445,0
64_153,64,short_2link,wide_2link,raw_joint,1,0.38003079567616,0.1524602107319584,0,0,0,0,0.0,0
64_153,64,short_2link,wide_2link,normalized_copy,1,0.4258259740481621,0.1955084345782297,0,0,0,0,0.0,0
64_153,64,short_2link,wide_2link,link_scaled,1,0.31913417811907685,0.14695131807338946,0,0,0,0,0.0,0
64_153,64,short_2link,wide_2link,static_home,1,0.23794355495877756,0.1076698418724093,0,0,0,0,0.17357138243409195,0
64_153,64,short_2link,wide_2link,target_ik,1,0.2676398128188058,0.12354001648524848,0,0,0,48,0.2087448977265222,0
64_153,64,short_2link,wide_2link,ejar_absolute,1,0.22426695846862754,0.1032408318141523,0,0,0,0,0.22404422384296385,0
64_153,64,short_2link,wide_2link,ejar_residual_fallback,1,0.22426695846862754,0.1032408318141523,0,0,0,0,0.22404422384296385,0
64_154,64,long_2link,snake_6link,raw_joint,0,0.23920050374820073,0.20632397605518696,0,0,0,0,0.0,0
64_154,64,long_2link,snake_6link,normalized_copy,0,0.3027929363505048,0.26091166721300635,0,0,0,0,0.0,0
64_154,64,long_2link,snake_6link,link_scaled,0,0.4416902630465966,0.3800355924150245,0,0,0,0,0.0,0
64_154,64,long_2link,snake_6link,static_home,0,0.06031409369641888,0.05389033494348946,0,1,1,0,0.020494853739447844,0
64_154,64,long_2link,snake_6link,target_ik,0,0.00013089433226717623,0.00011890825792307958,1,1,1,0,9.917308091901255e-06,0
64_154,64,long_2link,snake_6link,ejar_absolute,0,0.0020529858006916057,0.0018648559681429908,1,1,1,0,0.0020218905922719153,0
64_154,64,long_2link,snake_6link,ejar_residual_fallback,0,0.0020529858006916057,0.0018648559681429908,1,1,1,0,0.0020218905922719153,0
64_155,64,wide_2link,redundant_4link,raw_joint,0,0.3124154674376592,0.18349106809605298,0,0,0,0,0.0,0
64_155,64,wide_2link,redundant_4link,normalized_copy,0,0.13693157182209273,0.08513444757690315,0,0,1,0,0.0,0
64_155,64,wide_2link,redundant_4link,link_scaled,0,0.1244411581551287,0.07512692472254787,0,0,1,0,0.0,0
64_155,64,wide_2link,redundant_4link,static_home,0,0.14176440428300646,0.07131891623370232,0,0,1,0,0.11891862725092671,0
64_155,64,wide_2link,redundant_4link,target_ik,0,0.00015347594286648528,7.59967649341933e-05,1,1,1,0,3.771585383841981e-06,0
64_155,64,wide_2link,redundant_4link,ejar_absolute,0,0.0007746232473732023,0.0003863062816467212,1,1,1,0,0.0007457867651806883,0
64_155,64,wide_2link,redundant_4link,ejar_residual_fallback,0,0.0007746232473732023,0.0003863062816467212,1,1,1,0,0.0007457867651806883,0
64_156,64,asym_3link,long_2link,raw_joint,0,0.5119139626799089,0.25777233193784144,0,0,0,0,0.0,0
64_156,64,asym_3link,long_2link,normalized_copy,0,0.45495062966980615,0.22614326317433037,0,0,0,0,0.0,0
64_156,64,asym_3link,long_2link,link_scaled,0,0.38505867305819585,0.19841975692098038,0,0,0,0,0.0,0
64_156,64,asym_3link,long_2link,static_home,0,0.3336505875119825,0.1670982447502713,0,0,0,0,0.34028015889088475,0
64_156,64,asym_3link,long_2link,target_ik,0,0.0017916327422692975,0.0007554245792034473,1,1,1,0,1.4743488792266983e-05,0
64_156,64,asym_3link,long_2link,ejar_absolute,0,0.006221068760929322,0.0025607072384222227,1,1,1,0,0.004583861664268196,0
64_156,64,asym_3link,long_2link,ejar_residual_fallback,0,0.006221068760929322,0.0025607072384222227,1,1,1,0,0.004583861664268196,0
64_157,64,heavy_3link,needle_5link,raw_joint,0,0.13486388721283582,0.07007219572300816,0,0,1,0,0.0,0
64_157,64,heavy_3link,needle_5link,normalized_copy,0,0.13022001010594256,0.06702175682571695,0,0,1,0,0.0,0
64_157,64,heavy_3link,needle_5link,link_scaled,0,0.13083427072134268,0.06772640400890093,0,0,1,0,0.0,0
64_157,64,heavy_3link,needle_5link,static_home,0,0.1422884354602406,0.07223877505981335,0,0,1,0,0.13532900956381347,0
64_157,64,heavy_3link,needle_5link,target_ik,0,0.0004100030860832393,0.0002168166028250704,1,1,1,0,7.77090200007226e-06,0
64_157,64,heavy_3link,needle_5link,ejar_absolute,0,0.001547664411730057,0.0008439279111025924,1,1,1,0,0.0018043915449070125,0
64_157,64,heavy_3link,needle_5link,ejar_residual_fallback,0,0.001547664411730057,0.0008439279111025924,1,1,1,0,0.0018043915449070125,0
64_158,64,teacher_2link,heavy_3link,raw_joint,0,0.15774819295542197,0.1469632930935196,0,0,1,0,0.0,0
64_158,64,teacher_2link,heavy_3link,normalized_copy,0,0.12845836389245271,0.12349335226855607,0,0,1,0,0.0,0
64_158,64,teacher_2link,heavy_3link,link_scaled,0,0.0904300459862958,0.08933464170147942,0,1,1,0,0.0,0
64_158,64,teacher_2link,heavy_3link,static_home,0,0.02716720869702604,0.017174970589251215,1,1,1,0,0.016701257631232203,0
64_158,64,teacher_2link,heavy_3link,target_ik,0,8.895891331587477e-06,7.761512336853073e-06,1,1,1,0,6.010645059993709e-07,0
64_158,64,teacher_2link,heavy_3link,ejar_absolute,0,0.00016038159172741842,0.00010663962385079731,1,1,1,0,0.00017003067939055474,0
64_158,64,teacher_2link,heavy_3link,ejar_residual_fallback,0,0.00016038159172741842,0.00010663962385079731,1,1,1,0,0.00017003067939055474,0
64_159,64,short_2link,short_2link,raw_joint,0,0.4471984703668096,0.2527717430290243,0,0,0,0,0.0,0
64_159,64,short_2link,short_2link,normalized_copy,0,0.4471984703668096,0.2527717430290243,0,0,0,0,0.0,0
64_159,64,short_2link,short_2link,link_scaled,0,0.4471984703668096,0.2527717430290243,0,0,0,0,0.0,0
64_159,64,short_2link,short_2link,static_home,0,0.6437895114817337,0.3261830179053604,0,0,0,0,0.6325201146879222,0
64_159,64,short_2link,short_2link,target_ik,0,0.005187106221204962,0.0023441052107855526,1,1,1,0,4.5907003291489984e-05,0
64_159,64,short_2link,short_2link,ejar_absolute,0,0.011796786950611027,0.004439739180007485,1,1,1,0,0.007484015212575095,0
64_159,64,short_2link,short_2link,ejar_residual_fallback,0,0.011796786950611027,0.004439739180007485,1,1,1,0,0.007484015212575095,0
64_160,64,long_2link,soft_5link,raw_joint,0,0.07268198578299732,0.040530439293511904,0,1,1,0,0.0,0
64_160,64,long_2link,soft_5link,normalized_copy,0,0.14241794555879714,0.07790210924118968,0,0,1,0,0.0,0
64_160,64,long_2link,soft_5link,link_scaled,0,0.25891721111190363,0.13889309240139736,0,0,0,0,0.0,0
64_160,64,long_2link,soft_5link,static_home,0,0.1112900861628989,0.05615633523460706,0,0,1,0,0.1430564088234355,0
64_160,64,long_2link,soft_5link,target_ik,0,0.00023573613460767124,0.00013011514960449948,1,1,1,0,1.0014488637727878e-05,0
64_160,64,long_2link,soft_5link,ejar_absolute,0,0.0017338601298661537,0.0009899168964218902,1,1,1,0,0.001972695075979091,0
64_160,64,long_2link,soft_5link,ejar_residual_fallback,0,0.0017338601298661537,0.0009899168964218902,1,1,1,0,0.001972695075979091,0
64_161,64,wide_2link,asym_3link,raw_joint,0,1.2407047535540698,0.6844911264984539,0,0,0,2,0.0,0
64_161,64,wide_2link,asym_3link,normalized_copy,0,0.7625303524853261,0.3748700928941358,0,0,0,0,0.0,0
64_161,64,wide_2link,asym_3link,link_scaled,0,0.7137069113597461,0.3510937017655504,0,0,0,0,0.0,0
64_161,64,wide_2link,asym_3link,static_home,0,0.3073413572025609,0.14725861314483718,0,0,0,0,0.19199460837740978,0
64_161,64,wide_2link,asym_3link,target_ik,0,0.24776334055439658,0.1019905528000293,0,0,0,52,0.14914337780530654,0
64_161,64,wide_2link,asym_3link,ejar_absolute,0,0.22768088492153402,0.09241793156634344,0,0,0,0,0.2245618925184623,0
64_161,64,wide_2link,asym_3link,ejar_residual_fallback,0,0.22768088492153402,0.09241793156634344,0,0,0,0,0.2245618925184623,0
64_162,64,asym_3link,large_6link,raw_joint,0,0.6592271690606335,0.2526507380966474,0,0,0,0,0.0,0
64_162,64,asym_3link,large_6link,normalized_copy,0,0.3894091859463782,0.1467516247288658,0,0,0,0,0.0,0
64_162,64,asym_3link,large_6link,link_scaled,0,0.2995718781158209,0.11766953413320812,0,0,0,0,0.0,0
64_162,64,asym_3link,large_6link,static_home,0,0.23222441286746998,0.11661151924275051,0,0,0,0,0.2310643919825313,0
64_162,64,asym_3link,large_6link,target_ik,0,0.0003443591207743037,0.00017618963656080192,1,1,1,0,2.4421136535888727e-06,0
64_162,64,asym_3link,large_6link,ejar_absolute,0,0.0010152646779475211,0.0005009584237917878,1,1,1,0,0.0008978919382887081,0
64_162,64,asym_3link,large_6link,ejar_residual_fallback,0,0.0010152646779475211,0.0005009584237917878,1,1,1,0,0.0008978919382887081,0
64_163,64,heavy_3link,long_4link,raw_joint,0,0.4238104244587786,0.20785439718444446,0,0,0,0,0.0,0
64_163,64,heavy_3link,long_4link,normalized_copy,0,0.3892647079481645,0.19242706614737995,0,0,0,0,0.0,0
64_163,64,heavy_3link,long_4link,link_scaled,0,0.3961505936935525,0.19573572666179462,0,0,0,0,0.0,0
64_163,64,heavy_3link,long_4link,static_home,0,0.1836888555586791,0.09273490645207608,0,0,1,0,0.15121315888108197,0
64_163,64,heavy_3link,long_4link,target_ik,0,0.0003765149773636389,0.00017847080488144642,1,1,1,0,8.887516710354167e-06,0
64_163,64,heavy_3link,long_4link,ejar_absolute,0,0.002824496441901483,0.0013417724899262933,1,1,1,0,0.0025245148287319384,0
64_163,64,heavy_3link,long_4link,ejar_residual_fallback,0,0.002824496441901483,0.0013417724899262933,1,1,1,0,0.0025245148287319384,0
64_164,64,teacher_2link,wide_2link,raw_joint,0,0.25833254133287814,0.20641107187792634,0,0,0,0,0.0,0
64_164,64,teacher_2link,wide_2link,normalized_copy,0,0.2911471993761802,0.23337042404170621,0,0,0,0,0.0,0
64_164,64,teacher_2link,wide_2link,link_scaled,0,0.34184344353139107,0.2728961232710848,0,0,0,0,0.0,0
64_164,64,teacher_2link,wide_2link,static_home,0,0.027782278762813566,0.02598119728864194,1,1,1,0,0.017230963348638207,0
64_164,64,teacher_2link,wide_2link,target_ik,0,0.00014627291924753763,0.00012584550081239142,1,1,1,0,4.428191613280356e-06,0
64_164,64,teacher_2link,wide_2link,ejar_absolute,0,0.00034943569632712535,0.0003215009854010166,1,1,1,0,0.000369015989611488,0
64_164,64,teacher_2link,wide_2link,ejar_residual_fallback,0,0.00034943569632712535,0.0003215009854010166,1,1,1,0,0.000369015989611488,0
64_165,64,short_2link,snake_6link,raw_joint,0,0.40071714853198465,0.2960340244745695,0,0,0,0,0.0,0
64_165,64,short_2link,snake_6link,normalized_copy,0,0.40070386353741017,0.30792007148655487,0,0,0,0,0.0,0
64_165,64,short_2link,snake_6link,link_scaled,0,0.1821940224215194,0.16163995316549154,0,0,1,0,0.0,0
64_165,64,short_2link,snake_6link,static_home,0,0.07182958625228161,0.039132385991351125,0,1,1,0,0.09081053858891962,0
64_165,64,short_2link,snake_6link,target_ik,0,0.0007918921997203609,0.0004582232080793371,1,1,1,0,8.227793254031632e-06,0
64_165,64,short_2link,snake_6link,ejar_absolute,0,0.00013548628260619938,0.00047444363196771206,1,1,1,0,0.0018597752196697402,0
64_165,64,short_2link,snake_6link,ejar_residual_fallback,0,0.00013548628260619938,0.00047444363196771206,1,1,1,0,0.0018597752196697402,0
64_166,64,long_2link,redundant_4link,raw_joint,0,0.12130932668590898,0.06488250964823018,0,0,1,0,0.0,0
64_166,64,long_2link,redundant_4link,normalized_copy,0,0.15666754537448183,0.0870504419477914,0,0,1,0,0.0,0
64_166,64,long_2link,redundant_4link,link_scaled,0,0.18194815697569366,0.10036237414995133,0,0,1,0,0.0,0
64_166,64,long_2link,redundant_4link,static_home,0,0.23051631296401093,0.11280859032944215,0,0,0,0,0.016564454137671367,0
64_166,64,long_2link,redundant_4link,target_ik,0,0.0008276131827902097,0.0004844752104496137,1,1,1,0,1.794647723412943e-05,0
64_166,64,long_2link,redundant_4link,ejar_absolute,0,0.002468217728478922,0.001436435712196117,1,1,1,0,0.003244398484712806,0
64_166,64,long_2link,redundant_4link,ejar_residual_fallback,0,0.002468217728478922,0.001436435712196117,1,1,1,0,0.003244398484712806,0
64_167,64,wide_2link,long_2link,raw_joint,0,0.9733090113525954,0.4394234724685896,0,0,0,0,0.0,0
64_167,64,wide_2link,long_2link,normalized_copy,0,0.44367022146793733,0.22140080614422766,0,0,0,0,0.0,0
64_167,64,wide_2link,long_2link,link_scaled,0,0.353882407060947,0.1757191479413679,0,0,0,0,0.0,0
64_167,64,wide_2link,long_2link,static_home,0,0.38577763009205623,0.19335140367453232,0,0,0,0,0.21754860828108866,0
64_167,64,wide_2link,long_2link,target_ik,0,0.28305183744117046,0.14080877599201302,0,0,0,64,0.23016870760085234,0
64_167,64,wide_2link,long_2link,ejar_absolute,0,0.2792754802543881,0.13845726668399813,0,0,0,0,0.27833676273408375,0
64_167,64,wide_2link,long_2link,ejar_residual_fallback,0,0.2792754802543881,0.13845726668399813,0,0,0,0,0.27833676273408375,0
64_168,64,asym_3link,needle_5link,raw_joint,0,0.34403504845798216,0.2670985557848321,0,0,0,5,0.0,0
64_168,64,asym_3link,needle_5link,normalized_copy,0,0.23071038925898904,0.17380829687032212,0,0,0,0,0.0,0
64_168,64,asym_3link,needle_5link,link_scaled,0,0.2007092852147997,0.15204537833564116,0,0,0,0,0.0,0
64_168,64,asym_3link,needle_5link,static_home,0,0.15090390767419304,0.10704426811048676,0,0,1,0,0.09683477336565333,0
64_168,64,asym_3link,needle_5link,target_ik,0,0.00026748124123823297,0.0002148191752725984,1,1,1,0,1.357097824248076e-06,0
64_168,64,asym_3link,needle_5link,ejar_absolute,0,0.00038405792236132093,0.0003011751239769689,1,1,1,0,0.0008437728462717018,0
64_168,64,asym_3link,needle_5link,ejar_residual_fallback,0,0.00038405792236132093,0.0003011751239769689,1,1,1,0,0.0008437728462717018,0
64_169,64,heavy_3link,heavy_3link,raw_joint,0,0.22490675372913196,0.1486244816243327,0,0,0,0,0.0,0
64_169,64,heavy_3link,heavy_3link,normalized_copy,0,0.22490675372913196,0.1486244816243327,0,0,0,0,0.0,0
64_169,64,heavy_3link,heavy_3link,link_scaled,0,0.22490675372913196,0.1486244816243327,0,0,0,0,0.0,0
64_169,64,heavy_3link,heavy_3link,static_home,0,0.15511204265842715,0.0937213242683448,0,0,1,0,0.09333405097166747,0
64_169,64,heavy_3link,heavy_3link,target_ik,0,0.00010196138724558236,6.39208842567181e-05,1,1,1,0,1.956039338961975e-06,0
64_169,64,heavy_3link,heavy_3link,ejar_absolute,0,0.0003959922063865018,0.00026697265062470074,1,1,1,0,0.0004937613211762587,0
64_169,64,heavy_3link,heavy_3link,ejar_residual_fallback,0,0.0003959922063865018,0.00026697265062470074,1,1,1,0,0.0004937613211762587,0
64_170,64,teacher_2link,short_2link,raw_joint,1,0.21718305069339242,0.11052934104541319,0,0,0,0,0.0,0
64_170,64,teacher_2link,short_2link,normalized_copy,1,0.2056948160610325,0.10379560420874964,0,0,0,0,0.0,0
64_170,64,teacher_2link,short_2link,link_scaled,1,0.23068859140257597,0.11695318491754964,0,0,0,0,0.0,0
64_170,64,teacher_2link,short_2link,static_home,1,0.1260120344023054,0.06471357505497805,0,0,1,0,0.12558841451088576,0
64_170,64,teacher_2link,short_2link,target_ik,1,0.0017983788695744788,0.0015672351942704913,1,1,1,2,0.0026159397205082397,0
64_170,64,teacher_2link,short_2link,ejar_absolute,1,0.03454561643481294,0.027262978707958588,1,1,1,0,0.036126308687980536,0
64_170,64,teacher_2link,short_2link,ejar_residual_fallback,1,0.03454561643481294,0.027262978707958588,1,1,1,0,0.036126308687980536,0
64_171,64,short_2link,soft_5link,raw_joint,0,0.6111493053220236,0.5184278620942602,0,0,0,0,0.0,0
64_171,64,short_2link,soft_5link,normalized_copy,0,0.7260298889272288,0.6203116802526267,0,0,0,0,0.0,0
64_171,64,short_2link,soft_5link,link_scaled,0,0.520184626243282,0.4449609916651777,0,0,0,0,0.0,0
64_171,64,short_2link,soft_5link,static_home,0,0.13487110750105935,0.10155298245632326,0,0,1,0,0.07535032623680438,0
64_171,64,short_2link,soft_5link,target_ik,0,0.0001713553994258003,0.0001530313497888829,1,1,1,0,4.381499493842078e-06,0
64_171,64,short_2link,soft_5link,ejar_absolute,0,0.0009266930836147675,0.0006362791644123757,1,1,1,0,0.0007848779923674316,0
64_171,64,short_2link,soft_5link,ejar_residual_fallback,0,0.0009266930836147675,0.0006362791644123757,1,1,1,0,0.0007848779923674316,0
64_172,64,long_2link,asym_3link,raw_joint,0,0.152883345978032,0.09070021590651331,0,0,1,0,0.0,0
64_172,64,long_2link,asym_3link,normalized_copy,0,0.28471205156975016,0.18613177331376773,0,0,0,0,0.0,0
64_172,64,long_2link,asym_3link,link_scaled,0,0.39072724003096765,0.2520982060273494,0,0,0,0,0.0,0
64_172,64,long_2link,asym_3link,static_home,0,0.2797211230137874,0.13888643233136327,0,0,0,0,0.09670724072132648,0
64_172,64,long_2link,asym_3link,target_ik,0,0.0044002974878472,0.0036280581697385227,1,1,1,0,8.736603547599798e-05,0
64_172,64,long_2link,asym_3link,ejar_absolute,0,0.010688630126628088,0.008894590402739759,1,1,1,0,0.013916692535717947,0
64_172,64,long_2link,asym_3link,ejar_residual_fallback,0,0.010688630126628088,0.008894590402739759,1,1,1,0,0.013916692535717947,0
64_173,64,wide_2link,large_6link,raw_joint,0,0.24767487485847836,0.12996042324043783,0,0,0,0,0.0,0
64_173,64,wide_2link,large_6link,normalized_copy,0,0.15821323728949796,0.08170763684831299,0,0,1,0,0.0,0
64_173,64,wide_2link,large_6link,link_scaled,0,0.12559078029666473,0.0645477617220464,0,0,1,0,0.0,0
64_173,64,wide_2link,large_6link,static_home,0,0.12940479928446436,0.06562644203259138,0,0,1,0,0.13184273183431192,0
64_173,64,wide_2link,large_6link,target_ik,0,0.00011738626377764409,6.167026956282457e-05,1,1,1,0,3.867982175143252e-06,0
64_173,64,wide_2link,large_6link,ejar_absolute,0,0.000852132624517263,0.00044746092251315593,1,1,1,0,0.000959985527885326,0
64_173,64,wide_2link,large_6link,ejar_residual_fallback,0,0.000852132624517263,0.00044746092251315593,1,1,1,0,0.000959985527885326,0
64_174,64,asym_3link,long_4link,raw_joint,0,0.32214714854467646,0.1707592911446682,0,0,0,0,0.0,0
64_174,64,asym_3link,long_4link,normalized_copy,0,0.306383255408786,0.1601723927092633,0,0,0,0,0.0,0
64_174,64,asym_3link,long_4link,link_scaled,0,0.2889869925922638,0.14836762539576365,0,0,0,0,0.0,0
64_174,64,asym_3link,long_4link,static_home,0,0.26572450822384686,0.13522751606279193,0,0,0,0,0.26113274589461377,0
64_174,64,asym_3link,long_4link,target_ik,0,0.00025033800107939955,0.00014074059422591452,1,1,1,0,5.434840579477507e-06,0
64_174,64,asym_3link,long_4link,ejar_absolute,0,0.0012845241422430925,0.0006667126333253996,1,1,1,0,0.0015293594666419238,0
64_174,64,asym_3link,long_4link,ejar_residual_fallback,0,0.0012845241422430925,0.0006667126333253996,1,1,1,0,0.0015293594666419238,0
64_175,64,heavy_3link,wide_2link,raw_joint,0,0.6108796787091477,0.31327486909460595,0,0,0,0,0.0,0
64_175,64,heavy_3link,wide_2link,normalized_copy,0,0.673220243625347,0.3452125633090899,0,0,0,0,0.0,0
64_175,64,heavy_3link,wide_2link,link_scaled,0,0.8322727719901936,0.4296725891998827,0,0,0,0,0.0,0
64_175,64,heavy_3link,wide_2link,static_home,0,0.240607228598698,0.12179054880323507,0,0,0,0,0.34471718998960055,0
64_175,64,heavy_3link,wide_2link,target_ik,0,0.06044788199692498,0.008651610152423234,0,1,1,14,0.04205036654093891,0
64_175,64,heavy_3link,wide_2link,ejar_absolute,0,0.052094798397962175,0.008669527070989112,0,1,1,0,0.04860610656132182,0
64_175,64,heavy_3link,wide_2link,ejar_residual_fallback,0,0.052094798397962175,0.008669527070989112,0,1,1,0,0.04860610656132182,0
64_176,64,teacher_2link,snake_6link,raw_joint,0,0.5203107339281716,0.3568323757298115,0,0,0,5,0.0,0
64_176,64,teacher_2link,snake_6link,normalized_copy,0,0.5268795905258904,0.3612664551645556,0,0,0,0,0.0,0
64_176,64,teacher_2link,snake_6link,link_scaled,0,0.5580047029784381,0.38080778789034997,0,0,0,5,0.0,0
64_176,64,teacher_2link,snake_6link,static_home,0,0.14365456586174463,0.08544898868027692,0,0,1,0,0.17356527910872155,0
64_176,64,teacher_2link,snake_6link,target_ik,0,0.0007196469487694337,0.0004738743452850126,1,1,1,0,7.374011425318678e-06,0
64_176,64,teacher_2link,snake_6link,ejar_absolute,0,0.0011076801188101215,0.0006265495830379351,1,1,1,0,0.0016716332594514144,0
64_176,64,teacher_2link,snake_6link,ejar_residual_fallback,0,0.0011076801188101215,0.0006265495830379351,1,1,1,0,0.0016716332594514144,0
64_177,64,short_2link,redundant_4link,raw_joint,0,1.0697217527902199,0.6387375607934642,0,0,0,0,0.0,0
64_177,64,short_2link,redundant_4link,normalized_copy,0,1.2221029832419232,0.7363985096389135,0,0,0,0,0.0,0
64_177,64,short_2link,redundant_4link,link_scaled,0,0.8759381778351999,0.5292240456573083,0,0,0,0,0.0,0
64_177,64,short_2link,redundant_4link,static_home,0,0.23937350441230482,0.13850047586014314,0,0,0,0,0.2579784540099266,0
64_177,64,short_2link,redundant_4link,target_ik,0,0.0007372009579003085,0.0004336923189669151,1,1,1,0,6.535898802342655e-06,0
64_177,64,short_2link,redundant_4link,ejar_absolute,0,0.001976268334613362,0.0007808876618337257,1,1,1,0,0.0013390433185345874,0
64_177,64,short_2link,redundant_4link,ejar_residual_fallback,0,0.001976268334613362,0.0007808876618337257,1,1,1,0,0.0013390433185345874,0
64_178,64,long_2link,long_2link,raw_joint,0,0.10101083133077646,0.05276545899673446,0,0,1,0,0.0,0
64_178,64,long_2link,long_2link,normalized_copy,0,0.10101083133077646,0.05276545899673446,0,0,1,0,0.0,0
64_178,64,long_2link,long_2link,link_scaled,0,0.10101083133077646,0.05276545899673446,0,0,1,0,0.0,0
64_178,64,long_2link,long_2link,static_home,0,0.031938239593682576,0.015807773208602334,1,1,1,0,0.024359515927110203,0
64_178,64,long_2link,long_2link,target_ik,0,4.4829074032441446e-05,2.2323312676072703e-05,1,1,1,0,1.463876931268228e-06,0
64_178,64,long_2link,long_2link,ejar_absolute,0,0.00044109000751024947,0.0002245073942637375,1,1,1,0,0.00047902625588217853,0
64_178,64,long_2link,long_2link,ejar_residual_fallback,0,0.00044109000751024947,0.0002245073942637375,1,1,1,0,0.00047902625588217853,0
64_179,64,wide_2link,needle_5link,raw_joint,0,0.28455046872242734,0.11771487340559487,0,0,0,0,0.0,0
64_179,64,wide_2link,needle_5link,normalized_copy,0,0.12173373508032721,0.0519537146235865,0,0,1,0,0.0,0
64_179,64,wide_2link,needle_5link,link_scaled,0,0.09961386177356367,0.04335237011246675,0,1,1,0,0.0,0
64_179,64,wide_2link,needle_5link,static_home,0,0.030896945024612973,0.015362295213894728,1,1,1,0,0.009375100202297539,0
64_179,64,wide_2link,needle_5link,target_ik,0,1.3114137772612261e-05,6.251016577563529e-06,1,1,1,0,8.29488098276195e-07,0
64_179,64,wide_2link,needle_5link,ejar_absolute,0,0.00034198453212562865,0.00017048981439308694,1,1,1,0,0.0003483671300761721,0
64_179,64,wide_2link,needle_5link,ejar_residual_fallback,0,0.00034198453212562865,0.00017048981439308694,1,1,1,0,0.0003483671300761721,0
