trial,scenario,method,relative_effect_error,absolute_error,effect_cosine,clipped
0,matched_morphology,normalized_copy,0.0,0.0,0.9999996898537885,0
0,matched_morphology,ejar_absolute,0.0008434706993393403,4.789461654288313e-05,0.9999995393888556,0
1,random_map,normalized_copy,2.200360143088586,0.0418955681787543,-0.4229440033645068,0
1,random_map,ejar_absolute,0.8006441933278219,0.015244524172031891,0.6000598428005961,0
2,zero_effect,normalized_copy,0.0,0.0,0.0,0
2,zero_effect,ejar_absolute,0.0,0.0,0.0,0
3,same_geometry_diff_limits,normalized_copy,0.5566560498205138,0.002467865727390346,0.8773751672527187,0
3,same_geometry_diff_limits,ejar_absolute,0.0036551211634007173,1.6204527466330866e-05,0.9999455622647568,0
4,same_limits_diff_geometry,normalized_copy,0.6862057555722194,0.025696476418857132,0.7287115185923961,0
4,same_limits_diff_geometry,ejar_absolute,0.4916340501056223,0.01841031304774121,0.999756534669345,1
5,matched_morphology,normalized_copy,0.0,0.0,0.9999998151362995,0
5,matched_morphology,ejar_absolute,0.002506974423053237,0.00018438434640241785,0.9999970016326104,0
6,random_map,normalized_copy,0.32893228202383196,0.011493754325980939,0.9523427713468966,0
6,random_map,ejar_absolute,0.6840164133149828,0.02390132267106405,0.9333262597058751,0
7,zero_effect,normalized_copy,0.0,0.0,0.0,0
7,zero_effect,ejar_absolute,0.0,0.0,0.0,0
8,same_geometry_diff_limits,normalized_copy,0.45243176825899817,0.03246205549993905,0.9996570643311793,0
8,same_geometry_diff_limits,ejar_absolute,0.27736331667711456,0.019900864641462082,0.9999692067898893,1
9,same_limits_diff_geometry,normalized_copy,1.350030070008508,0.13210218947663682,-0.027810174205671057,0
9,same_limits_diff_geometry,ejar_absolute,0.9510277037873857,0.09305929157745377,0.9996571644530114,1
10,matched_morphology,normalized_copy,0.0,0.0,0.9999998941664152,0
10,matched_morphology,ejar_absolute,0.0005413533406769946,5.262220583839782e-05,0.999999892223226,0
11,random_map,normalized_copy,0.7382721872134934,0.0566522912348869,0.6748550708078561,0
11,random_map,ejar_absolute,0.5045558805647092,0.03871776180261377,0.9011121160600751,1
12,zero_effect,normalized_copy,0.0,0.0,0.0,0
12,zero_effect,ejar_absolute,0.0,0.0,0.0,0
13,same_geometry_diff_limits,normalized_copy,1.0084246489117958,0.10208209852894762,0.2671797590584297,0
13,same_geometry_diff_limits,ejar_absolute,0.851631485823743,0.0862100399271552,0.999779032276228,1
14,same_limits_diff_geometry,normalized_copy,1.6085922096534608,0.07221993203628996,-0.1204919096803121,0
14,same_limits_diff_geometry,ejar_absolute,0.7327296221090822,0.032896891575208115,0.9998866893033463,1
15,matched_morphology,normalized_copy,0.0,0.0,0.9999999273664469,0
15,matched_morphology,ejar_absolute,0.0013420355377862531,0.00015746910527646946,0.9999991659173763,0
16,random_map,normalized_copy,0.9303423024569508,0.029901001857039006,0.7345253004783142,0
16,random_map,ejar_absolute,0.853270304384409,0.027423924386298697,0.8424311537734138,0
17,zero_effect,normalized_copy,0.0,0.0,0.0,0
17,zero_effect,ejar_absolute,0.0,0.0,0.0,0
18,same_geometry_diff_limits,normalized_copy,1.4627085417479186,0.07161248960667434,-0.3755742452882834,0
18,same_geometry_diff_limits,ejar_absolute,0.9241738801364118,0.04524646605737431,0.38206873788217904,0
19,same_limits_diff_geometry,normalized_copy,1.1665546609465087,0.09178172871691859,0.2403016412232086,0
19,same_limits_diff_geometry,ejar_absolute,0.9488390676675263,0.07465238691345652,0.9884280957553782,1
20,matched_morphology,normalized_copy,0.0,0.0,0.9999967344809455,0
20,matched_morphology,ejar_absolute,0.018804687178290255,0.000329070777864776,0.9999952274661006,0
21,random_map,normalized_copy,1.9829719829714023,0.03539659519960667,-0.8213739416255434,0
21,random_map,ejar_absolute,1.2148315714852145,0.021685077621282918,-0.9947336582981919,0
22,zero_effect,normalized_copy,0.0,0.0,0.0,0
22,zero_effect,ejar_absolute,0.0,0.0,0.0,0
23,same_geometry_diff_limits,normalized_copy,0.8116922820642556,0.04422288760777064,0.5842196680590156,0
23,same_geometry_diff_limits,ejar_absolute,0.7369499184471701,0.04015074941104963,0.9991574693887861,1
24,same_limits_diff_geometry,normalized_copy,1.1217484410460554,0.02363060470871912,0.13420867541077056,0
24,same_limits_diff_geometry,ejar_absolute,0.13006458961626913,0.0027399234902949522,0.999891125311859,1
25,matched_morphology,normalized_copy,0.0,0.0,0.9999999033400798,0
25,matched_morphology,ejar_absolute,0.00043629896915395913,4.437730802576012e-05,0.9999999032136114,0
26,random_map,normalized_copy,0.4945518340441228,0.019410429580467767,0.9030187402471431,0
26,random_map,ejar_absolute,1.06130325237737,0.0416545862853972,-0.607471716022428,0
27,zero_effect,normalized_copy,0.0,0.0,0.0,0
27,zero_effect,ejar_absolute,0.0,0.0,0.0,0
28,same_geometry_diff_limits,normalized_copy,1.3045369095659973,0.080321819828964,-0.5390136563554943,0
28,same_geometry_diff_limits,ejar_absolute,0.5777527216395095,0.03557289155479779,0.9999917264644642,1
29,same_limits_diff_geometry,normalized_copy,1.819808584736358,0.09558236098995099,-0.35131418746051746,0
29,same_limits_diff_geometry,ejar_absolute,0.9406788807892995,0.049407563582986286,0.8821191264844834,1
30,matched_morphology,normalized_copy,0.0,0.0,0.9999998492996497,0
30,matched_morphology,ejar_absolute,0.001128418954829416,9.192067706918342e-05,0.9999993461600624,0
31,random_map,normalized_copy,1.6960302963925744,0.062171804978641686,-0.2797500643499517,0
31,random_map,ejar_absolute,1.3863852390948002,0.05082106899481847,-0.679811257837915,0
32,zero_effect,normalized_copy,0.0,0.0,0.0,0
32,zero_effect,ejar_absolute,0.0,0.0,0.0,0
33,same_geometry_diff_limits,normalized_copy,1.3488428089554056,0.05977206848880855,-0.40186802536006166,0
33,same_geometry_diff_limits,ejar_absolute,0.6986334302105075,0.030958956048743182,0.999790681069671,1
34,same_limits_diff_geometry,normalized_copy,0.4930069689905629,0.01262694291169742,0.9225317547826551,0
34,same_limits_diff_geometry,ejar_absolute,0.37936438550570495,0.009716317901792991,0.9252486854326138,0
35,matched_morphology,normalized_copy,0.0,0.0,0.9999998623701221,0
35,matched_morphology,ejar_absolute,0.0015262862934154007,0.00013010069515295516,0.9999988155769689,0
36,random_map,normalized_copy,4.39529319699609,0.006220737667327704,0.9779371170329647,0
36,random_map,ejar_absolute,1.145945265614398,0.0016218769849927891,-0.28819482048869444,0
37,zero_effect,normalized_copy,0.0,0.0,0.0,0
37,zero_effect,ejar_absolute,0.0,0.0,0.0,0
38,same_geometry_diff_limits,normalized_copy,1.2616838712431722,0.023378568293036625,-0.3445663190127287,0
38,same_geometry_diff_limits,ejar_absolute,0.49733130099812073,0.009215377995751834,0.9995406713168038,1
39,same_limits_diff_geometry,normalized_copy,0.9821695424938518,0.06888951009450182,0.47253170898412,0
39,same_limits_diff_geometry,ejar_absolute,0.9311097367018142,0.0653081681221143,0.9588769773358292,1
40,matched_morphology,normalized_copy,0.0,0.0,0.9999999065511171,0
40,matched_morphology,ejar_absolute,0.004469889384747597,0.00046239135137495006,0.9999901778423118,0
41,random_map,normalized_copy,2.0992081389905315,0.05629234229675277,-0.902205878195243,0
41,random_map,ejar_absolute,0.9460517819438149,0.025369314147783206,0.6766281571166481,0
42,zero_effect,normalized_copy,0.0,0.0,0.0,0
42,zero_effect,ejar_absolute,0.0,0.0,0.0,0
43,same_geometry_diff_limits,normalized_copy,1.3657872437661291,0.08577522256507465,-0.49401614928785303,0
43,same_geometry_diff_limits,ejar_absolute,0.6644721975213193,0.041730694799529844,0.9999984432317914,1
44,same_limits_diff_geometry,normalized_copy,1.3683122800500511,0.04238748330506793,-0.3920211439930891,0
44,same_limits_diff_geometry,ejar_absolute,0.0523152566894242,0.001620618408425157,0.9998500926972504,1
45,matched_morphology,normalized_copy,0.0,0.0,0.9999785996917098,0
45,matched_morphology,ejar_absolute,0.04319597095177944,0.0002952763352092489,0.9994954330621612,0
46,random_map,normalized_copy,1.835520897245608,0.10673222080230953,-0.2775330413665365,0
46,random_map,ejar_absolute,1.0259577980564099,0.05965759060565773,0.1341168006843508,0
47,zero_effect,normalized_copy,0.0,0.0,0.0,0
47,zero_effect,ejar_absolute,0.0,0.0,0.0,0
48,same_geometry_diff_limits,normalized_copy,0.38146862173689694,0.006685848041770985,0.9969337356926994,0
48,same_geometry_diff_limits,ejar_absolute,0.0906409769304265,0.0015886281690882403,0.9958818047635566,0
49,same_limits_diff_geometry,normalized_copy,0.1215732904474435,0.009824956057486175,0.997496237444698,0
49,same_limits_diff_geometry,ejar_absolute,0.1099680065567083,0.008887074028946219,0.9987809330361791,1
50,matched_morphology,normalized_copy,0.0,0.0,0.9999182195684485,0
50,matched_morphology,ejar_absolute,0.006346552615098817,2.219195437964614e-05,0.9999156787029795,0
51,random_map,normalized_copy,0.19227499922510452,0.0088924143724878,0.9996964899859083,0
51,random_map,ejar_absolute,0.20239712609851154,0.009360546718616955,0.9999302999802687,0
52,zero_effect,normalized_copy,0.0,0.0,0.0,0
52,zero_effect,ejar_absolute,0.0,0.0,0.0,0
53,same_geometry_diff_limits,normalized_copy,1.2693965728345882,0.07550609493842604,-0.3688452565636696,0
53,same_geometry_diff_limits,ejar_absolute,0.558763830432968,0.03323632325130592,0.9999968942621815,1
54,same_limits_diff_geometry,normalized_copy,1.186588407372821,0.08741300807457138,0.21911070380885447,0
54,same_limits_diff_geometry,ejar_absolute,0.8678803167850624,0.06393457804535761,0.999728112399017,1
55,matched_morphology,normalized_copy,0.0,0.0,0.9999978528786078,0
55,matched_morphology,ejar_absolute,0.021785651290626207,0.00047015580455765155,0.9997778549449688,0
56,random_map,normalized_copy,1.7836461453298964,0.10474832004574082,-0.05127297583090069,0
56,random_map,ejar_absolute,1.0558359053422388,0.062006153865299174,-0.13257773526780706,0
57,zero_effect,normalized_copy,0.0,0.0,0.0,0
57,zero_effect,ejar_absolute,0.0,0.0,0.0,0
58,same_geometry_diff_limits,normalized_copy,1.5069371993416123,0.05322713393318082,-0.8059331863085977,0
58,same_geometry_diff_limits,ejar_absolute,0.002352089401790082,8.307909424931185e-05,0.9999983376893771,0
59,same_limits_diff_geometry,normalized_copy,1.8275417604270392,0.05002740726095198,-0.5574077416420408,0
59,same_limits_diff_geometry,ejar_absolute,0.1266900669337579,0.003468033240964839,0.999862595018178,1
60,matched_morphology,normalized_copy,0.0,0.0,0.999999578554605,0
60,matched_morphology,ejar_absolute,0.0005725317845062783,2.788873802900071e-05,0.9999995039003643,0
61,random_map,normalized_copy,1.7220803847476644,0.08134431391322362,-0.6707226187307251,0
61,random_map,ejar_absolute,1.4515785656080722,0.06856687037163585,-0.7851315934418931,0
62,zero_effect,normalized_copy,0.0,0.0,0.0,0
62,zero_effect,ejar_absolute,0.0,0.0,0.0,0
63,same_geometry_diff_limits,normalized_copy,0.7724418519982861,0.07349465102853368,0.6509097997888627,0
63,same_geometry_diff_limits,ejar_absolute,0.9272296862835762,0.0882220739857832,0.9735398373183366,1
64,same_limits_diff_geometry,normalized_copy,1.298448275966174,0.02452981644236897,-0.4201207652847679,0
64,same_limits_diff_geometry,ejar_absolute,0.0021264652771562807,4.0172414939594946e-05,0.9999957980426616,0
65,matched_morphology,normalized_copy,0.0,0.0,0.9999967036768646,0
65,matched_morphology,ejar_absolute,0.008190771361513395,0.00014266230050746147,0.9999860355190293,0
66,random_map,normalized_copy,0.4628953040133803,0.0075767938792552616,0.9150472948726758,0
66,random_map,ejar_absolute,0.8024326571454603,0.013134431895205653,0.6250288074999246,0
67,zero_effect,normalized_copy,0.0,0.0,0.0,0
67,zero_effect,ejar_absolute,0.0,0.0,0.0,0
68,same_geometry_diff_limits,normalized_copy,1.1544289006778559,0.05010820688533558,0.20123677271329513,0
68,same_geometry_diff_limits,ejar_absolute,0.9752683855529624,0.042331710513588375,0.22190716254636952,0
69,same_limits_diff_geometry,normalized_copy,0.3104613207487062,0.013521399007582454,0.9994813729524311,0
69,same_limits_diff_geometry,ejar_absolute,0.012826194196350636,0.0005586141586312827,0.9999257584033117,0
70,matched_morphology,normalized_copy,0.0,0.0,0.9999941566393579,0
70,matched_morphology,ejar_absolute,0.007000591314883876,9.158031724942314e-05,0.9999925756329406,0
71,random_map,normalized_copy,0.7696044732920098,0.031796799054381035,0.6491735004741419,0
71,random_map,ejar_absolute,1.1252093621821055,0.04648888776642733,0.3856108974445565,1
72,zero_effect,normalized_copy,0.0,0.0,0.0,0
72,zero_effect,ejar_absolute,0.0,0.0,0.0,0
73,same_geometry_diff_limits,normalized_copy,1.3489021976336706,0.14050455852659824,-0.638723663447391,0
73,same_geometry_diff_limits,ejar_absolute,0.7213658611935515,0.07513902196983813,0.9999549624364881,1
74,same_limits_diff_geometry,normalized_copy,1.874067134850267,0.08129843008305727,-0.9995990465403684,0
74,same_limits_diff_geometry,ejar_absolute,0.015658107425642668,0.0006792603787261431,0.9998809340831376,0
75,matched_morphology,normalized_copy,0.0,0.0,0.9999977812295195,0
75,matched_morphology,ejar_absolute,0.0015105871777594943,3.2069275091253915e-05,0.999997133646141,0
76,random_map,normalized_copy,0.9015824600994039,0.015594384404017999,0.9487583723703721,0
76,random_map,ejar_absolute,1.6969425703451317,0.02935147468439735,-0.9592572385356289,0
77,zero_effect,normalized_copy,0.0,0.0,0.0,0
77,zero_effect,ejar_absolute,0.0,0.0,0.0,0
78,same_geometry_diff_limits,normalized_copy,1.1934677671835108,0.0474262438538177,-0.042704829544449804,0
78,same_geometry_diff_limits,ejar_absolute,0.7980331979772921,0.0317123914791856,0.9995758264057583,1
79,same_limits_diff_geometry,normalized_copy,0.44877815046191566,0.01230444306582218,0.9838361881643456,0
79,same_limits_diff_geometry,ejar_absolute,0.022877130321558053,0.0006272371933911547,0.9997819447933528,0
80,matched_morphology,normalized_copy,0.0,0.0,0.9999978997508172,0
80,matched_morphology,ejar_absolute,0.0010181180282966204,2.2215816493361393e-05,0.9999975944941448,0
81,random_map,normalized_copy,1.8461535584735058,0.012912700350209944,0.7296764768876145,0
81,random_map,ejar_absolute,1.081087242313425,0.007561535468355463,-0.18453074419811163,0
82,zero_effect,normalized_copy,0.0,0.0,0.0,0
82,zero_effect,ejar_absolute,0.0,0.0,0.0,0
83,same_geometry_diff_limits,normalized_copy,1.2813456204149296,0.11357348858668703,-0.18700892710555328,0
83,same_geometry_diff_limits,ejar_absolute,0.7730063847412016,0.06851627727608078,0.9999913165647047,1
84,same_limits_diff_geometry,normalized_copy,1.6661094225474442,0.051115590924156636,-0.6689712165590866,0
84,same_limits_diff_geometry,ejar_absolute,0.45691133255586447,0.014017862480981075,0.9995534644930171,1
85,matched_morphology,normalized_copy,0.0,0.0,0.9999997181620568,0
85,matched_morphology,ejar_absolute,0.0060090935995629965,0.0003579391350944505,0.9999819537814135,0
86,random_map,normalized_copy,0.2868208100710937,0.021196579036307343,0.9712728487143867,0
86,random_map,ejar_absolute,0.9377036390608006,0.0692980027950504,0.9915722222401502,0
87,zero_effect,normalized_copy,0.0,0.0,0.0,0
87,zero_effect,ejar_absolute,0.0,0.0,0.0,0
88,same_geometry_diff_limits,normalized_copy,0.5638446911690856,0.046805932916931074,0.8937645780852429,0
88,same_geometry_diff_limits,ejar_absolute,0.5113436974039368,0.04244771507657393,0.9999471195173291,1
89,same_limits_diff_geometry,normalized_copy,1.0230540569783388,0.03132395224820104,0.607366036260054,0
89,same_limits_diff_geometry,ejar_absolute,0.5621150615479948,0.01721088463099344,0.9979750872839805,1
90,matched_morphology,normalized_copy,0.0,0.0,0.9999998358492111,0
90,matched_morphology,ejar_absolute,0.0005541766411295273,4.325404216312672e-05,0.9999998150450597,0
91,random_map,normalized_copy,0.8650711934448369,0.010966544615440792,0.8538505804720765,0
91,random_map,ejar_absolute,2.4294876864388386,0.03079871958271895,-0.9279590546830642,0
92,zero_effect,normalized_copy,0.0,0.0,0.0,0
92,zero_effect,ejar_absolute,0.0,0.0,0.0,0
93,same_geometry_diff_limits,normalized_copy,0.7037754543085797,0.06048515346558169,0.7113562889393149,0
93,same_geometry_diff_limits,ejar_absolute,0.8473364560607318,0.07282333486916934,0.9984096391353816,1
94,same_limits_diff_geometry,normalized_copy,1.747413290650647,0.07060466354359379,-0.2542948848860307,0
94,same_limits_diff_geometry,ejar_absolute,0.5199729413014712,0.021009634508784902,0.9998824488765589,1
95,matched_morphology,normalized_copy,0.0,0.0,0.9999998204933985,0
95,matched_morphology,ejar_absolute,0.00341863568197106,0.0002551599897342561,0.9999948614119563,0
96,random_map,normalized_copy,0.6685854991273855,0.05894303527800224,0.7856447812319698,0
96,random_map,ejar_absolute,0.6891472287031077,0.06075577389309388,0.8352372679835554,0
97,zero_effect,normalized_copy,0.0,0.0,0.0,0
97,zero_effect,ejar_absolute,0.0,0.0,0.0,0
98,same_geometry_diff_limits,normalized_copy,0.9776772283861349,0.03926880929049556,0.3321173106744739,0
98,same_geometry_diff_limits,ejar_absolute,0.6028210538602283,0.02421255636628528,0.9996069595586133,1
99,same_limits_diff_geometry,normalized_copy,1.3885652588104627,0.01959668603503031,-0.5700573527826625,0
99,same_limits_diff_geometry,ejar_absolute,0.05323463598234182,0.0007512952242725514,0.9997174621554811,0
100,matched_morphology,normalized_copy,0.0,0.0,0.9999979321099816,0
100,matched_morphology,ejar_absolute,0.021812434930748425,0.0004796671767076434,0.9998130932795543,0
101,random_map,normalized_copy,7.282358300217301,0.02811218014892309,0.6828472056882007,0
101,random_map,ejar_absolute,4.664883422262947,0.01800790866558539,-0.6434706610435028,0
102,zero_effect,normalized_copy,0.0,0.0,0.0,0
102,zero_effect,ejar_absolute,0.0,0.0,0.0,0
103,same_geometry_diff_limits,normalized_copy,1.2218659146885487,0.029447063997598267,-0.1447195351834698,0
103,same_geometry_diff_limits,ejar_absolute,0.4237205323357901,0.010211697930839541,0.9987613063204119,1
104,same_limits_diff_geometry,normalized_copy,1.6401366391620071,0.043056851917024345,-0.9074383149282645,0
104,same_limits_diff_geometry,ejar_absolute,0.32366928767287806,0.0084969631533506,0.9996604810048695,1
105,matched_morphology,normalized_copy,0.0,0.0,0.9999996530692886,0
105,matched_morphology,ejar_absolute,0.0021260790559028374,0.00011414528286395948,0.99999822141424,0
106,random_map,normalized_copy,0.3378281109032387,0.01599794332325304,0.9449538939406599,0
106,random_map,ejar_absolute,0.9825893876656122,0.04653079133017072,0.19157247391350077,0
107,zero_effect,normalized_copy,0.0,0.0,0.0,0
107,zero_effect,ejar_absolute,0.0,0.0,0.0,0
108,same_geometry_diff_limits,normalized_copy,0.9444442267643012,0.03944137940781328,0.37379684722509904,0
108,same_geometry_diff_limits,ejar_absolute,0.7215780433470793,0.03013415993605547,0.9974618616322454,1
109,same_limits_diff_geometry,normalized_copy,1.0167256798285782,0.011608222973290798,0.428889199413897,0
109,same_limits_diff_geometry,ejar_absolute,0.07275776389089271,0.0008306944174223352,0.9992574065588076,0
110,matched_morphology,normalized_copy,0.0,0.0,0.9999998811767015,0
110,matched_morphology,ejar_absolute,0.0010250439925636968,9.403546609447079e-05,0.9999996879184108,0
111,random_map,normalized_copy,0.887134910005544,0.042162788410979805,0.4812075078251658,0
111,random_map,ejar_absolute,1.505874470788974,0.0715695729807036,-0.5431293392467289,0
112,zero_effect,normalized_copy,0.0,0.0,0.0,0
112,zero_effect,ejar_absolute,0.0,0.0,0.0,0
113,same_geometry_diff_limits,normalized_copy,1.5800012845742362,0.03891608541204692,-0.9380117268833684,0
113,same_geometry_diff_limits,ejar_absolute,0.16488202105711672,0.00406111240352488,0.9997282853993303,1
114,same_limits_diff_geometry,normalized_copy,1.885028190881611,0.1483124999310284,-0.8644024629551103,0
114,same_limits_diff_geometry,ejar_absolute,0.6070897333135159,0.04776533129092273,0.9996818849188882,1
115,matched_morphology,normalized_copy,0.0,0.0,0.9999992329298348,0
115,matched_morphology,ejar_absolute,0.023016933555259855,0.0008310549941795412,0.9997344697132727,0
116,random_map,normalized_copy,1.7222609235175972,0.085881937750234,-0.5831427613622128,0
116,random_map,ejar_absolute,1.185543609313609,0.059118093585555816,0.13441066101387678,1
117,zero_effect,normalized_copy,0.0,0.0,0.0,0
117,zero_effect,ejar_absolute,0.0,0.0,0.0,0
118,same_geometry_diff_limits,normalized_copy,0.4487413593767882,0.002427911240886747,0.9797377654378117,0
118,same_geometry_diff_limits,ejar_absolute,0.3181220525939626,0.001721196612096368,0.9489308676250765,0
119,same_limits_diff_geometry,normalized_copy,0.33239944145845773,0.01860379662640286,0.9431484405583276,0
119,same_limits_diff_geometry,ejar_absolute,0.3324196448965204,0.018604927376356058,0.9431328532436951,0
120,matched_morphology,normalized_copy,0.0,0.0,0.9999998447493276,0
120,matched_morphology,ejar_absolute,0.00042535919853874967,3.4138077161764605e-05,0.9999998436387707,0
121,random_map,normalized_copy,1.0671613827615294,0.01123895794969528,0.5682680749246134,0
121,random_map,ejar_absolute,6.537571479793176,0.0688513397705487,0.999349153306063,1
122,zero_effect,normalized_copy,0.0,0.0,0.0,0
122,zero_effect,ejar_absolute,0.0,0.0,0.0,0
123,same_geometry_diff_limits,normalized_copy,1.6267943994478877,0.024129717147153115,-0.289019370496622,0
123,same_geometry_diff_limits,ejar_absolute,0.015614411891625202,0.00023160354036867308,0.9999409346450027,0
124,same_limits_diff_geometry,normalized_copy,0.32768776304018754,0.008255504849096967,0.9679642027949855,0
124,same_limits_diff_geometry,ejar_absolute,0.015250046319083525,0.00038419753660653917,0.999901253868953,0
125,matched_morphology,normalized_copy,0.0,0.0,0.9999962545607816,0
125,matched_morphology,ejar_absolute,0.05819974377061393,0.000950974581892777,0.9983686841837789,0
126,random_map,normalized_copy,1.5078075729495206,0.015503198902813351,0.8997863474438145,0
126,random_map,ejar_absolute,1.0957878960185374,0.011266834052331346,0.30558107691296216,0
127,zero_effect,normalized_copy,0.0,0.0,0.0,0
127,zero_effect,ejar_absolute,0.0,0.0,0.0,0
128,same_geometry_diff_limits,normalized_copy,1.7133405594231874,0.16240325239011338,-0.980400317504935,0
128,same_geometry_diff_limits,ejar_absolute,0.39051683054043956,0.037016110453952894,0.9999780652890695,1
129,same_limits_diff_geometry,normalized_copy,1.9182212676907455,0.08613949829214984,-0.5763076126801917,0
129,same_limits_diff_geometry,ejar_absolute,0.6800433668105617,0.030537975686447352,0.9997696436192057,1
130,matched_morphology,normalized_copy,0.0,0.0,0.9999995585488072,0
130,matched_morphology,ejar_absolute,0.00046110227409639214,2.1946022995653633e-05,0.9999995559941258,0
131,random_map,normalized_copy,0.22270867639992642,0.0033094198377039944,0.9922510833778116,0
131,random_map,ejar_absolute,1.0759385596248134,0.015988296778248895,0.15226552140104668,0
132,zero_effect,normalized_copy,0.0,0.0,0.0,0
132,zero_effect,ejar_absolute,0.0,0.0,0.0,0
133,same_geometry_diff_limits,normalized_copy,1.521968701830435,0.016892339429860202,-0.5607637775793984,0
133,same_geometry_diff_limits,ejar_absolute,0.019023692142396367,0.0002111440691862049,0.9998716048404903,0
134,same_limits_diff_geometry,normalized_copy,0.653528335166668,0.012885703912285771,0.7896110348915696,0
134,same_limits_diff_geometry,ejar_absolute,0.49965179171278135,0.009851699919961418,0.9986735898836554,1
135,matched_morphology,normalized_copy,0.0,0.0,0.9999998300648434,0
135,matched_morphology,ejar_absolute,0.0016875859708547726,0.00012945661803018732,0.9999985962697151,0
136,random_map,normalized_copy,2.1410618467893845,0.029596860531659473,-0.22012397066667588,0
136,random_map,ejar_absolute,1.0535202629223137,0.014563284258110544,-0.21199120268574861,0
137,zero_effect,normalized_copy,0.0,0.0,0.0,0
137,zero_effect,ejar_absolute,0.0,0.0,0.0,0
138,same_geometry_diff_limits,normalized_copy,0.678716394964816,0.021594413853144246,0.747562043364093,0
138,same_geometry_diff_limits,ejar_absolute,0.7243220226245132,0.023045427568183435,0.99007258188485,1
139,same_limits_diff_geometry,normalized_copy,0.4679407432320374,0.016149858367783244,0.8878118934009697,0
139,same_limits_diff_geometry,ejar_absolute,0.020967926852268434,0.000723657971287742,0.9998196586461529,0
140,matched_morphology,normalized_copy,0.0,0.0,0.9999995595903238,0
140,matched_morphology,ejar_absolute,0.0037476117433701984,0.000178577228487819,0.9999934394618476,0
141,random_map,normalized_copy,0.7641640735335308,0.015558852260132892,0.6985026439703153,0
141,random_map,ejar_absolute,1.1030671694480598,0.022459128499832916,-0.9551408940900729,0
142,zero_effect,normalized_copy,0.0,0.0,0.0,0
142,zero_effect,ejar_absolute,0.0,0.0,0.0,0
143,same_geometry_diff_limits,normalized_copy,1.5295218227540766,0.046362247789737604,-0.7351773387421385,0
143,same_geometry_diff_limits,ejar_absolute,0.31227642511896725,0.009465596884515202,0.9998693909856413,1
144,same_limits_diff_geometry,normalized_copy,0.42854877752115433,0.007984218044046606,0.9055010249033912,0
144,same_limits_diff_geometry,ejar_absolute,0.012950509420611763,0.00024127869782697,0.999931328246428,0
145,matched_morphology,normalized_copy,0.0,0.0,0.9999931626855759,0
145,matched_morphology,ejar_absolute,0.004983757357256085,6.027159227795637e-05,0.9999811873257243,0
146,random_map,normalized_copy,1.1053445107238367,0.04103132203727278,0.6071080740634778,0
146,random_map,ejar_absolute,1.670604475003035,0.06201424944506248,-0.8435615102878079,0
147,zero_effect,normalized_copy,0.0,0.0,0.0,0
147,zero_effect,ejar_absolute,0.0,0.0,0.0,0
148,same_geometry_diff_limits,normalized_copy,0.5659941358592399,0.02848188724822094,0.9761485366003164,0
148,same_geometry_diff_limits,ejar_absolute,0.0036135074878262704,0.0001818384790906483,0.9999965872415533,0
149,same_limits_diff_geometry,normalized_copy,0.47994576041308823,0.01744810342553524,0.8914561687917912,0
149,same_limits_diff_geometry,ejar_absolute,0.10545147313095507,0.003833616965342776,0.9997745469244631,1
150,matched_morphology,normalized_copy,0.0,0.0,0.9999981955048421,0
150,matched_morphology,ejar_absolute,0.0026838600361676662,6.318029212999649e-05,0.9999950396479819,0
151,random_map,normalized_copy,1.4062881336920046,0.05778453585104109,-0.3109978627850304,0
151,random_map,ejar_absolute,1.5349258854675745,0.06307027538135894,-0.5559787651598941,0
152,zero_effect,normalized_copy,0.0,0.0,0.0,0
152,zero_effect,ejar_absolute,0.0,0.0,0.0,0
153,same_geometry_diff_limits,normalized_copy,0.3065510537276004,0.016665850056248894,0.9968936682320795,0
153,same_geometry_diff_limits,ejar_absolute,0.07986046724008299,0.004341666930389574,0.9968066024070473,0
154,same_limits_diff_geometry,normalized_copy,0.7790278914273936,0.033570347832947246,0.7104992010304682,0
154,same_limits_diff_geometry,ejar_absolute,0.47819155296912386,0.02060652377225812,0.9998107939890312,1
155,matched_morphology,normalized_copy,0.0,0.0,0.9999997118970518,0
155,matched_morphology,ejar_absolute,0.019673709376099018,0.0011590771524087635,0.9998062977845636,0
156,random_map,normalized_copy,1.6381511407832046,0.11008951341805205,-0.9994449156671091,0
156,random_map,ejar_absolute,0.5036390571890996,0.03384631452123879,0.9991868550189417,0
157,zero_effect,normalized_copy,0.0,0.0,0.0,0
157,zero_effect,ejar_absolute,0.0,0.0,0.0,0
158,same_geometry_diff_limits,normalized_copy,1.3667908659944084,0.026798025479247114,-0.028239728825952094,0
158,same_geometry_diff_limits,ejar_absolute,0.016476115514251117,0.00032303944541558447,0.9999106941550702,0
159,same_limits_diff_geometry,normalized_copy,0.4581182642334323,0.025116599953395567,0.8894450937523908,0
159,same_limits_diff_geometry,ejar_absolute,0.5576590634697614,0.03057398209388628,0.9993804445473058,1
160,matched_morphology,normalized_copy,0.0,0.0,0.9999990368418133,0
160,matched_morphology,ejar_absolute,0.00751136839027873,0.00024203047677595358,0.9999897915349203,0
161,random_map,normalized_copy,0.31805719140943534,0.02308171056487445,0.986118149408525,0
161,random_map,ejar_absolute,0.5996617764758453,0.04351802108324626,0.975442710967358,0
162,zero_effect,normalized_copy,0.0,0.0,0.0,0
162,zero_effect,ejar_absolute,0.0,0.0,0.0,0
163,same_geometry_diff_limits,normalized_copy,0.6020002130418967,0.051276183966669116,0.8639065810883066,0
163,same_geometry_diff_limits,ejar_absolute,0.3304849133138368,0.028149500359245915,0.9999600254340136,1
164,same_limits_diff_geometry,normalized_copy,1.3798159508203538,0.13228285876814339,-0.08053753912699231,0
164,same_limits_diff_geometry,ejar_absolute,0.9516870817685193,0.09123817401458795,0.9984977558601823,1
165,matched_morphology,normalized_copy,0.0,0.0,0.9999970121120801,0
165,matched_morphology,ejar_absolute,0.0027157334178020817,4.9682605124504524e-05,0.9999942448144091,0
166,random_map,normalized_copy,0.7748570290472038,0.039671851311446044,0.6959210124992524,0
166,random_map,ejar_absolute,0.6936342010071158,0.03551332936958053,0.9996437209265271,0
167,zero_effect,normalized_copy,0.0,0.0,0.0,0
167,zero_effect,ejar_absolute,0.0,0.0,0.0,0
168,same_geometry_diff_limits,normalized_copy,0.8423020854420707,0.09408776693393482,0.5500066646351854,0
168,same_geometry_diff_limits,ejar_absolute,0.8912247511177889,0.09955258109673955,0.998256536175138,1
169,same_limits_diff_geometry,normalized_copy,0.5870138235588311,0.027577016285655644,0.8202277850972116,0
169,same_limits_diff_geometry,ejar_absolute,0.7891288195508034,0.03707207127815062,0.9810948171968958,1
170,matched_morphology,normalized_copy,0.0,0.0,0.9999998363687475,0
170,matched_morphology,ejar_absolute,0.0006801758990475997,5.317262268716054e-05,0.9999998243150451,0
171,random_map,normalized_copy,1.529161013391516,0.05406606012849162,-0.04182626749381786,0
171,random_map,ejar_absolute,0.9905339910535106,0.03502199562414701,0.13964753945549918,0
172,zero_effect,normalized_copy,0.0,0.0,0.0,0
172,zero_effect,ejar_absolute,0.0,0.0,0.0,0
173,same_geometry_diff_limits,normalized_copy,1.6084509745222815,0.07934830144659187,-0.927564911311908,0
173,same_geometry_diff_limits,ejar_absolute,0.007266483168335088,0.0003584710420340208,0.9999831010535375,0
174,same_limits_diff_geometry,normalized_copy,1.5847132606737653,0.09307848828916586,-0.19204956265971912,0
174,same_limits_diff_geometry,ejar_absolute,0.7556036354482165,0.04438054875833872,0.9999259836542013,1
175,matched_morphology,normalized_copy,0.0,0.0,0.9999978491950395,0
175,matched_morphology,ejar_absolute,0.0006606031661398695,1.4244253342140367e-05,0.9999978422599173,0
176,random_map,normalized_copy,0.9372934003553594,0.05319101315304034,0.485721715370966,0
176,random_map,ejar_absolute,1.5881805154525441,0.09012858796915739,-0.566736584329565,0
177,zero_effect,normalized_copy,0.0,0.0,0.0,0
177,zero_effect,ejar_absolute,0.0,0.0,0.0,0
178,same_geometry_diff_limits,normalized_copy,1.4100266690274248,0.0415555527610118,-0.2801294311946265,0
178,same_geometry_diff_limits,ejar_absolute,0.024083364953608286,0.0007097720667103965,0.9999644314090925,1
179,same_limits_diff_geometry,normalized_copy,1.1313872993057819,0.07084913097475323,0.33771013749260653,0
179,same_limits_diff_geometry,ejar_absolute,0.7871358163780556,0.04929159853898599,0.9997858245152048,1
180,matched_morphology,normalized_copy,0.0,0.0,0.9999999129693868,0
180,matched_morphology,ejar_absolute,0.0030246747627176848,0.0003242221233539334,0.9999954623268302,0
181,random_map,normalized_copy,1.9880978482060592,0.1874843742792081,-0.9922697566817484,0
181,random_map,ejar_absolute,1.4330116546613856,0.13513786238007947,-0.7666807677047095,0
182,zero_effect,normalized_copy,0.0,0.0,0.0,0
182,zero_effect,ejar_absolute,0.0,0.0,0.0,0
183,same_geometry_diff_limits,normalized_copy,1.4752489722085789,0.04585692818978649,-0.6807247943829625,0
183,same_geometry_diff_limits,ejar_absolute,0.4255632723992377,0.013228292166444734,0.9999895153344616,1
184,same_limits_diff_geometry,normalized_copy,0.5177238657676159,0.008647235897621326,0.9198195163324359,0
184,same_limits_diff_geometry,ejar_absolute,0.04067149631275437,0.0006793119772529171,0.9994626523294811,0
185,matched_morphology,normalized_copy,0.0,0.0,0.9999998363905966,0
185,matched_morphology,ejar_absolute,0.00047053319457312105,3.678629985723754e-05,0.9999998359941892,0
186,random_map,normalized_copy,0.8850744400903993,0.03472654633882366,0.4750471106979808,0
186,random_map,ejar_absolute,0.6219649274926117,0.02440325118132351,0.8861039880763814,0
187,zero_effect,normalized_copy,0.0,0.0,0.0,0
187,zero_effect,ejar_absolute,0.0,0.0,0.0,0
188,same_geometry_diff_limits,normalized_copy,0.5308059123712078,0.020956074584759773,0.9846238126547725,0
188,same_geometry_diff_limits,ejar_absolute,0.002319618768111716,9.15779247740618e-05,0.9999988984124,0
189,same_limits_diff_geometry,normalized_copy,1.4147814157189316,0.04139604260935009,0.20089900552890957,0
189,same_limits_diff_geometry,ejar_absolute,0.417952051920013,0.012229140669871073,0.9998762527126565,1
190,matched_morphology,normalized_copy,0.0,0.0,0.9999994279224924,0
190,matched_morphology,ejar_absolute,0.008501242184464766,0.0003554306193080037,0.999975549707748,0
191,random_map,normalized_copy,0.923115647153331,0.06388606839110496,0.4501330449401499,0
191,random_map,ejar_absolute,0.9603797097123394,0.06646500252196559,0.8592149310437451,0
192,zero_effect,normalized_copy,0.0,0.0,0.0,0
192,zero_effect,ejar_absolute,0.0,0.0,0.0,0
193,same_geometry_diff_limits,normalized_copy,0.5923730396436547,0.0248955977397021,0.8428783917646003,0
193,same_geometry_diff_limits,ejar_absolute,0.39433690435837776,0.016572754477028825,0.9996873292996595,1
194,same_limits_diff_geometry,normalized_copy,1.6204438590086394,0.07742960267127487,-0.08996280140236075,0
194,same_limits_diff_geometry,ejar_absolute,0.7752956884822506,0.037045922188664426,0.9999815409946253,1
195,matched_morphology,normalized_copy,0.0,0.0,0.999999396509585,0
195,matched_morphology,ejar_absolute,0.02327545293899814,0.0009474642506471384,0.999731925552717,0
196,random_map,normalized_copy,0.2543534324155533,0.017866503930309814,0.9812813486226344,0
196,random_map,ejar_absolute,1.177624983089989,0.08271970694082818,-0.8705927323385353,0
197,zero_effect,normalized_copy,0.0,0.0,0.0,0
197,zero_effect,ejar_absolute,0.0,0.0,0.0,0
198,same_geometry_diff_limits,normalized_copy,0.40467015312670984,0.04593752605345408,0.9876922920692565,0
198,same_geometry_diff_limits,ejar_absolute,0.5027277571753476,0.0570688726722227,0.9991055074461281,1
199,same_limits_diff_geometry,normalized_copy,1.1568191392833522,0.03516988624410422,0.09750579595727404,0
199,same_limits_diff_geometry,ejar_absolute,0.6517165203385282,0.01981363819577611,0.999438271669182,1
200,matched_morphology,normalized_copy,0.0,0.0,0.9999998822484486,0
200,matched_morphology,ejar_absolute,0.0011813800085243352,0.00010886951235269527,0.9999994346377564,0
201,random_map,normalized_copy,2.1233988558789427,0.14546659309728044,-0.7650613428907495,0
201,random_map,ejar_absolute,1.25741068387147,0.08614078688065951,0.626365629749404,1
202,zero_effect,normalized_copy,0.0,0.0,0.0,0
202,zero_effect,ejar_absolute,0.0,0.0,0.0,0
203,same_geometry_diff_limits,normalized_copy,1.7074545352661448,0.01786165223661619,-0.722869515573045,0
203,same_geometry_diff_limits,ejar_absolute,0.011218870163328206,0.0001173604059178554,0.9999639948416235,0
204,same_limits_diff_geometry,normalized_copy,0.6907975660747295,0.04805780558496548,0.7697472177150373,0
204,same_limits_diff_geometry,ejar_absolute,0.6481399533292235,0.045090176049599535,0.7727307383533755,1
205,matched_morphology,normalized_copy,0.0,0.0,0.9999991180207236,0
205,matched_morphology,ejar_absolute,0.008479023265346502,0.0002855068009345467,0.9999650042730632,0
206,random_map,normalized_copy,1.3486149757852786,0.03280523642968371,0.31630337081993004,0
206,random_map,ejar_absolute,1.591095940764476,0.03870361775324016,-0.9283675354004508,0
207,zero_effect,normalized_copy,0.0,0.0,0.0,0
207,zero_effect,ejar_absolute,0.0,0.0,0.0,0
208,same_geometry_diff_limits,normalized_copy,1.1273382903100295,0.0823799952312533,-0.05072895936842426,0
208,same_geometry_diff_limits,ejar_absolute,0.5996674091908782,0.043820562766387454,0.9999894018097932,1
209,same_limits_diff_geometry,normalized_copy,2.076650574515095,0.08250616622336636,-0.7353029748967453,0
209,same_limits_diff_geometry,ejar_absolute,0.8158379600210497,0.03241357172308411,0.8088126765202891,1
210,matched_morphology,normalized_copy,0.0,0.0,0.9999979814074359,0
210,matched_morphology,ejar_absolute,0.005130850140582116,0.000114199598441481,0.9999930504360226,0
211,random_map,normalized_copy,2.5027161439872536,0.058017977069129534,-0.1144511524698142,0
211,random_map,ejar_absolute,1.5542839857261423,0.03603141844888097,-0.19357707890924217,0
212,zero_effect,normalized_copy,0.0,0.0,0.0,0
212,zero_effect,ejar_absolute,0.0,0.0,0.0,0
213,same_geometry_diff_limits,normalized_copy,1.213368750875493,0.042572363639978066,-0.016865000124650247,0
213,same_geometry_diff_limits,ejar_absolute,0.8001267471487455,0.02807331803551986,0.9999809090722983,1
214,same_limits_diff_geometry,normalized_copy,0.9134642621964065,0.016969796030857347,0.688234297810763,0
214,same_limits_diff_geometry,ejar_absolute,0.5110540840204585,0.009494058963742051,0.9953187210602463,1
215,matched_morphology,normalized_copy,0.0,0.0,0.9999958438219014,0
215,matched_morphology,ejar_absolute,0.003916041843002228,6.0743438780965444e-05,0.99999021461092,0
216,random_map,normalized_copy,0.6432842918249321,0.020277961051074926,0.9954216549949886,0
216,random_map,ejar_absolute,0.4514792177435456,0.014231776073377089,0.9986478392096779,0
217,zero_effect,normalized_copy,0.0,0.0,0.0,0
217,zero_effect,ejar_absolute,0.0,0.0,0.0,0
218,same_geometry_diff_limits,normalized_copy,0.5373166958481199,0.038470382604525975,0.8769575757843361,0
218,same_geometry_diff_limits,ejar_absolute,0.6778365008789824,0.048531210240856694,0.9987614076630166,1
219,same_limits_diff_geometry,normalized_copy,0.6093222077998269,0.011679207198533662,0.8041696777713515,0
219,same_limits_diff_geometry,ejar_absolute,0.18203573105093812,0.0034891769793804948,0.9992668689428513,1
220,matched_morphology,normalized_copy,0.0,0.0,0.9999990367205258,0
220,matched_morphology,ejar_absolute,0.005879255831741872,0.00018942880072675712,0.9999846254410694,0
221,random_map,normalized_copy,0.7840914006154287,0.01864596527556961,0.9243943674914131,0
221,random_map,ejar_absolute,1.3047823435677037,0.03102817637235163,-0.9168404499914378,0
222,zero_effect,normalized_copy,0.0,0.0,0.0,0
222,zero_effect,ejar_absolute,0.0,0.0,0.0,0
223,same_geometry_diff_limits,normalized_copy,0.41781429455873287,0.008732566346018262,0.9832328727005792,0
223,same_geometry_diff_limits,ejar_absolute,0.007729649576135345,0.0001615542566018772,0.9999687017534512,0
224,same_limits_diff_geometry,normalized_copy,1.2901110405644058,0.07814007278079478,0.3309827785286853,0
224,same_limits_diff_geometry,ejar_absolute,0.9079753782842847,0.05499469418637356,0.9924558301139963,1
225,matched_morphology,normalized_copy,0.0,0.0,0.9999997536999745,0
225,matched_morphology,ejar_absolute,0.00240350636821367,0.00015314858978995752,0.9999971756919235,0
226,random_map,normalized_copy,0.896312246075784,0.026202762786479223,0.5988737885948183,0
226,random_map,ejar_absolute,1.900747142577134,0.05556637958711523,-0.16416827920753133,0
227,zero_effect,normalized_copy,0.0,0.0,0.0,0
227,zero_effect,ejar_absolute,0.0,0.0,0.0,0
228,same_geometry_diff_limits,normalized_copy,0.4565336614669592,0.014549924371690864,0.9518538857406448,0
228,same_geometry_diff_limits,ejar_absolute,0.012838067721936818,0.00040915474629540574,0.9999467514867213,0
229,same_limits_diff_geometry,normalized_copy,0.6982841752036935,0.06112385940057846,0.7198146664894689,0
229,same_limits_diff_geometry,ejar_absolute,0.816066517845967,0.07143386155612924,0.9995190909815228,1
230,matched_morphology,normalized_copy,0.0,0.0,0.9999998677422383,0
230,matched_morphology,ejar_absolute,0.002068553587710699,0.0001798689369894344,0.9999978180910507,0
231,random_map,normalized_copy,0.34985223379671515,0.013362859105479994,0.9397415991509631,0
231,random_map,ejar_absolute,0.5706610651523415,0.02179681212224256,0.8946661558049782,0
232,zero_effect,normalized_copy,0.0,0.0,0.0,0
232,zero_effect,ejar_absolute,0.0,0.0,0.0,0
233,same_geometry_diff_limits,normalized_copy,1.5909715729231098,0.007091879593880857,-0.9968935315841627,0
233,same_geometry_diff_limits,ejar_absolute,0.025105036731804673,0.000111907654877074,0.9996421289635263,0
234,same_limits_diff_geometry,normalized_copy,1.2950376168258264,0.07745858237451782,0.027673391385345844,0
234,same_limits_diff_geometry,ejar_absolute,0.7477082200897024,0.04472180422054232,0.9999920155798762,1
235,matched_morphology,normalized_copy,0.0,0.0,0.9999984703156181,0
235,matched_morphology,ejar_absolute,0.002661652580408091,6.805344828198367e-05,0.9999960357459107,0
236,random_map,normalized_copy,1.3144576962576062,0.0463532620245586,0.36018847136604476,0
236,random_map,ejar_absolute,0.8897576755279187,0.031376567530116244,0.4887262860399675,0
237,zero_effect,normalized_copy,0.0,0.0,0.0,0
237,zero_effect,ejar_absolute,0.0,0.0,0.0,0
238,same_geometry_diff_limits,normalized_copy,0.813931704700039,0.058073379583405395,0.5861447697035039,0
238,same_geometry_diff_limits,ejar_absolute,0.9280992052969039,0.06621913992172987,0.7739384915467287,1
239,same_limits_diff_geometry,normalized_copy,1.056858627026333,0.04560962557025905,0.5018373921246857,0
239,same_limits_diff_geometry,ejar_absolute,0.7203351892986575,0.031086672738278018,0.9985138493568376,1
240,matched_morphology,normalized_copy,0.0,0.0,0.9999997710766028,0
240,matched_morphology,ejar_absolute,0.0033631553474810475,0.0002222807195974007,0.9999945159616899,0
241,random_map,normalized_copy,0.9087520282063627,0.05594740414555204,0.4504440276768431,0
241,random_map,ejar_absolute,0.5671866021613198,0.034918896543971005,0.971674129597253,0
242,zero_effect,normalized_copy,0.0,0.0,0.0,0
242,zero_effect,ejar_absolute,0.0,0.0,0.0,0
243,same_geometry_diff_limits,normalized_copy,0.5197721966501868,0.039350697435236344,0.9148237902756644,0
243,same_geometry_diff_limits,ejar_absolute,0.6239877036661557,0.04724060172614465,0.9986297835055509,1
244,same_limits_diff_geometry,normalized_copy,0.25177665171256103,0.006748848239260307,0.9698444812786918,0
244,same_limits_diff_geometry,ejar_absolute,0.01435371993112311,0.0003847500426472743,0.9999155672786165,0
245,matched_morphology,normalized_copy,0.0,0.0,0.9999984611582546,0
245,matched_morphology,ejar_absolute,0.005295463741727023,0.00013499158667444754,0.9999984494338652,0
246,random_map,normalized_copy,1.7207205027583823,0.010626846340805062,-0.39282039238268296,0
246,random_map,ejar_absolute,1.1044596672663747,0.006820935273823787,-0.8335692336046603,0
247,zero_effect,normalized_copy,0.0,0.0,0.0,0
247,zero_effect,ejar_absolute,0.0,0.0,0.0,0
248,same_geometry_diff_limits,normalized_copy,0.6135038977780171,0.015646720127244357,0.8291971908830377,0
248,same_geometry_diff_limits,ejar_absolute,0.06786569392611537,0.0017308374452860787,0.9978938850574373,0
249,same_limits_diff_geometry,normalized_copy,1.2257814277241177,0.036065358152140785,0.2921826349409192,0
249,same_limits_diff_geometry,ejar_absolute,0.9237396068029696,0.02717858094858074,0.813128345173229,1
250,matched_morphology,normalized_copy,0.0,0.0,0.9999996227858926,0
250,matched_morphology,ejar_absolute,0.005948261664947335,0.00030626405479775747,0.9999889033267638,0
251,random_map,normalized_copy,0.3202864268545803,0.026569115851523734,0.9967557430009589,0
251,random_map,ejar_absolute,0.7356985526016606,0.061029311381798616,0.9662540589793608,0
252,zero_effect,normalized_copy,0.0,0.0,0.0,0
252,zero_effect,ejar_absolute,0.0,0.0,0.0,0
253,same_geometry_diff_limits,normalized_copy,0.43621769314794034,0.033330988337543214,0.9179376327620569,0
253,same_geometry_diff_limits,ejar_absolute,0.7238923086660024,0.055311938228972506,0.998331801534472,1
254,same_limits_diff_geometry,normalized_copy,1.5783750691590641,0.07382512951670342,-0.1953673018527579,0
254,same_limits_diff_geometry,ejar_absolute,0.7983828860235893,0.037342657722041775,0.9999019681316879,1
255,matched_morphology,normalized_copy,0.0,0.0,0.9999989691799884,0
255,matched_morphology,ejar_absolute,0.022783051763895897,0.0007096108814046406,0.9997562160810289,0
256,random_map,normalized_copy,3.3164658414068913,0.01154698981238239,-0.9116509867905632,0
256,random_map,ejar_absolute,0.25584170098661146,0.0008907679608790333,0.9733232589154789,0
257,zero_effect,normalized_copy,0.0,0.0,0.0,0
257,zero_effect,ejar_absolute,0.0,0.0,0.0,0
258,same_geometry_diff_limits,normalized_copy,0.47425731013440076,0.027625484794644627,0.9732424640666835,0
258,same_geometry_diff_limits,ejar_absolute,0.315741149052951,0.01839191958840662,0.999869897656822,1
259,same_limits_diff_geometry,normalized_copy,0.3483954552428465,0.02724492112875725,0.9492739162669324,0
259,same_limits_diff_geometry,ejar_absolute,0.42867561530086834,0.033522921016730024,0.9999137544947181,1
260,matched_morphology,normalized_copy,0.0,0.0,0.9999999058561421,0
260,matched_morphology,ejar_absolute,0.0010919201657204193,0.00011253688107360814,0.9999994439197138,0
261,random_map,normalized_copy,0.4239925102102989,0.01963575787493201,0.922817150831946,0
261,random_map,ejar_absolute,0.41089073694791167,0.019028994214449205,0.949070381931029,0
262,zero_effect,normalized_copy,0.0,0.0,0.0,0
262,zero_effect,ejar_absolute,0.0,0.0,0.0,0
263,same_geometry_diff_limits,normalized_copy,0.43623913723674274,0.026535799919976764,0.9792073517588924,0
263,same_geometry_diff_limits,ejar_absolute,0.537537458840683,0.03269763127545382,0.9996560917900295,1
264,same_limits_diff_geometry,normalized_copy,0.2278664873431839,0.017522454882753603,0.9845418210043235,0
264,same_limits_diff_geometry,ejar_absolute,0.1678713305651074,0.012908953177940401,0.9890109513334883,1
265,matched_morphology,normalized_copy,0.0,0.0,0.9999995805362727,0
265,matched_morphology,ejar_absolute,0.01785188692220359,0.0008716393722289649,0.9998407077207592,0
266,random_map,normalized_copy,7.857093658805352,0.035226729477190376,0.6936754663151694,0
266,random_map,ejar_absolute,0.6201372075618387,0.0027803417647999217,0.7891771227474121,0
267,zero_effect,normalized_copy,0.0,0.0,0.0,0
267,zero_effect,ejar_absolute,0.0,0.0,0.0,0
268,same_geometry_diff_limits,normalized_copy,0.6514368241112567,0.008750031845517592,0.7751334594908783,0
268,same_geometry_diff_limits,ejar_absolute,0.03845234454491742,0.0005164879031237868,0.999887744646657,0
269,same_limits_diff_geometry,normalized_copy,1.6589904987603032,0.07204603267653671,-0.6160733183471753,0
269,same_limits_diff_geometry,ejar_absolute,0.7584766711120589,0.03293884749319804,0.9954925123502535,1
270,matched_morphology,normalized_copy,0.0,0.0,0.9999998851672435,0
270,matched_morphology,ejar_absolute,0.0015638421840295745,0.0001459351833228389,0.999999173847285,0
271,random_map,normalized_copy,1.3742302141470186,0.04411005097118932,0.953248353023062,0
271,random_map,ejar_absolute,0.8905119849484144,0.02858365988620827,0.7893062467730237,0
272,zero_effect,normalized_copy,0.0,0.0,0.0,0
272,zero_effect,ejar_absolute,0.0,0.0,0.0,0
273,same_geometry_diff_limits,normalized_copy,0.6223428522799118,0.03183512404192805,0.8043137178747823,0
273,same_geometry_diff_limits,ejar_absolute,0.822192362762858,0.04205816096222941,0.9269280336573587,1
274,same_limits_diff_geometry,normalized_copy,0.6649058943061879,0.015632463567736288,0.75081471575975,0
274,same_limits_diff_geometry,ejar_absolute,0.2599419840589087,0.006111441679677347,0.9996767379065193,1
275,matched_morphology,normalized_copy,0.0,0.0,0.9999998310648748,0
275,matched_morphology,ejar_absolute,0.0021205134684118654,0.0001631477261246172,0.9999978419714803,0
276,random_map,normalized_copy,0.6042142240926395,0.029581534703481967,0.8175783634755789,0
276,random_map,ejar_absolute,1.065035539466837,0.05214274095995033,-0.25255957702940746,0
277,zero_effect,normalized_copy,0.0,0.0,0.0,0
277,zero_effect,ejar_absolute,0.0,0.0,0.0,0
278,same_geometry_diff_limits,normalized_copy,1.199720277901182,0.12863065275632793,-0.03615268754630484,0
278,same_geometry_diff_limits,ejar_absolute,0.9177303773739748,0.09839648430585991,0.9999652168419193,1
279,same_limits_diff_geometry,normalized_copy,1.5901387090314454,0.007069232870561868,-0.10092881795870627,0
279,same_limits_diff_geometry,ejar_absolute,0.008957365851299701,3.9821497803940346e-05,0.9999151406683823,0
280,matched_morphology,normalized_copy,0.0,0.0,0.9999997170172162,0
280,matched_morphology,ejar_absolute,0.010056031852409969,0.0005977871549944593,0.999949264769022,0
281,random_map,normalized_copy,1.387645283516583,0.04900598055911921,0.059714326235899486,0
281,random_map,ejar_absolute,1.4285338820585214,0.05044999935054828,-0.9983690039260195,0
282,zero_effect,normalized_copy,0.0,0.0,0.0,0
282,zero_effect,ejar_absolute,0.0,0.0,0.0,0
283,same_geometry_diff_limits,normalized_copy,0.8235583398101841,0.006554209989541097,0.6226309665292602,0
283,same_geometry_diff_limits,ejar_absolute,0.0032107677374510753,2.555258681946975e-05,0.9999816676836826,0
284,same_limits_diff_geometry,normalized_copy,0.5251337425744526,0.017386569920371533,0.8527828294912604,0
284,same_limits_diff_geometry,ejar_absolute,0.16362649421655456,0.005417483684393122,0.9998489461242566,1
285,matched_morphology,normalized_copy,0.0,0.0,0.9999998468005252,0
285,matched_morphology,ejar_absolute,0.0034342226465751153,0.00027745961673805096,0.9999945876927312,0
286,random_map,normalized_copy,1.044252225360964,0.05958059520147381,0.4333765703084917,0
286,random_map,ejar_absolute,2.082817910222329,0.11883674056278923,-0.4973548572880321,0
287,zero_effect,normalized_copy,0.0,0.0,0.0,0
287,zero_effect,ejar_absolute,0.0,0.0,0.0,0
288,same_geometry_diff_limits,normalized_copy,0.342660442271418,0.02383510959176456,0.9956036876919808,0
288,same_geometry_diff_limits,ejar_absolute,0.003275854702055646,0.0002278650996672294,0.9999957757312303,0
289,same_limits_diff_geometry,normalized_copy,0.7244432486297304,0.003703775405189097,0.9998420484809099,0
289,same_limits_diff_geometry,ejar_absolute,0.004361721848748354,2.229965996401598e-05,0.999952706695512,0
290,matched_morphology,normalized_copy,0.0,0.0,0.9999998073100728,0
290,matched_morphology,ejar_absolute,0.0032369163120081236,0.0002331857081975529,0.9999952512358544,0
291,random_map,normalized_copy,0.5092364780410461,0.030548458906799487,0.9048252234733478,0
291,random_map,ejar_absolute,0.28735548171238806,0.017238095665304837,0.9597744149132668,0
292,zero_effect,normalized_copy,0.0,0.0,0.0,0
292,zero_effect,ejar_absolute,0.0,0.0,0.0,0
293,same_geometry_diff_limits,normalized_copy,1.1430282560420368,0.026547918454022407,-0.2614733269746042,0
293,same_geometry_diff_limits,ejar_absolute,0.32389134023638777,0.0075226844508062786,0.9983822228765756,1
294,same_limits_diff_geometry,normalized_copy,0.4649501096123618,0.014282719692173765,0.9229766803573979,0
294,same_limits_diff_geometry,ejar_absolute,0.5503092806708172,0.016904852880615575,0.9867491222439734,1
295,matched_morphology,normalized_copy,0.0,0.0,0.9999993155216165,0
295,matched_morphology,ejar_absolute,0.004397570050663418,0.00016808647144275245,0.9999922512986262,0
296,random_map,normalized_copy,1.6359244407988076,0.004943469391698798,0.6582798333555254,0
296,random_map,ejar_absolute,0.9314315901481142,0.0028146187204772144,0.5203906548199358,0
297,zero_effect,normalized_copy,0.0,0.0,0.0,0
297,zero_effect,ejar_absolute,0.0,0.0,0.0,0
298,same_geometry_diff_limits,normalized_copy,0.7095474459073857,0.08323843876852816,0.7544722585989627,0
298,same_geometry_diff_limits,ejar_absolute,0.5748223320601402,0.06743356454307617,0.9999767284543114,1
299,same_limits_diff_geometry,normalized_copy,0.6916407667763258,0.007823039507399128,0.7459782275165294,0
299,same_limits_diff_geometry,ejar_absolute,0.3932919004097159,0.00444846258728456,0.9616981796197,1
300,matched_morphology,normalized_copy,0.0,0.0,0.9999997179741995,0
300,matched_morphology,ejar_absolute,0.003008825931223343,0.00017916475870145574,0.9999967418037745,0
301,random_map,normalized_copy,0.7168494968771094,0.03345984184639967,0.9237088789592252,0
301,random_map,ejar_absolute,0.8958969467397203,0.04181710425852795,0.6039799807658779,0
302,zero_effect,normalized_copy,0.0,0.0,0.0,0
302,zero_effect,ejar_absolute,0.0,0.0,0.0,0
303,same_geometry_diff_limits,normalized_copy,1.1950618658661991,0.01532551995288402,-0.2767075523577533,0
303,same_geometry_diff_limits,ejar_absolute,0.6853210805866733,0.008788584252121905,0.9033236994203574,1
304,same_limits_diff_geometry,normalized_copy,1.7224297096143222,0.03914837657187221,-0.5339451572274415,0
304,same_limits_diff_geometry,ejar_absolute,0.2870463113533308,0.00652415423845847,0.9996610440532043,1
305,matched_morphology,normalized_copy,0.0,0.0,0.9999988350251605,0
305,matched_morphology,ejar_absolute,0.0022624989944536665,6.628723193066925e-05,0.999996376936731,0
306,random_map,normalized_copy,0.6475823172504093,0.0352139104085102,0.9798732141432003,0
306,random_map,ejar_absolute,0.4157116362331462,0.022605361394431964,0.9751402353922352,0
307,zero_effect,normalized_copy,0.0,0.0,0.0,0
307,zero_effect,ejar_absolute,0.0,0.0,0.0,0
308,same_geometry_diff_limits,normalized_copy,1.0388060749627612,0.1289621005532477,0.25317110268525245,0
308,same_geometry_diff_limits,ejar_absolute,0.9674567409075063,0.12010447041937417,0.979904878393874,1
309,same_limits_diff_geometry,normalized_copy,1.2674191172466733,0.03693097658246434,0.2092097505757044,0
309,same_limits_diff_geometry,ejar_absolute,0.37726941564014177,0.010993149594077304,0.9999209875149667,1
310,matched_morphology,normalized_copy,0.0,0.0,0.9999604538912852,0
310,matched_morphology,ejar_absolute,0.008772039128142155,4.4110317228200444e-05,0.999928416334181,0
311,random_map,normalized_copy,1.7448404953370553,0.16424117935817567,-0.09639423091193701,0
311,random_map,ejar_absolute,1.6993784139628652,0.15996185074279298,-0.05401039786937101,1
312,zero_effect,normalized_copy,0.0,0.0,0.0,0
312,zero_effect,ejar_absolute,0.0,0.0,0.0,0
313,same_geometry_diff_limits,normalized_copy,0.9828714066515408,0.023372254716581956,0.3218685762606316,0
313,same_geometry_diff_limits,ejar_absolute,0.014336705900697612,0.00034092063299449003,0.9999493750126003,0
314,same_limits_diff_geometry,normalized_copy,0.45174683770165364,0.003084169708792397,0.9918223899655024,0
314,same_limits_diff_geometry,ejar_absolute,0.03974230138797041,0.0002713289654047925,0.9999477391609581,0
315,matched_morphology,normalized_copy,0.0,0.0,0.9999998723373952,0
315,matched_morphology,ejar_absolute,0.0052808232717986734,0.00046737960792470734,0.999986187247903,0
316,random_map,normalized_copy,1.1674556465732693,0.05950289194435834,0.4156735992084044,0
316,random_map,ejar_absolute,1.0195783822420637,0.05196588194628745,0.07887466007644622,0
317,zero_effect,normalized_copy,0.0,0.0,0.0,0
317,zero_effect,ejar_absolute,0.0,0.0,0.0,0
318,same_geometry_diff_limits,normalized_copy,0.5607442716177019,0.01670521280534912,0.8813912779240423,0
318,same_geometry_diff_limits,ejar_absolute,0.6574470093249515,0.01958609789687052,0.9793246910743362,1
319,same_limits_diff_geometry,normalized_copy,1.8235375121575348,0.08008094150239431,-0.572924240297342,0
319,same_limits_diff_geometry,ejar_absolute,0.900637328521337,0.0395516323296557,0.89106751707726,1
320,matched_morphology,normalized_copy,0.0,0.0,0.9999886167508865,0
320,matched_morphology,ejar_absolute,0.00805247659504797,7.547340184941589e-05,0.9999575817517551,0
321,random_map,normalized_copy,1.279846895076949,0.03982626897650174,-0.9101354394245971,0
321,random_map,ejar_absolute,1.0396215264272306,0.032350937213285046,-0.03007628562494624,0
322,zero_effect,normalized_copy,0.0,0.0,0.0,0
322,zero_effect,ejar_absolute,0.0,0.0,0.0,0
323,same_geometry_diff_limits,normalized_copy,0.49329644443028364,0.014334808377907564,0.9251561363282125,0
323,same_geometry_diff_limits,ejar_absolute,0.379285382488399,0.0110217361991973,0.9252793159604993,0
324,same_limits_diff_geometry,normalized_copy,0.43394131388716584,0.005162437914392432,0.9462892307054319,0
324,same_limits_diff_geometry,ejar_absolute,0.002247729858000762,2.6740403526713483e-05,0.9999918838880703,0
325,matched_morphology,normalized_copy,0.0,0.0,0.9999900592377577,0
325,matched_morphology,ejar_absolute,0.015086578305923425,0.00015131388870652797,0.9999869429626765,0
326,random_map,normalized_copy,1.60122489407073,0.07828456959411485,-0.4756050613070075,0
326,random_map,ejar_absolute,0.874525753792564,0.042755937962325734,0.48537955956622514,0
327,zero_effect,normalized_copy,0.0,0.0,0.0,0
327,zero_effect,ejar_absolute,0.0,0.0,0.0,0
328,same_geometry_diff_limits,normalized_copy,1.3718053395799776,0.09950204744123971,-0.17406464692019485,0
328,same_geometry_diff_limits,ejar_absolute,0.9000964127968658,0.06528727756317491,0.9987756538222327,1
329,same_limits_diff_geometry,normalized_copy,0.5781877216605373,0.0023694997829110374,0.8859395430251015,0
329,same_limits_diff_geometry,ejar_absolute,0.01834338466661681,7.517393461862709e-05,0.9997850446549017,0
330,matched_morphology,normalized_copy,0.0,0.0,0.9999998372239034,0
330,matched_morphology,ejar_absolute,0.003434287344304264,0.00026917906769031465,0.9999944929533425,0
331,random_map,normalized_copy,0.7349595049100933,0.019482182146657537,0.969427711494794,0
331,random_map,ejar_absolute,0.9911025326406692,0.026271978167397316,0.16006005906659052,0
332,zero_effect,normalized_copy,0.0,0.0,0.0,0
332,zero_effect,ejar_absolute,0.0,0.0,0.0,0
333,same_geometry_diff_limits,normalized_copy,0.8269977099070985,0.05061591920355258,0.5643259416477048,0
333,same_geometry_diff_limits,ejar_absolute,0.9294439386807172,0.05688608171572768,0.8002287395365062,1
334,same_limits_diff_geometry,normalized_copy,1.0926269694916015,0.04503338471551739,0.33120148595870175,0
334,same_limits_diff_geometry,ejar_absolute,0.6017152257111856,0.024800113858844747,0.9999644802971427,1
335,matched_morphology,normalized_copy,0.0,0.0,0.999999864347217,0
335,matched_morphology,ejar_absolute,0.009045973300687227,0.0007766778561537043,0.9999592463405672,0
336,random_map,normalized_copy,0.44167475551051993,0.012389831809713973,0.9009745530051342,0
336,random_map,ejar_absolute,1.349972458970807,0.03786934051746119,-0.5757214971335897,0
337,zero_effect,normalized_copy,0.0,0.0,0.0,0
337,zero_effect,ejar_absolute,0.0,0.0,0.0,0
338,same_geometry_diff_limits,normalized_copy,1.1417412167855066,0.07625903951563849,0.054482530422573235,0
338,same_geometry_diff_limits,ejar_absolute,0.8246450087106957,0.0550795884225814,0.999956202323581,1
339,same_limits_diff_geometry,normalized_copy,0.41756138846564367,0.022554641986874808,0.9111310288699108,0
339,same_limits_diff_geometry,ejar_absolute,0.5672062570982693,0.030637732354938114,0.9993293401972904,1
340,matched_morphology,normalized_copy,0.0,0.0,0.9999997461621236,0
340,matched_morphology,ejar_absolute,0.0018065056849691174,0.00011338642736664465,0.9999988593501085,0
341,random_map,normalized_copy,0.5876200770170225,0.04055530215588881,0.8133019795474653,0
341,random_map,ejar_absolute,0.8516248630042361,0.058775908096829206,0.8117127686193947,1
342,zero_effect,normalized_copy,0.0,0.0,0.0,0
342,zero_effect,ejar_absolute,0.0,0.0,0.0,0
343,same_geometry_diff_limits,normalized_copy,0.7271282428479232,0.014396571986086425,0.6924383102591505,0
343,same_geometry_diff_limits,ejar_absolute,0.6433298939512896,0.012737430047821912,0.9410341137410164,1
344,same_limits_diff_geometry,normalized_copy,1.8404482487880485,0.052436617921634635,-0.3327632407798258,0
344,same_limits_diff_geometry,ejar_absolute,0.9250515001175039,0.026355846789736424,0.527121226839665,1
345,matched_morphology,normalized_copy,0.0,0.0,0.9999989113882188,0
345,matched_morphology,ejar_absolute,0.0013272775527967307,4.0227682380743755e-05,0.9999982885980202,0
346,random_map,normalized_copy,0.5744600775376852,0.02649352425743119,0.8351142947868239,0
346,random_map,ejar_absolute,1.605415492234117,0.07404015692277623,-0.9909747477350946,0
347,zero_effect,normalized_copy,0.0,0.0,0.0,0
347,zero_effect,ejar_absolute,0.0,0.0,0.0,0
348,same_geometry_diff_limits,normalized_copy,1.3427577526053964,0.10733631906669439,-0.36112692167217736,0
348,same_geometry_diff_limits,ejar_absolute,0.9618346227915476,0.07688638383284527,0.4112515572041012,1
349,same_limits_diff_geometry,normalized_copy,1.7356601722102571,0.023165443026631136,-0.24819607556790377,0
349,same_limits_diff_geometry,ejar_absolute,0.6086915801734302,0.008124061580177535,0.993060985820642,1
350,matched_morphology,normalized_copy,0.0,0.0,0.9999970588409974,0
350,matched_morphology,ejar_absolute,0.021757892730814694,0.000401196341811403,0.9997628661440988,0
351,random_map,normalized_copy,2.2775710830372207,0.16219318158126947,-0.957082269313222,0
351,random_map,ejar_absolute,1.0835939301862776,0.07716621816461312,-0.3519908483797018,1
352,zero_effect,normalized_copy,0.0,0.0,0.0,0
352,zero_effect,ejar_absolute,0.0,0.0,0.0,0
353,same_geometry_diff_limits,normalized_copy,1.371220143365026,0.03036946453035424,0.09919070887879923,0
353,same_geometry_diff_limits,ejar_absolute,0.005741015098984462,0.00012715066596744374,0.9999899975618677,0
354,same_limits_diff_geometry,normalized_copy,0.24895769864117187,0.007400668768307483,0.9691978237257614,0
354,same_limits_diff_geometry,ejar_absolute,0.002033205137197366,6.044029905701593e-05,0.9999980223615194,0
355,matched_morphology,normalized_copy,0.0,0.0,0.999999546890921,0
355,matched_morphology,ejar_absolute,0.001647920812998614,7.741673789735763e-05,0.99999857918235,0
356,random_map,normalized_copy,0.7462688831639157,0.0320429731121301,0.748445960737085,0
356,random_map,ejar_absolute,1.1195624828901103,0.0480712935323042,-0.17785936392154011,0
357,zero_effect,normalized_copy,0.0,0.0,0.0,0
357,zero_effect,ejar_absolute,0.0,0.0,0.0,0
358,same_geometry_diff_limits,normalized_copy,1.0975572904151996,0.018170226961502223,-0.06260418070410008,0
358,same_geometry_diff_limits,ejar_absolute,0.9973362761483722,0.01651105291068678,0.07692562397320135,0
359,same_limits_diff_geometry,normalized_copy,0.7871216318815357,0.0400165553224899,0.7157922399561574,0
359,same_limits_diff_geometry,ejar_absolute,0.6543923643926998,0.0332687188252458,0.998934229351513,1
360,matched_morphology,normalized_copy,0.0,0.0,0.9999983022053848,0
360,matched_morphology,ejar_absolute,0.005556394706294591,0.00013484975513900835,0.9999930465144198,0
361,random_map,normalized_copy,0.5701289298906871,0.033794017081331826,0.9611957265780493,0
361,random_map,ejar_absolute,1.047664348496157,0.062099614722883466,-0.6129910474301697,0
362,zero_effect,normalized_copy,0.0,0.0,0.0,0
362,zero_effect,ejar_absolute,0.0,0.0,0.0,0
363,same_geometry_diff_limits,normalized_copy,1.4891927850689908,0.07149096535211194,-0.754805658366512,0
363,same_geometry_diff_limits,ejar_absolute,0.005789267576601418,0.0002779225979890461,0.999989241138696,0
364,same_limits_diff_geometry,normalized_copy,0.37419192345561514,0.02227315715737468,0.9969601607054959,0
364,same_limits_diff_geometry,ejar_absolute,0.1298442381401629,0.007728764146932401,0.9999495437020359,1
365,matched_morphology,normalized_copy,0.0,0.0,0.9999910584463403,0
365,matched_morphology,ejar_absolute,0.01037376920754997,0.00010970544604925799,0.999938422199978,0
366,random_map,normalized_copy,1.418697590593643,0.05967571641588226,0.1894147763221973,0
366,random_map,ejar_absolute,2.303884583349371,0.09690998558286842,0.3461808799997989,1
367,zero_effect,normalized_copy,0.0,0.0,0.0,0
367,zero_effect,ejar_absolute,0.0,0.0,0.0,0
368,same_geometry_diff_limits,normalized_copy,0.38750794785691567,0.011522103858007896,0.9700072967678692,0
368,same_geometry_diff_limits,ejar_absolute,0.2270726381909112,0.0067517441513576335,0.9739042820792653,0
369,same_limits_diff_geometry,normalized_copy,0.2645402305081545,0.00897718141165643,0.9963628755397356,0
369,same_limits_diff_geometry,ejar_absolute,0.009062964655318868,0.00030755200326976293,0.9999642491249559,0
370,matched_morphology,normalized_copy,0.0,0.0,0.9999983590584679,0
370,matched_morphology,ejar_absolute,0.002642258542574373,6.52271522920606e-05,0.9999956616352433,0
371,random_map,normalized_copy,1.6739613487172893,0.05905775808920298,-0.115568898949503,0
371,random_map,ejar_absolute,1.3054896392350919,0.04605798775520474,-0.5093278101541753,0
372,zero_effect,normalized_copy,0.0,0.0,0.0,0
372,zero_effect,ejar_absolute,0.0,0.0,0.0,0
373,same_geometry_diff_limits,normalized_copy,1.049632459963864,0.026637044212459004,0.13818270725086965,0
373,same_geometry_diff_limits,ejar_absolute,0.7895644012442063,0.020037167929476674,0.9857991231285186,1
374,same_limits_diff_geometry,normalized_copy,0.42264892100204676,0.0371198632417932,0.9076735174340028,0
374,same_limits_diff_geometry,ejar_absolute,0.7416443784036296,0.06513618403453617,0.9262476164272285,1
375,matched_morphology,normalized_copy,0.0,0.0,0.999999912397331,0
375,matched_morphology,ejar_absolute,0.0013251299348565903,0.00014157930650829725,0.9999994064976013,0
376,random_map,normalized_copy,0.5595122715342165,0.02907319247299234,0.9997804562481294,0
376,random_map,ejar_absolute,1.544604077851866,0.08026020863996354,-0.0331328811620295,0
377,zero_effect,normalized_copy,0.0,0.0,0.0,0
377,zero_effect,ejar_absolute,0.0,0.0,0.0,0
378,same_geometry_diff_limits,normalized_copy,1.047501185710886,0.05379791365287845,0.22783656273317443,0
378,same_geometry_diff_limits,ejar_absolute,0.5755472662043165,0.02955914757213079,0.9998863964166759,1
379,same_limits_diff_geometry,normalized_copy,0.4328233976196017,0.01719796163133427,0.9151897765638402,0
379,same_limits_diff_geometry,ejar_absolute,0.2065079953374866,0.00820546347519594,0.9998618090145573,1
380,matched_morphology,normalized_copy,0.0,0.0,0.9999997728806568,0
380,matched_morphology,ejar_absolute,0.0036433210206575587,0.00024175214423963445,0.9999933380204735,0
381,random_map,normalized_copy,1.2525921550451882,0.024566010841514805,-0.18588742150172238,0
381,random_map,ejar_absolute,1.159508881669717,0.022740448791093836,-0.5126715479637615,0
382,zero_effect,normalized_copy,0.0,0.0,0.0,0
382,zero_effect,ejar_absolute,0.0,0.0,0.0,0
383,same_geometry_diff_limits,normalized_copy,0.6818798389186339,0.06040616486842314,0.7346033671445116,0
383,same_geometry_diff_limits,ejar_absolute,0.7577476162410106,0.06712711657217803,0.9996597688915012,1
384,same_limits_diff_geometry,normalized_copy,1.3368468263325304,0.11291104274104521,0.04172667771106917,0
384,same_limits_diff_geometry,ejar_absolute,0.9683525868916727,0.08178775471748058,0.9962513230823956,1
385,matched_morphology,normalized_copy,0.0,0.0,0.9999994640683076,0
385,matched_morphology,ejar_absolute,0.008180956065138275,0.0003533859137005764,0.9999735380831425,0
386,random_map,normalized_copy,0.46125520160684974,0.009022538453955922,0.9999012902027248,0
386,random_map,ejar_absolute,1.2069722425844032,0.023609388975210366,-0.9970279723492453,0
387,zero_effect,normalized_copy,0.0,0.0,0.0,0
387,zero_effect,ejar_absolute,0.0,0.0,0.0,0
388,same_geometry_diff_limits,normalized_copy,0.8621849646578988,0.048152825652178315,0.5119820463857166,0
388,same_geometry_diff_limits,ejar_absolute,0.7995636306709496,0.04465543901104516,0.9977345175273536,1
389,same_limits_diff_geometry,normalized_copy,1.3894360569520317,0.002218462013135171,-0.5757425843868053,0
389,same_limits_diff_geometry,ejar_absolute,0.039769512819012545,6.349853455179009e-05,0.9994940133297426,0
390,matched_morphology,normalized_copy,0.0,0.0,0.9999992994219605,0
390,matched_morphology,ejar_absolute,0.024140594676393786,0.0009120519237714689,0.9997126851108983,0
391,random_map,normalized_copy,0.4046357857797932,0.02105643206299209,0.948418233508494,0
391,random_map,ejar_absolute,0.891267791436654,0.04637978241136599,0.9721320262387213,1
392,zero_effect,normalized_copy,0.0,0.0,0.0,0
392,zero_effect,ejar_absolute,0.0,0.0,0.0,0
393,same_geometry_diff_limits,normalized_copy,0.418875199424367,0.02739933074521148,0.9999517933177177,0
393,same_geometry_diff_limits,ejar_absolute,0.003161647227314735,0.00020680865852149547,0.9999958967677113,0
394,same_limits_diff_geometry,normalized_copy,0.28121196605924914,0.009565464303961442,0.9602144638092424,0
394,same_limits_diff_geometry,ejar_absolute,0.03653862849036824,0.0012428665516555125,0.9996325421752053,1
395,matched_morphology,normalized_copy,0.0,0.0,0.9999982214725996,0
395,matched_morphology,ejar_absolute,0.0017522527008871347,4.154952755681308e-05,0.9999967749452027,0
396,random_map,normalized_copy,0.2006860861427862,0.0084427472510705,0.9839351259695371,0
396,random_map,ejar_absolute,0.6635067651270596,0.027913344791414794,0.7999406850696511,0
397,zero_effect,normalized_copy,0.0,0.0,0.0,0
397,zero_effect,ejar_absolute,0.0,0.0,0.0,0
398,same_geometry_diff_limits,normalized_copy,0.6022203003287313,0.05026804237390374,0.8281707409601218,0
398,same_geometry_diff_limits,ejar_absolute,0.8719982309587794,0.07278672605336908,0.9738083803918186,1
399,same_limits_diff_geometry,normalized_copy,1.0447863331509466,0.007435717146802429,-0.012139566815622992,0
399,same_limits_diff_geometry,ejar_absolute,0.31342696384378416,0.0022306515460388796,0.9568688325436115,0
400,matched_morphology,normalized_copy,0.0,0.0,0.9999998772123561,0
400,matched_morphology,ejar_absolute,0.001477664114362234,0.00013335164301054192,0.9999990386146741,0
401,random_map,normalized_copy,0.11069828644883421,0.0034745140110444077,0.9977416042150208,0
401,random_map,ejar_absolute,1.3327347234203542,0.041830868553414544,-0.9905078774413294,0
402,zero_effect,normalized_copy,0.0,0.0,0.0,0
402,zero_effect,ejar_absolute,0.0,0.0,0.0,0
403,same_geometry_diff_limits,normalized_copy,0.8929923437919055,0.022327873597563563,0.4590352415949539,0
403,same_geometry_diff_limits,ejar_absolute,0.5843440405252437,0.014610606647460337,0.9999899173148564,1
404,same_limits_diff_geometry,normalized_copy,2.157554847072624,0.08086852693966481,-0.8580287332404039,0
404,same_limits_diff_geometry,ejar_absolute,0.42911522843793587,0.016083909272683054,0.9997470416546469,1
405,matched_morphology,normalized_copy,0.0,0.0,0.9999998980577453,0
405,matched_morphology,ejar_absolute,0.003321738012988594,0.0003289941995025905,0.9999944721033596,0
406,random_map,normalized_copy,1.8025592443448946,0.11915436977678774,-0.21424638214121558,0
406,random_map,ejar_absolute,1.9894988207029152,0.13151161544134005,-0.40393454275069973,0
407,zero_effect,normalized_copy,0.0,0.0,0.0,0
407,zero_effect,ejar_absolute,0.0,0.0,0.0,0
408,same_geometry_diff_limits,normalized_copy,0.7095766317293802,0.033436457720973325,0.7154374639337587,0
408,same_geometry_diff_limits,ejar_absolute,0.7001625083297662,0.03299284821502884,0.7139897882252483,0
409,same_limits_diff_geometry,normalized_copy,1.5918408080912807,0.09490853091584367,-0.08433020803908371,0
409,same_limits_diff_geometry,ejar_absolute,0.8594645380267552,0.05124288576078903,0.9998779977272945,1
410,matched_morphology,normalized_copy,0.0,0.0,0.9999984683047644,0
410,matched_morphology,ejar_absolute,0.008354610699135732,0.00021347141140429476,0.9999637902676528,0
411,random_map,normalized_copy,2.603488411735392,0.014313848741333516,-0.9974733784149186,0
411,random_map,ejar_absolute,1.1004926995568853,0.006050453680298556,-0.9087854091176344,0
412,zero_effect,normalized_copy,0.0,0.0,0.0,0
412,zero_effect,ejar_absolute,0.0,0.0,0.0,0
413,same_geometry_diff_limits,normalized_copy,1.3204718456820714,0.16972159162582492,-0.3107784299635572,0
413,same_geometry_diff_limits,ejar_absolute,0.9719328965205242,0.12492352539766176,0.9556087420896847,1
414,same_limits_diff_geometry,normalized_copy,1.025342289743866,0.011958023631625443,0.21968263694845766,0
414,same_limits_diff_geometry,ejar_absolute,0.031085566265098844,0.00036253448211266893,0.999578557628043,0
415,matched_morphology,normalized_copy,0.0,0.0,0.9999999367982886,0
415,matched_morphology,ejar_absolute,0.003586489965014439,0.0004511336167536018,0.9999936508439495,0
416,random_map,normalized_copy,1.3216254203393758,0.05290859828050149,-0.620943665954489,0
416,random_map,ejar_absolute,0.8892009673213828,0.035597360679215366,0.9646985767050896,0
417,zero_effect,normalized_copy,0.0,0.0,0.0,0
417,zero_effect,ejar_absolute,0.0,0.0,0.0,0
418,same_geometry_diff_limits,normalized_copy,0.8297532471258743,0.0933735113833134,0.5627076726453242,0
418,same_geometry_diff_limits,ejar_absolute,0.9477171508941425,0.10664818544994654,0.9680508058224628,1
419,same_limits_diff_geometry,normalized_copy,1.6334174330602145,0.0638947612196068,-0.5868341996157954,0
419,same_limits_diff_geometry,ejar_absolute,0.8815263079708215,0.034482865075752406,0.6757351747789584,1
420,matched_morphology,normalized_copy,0.0,0.0,0.9999966332078463,0
420,matched_morphology,ejar_absolute,0.005512367305706317,9.50012433215548e-05,0.9999861135135615,0
421,random_map,normalized_copy,0.7668139865040787,0.022721581243762272,0.7859044401357,0
421,random_map,ejar_absolute,4.3825211533376445,0.12985914731686804,-0.8351546232571327,1
422,zero_effect,normalized_copy,0.0,0.0,0.0,0
422,zero_effect,ejar_absolute,0.0,0.0,0.0,0
423,same_geometry_diff_limits,normalized_copy,1.4222868352155886,0.058786314850042265,-0.5403186329160432,0
423,same_geometry_diff_limits,ejar_absolute,0.3344737425287908,0.013824552298825891,0.9998855082854662,1
424,same_limits_diff_geometry,normalized_copy,1.263301401896643,0.02874698619443009,0.1423680949598433,0
424,same_limits_diff_geometry,ejar_absolute,0.5083153671455701,0.011566942631277069,0.999748174435035,1
425,matched_morphology,normalized_copy,0.0,0.0,0.9999998996490098,0
425,matched_morphology,ejar_absolute,0.0007145220409619342,7.132713531040241e-05,0.9999998699322811,0
426,random_map,normalized_copy,0.7591722002359019,0.03195847028708149,0.8761296333484471,0
426,random_map,ejar_absolute,1.2138791042305197,0.05110002615033265,-0.9158583710888893,0
427,zero_effect,normalized_copy,0.0,0.0,0.0,0
427,zero_effect,ejar_absolute,0.0,0.0,0.0,0
428,same_geometry_diff_limits,normalized_copy,1.3390734491038445,0.08281629308759261,-0.4855939825506878,0
428,same_geometry_diff_limits,ejar_absolute,0.5907620947194872,0.03653625334298978,0.9999964820875634,1
429,same_limits_diff_geometry,normalized_copy,1.7724174036524865,0.04842353743201393,-0.9932559682436208,0
429,same_limits_diff_geometry,ejar_absolute,0.007749846477081194,0.00021173058908243586,0.9999717462312095,0
430,matched_morphology,normalized_copy,0.0,0.0,0.9999999245399684,0
430,matched_morphology,ejar_absolute,0.0010573015523435985,0.00012171395260229947,0.9999995900466879,0
431,random_map,normalized_copy,1.5832330548025875,0.05240474341493036,-0.15594594538277332,0
431,random_map,ejar_absolute,1.2092282438422546,0.04002524811897745,0.16044264622377657,0
432,zero_effect,normalized_copy,0.0,0.0,0.0,0
432,zero_effect,ejar_absolute,0.0,0.0,0.0,0
433,same_geometry_diff_limits,normalized_copy,1.5614066051503568,0.02523795297859754,-0.8998625764719683,0
433,same_geometry_diff_limits,ejar_absolute,0.05218334947498378,0.0008434708268628989,0.9987123692195773,0
434,same_limits_diff_geometry,normalized_copy,0.6134087271756176,0.0382072969495673,0.7924124187929021,0
434,same_limits_diff_geometry,ejar_absolute,0.7861759674642772,0.04896842400959399,0.9973087871859058,1
435,matched_morphology,normalized_copy,0.0,0.0,0.9999840189507855,0
435,matched_morphology,ejar_absolute,0.007347148819755754,5.8118283208418964e-05,0.9999705295416804,0
436,random_map,normalized_copy,2.437234629031754,0.024897670478654554,0.3309775051139391,0
436,random_map,ejar_absolute,1.1069222195625654,0.011307809408205562,0.22652339990290754,0
437,zero_effect,normalized_copy,0.0,0.0,0.0,0
437,zero_effect,ejar_absolute,0.0,0.0,0.0,0
438,same_geometry_diff_limits,normalized_copy,0.643139304140195,0.0222506620567044,0.8408649260486785,0
438,same_geometry_diff_limits,ejar_absolute,0.005749507844567665,0.00019891546857468857,0.99998975026542,0
439,same_limits_diff_geometry,normalized_copy,0.2898774672838026,0.015703535049756363,0.96396715026797,0
439,same_limits_diff_geometry,ejar_absolute,0.14487191729687254,0.00784814788232408,0.9998778219900325,1
440,matched_morphology,normalized_copy,0.0,0.0,0.9999995677710745,0
440,matched_morphology,ejar_absolute,0.0007908959031330721,3.804191120335459e-05,0.9999995274429818,0
441,random_map,normalized_copy,1.1893559903327848,0.03595685235463804,0.5702076136992366,0
441,random_map,ejar_absolute,0.9022996191462554,0.027278505719898184,0.5477689488212418,0
442,zero_effect,normalized_copy,0.0,0.0,0.0,0
442,zero_effect,ejar_absolute,0.0,0.0,0.0,0
443,same_geometry_diff_limits,normalized_copy,1.3651545666944171,0.06723454184861889,-0.4290781172323031,0
443,same_geometry_diff_limits,ejar_absolute,0.7391971466130967,0.03640582736992222,0.9999924309116486,1
444,same_limits_diff_geometry,normalized_copy,0.3905549699459044,0.00857479827630223,0.9363318711330303,0
444,same_limits_diff_geometry,ejar_absolute,0.056169337784163983,0.00123322138463479,0.9986319531515214,0
445,matched_morphology,normalized_copy,0.0,0.0,0.999999460068126,0
445,matched_morphology,ejar_absolute,0.006663568579396724,0.0002867723541249828,0.9999787712391961,0
446,random_map,normalized_copy,1.572483425748223,0.038183219082761545,-0.22558173631868314,0
446,random_map,ejar_absolute,1.0475759428092934,0.025437356652000902,0.23404268364811337,0
447,zero_effect,normalized_copy,0.0,0.0,0.0,0
447,zero_effect,ejar_absolute,0.0,0.0,0.0,0
448,same_geometry_diff_limits,normalized_copy,1.0162516042537928,0.09318305645872987,0.27198089411540766,0
448,same_geometry_diff_limits,ejar_absolute,0.9601502321931826,0.08803895897514005,0.9594778538187722,1
449,same_limits_diff_geometry,normalized_copy,1.1814262636909072,0.009528333980517617,0.24316574667790797,0
449,same_limits_diff_geometry,ejar_absolute,0.05427334766897106,0.00043772057446489926,0.9999300585517639,0
450,matched_morphology,normalized_copy,0.0,0.0,0.9999999238631518,0
450,matched_morphology,ejar_absolute,0.0008904645965447237,0.00010205145408465202,0.9999997126959146,0
451,random_map,normalized_copy,1.615958749755515,0.07984106090066793,-0.5600436456158734,0
451,random_map,ejar_absolute,1.6652530710522007,0.08227658774149925,0.2688955701843824,1
452,zero_effect,normalized_copy,0.0,0.0,0.0,0
452,zero_effect,ejar_absolute,0.0,0.0,0.0,0
453,same_geometry_diff_limits,normalized_copy,0.43031481617925704,0.010806096884415028,0.9508749284855802,0
453,same_geometry_diff_limits,ejar_absolute,0.18408083867579889,0.00462265137639698,0.9999748009847841,1
454,same_limits_diff_geometry,normalized_copy,0.586693322587156,0.020987267746353754,0.8223778227631816,0
454,same_limits_diff_geometry,ejar_absolute,0.4647156908241013,0.016623868473990163,0.9992971850657807,1
455,matched_morphology,normalized_copy,0.0,0.0,0.999999849958826,0
455,matched_morphology,ejar_absolute,0.0019574819440373306,0.00015980579006098477,0.9999980738676582,0
456,random_map,normalized_copy,0.3653519725568804,0.005885536068910533,0.9394335586967021,0
456,random_map,ejar_absolute,2.2250345680419983,0.03584357602652645,-0.5908664466817267,0
457,zero_effect,normalized_copy,0.0,0.0,0.0,0
457,zero_effect,ejar_absolute,0.0,0.0,0.0,0
458,same_geometry_diff_limits,normalized_copy,1.174993281901291,0.04441470628402517,0.0023173372112408244,0
458,same_geometry_diff_limits,ejar_absolute,0.7290282558681468,0.027557243395251205,0.9992029436199773,1
459,same_limits_diff_geometry,normalized_copy,0.2389064507549106,0.009275680479093372,0.9804899576154908,0
459,same_limits_diff_geometry,ejar_absolute,0.1768413382050931,0.006865966756035846,0.9842468572932038,0
460,matched_morphology,normalized_copy,0.0,0.0,0.9999995459090996,0
460,matched_morphology,ejar_absolute,0.0023770764717780963,0.00011155053676988467,0.9999979536597008,0
461,random_map,normalized_copy,1.75297248582553,0.13149219805039597,-0.5080164080213945,0
461,random_map,ejar_absolute,1.7318376925712793,0.12990685632779994,0.5514598293249978,1
462,zero_effect,normalized_copy,0.0,0.0,0.0,0
462,zero_effect,ejar_absolute,0.0,0.0,0.0,0
463,same_geometry_diff_limits,normalized_copy,1.510182228246216,0.046568784543016474,-0.7328392719592166,0
463,same_geometry_diff_limits,ejar_absolute,0.009032701038550927,0.00027853718620053777,0.9999633618070322,0
464,same_limits_diff_geometry,normalized_copy,1.3807395859078306,0.08312132876525731,-0.24958773728531078,0
464,same_limits_diff_geometry,ejar_absolute,0.7680597210353807,0.04623764338700968,0.9997685387552669,1
465,matched_morphology,normalized_copy,0.0,0.0,0.9999995442361251,0
465,matched_morphology,ejar_absolute,0.003742642991129672,0.00017531067536932795,0.9999933946941376,0
466,random_map,normalized_copy,1.419710359697073,0.003614795901120374,0.7802437294999347,0
466,random_map,ejar_absolute,1.1604482358158967,0.002954675577055537,-0.7718517407863232,0
467,zero_effect,normalized_copy,0.0,0.0,0.0,0
467,zero_effect,ejar_absolute,0.0,0.0,0.0,0
468,same_geometry_diff_limits,normalized_copy,0.4590817841251738,0.0008699778020190101,0.954888997765755,0
468,same_geometry_diff_limits,ejar_absolute,0.02768731153130742,5.246853014593743e-05,0.9994952548379423,0
469,same_limits_diff_geometry,normalized_copy,0.7593574897039955,0.01129214483061773,0.6774484212914996,0
469,same_limits_diff_geometry,ejar_absolute,0.13852732360252046,0.0020599923255215113,0.9976769560988018,1
470,matched_morphology,normalized_copy,0.0,0.0,0.9999999233427086,0
470,matched_morphology,ejar_absolute,0.0006306843358891062,7.203362931287702e-05,0.9999998360497242,0
471,random_map,normalized_copy,0.5114995349999972,0.019059222054177788,0.9962810240192276,0
471,random_map,ejar_absolute,0.967361253982174,0.0360452975705134,0.2582334115508084,0
472,zero_effect,normalized_copy,0.0,0.0,0.0,0
472,zero_effect,ejar_absolute,0.0,0.0,0.0,0
473,same_geometry_diff_limits,normalized_copy,0.7556350028396667,0.058913035137134424,0.662268660811407,0
473,same_geometry_diff_limits,ejar_absolute,0.7364767761367933,0.05741936520565952,0.9998146496925471,1
474,same_limits_diff_geometry,normalized_copy,1.181104009272811,0.03965608823682565,0.12528126597212091,0
474,same_limits_diff_geometry,ejar_absolute,0.9395698398764817,0.03154647192988715,0.9129067982648991,1
475,matched_morphology,normalized_copy,0.0,0.0,0.99999524561587,0
475,matched_morphology,ejar_absolute,0.01004819020848035,0.00014572689491920904,0.9999934244787088,0
476,random_map,normalized_copy,0.7695965174665037,0.042670891788949235,0.804812522729836,0
476,random_map,ejar_absolute,2.9701108935819023,0.16468016378040437,-0.8025377683402689,1
477,zero_effect,normalized_copy,0.0,0.0,0.0,0
477,zero_effect,ejar_absolute,0.0,0.0,0.0,0
478,same_geometry_diff_limits,normalized_copy,0.7219256647469823,0.042232340943352396,0.7078698882905146,0
478,same_geometry_diff_limits,ejar_absolute,0.6348304341696954,0.037137307407497974,0.9995641333366998,1
479,same_limits_diff_geometry,normalized_copy,1.3379898678716258,0.008905198097901178,0.2866973074033795,0
479,same_limits_diff_geometry,ejar_absolute,0.031136698345605066,0.00020723510210378412,0.9998276362028874,0
480,matched_morphology,normalized_copy,0.0,0.0,0.9999992589429728,0
480,matched_morphology,ejar_absolute,0.004314854071010877,0.00015850397146247017,0.9999906673763139,0
481,random_map,normalized_copy,1.0553160911172221,0.06885766543832489,0.3075168385484663,0
481,random_map,ejar_absolute,0.36469436354520834,0.02379571645273947,0.9992214715144664,1
482,zero_effect,normalized_copy,0.0,0.0,0.0,0
482,zero_effect,ejar_absolute,0.0,0.0,0.0,0
483,same_geometry_diff_limits,normalized_copy,1.0763494824245854,0.10549333458677373,0.11912032682851342,0
483,same_geometry_diff_limits,ejar_absolute,0.7605030685773008,0.07453713313167734,0.9999931746953609,1
484,same_limits_diff_geometry,normalized_copy,0.27030137357553385,0.009249450461875527,0.9992911347093976,0
484,same_limits_diff_geometry,ejar_absolute,0.00761661596711517,0.00026063320042757864,0.9999738834326533,0
485,matched_morphology,normalized_copy,0.0,0.0,0.9999998814898129,0
485,matched_morphology,ejar_absolute,0.0009084321703991994,8.344775206300903e-05,0.9999996209880693,0
486,random_map,normalized_copy,1.9639093497993045,0.1106811302350445,-0.34118717874207843,0
486,random_map,ejar_absolute,1.764820364352578,0.0994609616825378,-0.29449158371357775,0
487,zero_effect,normalized_copy,0.0,0.0,0.0,0
487,zero_effect,ejar_absolute,0.0,0.0,0.0,0
488,same_geometry_diff_limits,normalized_copy,0.7400837722798603,0.012780184032215274,0.6801166839371061,0
488,same_geometry_diff_limits,ejar_absolute,0.7095841056820391,0.012253498585727784,0.9065132815869118,1
489,same_limits_diff_geometry,normalized_copy,0.43837750090641114,0.010991760130625205,0.9725449935095709,0
489,same_limits_diff_geometry,ejar_absolute,0.0018470994350570549,4.6313676877990414e-05,0.9999972551764281,0
490,matched_morphology,normalized_copy,0.0,0.0,0.999999920172676,0
490,matched_morphology,ejar_absolute,0.003392418472551798,0.0003796939003867977,0.9999942892552927,0
491,random_map,normalized_copy,1.4116169718822282,0.05261264434137772,-0.6068894659132429,0
491,random_map,ejar_absolute,0.7569203544765166,0.028211322333226395,0.7010960769021144,0
492,zero_effect,normalized_copy,0.0,0.0,0.0,0
492,zero_effect,ejar_absolute,0.0,0.0,0.0,0
493,same_geometry_diff_limits,normalized_copy,0.9379608308109162,0.034015018444408726,0.40933088370075155,0
493,same_geometry_diff_limits,ejar_absolute,0.9140915240439991,0.03314940137036738,0.4842470674707639,1
494,same_limits_diff_geometry,normalized_copy,0.8950951051399341,0.05237168105108913,0.640418248416128,0
494,same_limits_diff_geometry,ejar_absolute,0.7955723684566317,0.0465486428141695,0.9987793231747243,1
495,matched_morphology,normalized_copy,0.0,0.0,0.9999971341230888,0
495,matched_morphology,ejar_absolute,0.016912745920055854,0.0003159255561285815,0.9998543739690158,0
496,random_map,normalized_copy,0.7899998401445456,0.018704658215715084,0.6149909065695868,0
496,random_map,ejar_absolute,0.97307714152518,0.023039340547743998,0.2584994991176605,0
497,zero_effect,normalized_copy,0.0,0.0,0.0,0
497,zero_effect,ejar_absolute,0.0,0.0,0.0,0
498,same_geometry_diff_limits,normalized_copy,0.30234301168680827,0.011100833082356548,0.9923448197956718,0
498,same_geometry_diff_limits,ejar_absolute,0.014708863132824154,0.0005400509625069438,0.9999108619278648,0
499,same_limits_diff_geometry,normalized_copy,1.1005558230153303,0.0301743930072567,0.10100282259738257,0
499,same_limits_diff_geometry,ejar_absolute,0.3156932815291738,0.008655492931301434,0.9998088002576639,1
500,matched_morphology,normalized_copy,0.0,0.0,0.9999994292390335,0
500,matched_morphology,ejar_absolute,0.005021888995047672,0.0002102034612094908,0.99999224307543,0
501,random_map,normalized_copy,0.644517974051352,0.04893479126108801,0.7944797015393725,0
501,random_map,ejar_absolute,1.2285879873949248,0.0932800932317533,-0.9811402496782695,0
502,zero_effect,normalized_copy,0.0,0.0,0.0,0
502,zero_effect,ejar_absolute,0.0,0.0,0.0,0
503,same_geometry_diff_limits,normalized_copy,0.8283788816598741,0.025944468343992184,0.5603309404602231,0
503,same_geometry_diff_limits,ejar_absolute,0.40755573755676305,0.012764469454202423,0.9998546655136397,1
504,same_limits_diff_geometry,normalized_copy,0.48121740892987114,0.012311170132857657,0.9644459979352302,0
504,same_limits_diff_geometry,ejar_absolute,0.15127048004204477,0.003870010895944251,0.9988759705947823,1
505,matched_morphology,normalized_copy,0.0,0.0,0.9999999210509317,0
505,matched_morphology,ejar_absolute,0.0013726360000682416,0.0001544834170120888,0.9999992163334847,0
506,random_map,normalized_copy,0.522494699273039,0.011051469155640838,0.8578830222490194,0
506,random_map,ejar_absolute,1.7998731554518566,0.038069750160561175,0.3220667406551032,1
507,zero_effect,normalized_copy,0.0,0.0,0.0,0
507,zero_effect,ejar_absolute,0.0,0.0,0.0,0
508,same_geometry_diff_limits,normalized_copy,0.5938442716257264,0.04486082291174549,0.8894007627746097,0
508,same_geometry_diff_limits,ejar_absolute,0.1662045848300651,0.012555605574454311,0.9999969740274257,1
509,same_limits_diff_geometry,normalized_copy,0.8072026107641305,0.01128380783480201,0.9013763888863032,0
509,same_limits_diff_geometry,ejar_absolute,0.6704265129617922,0.00937182788898064,0.8013568695019115,1
510,matched_morphology,normalized_copy,0.0,0.0,0.9999961845440575,0
510,matched_morphology,ejar_absolute,0.008717398154201928,0.00014112789342032522,0.9999959350573486,0
511,random_map,normalized_copy,0.872125161059502,0.022889116993463417,0.8606782759786897,0
511,random_map,ejar_absolute,1.356683249762789,0.03560645078645308,-0.23547194968872887,0
512,zero_effect,normalized_copy,0.0,0.0,0.0,0
512,zero_effect,ejar_absolute,0.0,0.0,0.0,0
513,same_geometry_diff_limits,normalized_copy,1.030034204023638,0.037463945809796576,0.23090501117023945,0
513,same_geometry_diff_limits,ejar_absolute,0.5190620751750206,0.018879094869194517,0.9999068495392044,1
514,same_limits_diff_geometry,normalized_copy,2.050872517080901,0.04719195117293438,-0.7292942403410454,0
514,same_limits_diff_geometry,ejar_absolute,0.4791813153444841,0.011026283227446131,0.9945798887406402,1
515,matched_morphology,normalized_copy,0.0,0.0,0.9999996428588532,0
515,matched_morphology,ejar_absolute,0.00499442630906107,0.00026428078976968,0.9999878162726162,0
516,random_map,normalized_copy,0.49540674630716225,0.018053487650957184,0.8703549997297024,0
516,random_map,ejar_absolute,0.7499538041728402,0.027329627307957776,0.9696485628616572,0
517,zero_effect,normalized_copy,0.0,0.0,0.0,0
517,zero_effect,ejar_absolute,0.0,0.0,0.0,0
518,same_geometry_diff_limits,normalized_copy,0.43363522288739914,0.017724951920222692,0.9795320227180717,0
518,same_geometry_diff_limits,ejar_absolute,0.09288131328420705,0.0037965477095877097,0.9999795453617035,1
519,same_limits_diff_geometry,normalized_copy,1.7088127679793153,0.020558690617193287,-0.09285305010915576,0
519,same_limits_diff_geometry,ejar_absolute,0.02926352768914276,0.00035206888864727727,0.9998208052337108,0
520,matched_morphology,normalized_copy,0.0,0.0,0.999998194023011,0
520,matched_morphology,ejar_absolute,0.016151275614998198,0.00038005841110347576,0.9998685212238858,0
521,random_map,normalized_copy,0.7445336815242152,0.04511686716817438,0.7894607994075925,0
521,random_map,ejar_absolute,0.9535726601393673,0.057784103137731954,0.4427778614255941,0
522,zero_effect,normalized_copy,0.0,0.0,0.0,0
522,zero_effect,ejar_absolute,0.0,0.0,0.0,0
523,same_geometry_diff_limits,normalized_copy,0.4407943208525353,0.033159986655815425,0.9276736060394997,0
523,same_geometry_diff_limits,ejar_absolute,0.6831392120280347,0.051391059465333414,0.9988236078115589,1
524,same_limits_diff_geometry,normalized_copy,1.2269215073757422,0.100310109818958,0.207419995167131,0
524,same_limits_diff_geometry,ejar_absolute,0.97822584582485,0.07997735913221944,0.7867873367086585,1
525,matched_morphology,normalized_copy,0.0,0.0,0.9999982321997831,0
525,matched_morphology,ejar_absolute,0.005882421967757928,0.0001399069270661274,0.9999910651821899,0
526,random_map,normalized_copy,1.256072842265509,0.023643404612372083,-0.05963055016291322,0
526,random_map,ejar_absolute,1.1595918151830098,0.02182731570098826,-0.8876298059014225,0
527,zero_effect,normalized_copy,0.0,0.0,0.0,0
527,zero_effect,ejar_absolute,0.0,0.0,0.0,0
528,same_geometry_diff_limits,normalized_copy,1.219494753117652,0.030456896070225132,-0.06459572245972324,0
528,same_geometry_diff_limits,ejar_absolute,0.13830087767119562,0.003454066076860067,0.9999955139571636,1
529,same_limits_diff_geometry,normalized_copy,1.3916725919742365,0.030760562926717343,-0.0525338836400221,0
529,same_limits_diff_geometry,ejar_absolute,0.664345756120676,0.014684236474943803,0.9999435791496362,1
530,matched_morphology,normalized_copy,0.0,0.0,0.9999998212504365,0
530,matched_morphology,ejar_absolute,0.0016944235181959471,0.00012673583853988445,0.9999986042473917,0
531,random_map,normalized_copy,1.5747779014105197,0.024467432844729946,-0.01437982073506772,0
531,random_map,ejar_absolute,1.610362024528831,0.025020305819360877,0.5278675392546469,0
532,zero_effect,normalized_copy,0.0,0.0,0.0,0
532,zero_effect,ejar_absolute,0.0,0.0,0.0,0
533,same_geometry_diff_limits,normalized_copy,0.5265927458761237,0.021956507753065898,0.8869434491640975,0
533,same_geometry_diff_limits,ejar_absolute,0.45916848762563756,0.019145224725308867,0.9997252135382344,1
534,same_limits_diff_geometry,normalized_copy,1.2327707378758803,0.04308638110291861,0.34926572744367523,0
534,same_limits_diff_geometry,ejar_absolute,0.4025494209745126,0.01406944311052698,0.9998671807200514,1
535,matched_morphology,normalized_copy,0.0,0.0,0.999873459363179,0
535,matched_morphology,ejar_absolute,0.013103602497364053,3.6833957026083725e-05,0.9997895320557834,0
536,random_map,normalized_copy,0.13537801427547894,0.0008387548202157545,0.9911435851992825,0
536,random_map,ejar_absolute,1.0810573109087653,0.00669785293651221,-0.39982195357460854,0
537,zero_effect,normalized_copy,0.0,0.0,0.0,0
537,zero_effect,ejar_absolute,0.0,0.0,0.0,0
538,same_geometry_diff_limits,normalized_copy,0.6745907756468613,0.045496939049243505,0.7421086334584095,0
538,same_geometry_diff_limits,ejar_absolute,0.7733623568376804,0.052158465965212696,0.9976686777395535,1
539,same_limits_diff_geometry,normalized_copy,0.34539339541663877,0.009341933904481958,0.9891393303278134,0
539,same_limits_diff_geometry,ejar_absolute,0.08241264286585001,0.00222903353903958,0.9966605818556051,0
540,matched_morphology,normalized_copy,0.0,0.0,0.9999995526383725,0
540,matched_morphology,ejar_absolute,0.002352051348181855,0.00011120321564343293,0.9999978995981548,0
541,random_map,normalized_copy,0.5837071941073004,0.04038108277659885,0.9102284366019338,0
541,random_map,ejar_absolute,0.738515778023898,0.05109079871769623,0.9991783990532196,0
542,zero_effect,normalized_copy,0.0,0.0,0.0,0
542,zero_effect,ejar_absolute,0.0,0.0,0.0,0
543,same_geometry_diff_limits,normalized_copy,1.3619498312333067,0.16682281401306778,-0.454562227751282,0
543,same_geometry_diff_limits,ejar_absolute,0.8456912024367955,0.10358721220211642,0.9999443800512832,1
544,same_limits_diff_geometry,normalized_copy,0.876213235161776,0.012677712098377151,0.5228968670610783,0
544,same_limits_diff_geometry,ejar_absolute,0.8054986873579085,0.011654560835364286,0.5948692003791941,0
545,matched_morphology,normalized_copy,0.0,0.0,0.9999992414870313,0
545,matched_morphology,ejar_absolute,0.009035001485709121,0.00032805493121422995,0.9999686774362609,0
546,random_map,normalized_copy,2.7858327181894267,0.020184944854461668,-0.9892497005927631,0
546,random_map,ejar_absolute,0.572645232792553,0.004149140890484038,0.9799756654366075,0
547,zero_effect,normalized_copy,0.0,0.0,0.0,0
547,zero_effect,ejar_absolute,0.0,0.0,0.0,0
548,same_geometry_diff_limits,normalized_copy,0.4793572577956367,0.03229734088994836,0.9909451758255595,0
548,same_geometry_diff_limits,ejar_absolute,0.0022304543334279526,0.00015027986491214618,0.9999988359925365,0
549,same_limits_diff_geometry,normalized_copy,1.6883855469916567,0.06297009922342875,-0.7529904163052324,0
549,same_limits_diff_geometry,ejar_absolute,0.1678792322406607,0.006261230991098789,0.999777492742776,1
550,matched_morphology,normalized_copy,0.0,0.0,0.9999993450840182,0
550,matched_morphology,ejar_absolute,0.005835310107333445,0.0002280189888494734,0.9999888192949503,0
551,random_map,normalized_copy,1.8325159530537305,0.15470532272864754,-0.23431835708726584,0
551,random_map,ejar_absolute,1.0593876256681134,0.08943600422719797,-0.48008764777113433,0
552,zero_effect,normalized_copy,0.0,0.0,0.0,0
552,zero_effect,ejar_absolute,0.0,0.0,0.0,0
553,same_geometry_diff_limits,normalized_copy,0.7688699541489289,0.03390809995805556,0.6395633258752443,0
553,same_geometry_diff_limits,ejar_absolute,0.738844854292594,0.03258395654253331,0.9941238967150494,1
554,same_limits_diff_geometry,normalized_copy,1.3062979993016424,0.006015326508004583,-0.25248625571119004,0
554,same_limits_diff_geometry,ejar_absolute,0.015619379144705804,7.192513917800705e-05,0.9998588679978353,0
555,matched_morphology,normalized_copy,0.0,0.0,0.9992463935212582,0
555,matched_morphology,ejar_absolute,0.21699790252892318,0.0002498733251931121,0.9754495708147153,0
556,random_map,normalized_copy,1.9466507689643955,0.07531787141211027,-0.8277795347299609,0
556,random_map,ejar_absolute,0.6416391087462041,0.024825660902308228,0.8510324337831714,0
557,zero_effect,normalized_copy,0.0,0.0,0.0,0
557,zero_effect,ejar_absolute,0.0,0.0,0.0,0
558,same_geometry_diff_limits,normalized_copy,1.4791579144514375,0.14014574838166546,-0.6880052428199498,0
558,same_geometry_diff_limits,ejar_absolute,0.9274045090690033,0.08786877838138603,0.9410755074807018,1
559,same_limits_diff_geometry,normalized_copy,1.038975135504514,0.029961251777196166,0.4743218415844159,0
559,same_limits_diff_geometry,ejar_absolute,0.357302043543759,0.010303631069980269,0.9997517048351936,1
560,matched_morphology,normalized_copy,0.0,0.0,0.9999997098198684,0
560,matched_morphology,ejar_absolute,0.0023830289205360343,0.00013989281869250357,0.9999981539025371,0
561,random_map,normalized_copy,1.2870617421339272,0.019616485470561423,0.4729785122999918,0
561,random_map,ejar_absolute,3.1521445679891418,0.048042759795305826,0.473080046275177,0
562,zero_effect,normalized_copy,0.0,0.0,0.0,0
562,zero_effect,ejar_absolute,0.0,0.0,0.0,0
563,same_geometry_diff_limits,normalized_copy,1.4944932803347075,0.07393123650546103,-0.6974695686767403,0
563,same_geometry_diff_limits,ejar_absolute,0.00685622368125399,0.0003391712101907934,0.9999847799934799,0
564,same_limits_diff_geometry,normalized_copy,1.2951227438407427,0.08498942400208237,0.009765940660342236,0
564,same_limits_diff_geometry,ejar_absolute,0.8236990120436015,0.05405333580743478,0.9999699921824088,1
565,matched_morphology,normalized_copy,0.0,0.0,0.9999989004159963,0
565,matched_morphology,ejar_absolute,0.020714273194831913,0.0006246766443781211,0.9997986090712068,0
566,random_map,normalized_copy,1.1752924707629813,0.04382235903656759,0.5310978438637063,0
566,random_map,ejar_absolute,1.0715995976425763,0.039956030928070735,0.4450127232446933,0
567,zero_effect,normalized_copy,0.0,0.0,0.0,0
567,zero_effect,ejar_absolute,0.0,0.0,0.0,0
568,same_geometry_diff_limits,normalized_copy,0.4727528509589726,0.008755197273071978,0.9371112064365277,0
568,same_geometry_diff_limits,ejar_absolute,0.04346559788675489,0.0008049658152639785,0.9993324841504759,0
569,same_limits_diff_geometry,normalized_copy,0.5765366402475924,0.03958276725591395,0.836294233377717,0
569,same_limits_diff_geometry,ejar_absolute,0.7913108786023685,0.05432833257802842,0.99641291783038,1
570,matched_morphology,normalized_copy,0.0,0.0,0.9999995701694133,0
570,matched_morphology,ejar_absolute,0.001716072081232595,8.277263544776362e-05,0.999998834634982,0
571,random_map,normalized_copy,1.0930138629856956,0.03282796056337797,0.1633353179568985,0
571,random_map,ejar_absolute,1.2400162276749902,0.03724308098789049,-0.7004209346260843,0
572,zero_effect,normalized_copy,0.0,0.0,0.0,0
572,zero_effect,ejar_absolute,0.0,0.0,0.0,0
573,same_geometry_diff_limits,normalized_copy,0.5443325561825129,0.012738635845878712,0.9180861191774653,0
573,same_geometry_diff_limits,ejar_absolute,0.02046422800024316,0.00047891008061389054,0.9998861365197751,0
574,same_limits_diff_geometry,normalized_copy,0.5190275468547185,0.03847240814912351,0.8563877148829087,0
574,same_limits_diff_geometry,ejar_absolute,0.7096683562815572,0.05260347127784334,0.9992791085765341,1
575,matched_morphology,normalized_copy,0.0,0.0,0.9999968227260984,0
575,matched_morphology,ejar_absolute,0.07605277820531404,0.0013492334209061407,0.9971465776659573,0
576,random_map,normalized_copy,0.5878701380868323,0.02526582225881844,0.8422071576952156,0
576,random_map,ejar_absolute,0.7851203177465403,0.03374335438185012,0.9970373062924873,0
577,zero_effect,normalized_copy,0.0,0.0,0.0,0
577,zero_effect,ejar_absolute,0.0,0.0,0.0,0
578,same_geometry_diff_limits,normalized_copy,1.578935254682806,0.03729503187182633,-0.9365374324453194,0
578,same_geometry_diff_limits,ejar_absolute,0.31383857965310047,0.00741298276547916,0.9494982922156221,0
579,same_limits_diff_geometry,normalized_copy,1.1763067461529435,0.051607964662156766,0.3600562093548652,0
579,same_limits_diff_geometry,ejar_absolute,0.7191675213710487,0.0315519503313826,0.9998088028636339,1
580,matched_morphology,normalized_copy,0.0,0.0,0.9999997478278376,0
580,matched_morphology,ejar_absolute,0.00320559728098711,0.00020186468210205025,0.9999949889149236,0
581,random_map,normalized_copy,1.379703764083897,0.06805194237346074,-0.07534657201000453,0
581,random_map,ejar_absolute,0.9518908346244003,0.046950672970510296,0.4734235243072117,0
582,zero_effect,normalized_copy,0.0,0.0,0.0,0
582,zero_effect,ejar_absolute,0.0,0.0,0.0,0
583,same_geometry_diff_limits,normalized_copy,0.410966891902283,0.005364583454418315,0.992907431210211,0
583,same_geometry_diff_limits,ejar_absolute,0.016541084378937265,0.00021592013694008994,0.9999324565653518,0
584,same_limits_diff_geometry,normalized_copy,0.747616809043789,0.019855942646516758,0.8056484608538581,0
584,same_limits_diff_geometry,ejar_absolute,0.6375994605249582,0.016933993680300026,0.9612097785811349,1
585,matched_morphology,normalized_copy,0.0,0.0,0.9999985650276514,0
585,matched_morphology,ejar_absolute,0.006572502541821173,0.00017350368430751916,0.9999980360878968,0
586,random_map,normalized_copy,1.9286119432620306,0.07070715894255448,-0.4557849504974279,0
586,random_map,ejar_absolute,1.5193485647109386,0.05570266264785988,-0.9949688559647717,0
587,zero_effect,normalized_copy,0.0,0.0,0.0,0
587,zero_effect,ejar_absolute,0.0,0.0,0.0,0
588,same_geometry_diff_limits,normalized_copy,0.26544492479690457,0.0200566285942635,0.9839309830359468,0
588,same_geometry_diff_limits,ejar_absolute,0.5819188299526662,0.04396893198579288,0.9932223060054071,1
589,same_limits_diff_geometry,normalized_copy,0.5149306372225441,0.029544520211583776,0.8783881578848586,0
589,same_limits_diff_geometry,ejar_absolute,0.6456774941838127,0.03704621632143051,0.999285820382971,1
590,matched_morphology,normalized_copy,0.0,0.0,0.9999995794692119,0
590,matched_morphology,ejar_absolute,0.007807215043862146,0.0003807125214330339,0.9999725763808708,0
591,random_map,normalized_copy,1.2493208793439292,0.09264081621834337,0.1909383802071138,0
591,random_map,ejar_absolute,1.0825470099098442,0.08027404348308056,-0.44590148563783577,0
592,zero_effect,normalized_copy,0.0,0.0,0.0,0
592,zero_effect,ejar_absolute,0.0,0.0,0.0,0
593,same_geometry_diff_limits,normalized_copy,1.1140359777934141,0.08659695354194873,0.07858745038527122,0
593,same_geometry_diff_limits,ejar_absolute,0.8528105064011796,0.06629120896901908,0.9998554859853312,1
594,same_limits_diff_geometry,normalized_copy,0.16909394126492383,0.007051606513266254,0.9982197695931467,0
594,same_limits_diff_geometry,ejar_absolute,0.014692989400281497,0.0006127314732823566,0.9999049353838084,0
595,matched_morphology,normalized_copy,0.0,0.0,0.9999927915608822,0
595,matched_morphology,ejar_absolute,0.03957664118476447,0.00046614044630845664,0.9992536090848924,0
596,random_map,normalized_copy,1.5241060902055032,0.036881417715519164,-0.9869608073077089,0
596,random_map,ejar_absolute,1.1515337149162066,0.027865642835664874,-0.8375426403698825,0
597,zero_effect,normalized_copy,0.0,0.0,0.0,0
597,zero_effect,ejar_absolute,0.0,0.0,0.0,0
598,same_geometry_diff_limits,normalized_copy,1.44509446092344,0.0817475275661674,-0.6273334389464621,0
598,same_geometry_diff_limits,ejar_absolute,0.6519604035768329,0.03688073859849247,0.9998775860383011,1
599,same_limits_diff_geometry,normalized_copy,1.4959054746254712,0.043108455677362295,-0.5187181871797071,0
599,same_limits_diff_geometry,ejar_absolute,0.5881606797451281,0.016949398891870606,0.9996978537827298,1
600,matched_morphology,normalized_copy,0.0,0.0,0.999999720386145,0
600,matched_morphology,ejar_absolute,0.009221205320277487,0.0005514527353844437,0.9999576134844046,0
601,random_map,normalized_copy,1.2747112434464392,0.03036978774506637,-0.9361053755778788,0
601,random_map,ejar_absolute,0.12014101749235027,0.002862340172707744,0.9938005384529339,0
602,zero_effect,normalized_copy,0.0,0.0,0.0,0
602,zero_effect,ejar_absolute,0.0,0.0,0.0,0
603,same_geometry_diff_limits,normalized_copy,0.6685704106671388,0.034559993195448314,0.843426985577054,0
603,same_geometry_diff_limits,ejar_absolute,0.026293813427921715,0.0013591896958834804,0.9999750508715809,1
604,same_limits_diff_geometry,normalized_copy,0.20300389194954732,0.00913595805753422,0.9802672905953919,0
604,same_limits_diff_geometry,ejar_absolute,0.24930722806933286,0.011219786759790849,0.9975583895533775,1
605,matched_morphology,normalized_copy,0.0,0.0,0.9999997473621278,0
605,matched_morphology,ejar_absolute,0.00936874852412936,0.0005894300953471031,0.9999576462769533,0
606,random_map,normalized_copy,0.580572146749842,0.018614568965222424,0.9965063308558306,0
606,random_map,ejar_absolute,0.947377765948907,0.030375258026239575,0.3201548405276135,0
607,zero_effect,normalized_copy,0.0,0.0,0.0,0
607,zero_effect,ejar_absolute,0.0,0.0,0.0,0
608,same_geometry_diff_limits,normalized_copy,0.7036242402038523,0.07696204498737055,0.7176038111214943,0
608,same_geometry_diff_limits,ejar_absolute,0.8917073669400799,0.09753447730869753,0.995508533250861,1
609,same_limits_diff_geometry,normalized_copy,0.3740858862635191,0.011350728557142887,0.9499281870555526,0
609,same_limits_diff_geometry,ejar_absolute,0.019544878011509458,0.0005930419006367876,0.9998604536018115,0
610,matched_morphology,normalized_copy,0.0,0.0,0.9999994896069838,0
610,matched_morphology,ejar_absolute,0.005866477090282247,0.0002596718764565733,0.9999824128347697,0
611,random_map,normalized_copy,0.04042247596364618,0.0016586970977808873,0.9999898610568144,0
611,random_map,ejar_absolute,1.414759679772084,0.058053291367056094,-0.27406729455319756,1
612,zero_effect,normalized_copy,0.0,0.0,0.0,0
612,zero_effect,ejar_absolute,0.0,0.0,0.0,0
613,same_geometry_diff_limits,normalized_copy,1.573184262210675,0.04333868371391282,-0.9999975752000192,0
613,same_geometry_diff_limits,ejar_absolute,0.009610778097475134,0.0002647614028542176,0.9999678346766387,0
614,same_limits_diff_geometry,normalized_copy,1.6755548080838176,0.03477725481253876,-0.11190816611235906,0
614,same_limits_diff_geometry,ejar_absolute,0.8706204026516257,0.018070305693334305,0.9692827864597078,1
615,matched_morphology,normalized_copy,0.0,0.0,0.9999991458572453,0
615,matched_morphology,ejar_absolute,0.0024164626349218,8.268270583062816e-05,0.9999967258511855,0
616,random_map,normalized_copy,0.2771848981868662,0.008208727582071793,0.9715235432376034,0
616,random_map,ejar_absolute,0.9303433720676261,0.027551772658049745,0.7834279509652731,0
617,zero_effect,normalized_copy,0.0,0.0,0.0,0
617,zero_effect,ejar_absolute,0.0,0.0,0.0,0
618,same_geometry_diff_limits,normalized_copy,0.5309059456922317,0.031214819010155822,0.8741669413952458,0
618,same_geometry_diff_limits,ejar_absolute,0.8086406913530683,0.047544340065586575,0.9687811306733969,1
619,same_limits_diff_geometry,normalized_copy,1.1208273175578918,0.04515479837065501,0.34374551580675333,0
619,same_limits_diff_geometry,ejar_absolute,0.6642213087442261,0.026759500593889624,0.9996949939864314,1
620,matched_morphology,normalized_copy,0.0,0.0,0.9999998642965436,0
620,matched_morphology,ejar_absolute,0.0009590611271335979,8.23286150570699e-05,0.9999996001460366,0
621,random_map,normalized_copy,1.306579312895441,0.014011236116500318,0.7741188119654633,0
621,random_map,ejar_absolute,0.7401849659706339,0.007937448745546024,0.7426474342882433,0
622,zero_effect,normalized_copy,0.0,0.0,0.0,0
622,zero_effect,ejar_absolute,0.0,0.0,0.0,0
623,same_geometry_diff_limits,normalized_copy,1.600447642984003,0.11942979095920994,-0.8725843870335961,0
623,same_geometry_diff_limits,ejar_absolute,0.4450088369470285,0.03320777946380841,0.9998554622054353,1
624,same_limits_diff_geometry,normalized_copy,1.3848901875517245,0.07102530732447572,0.29517474834212737,0
624,same_limits_diff_geometry,ejar_absolute,0.8714925230270713,0.044695258032268086,0.9980289659380348,1
625,matched_morphology,normalized_copy,0.0,0.0,0.9999998563621583,0
625,matched_morphology,ejar_absolute,0.00367214753900763,0.0003063978125251763,0.9999936385374181,0
626,random_map,normalized_copy,2.087036658556351,0.07910501854327244,-0.7758004977827829,0
626,random_map,ejar_absolute,0.20374686308045123,0.007722623997060714,0.9790379340787096,0
627,zero_effect,normalized_copy,0.0,0.0,0.0,0
627,zero_effect,ejar_absolute,0.0,0.0,0.0,0
628,same_geometry_diff_limits,normalized_copy,0.7209122852898039,0.07201937648345084,0.6950179503675358,0
628,same_geometry_diff_limits,ejar_absolute,0.8377164335971626,0.08368814965242916,0.9993276561436981,1
629,same_limits_diff_geometry,normalized_copy,0.6794317100949286,0.03495970454977737,0.7547975078567358,0
629,same_limits_diff_geometry,ejar_absolute,0.8165731206317525,0.04201622417150244,0.8033948019051221,1
630,matched_morphology,normalized_copy,0.0,0.0,0.9999999033155109,0
630,matched_morphology,ejar_absolute,0.0014877291567820356,0.00015130227383069404,0.9999992140725951,0
631,random_map,normalized_copy,1.4130077899536768,0.06432537382567192,-0.20367591395940843,0
631,random_map,ejar_absolute,1.2707747788588386,0.05785039776816105,0.1357978732347586,0
632,zero_effect,normalized_copy,0.0,0.0,0.0,0
632,zero_effect,ejar_absolute,0.0,0.0,0.0,0
633,same_geometry_diff_limits,normalized_copy,0.533774763781414,0.01794216152217429,0.8954409588012509,0
633,same_geometry_diff_limits,ejar_absolute,0.6004552230720291,0.020183540568439805,0.9672066610130154,1
634,same_limits_diff_geometry,normalized_copy,0.2281340598127025,0.00797968741160169,0.9816340876524675,0
634,same_limits_diff_geometry,ejar_absolute,0.053300960943685964,0.0018643643453230747,0.9985998520872487,0
635,matched_morphology,normalized_copy,0.0,0.0,0.9999998257482162,0
635,matched_morphology,ejar_absolute,0.004956329785636347,0.00037546680541959335,0.9999880556200256,0
636,random_map,normalized_copy,2.089774295674154,0.039709614967581484,-0.9989692001218562,0
636,random_map,ejar_absolute,2.273091080983811,0.04319297629363941,-0.9725848866457616,0
637,zero_effect,normalized_copy,0.0,0.0,0.0,0
637,zero_effect,ejar_absolute,0.0,0.0,0.0,0
638,same_geometry_diff_limits,normalized_copy,0.774300378017441,0.029606196359960032,0.6328703568542762,0
638,same_geometry_diff_limits,ejar_absolute,0.7409633826881445,0.02833152097842743,0.9947252513595791,1
639,same_limits_diff_geometry,normalized_copy,0.5387822025749263,0.015487909619197078,0.9086943814251703,0
639,same_limits_diff_geometry,ejar_absolute,0.291455102011212,0.008378209704088672,0.999509147190989,1
640,matched_morphology,normalized_copy,0.0,0.0,0.999998848206821,0
640,matched_morphology,ejar_absolute,0.0032471161234007458,9.56776133997442e-05,0.9999959113827953,0
641,random_map,normalized_copy,1.217144073306573,0.030510808637720203,0.7159657649748699,0
641,random_map,ejar_absolute,1.0901407082433605,0.027327146610542773,0.7132715319397843,0
642,zero_effect,normalized_copy,0.0,0.0,0.0,0
642,zero_effect,ejar_absolute,0.0,0.0,0.0,0
643,same_geometry_diff_limits,normalized_copy,1.0032144929921196,0.06693374976067644,0.31560521017279475,0
643,same_geometry_diff_limits,ejar_absolute,0.8933447987719688,0.059603322747725195,0.9940350203056922,1
644,same_limits_diff_geometry,normalized_copy,1.649900983727755,0.027390737657872793,-0.4532547434020537,0
644,same_limits_diff_geometry,ejar_absolute,0.6846963824408907,0.011366948181556797,0.9684629036829197,1
645,matched_morphology,normalized_copy,0.0,0.0,0.9999990875282817,0
645,matched_morphology,ejar_absolute,0.002724980795959625,9.020976567319263e-05,0.9999970046650293,0
646,random_map,normalized_copy,1.152331560090594,0.010356859635886187,0.8018351824447553,0
646,random_map,ejar_absolute,0.5866012915168719,0.005272221510614675,0.8099826142440113,0
647,zero_effect,normalized_copy,0.0,0.0,0.0,0
647,zero_effect,ejar_absolute,0.0,0.0,0.0,0
648,same_geometry_diff_limits,normalized_copy,1.6245288266618236,0.04797064978651713,-0.9980267909427644,0
648,same_geometry_diff_limits,ejar_absolute,0.008150168427846575,0.00024066601277660465,0.9999736777103687,0
649,same_limits_diff_geometry,normalized_copy,0.3704694473273443,0.03712354613622886,0.9673235118077976,0
649,same_limits_diff_geometry,ejar_absolute,0.2239293700845585,0.02243923854332154,0.9999947160978873,1
650,matched_morphology,normalized_copy,0.0,0.0,0.9999998107648955,0
650,matched_morphology,ejar_absolute,0.016438420807726593,0.0011949760649527436,0.999865237623632,0
651,random_map,normalized_copy,2.6293392849141943,0.04088045324522167,0.7201769236259447,0
651,random_map,ejar_absolute,1.3545530009311069,0.0210603252841696,-0.6618464682655538,0
652,zero_effect,normalized_copy,0.0,0.0,0.0,0
652,zero_effect,ejar_absolute,0.0,0.0,0.0,0
653,same_geometry_diff_limits,normalized_copy,0.8070086076479059,0.07137917142100808,0.5908606815590668,0
653,same_geometry_diff_limits,ejar_absolute,0.8200670737549131,0.07253418077520093,0.5988041944938334,1
654,same_limits_diff_geometry,normalized_copy,0.45737645875886224,0.011361578360161903,0.9366318471845257,0
654,same_limits_diff_geometry,ejar_absolute,0.2511437079976514,0.006238600311480609,0.9980387348244409,1
655,matched_morphology,normalized_copy,0.0,0.0,0.9999996000417712,0
655,matched_morphology,ejar_absolute,0.001751049855266746,8.755704881296036e-05,0.9999986474762407,0
656,random_map,normalized_copy,1.2896967918804696,0.019667746665439228,0.18312398494455726,0
656,random_map,ejar_absolute,1.0963885950010646,0.01671981605995676,0.003640827298569115,0
657,zero_effect,normalized_copy,0.0,0.0,0.0,0
657,zero_effect,ejar_absolute,0.0,0.0,0.0,0
658,same_geometry_diff_limits,normalized_copy,1.5106136976282454,0.060878286544501135,-0.7738335309544477,0
658,same_geometry_diff_limits,ejar_absolute,0.6739929677075435,0.02716216401420199,0.9990929002103516,1
659,same_limits_diff_geometry,normalized_copy,2.125385645395897,0.042205493063906224,-0.7222869186605818,0
659,same_limits_diff_geometry,ejar_absolute,0.1853014997146979,0.003679680992426826,0.9997845724002489,1
660,matched_morphology,normalized_copy,0.0,0.0,0.9999873744206899,0
660,matched_morphology,ejar_absolute,0.0022119766962574476,1.968576050645666e-05,0.9999853392514215,0
661,random_map,normalized_copy,0.5792478252156646,0.03514903038380178,0.9730362707010277,0
661,random_map,ejar_absolute,0.6376135624819772,0.03869069076342047,0.932503002632747,0
662,zero_effect,normalized_copy,0.0,0.0,0.0,0
662,zero_effect,ejar_absolute,0.0,0.0,0.0,0
663,same_geometry_diff_limits,normalized_copy,1.0195950668725755,0.03462183093094582,0.24906683639676916,0
663,same_geometry_diff_limits,ejar_absolute,0.9444970053589079,0.032071767211097606,0.5889669125324335,1
664,same_limits_diff_geometry,normalized_copy,1.3306582093715704,0.012540659649841466,0.3220026915601943,0
664,same_limits_diff_geometry,ejar_absolute,0.12702504904133272,0.0011971352942571857,0.9994413649658888,0
665,matched_morphology,normalized_copy,0.0,0.0,0.9999999211047441,0
665,matched_morphology,ejar_absolute,0.0006704176501915496,7.547793010114078e-05,0.9999998051218036,0
666,random_map,normalized_copy,0.5759445802006267,0.024628948620349204,0.8389488549456497,0
666,random_map,ejar_absolute,3.8793606843947535,0.1658919595049905,-0.847928621540853,1
667,zero_effect,normalized_copy,0.0,0.0,0.0,0
667,zero_effect,ejar_absolute,0.0,0.0,0.0,0
668,same_geometry_diff_limits,normalized_copy,1.0066072193804072,0.08971166507311185,0.23055850443579626,0
668,same_geometry_diff_limits,ejar_absolute,0.7568954778994749,0.06745665270557692,0.9999827841189751,1
669,same_limits_diff_geometry,normalized_copy,0.11627704890595525,0.003784547245447606,0.9976902387273522,0
669,same_limits_diff_geometry,ejar_absolute,0.020724832567544278,0.000674545052044621,0.9998072791002928,0
670,matched_morphology,normalized_copy,0.0,0.0,0.9999999349722547,0
670,matched_morphology,ejar_absolute,0.00043129041741634425,5.348357756488082e-05,0.9999999341185298,0
671,random_map,normalized_copy,0.2847956369163755,0.005277058017325752,0.9998919748951,0
671,random_map,ejar_absolute,4.673918736985487,0.08660434763114214,-0.9952586136622146,1
672,zero_effect,normalized_copy,0.0,0.0,0.0,0
672,zero_effect,ejar_absolute,0.0,0.0,0.0,0
673,same_geometry_diff_limits,normalized_copy,1.4253435246902884,0.1122242607341868,-0.3186564958538199,0
673,same_geometry_diff_limits,ejar_absolute,0.8142209412197783,0.0641075934466663,0.9998213414156051,1
674,same_limits_diff_geometry,normalized_copy,0.28705805171922855,0.011023742380504452,0.9646394824442077,0
674,same_limits_diff_geometry,ejar_absolute,0.2983856274783731,0.01145874943296851,0.9973276981596846,1
675,matched_morphology,normalized_copy,0.0,0.0,0.9999999026214866,0
675,matched_morphology,ejar_absolute,0.005771506118790209,0.0005848676130038068,0.9999833639514053,0
676,random_map,normalized_copy,1.448486044349977,0.05165738726783833,-0.056024388536738245,0
676,random_map,ejar_absolute,0.684435833786714,0.024409049064585606,0.7388466428439613,0
677,zero_effect,normalized_copy,0.0,0.0,0.0,0
677,zero_effect,ejar_absolute,0.0,0.0,0.0,0
678,same_geometry_diff_limits,normalized_copy,0.5676357649849713,0.023216174211710357,0.8865422416993928,0
678,same_geometry_diff_limits,ejar_absolute,0.3849159129926235,0.015742973653418212,0.9999362759816219,1
679,same_limits_diff_geometry,normalized_copy,0.5746450573325428,0.015326249095990263,0.8364437618382821,0
679,same_limits_diff_geometry,ejar_absolute,0.3274496386058104,0.008733347069859905,0.9988369398987904,1
680,matched_morphology,normalized_copy,0.0,0.0,0.9999998397661995,0
680,matched_morphology,ejar_absolute,0.001454735262985006,0.00011492297780445962,0.9999990971027564,0
681,random_map,normalized_copy,14.35449386845597,0.022585735279036248,-0.7168882001531618,0
681,random_map,ejar_absolute,0.8684822095512161,0.0013664925743276074,0.4981452222309839,0
682,zero_effect,normalized_copy,0.0,0.0,0.0,0
682,zero_effect,ejar_absolute,0.0,0.0,0.0,0
683,same_geometry_diff_limits,normalized_copy,1.1824780121764527,0.051826449309539675,-0.03000413628388935,0
683,same_geometry_diff_limits,ejar_absolute,0.6394328817478839,0.02802549856446245,0.9999963711425767,1
684,same_limits_diff_geometry,normalized_copy,0.9240997243165023,0.03747295336367404,0.6487674287995984,0
684,same_limits_diff_geometry,ejar_absolute,0.5826739697999291,0.023627876864360235,0.9998265503512029,1
685,matched_morphology,normalized_copy,0.0,0.0,0.9999968798362893,0
685,matched_morphology,ejar_absolute,0.0029679680401650393,5.3133677575318615e-05,0.9999932006584883,0
686,random_map,normalized_copy,0.6744405669842157,0.014425003406429743,0.8328357185472904,0
686,random_map,ejar_absolute,1.0108334411168292,0.021619808394154047,-0.008563833679709915,0
687,zero_effect,normalized_copy,0.0,0.0,0.0,0
687,zero_effect,ejar_absolute,0.0,0.0,0.0,0
688,same_geometry_diff_limits,normalized_copy,0.6693556583506878,0.04576570818479662,0.7461799885884974,0
688,same_geometry_diff_limits,ejar_absolute,0.6647897107342671,0.045453521646006356,0.999904344897563,1
689,same_limits_diff_geometry,normalized_copy,0.601714153209897,0.026892075326615285,0.7987117063565005,0
689,same_limits_diff_geometry,ejar_absolute,0.6268333985974122,0.028014715762285997,0.9991201673219295,1
690,matched_morphology,normalized_copy,0.0,0.0,0.9999975913947607,0
690,matched_morphology,ejar_absolute,0.010292286014398114,0.00020971453476893473,0.9999958796502871,0
691,random_map,normalized_copy,1.604662280563946,0.07108272625435748,-0.728681219526889,0
691,random_map,ejar_absolute,0.9922705580805529,0.043955228028111984,0.13563349234880323,0
692,zero_effect,normalized_copy,0.0,0.0,0.0,0
692,zero_effect,ejar_absolute,0.0,0.0,0.0,0
693,same_geometry_diff_limits,normalized_copy,0.777881166350637,0.0253237718402826,0.6293463090806769,0
693,same_geometry_diff_limits,ejar_absolute,0.6436364227724584,0.020953460018645505,0.9988951339811476,1
694,same_limits_diff_geometry,normalized_copy,1.0771013410256405,0.061886759556807336,0.4344784941318576,0
694,same_limits_diff_geometry,ejar_absolute,0.6366525655864527,0.03657999739388996,0.9998567199420155,1
695,matched_morphology,normalized_copy,0.0,0.0,0.9999996664215615,0
695,matched_morphology,ejar_absolute,0.003811886286742325,0.0002087088601887601,0.9999948328532191,0
696,random_map,normalized_copy,0.35816336661260767,0.009281522480435244,0.9895998646021178,0
696,random_map,ejar_absolute,2.2784142205744207,0.05904331592593544,-0.29535743468013875,1
697,zero_effect,normalized_copy,0.0,0.0,0.0,0
697,zero_effect,ejar_absolute,0.0,0.0,0.0,0
698,same_geometry_diff_limits,normalized_copy,0.47089841390646003,0.013953811374501546,0.9516376791111594,0
698,same_geometry_diff_limits,ejar_absolute,0.1164425266514417,0.0034504619359099022,0.9999552273979441,1
699,same_limits_diff_geometry,normalized_copy,1.7766315669947148,0.0701052153480373,-0.9258452960502501,0
699,same_limits_diff_geometry,ejar_absolute,0.6512981004035123,0.02569997878726855,0.9901455388573658,1
700,matched_morphology,normalized_copy,0.0,0.0,0.9999970030686237,0
700,matched_morphology,ejar_absolute,0.005572212789041202,0.00010178614500275997,0.9999943772015096,0
701,random_map,normalized_copy,0.32427019647507543,0.012103145109601678,0.9851055163690698,0
701,random_map,ejar_absolute,1.5494782238199094,0.057833128023844445,-0.9743098872725391,0
702,zero_effect,normalized_copy,0.0,0.0,0.0,0
702,zero_effect,ejar_absolute,0.0,0.0,0.0,0
703,same_geometry_diff_limits,normalized_copy,1.5675505994028427,0.11078467065333487,-0.6553906609046944,0
703,same_geometry_diff_limits,ejar_absolute,0.7921220591795,0.05598223207395827,0.9986028550365587,1
704,same_limits_diff_geometry,normalized_copy,1.0509498983318053,0.058671921535331684,0.297257813415218,0
704,same_limits_diff_geometry,ejar_absolute,0.693817863289311,0.038734127382606925,0.9999214795844241,1
705,matched_morphology,normalized_copy,0.0,0.0,0.9999999224410665,0
705,matched_morphology,ejar_absolute,0.0025117376919957307,0.0002852058016888791,0.9999968656664823,0
706,random_map,normalized_copy,0.9016467616907891,0.04848742987385441,0.8141805723830182,0
706,random_map,ejar_absolute,1.1120359999766707,0.0598014320652123,-0.9999542217103677,0
707,zero_effect,normalized_copy,0.0,0.0,0.0,0
707,zero_effect,ejar_absolute,0.0,0.0,0.0,0
708,same_geometry_diff_limits,normalized_copy,0.6420892324596162,0.0107161629545326,0.7862034048131645,0
708,same_geometry_diff_limits,ejar_absolute,0.15335225403062122,0.002559375956737248,0.9986273852099048,1
709,same_limits_diff_geometry,normalized_copy,2.2272950073954183,0.03280082590890078,-0.9997400767339464,0
709,same_limits_diff_geometry,ejar_absolute,0.012569282927278864,0.000185104739034778,0.9999200693099889,0
710,matched_morphology,normalized_copy,0.0,0.0,0.9999991356781437,0
710,matched_morphology,ejar_absolute,0.0006411774116059955,2.1809227933636376e-05,0.9999990793278436,0
711,random_map,normalized_copy,1.7126696576071825,0.011823138387670634,0.22499820747698787,0
711,random_map,ejar_absolute,1.0422277595538298,0.007194851019835787,-0.05576431608473203,0
712,zero_effect,normalized_copy,0.0,0.0,0.0,0
712,zero_effect,ejar_absolute,0.0,0.0,0.0,0
713,same_geometry_diff_limits,normalized_copy,1.5016895720584618,0.20728024438702833,-0.7738154447750681,0
713,same_geometry_diff_limits,ejar_absolute,0.886338208028637,0.12234246264219534,0.9988012100815543,1
714,same_limits_diff_geometry,normalized_copy,0.08685014790023679,0.0036584119349150324,0.9996469581726943,0
714,same_limits_diff_geometry,ejar_absolute,0.028366977198937143,0.0011949097434038026,0.9995975284638058,0
715,matched_morphology,normalized_copy,0.0,0.0,0.9999982591376417,0
715,matched_morphology,ejar_absolute,0.02026054777388738,0.00048558873779381206,0.9997948068947553,0
716,random_map,normalized_copy,1.4849882035979913,0.12583803790604337,-0.2988148472203108,0
716,random_map,ejar_absolute,1.0931056098011673,0.09262987061323887,0.35587708743595364,0
717,zero_effect,normalized_copy,0.0,0.0,0.0,0
717,zero_effect,ejar_absolute,0.0,0.0,0.0,0
718,same_geometry_diff_limits,normalized_copy,1.155859351881155,0.006208326028949562,0.051204020795843,0
718,same_geometry_diff_limits,ejar_absolute,0.6683812626731658,0.003589994564271728,0.8752386045237748,0
719,same_limits_diff_geometry,normalized_copy,0.779530877013936,0.03286968064097986,0.7470446877122283,0
719,same_limits_diff_geometry,ejar_absolute,0.6129189076853582,0.025844324257698097,0.998323761338883,1
720,matched_morphology,normalized_copy,0.0,0.0,0.999999906150639,0
720,matched_morphology,ejar_absolute,0.0004557906903735877,4.7048932526130236e-05,0.9999999046040435,0
721,random_map,normalized_copy,0.41013506572018354,0.042756283679715776,0.9174550264261296,0
721,random_map,ejar_absolute,0.8651786174397127,0.09019424451289049,0.7051859916034311,1
722,zero_effect,normalized_copy,0.0,0.0,0.0,0
722,zero_effect,ejar_absolute,0.0,0.0,0.0,0
723,same_geometry_diff_limits,normalized_copy,0.4511216350823676,0.012980334102560645,0.9694424073532258,0
723,same_geometry_diff_limits,ejar_absolute,0.009594493643094773,0.00027606685946136335,0.9999558374817462,0
724,same_limits_diff_geometry,normalized_copy,1.1593749019030262,0.029491702175491435,0.04904592421030598,0
724,same_limits_diff_geometry,ejar_absolute,0.5033435483708286,0.012803846276248945,0.9993607090733135,1
725,matched_morphology,normalized_copy,0.0,0.0,0.9999998567955041,0
725,matched_morphology,ejar_absolute,0.000582917455125218,4.871118650005376e-05,0.9999998237592538,0
726,random_map,normalized_copy,0.5815477273645809,0.02344022652556105,0.8851234604510748,0
726,random_map,ejar_absolute,2.2881616837798284,0.09222807634029971,-0.9903291401050653,1
727,zero_effect,normalized_copy,0.0,0.0,0.0,0
727,zero_effect,ejar_absolute,0.0,0.0,0.0,0
728,same_geometry_diff_limits,normalized_copy,1.0425737234624106,0.03775793483940605,0.1383426792585234,0
728,same_geometry_diff_limits,ejar_absolute,0.3267333687787319,0.011833002281350688,0.9999970294452325,1
729,same_limits_diff_geometry,normalized_copy,0.31778281679948134,0.006714061519280311,0.9816137425192976,0
729,same_limits_diff_geometry,ejar_absolute,0.023844187994543086,0.0005037759646194582,0.9997604436038364,0
730,matched_morphology,normalized_copy,0.0,0.0,0.9999997965708644,0
730,matched_morphology,ejar_absolute,0.006003929794067442,0.0004209485233732706,0.9999818757617457,0
731,random_map,normalized_copy,0.5595671236933122,0.018498438058885076,0.9231862043410843,0
731,random_map,ejar_absolute,0.9240945518158293,0.030549160419737847,0.9838184933741974,0
732,zero_effect,normalized_copy,0.0,0.0,0.0,0
732,zero_effect,ejar_absolute,0.0,0.0,0.0,0
733,same_geometry_diff_limits,normalized_copy,0.783465328411455,0.05571878364056838,0.63022840230098,0
733,same_geometry_diff_limits,ejar_absolute,0.4264120063806397,0.030325730397588,0.9999711664889832,1
734,same_limits_diff_geometry,normalized_copy,0.45778106440102945,0.03302044353555802,0.8906213494908353,0
734,same_limits_diff_geometry,ejar_absolute,0.47870644775940246,0.034529823222437674,0.9998778080140001,1
735,matched_morphology,normalized_copy,0.0,0.0,0.9999998432840351,0
735,matched_morphology,ejar_absolute,0.0021121159436166942,0.000168717878537891,0.9999982888868163,0
736,random_map,normalized_copy,1.2208009725183144,0.018583773841084745,0.5781047000618715,0
736,random_map,ejar_absolute,1.2865291441101907,0.019584327988196645,-0.9482289080253435,0
737,zero_effect,normalized_copy,0.0,0.0,0.0,0
737,zero_effect,ejar_absolute,0.0,0.0,0.0,0
738,same_geometry_diff_limits,normalized_copy,0.5315811244834022,0.026962893636853395,0.9221298367391653,0
738,same_geometry_diff_limits,ejar_absolute,0.009212581705469724,0.0004672811904049415,0.9999720918033967,0
739,same_limits_diff_geometry,normalized_copy,1.9379222953711879,0.10637718294500402,-0.8853259882803712,0
739,same_limits_diff_geometry,ejar_absolute,0.5045258045594747,0.027694626322372063,0.9998460913632413,1
740,matched_morphology,normalized_copy,0.0,0.0,0.9999991375544147,0
740,matched_morphology,ejar_absolute,0.01632645793653964,0.0005559374715282306,0.9998660267668364,0
741,random_map,normalized_copy,0.49317431885944346,0.03552141190435301,0.8705248990677645,0
741,random_map,ejar_absolute,0.9112991866232719,0.06563730619836444,0.886164115480354,0
742,zero_effect,normalized_copy,0.0,0.0,0.0,0
742,zero_effect,ejar_absolute,0.0,0.0,0.0,0
743,same_geometry_diff_limits,normalized_copy,0.8086800972395434,0.005606238317697596,0.6078708350929444,0
743,same_geometry_diff_limits,ejar_absolute,0.44287676439201495,0.0030702779690359805,0.9979021851811432,1
744,same_limits_diff_geometry,normalized_copy,2.198076646217422,0.00830205303039572,-0.670816283232556,0
744,same_limits_diff_geometry,ejar_absolute,0.001940232860718245,7.328186725753489e-06,0.999928821264361,0
745,matched_morphology,normalized_copy,0.0,0.0,0.9999999481738575,0
745,matched_morphology,ejar_absolute,0.002251922483588767,0.0003128088173606932,0.9999975465655784,0
746,random_map,normalized_copy,1.3618088308990728,0.013441730816453466,0.5906581147079183,0
746,random_map,ejar_absolute,1.450511434198817,0.014317269650701328,-0.4939948055214731,0
747,zero_effect,normalized_copy,0.0,0.0,0.0,0
747,zero_effect,ejar_absolute,0.0,0.0,0.0,0
748,same_geometry_diff_limits,normalized_copy,0.9449698972761769,0.0439336263430651,0.3892405944836738,0
748,same_geometry_diff_limits,ejar_absolute,0.9266409497621,0.043081475249505174,0.4151854927312193,1
749,same_limits_diff_geometry,normalized_copy,1.5281689224793633,0.06210488285217898,-0.3208357435800228,0
749,same_limits_diff_geometry,ejar_absolute,0.6854114417769266,0.02785516487800056,0.9998906617063615,1
750,matched_morphology,normalized_copy,0.0,0.0,0.9999978231244989,0
750,matched_morphology,ejar_absolute,0.006429563684608909,0.00013780477108910711,0.9999914138940038,0
751,random_map,normalized_copy,0.2729829264060355,0.008229509478923935,0.999131848738308,0
751,random_map,ejar_absolute,1.4307204070165132,0.04313136834689595,0.5286730469866374,1
752,zero_effect,normalized_copy,0.0,0.0,0.0,0
752,zero_effect,ejar_absolute,0.0,0.0,0.0,0
753,same_geometry_diff_limits,normalized_copy,1.497242017953546,0.11098158631267051,-0.8784614033586428,0
753,same_geometry_diff_limits,ejar_absolute,0.5170966712591559,0.0383292802133497,0.9999738531017908,1
754,same_limits_diff_geometry,normalized_copy,1.1125138352515571,0.022329831425361785,-0.20478511025239912,0
754,same_limits_diff_geometry,ejar_absolute,0.022551765575065195,0.0004526479650669837,0.9997530079882222,0
755,matched_morphology,normalized_copy,0.0,0.0,0.9999991682701254,0
755,matched_morphology,ejar_absolute,0.004262324840974716,0.00014779346341468592,0.9999922979779332,0
756,random_map,normalized_copy,1.1437395440700346,0.07567025433517276,0.2325703680464591,0
756,random_map,ejar_absolute,1.288999155649447,0.08528068689373215,0.24624657883535964,0
757,zero_effect,normalized_copy,0.0,0.0,0.0,0
757,zero_effect,ejar_absolute,0.0,0.0,0.0,0
758,same_geometry_diff_limits,normalized_copy,0.8367869114281067,0.030641739740518845,0.5479254292407841,0
758,same_geometry_diff_limits,ejar_absolute,0.23092238661391393,0.008455992289371453,0.9999880162856543,1
759,same_limits_diff_geometry,normalized_copy,0.7467430924411154,0.03400073618860916,0.6797997844080238,0
759,same_limits_diff_geometry,ejar_absolute,0.6283266575411419,0.02860899436443273,0.9997984727546684,1
760,matched_morphology,normalized_copy,0.0,0.0,0.9999998869012013,0
760,matched_morphology,ejar_absolute,0.00102823851193447,9.668627978319465e-05,0.9999996054965093,0
761,random_map,normalized_copy,0.48315397616899797,0.01963209400094084,0.8999151345647148,0
761,random_map,ejar_absolute,0.9241705696130421,0.03755201114023342,0.5867466791360543,0
762,zero_effect,normalized_copy,0.0,0.0,0.0,0
762,zero_effect,ejar_absolute,0.0,0.0,0.0,0
763,same_geometry_diff_limits,normalized_copy,0.7937922302780228,0.038826594424382264,0.6083357867899057,0
763,same_geometry_diff_limits,ejar_absolute,0.49029900186860154,0.02398189320341939,0.9999970645916687,1
764,same_limits_diff_geometry,normalized_copy,0.6449684053200391,0.00655211454479808,0.766354428298197,0
764,same_limits_diff_geometry,ejar_absolute,0.33773196991498705,0.003430956515188142,0.9477939599670179,0
765,matched_morphology,normalized_copy,0.0,0.0,0.9999999363594698,0
765,matched_morphology,ejar_absolute,0.00043071650680629337,5.399140282999535e-05,0.9999999358753097,0
766,random_map,normalized_copy,3.185185233650743,0.03458828419336131,-0.09468387637675336,0
766,random_map,ejar_absolute,1.1322514507940427,0.01229524567195209,-0.2965705929461733,0
767,zero_effect,normalized_copy,0.0,0.0,0.0,0
767,zero_effect,ejar_absolute,0.0,0.0,0.0,0
768,same_geometry_diff_limits,normalized_copy,0.6597634890452304,0.04263498592531289,0.7969257201223187,0
768,same_geometry_diff_limits,ejar_absolute,0.13584205487204407,0.008778333741863263,0.9999804010215956,1
769,same_limits_diff_geometry,normalized_copy,1.8963521415386457,0.07865557611494713,-0.7535249585188963,0
769,same_limits_diff_geometry,ejar_absolute,0.7211416934448768,0.029911013949335864,0.9953247549919041,1
770,matched_morphology,normalized_copy,0.0,0.0,0.999994586610034,0
770,matched_morphology,ejar_absolute,0.021676104355535002,0.0002946086084819975,0.9998800822899009,0
771,random_map,normalized_copy,0.4327108364917564,0.009337640257059578,0.9174741760129601,0
771,random_map,ejar_absolute,0.816588280074275,0.017621485191554376,0.9742218757429554,0
772,zero_effect,normalized_copy,0.0,0.0,0.0,0
772,zero_effect,ejar_absolute,0.0,0.0,0.0,0
773,same_geometry_diff_limits,normalized_copy,0.7517101874857205,0.06236127594955925,0.6660912617570748,0
773,same_geometry_diff_limits,ejar_absolute,0.9284106774721917,0.07702020727697056,0.8563027937697509,1
774,same_limits_diff_geometry,normalized_copy,1.5329088156668116,0.03979366720617674,-0.3523545421450914,0
774,same_limits_diff_geometry,ejar_absolute,0.8898125100414251,0.02309915797899465,0.8067692201989867,1
775,matched_morphology,normalized_copy,0.0,0.0,0.9999997323109386,0
775,matched_morphology,ejar_absolute,0.0035153359191885986,0.00021485797002902623,0.9999942687141116,0
776,random_map,normalized_copy,0.52488147810211,0.007003981224137955,0.8578744569380176,0
776,random_map,ejar_absolute,0.5168116757392974,0.00689629835364305,0.9230435940434768,0
777,zero_effect,normalized_copy,0.0,0.0,0.0,0
777,zero_effect,ejar_absolute,0.0,0.0,0.0,0
778,same_geometry_diff_limits,normalized_copy,0.5799180284607791,0.040453470818074384,0.9464239989860057,0
778,same_geometry_diff_limits,ejar_absolute,0.295806205416279,0.020634619224330714,0.9999770395554093,1
779,same_limits_diff_geometry,normalized_copy,1.121553446224984,0.017532669476089405,-0.3322320864373831,0
779,same_limits_diff_geometry,ejar_absolute,0.023663331331629112,0.0003699167153710644,0.9997195205224095,0
780,matched_morphology,normalized_copy,0.0,0.0,0.9999995508946435,0
780,matched_morphology,ejar_absolute,0.004234319764029323,0.00019980642339950298,0.9999937641858525,0
781,random_map,normalized_copy,1.5465097245144384,0.08684601779785664,-0.5755632949417822,0
781,random_map,ejar_absolute,1.0312680415807016,0.057912033318509026,0.6252382106727649,0
782,zero_effect,normalized_copy,0.0,0.0,0.0,0
782,zero_effect,ejar_absolute,0.0,0.0,0.0,0
783,same_geometry_diff_limits,normalized_copy,0.4577420436276529,0.03846207110362815,0.9605004724809176,0
783,same_geometry_diff_limits,ejar_absolute,0.6587911245094018,0.05535535008431771,0.9935842322893742,1
784,same_limits_diff_geometry,normalized_copy,1.5890153640238827,0.007527353983289522,-0.6596616560699661,0
784,same_limits_diff_geometry,ejar_absolute,0.03531445305102588,0.00016728874676716796,0.9995905646677186,0
785,matched_morphology,normalized_copy,0.0,0.0,0.9999835485170586,0
785,matched_morphology,ejar_absolute,0.012585810114860468,9.812397489748348e-05,0.9999781675133577,0
786,random_map,normalized_copy,3.109295034270898,0.031610551246041056,0.5860605514604019,0
786,random_map,ejar_absolute,1.3717441355487698,0.013945794083638184,-0.3704552850614424,0
787,zero_effect,normalized_copy,0.0,0.0,0.0,0
787,zero_effect,ejar_absolute,0.0,0.0,0.0,0
788,same_geometry_diff_limits,normalized_copy,0.48915365512998715,0.053610524219232965,0.9352546591262695,0
788,same_geometry_diff_limits,ejar_absolute,0.7733639074468953,0.08475955163709196,0.9990526236333787,1
789,same_limits_diff_geometry,normalized_copy,0.85956239358113,0.020142894153782977,0.5218320407699107,0
789,same_limits_diff_geometry,ejar_absolute,0.015598903272091368,0.0003655430482664303,0.9999089964122461,0
790,matched_morphology,normalized_copy,0.0,0.0,0.99998320827022,0
790,matched_morphology,ejar_absolute,0.009804501181321212,7.566136894997809e-05,0.9999359602929059,0
791,random_map,normalized_copy,2.0120509126375192,0.02892815402950793,0.5744544934422299,0
791,random_map,ejar_absolute,1.604262888049214,0.02306520358795294,-0.39282390327714883,0
792,zero_effect,normalized_copy,0.0,0.0,0.0,0
792,zero_effect,ejar_absolute,0.0,0.0,0.0,0
793,same_geometry_diff_limits,normalized_copy,0.5081477811805108,0.03259783350135172,0.9199912222355173,0
793,same_geometry_diff_limits,ejar_absolute,0.00418889808568751,0.0002687190762383073,0.9999939016163789,0
794,same_limits_diff_geometry,normalized_copy,0.09888519722711378,0.004050987852687588,0.995216351131976,0
794,same_limits_diff_geometry,ejar_absolute,0.0025684715102314215,0.00010522148086557773,0.9999971249011006,0
795,matched_morphology,normalized_copy,0.0,0.0,0.999998584919306,0
795,matched_morphology,ejar_absolute,0.00437445565529055,0.00011628752423252629,0.999993458439998,0
796,random_map,normalized_copy,1.6584796792197987,0.01723710679721246,-0.1853858074859408,0
796,random_map,ejar_absolute,0.9810498477177025,0.010196363097107272,0.20818573238322136,0
797,zero_effect,normalized_copy,0.0,0.0,0.0,0
797,zero_effect,ejar_absolute,0.0,0.0,0.0,0
798,same_geometry_diff_limits,normalized_copy,0.3828666018923694,0.03779778254753357,0.9853091751615852,0
798,same_geometry_diff_limits,ejar_absolute,0.6280321844352371,0.062001291893328495,0.9988143486589457,1
799,same_limits_diff_geometry,normalized_copy,0.6473773046816893,0.04967667221088207,0.7732372057059197,0
799,same_limits_diff_geometry,ejar_absolute,0.7106398352275072,0.054531139567751706,0.7832902183730076,1
800,matched_morphology,normalized_copy,0.0,0.0,0.9999997717250686,0
800,matched_morphology,ejar_absolute,0.006287352780338453,0.00041613924570344223,0.999980123394881,0
801,random_map,normalized_copy,0.4318320342549084,0.00977085797032565,0.9901031947167304,0
801,random_map,ejar_absolute,1.1252379619099602,0.02546022396789327,-0.5929300925374652,0
802,zero_effect,normalized_copy,0.0,0.0,0.0,0
802,zero_effect,ejar_absolute,0.0,0.0,0.0,0
803,same_geometry_diff_limits,normalized_copy,0.7969967766992272,0.009003451780968846,0.8211580726072331,0
803,same_geometry_diff_limits,ejar_absolute,0.07107899287548092,0.0008029596903071654,0.9992418712965624,0
804,same_limits_diff_geometry,normalized_copy,1.8193649411382202,0.07155796712648661,-0.33922233207694397,0
804,same_limits_diff_geometry,ejar_absolute,0.927500386446176,0.036479785150524593,0.9069620930867296,1
805,matched_morphology,normalized_copy,0.0,0.0,0.9999998552323601,0
805,matched_morphology,ejar_absolute,0.0007409490921560396,6.158183090473023e-05,0.9999998465007347,0
806,random_map,normalized_copy,2.1682620753107664,0.09009347481311136,-0.6985652158308945,0
806,random_map,ejar_absolute,1.7071429236585356,0.07093350925900774,0.7156156331179054,1
807,zero_effect,normalized_copy,0.0,0.0,0.0,0
807,zero_effect,ejar_absolute,0.0,0.0,0.0,0
808,same_geometry_diff_limits,normalized_copy,0.40649914486791744,0.021571263094866983,0.9956790581289603,0
808,same_geometry_diff_limits,ejar_absolute,0.016223780131478165,0.0008609302972165048,0.9998783476366528,0
809,same_limits_diff_geometry,normalized_copy,0.4601976505668725,0.009294308376925046,0.9122923788327776,0
809,same_limits_diff_geometry,ejar_absolute,0.46262861427719065,0.009343404947385541,0.9629905904876501,1
810,matched_morphology,normalized_copy,0.0,0.0,0.9999987349324091,0
810,matched_morphology,ejar_absolute,0.00466050924757855,0.0001310316620628796,0.9999921214907026,0
811,random_map,normalized_copy,0.4397017815215865,0.014397363797215816,0.9228229874863526,0
811,random_map,ejar_absolute,1.6077398648199568,0.052642988265816516,0.6068955724296801,0
812,zero_effect,normalized_copy,0.0,0.0,0.0,0
812,zero_effect,ejar_absolute,0.0,0.0,0.0,0
813,same_geometry_diff_limits,normalized_copy,0.7429963491520661,0.07550455188024324,0.6731002512656376,0
813,same_geometry_diff_limits,ejar_absolute,0.7658643155548417,0.07782843349503787,0.9997873387259631,1
814,same_limits_diff_geometry,normalized_copy,0.6720533789355096,0.043645562521896525,0.7542450025246881,0
814,same_limits_diff_geometry,ejar_absolute,0.6476417141666077,0.042060181249619744,0.9997042852805984,1
815,matched_morphology,normalized_copy,0.0,0.0,0.9999998210695602,0
815,matched_morphology,ejar_absolute,0.0066017116548815185,0.0004935309620946064,0.9999783120766768,0
816,random_map,normalized_copy,0.5739060769990812,0.04205773521710164,0.9720481374131249,0
816,random_map,ejar_absolute,0.9769860561733378,0.07159676906750094,0.9038728115740343,0
817,zero_effect,normalized_copy,0.0,0.0,0.0,0
817,zero_effect,ejar_absolute,0.0,0.0,0.0,0
818,same_geometry_diff_limits,normalized_copy,1.304210566691956,0.1366890530099028,-0.2601745967789728,0
818,same_geometry_diff_limits,ejar_absolute,0.9619506474609313,0.1008181703183164,0.9806431844116718,1
819,same_limits_diff_geometry,normalized_copy,2.0515254781358343,0.04702623266654582,-0.7048282764739966,0
819,same_limits_diff_geometry,ejar_absolute,0.6924845700697522,0.015873524778100244,0.7245163642869215,1
820,matched_morphology,normalized_copy,0.0,0.0,0.9999998058693655,0
820,matched_morphology,ejar_absolute,0.0031504790533692833,0.00022611507816580658,0.9999953282668164,0
821,random_map,normalized_copy,0.6207565465131468,0.014378617532376098,0.9706809332065564,0
821,random_map,ejar_absolute,0.8354679749708396,0.019351989987269592,0.7181791006341557,0
822,zero_effect,normalized_copy,0.0,0.0,0.0,0
822,zero_effect,ejar_absolute,0.0,0.0,0.0,0
823,same_geometry_diff_limits,normalized_copy,0.5422832370297458,0.03348613319533347,0.8982406615624263,0
823,same_geometry_diff_limits,ejar_absolute,0.18670580045860985,0.011529132518908048,0.9997707898456604,1
824,same_limits_diff_geometry,normalized_copy,1.2227204290779787,0.019240888879161176,0.4582904124385645,0
824,same_limits_diff_geometry,ejar_absolute,0.2152122848719793,0.0033866087129783696,0.9984412507277179,1
825,matched_morphology,normalized_copy,0.0,0.0,0.9999995371194391,0
825,matched_morphology,ejar_absolute,0.0009898116740869657,4.600637437149768e-05,0.9999992836878968,0
826,random_map,normalized_copy,0.6986855695612054,0.02843432501181773,0.8140515131845842,0
826,random_map,ejar_absolute,1.3404461680076523,0.054551981123515024,-0.8943884343981056,0
827,zero_effect,normalized_copy,0.0,0.0,0.0,0
827,zero_effect,ejar_absolute,0.0,0.0,0.0,0
828,same_geometry_diff_limits,normalized_copy,1.5681471885383542,0.036332486597223525,-0.8858190713823062,0
828,same_geometry_diff_limits,ejar_absolute,0.4901710316713608,0.01135679901014047,0.9748529530857473,1
829,same_limits_diff_geometry,normalized_copy,1.8208950242078041,0.09950375306172858,-0.9885725506568819,0
829,same_limits_diff_geometry,ejar_absolute,0.0016443085516025242,8.985409367414148e-05,0.9999989771658999,0
830,matched_morphology,normalized_copy,0.0,0.0,0.9999991084136147,0
830,matched_morphology,ejar_absolute,0.016402966886901734,0.0005493391023057262,0.9998765809222095,0
831,random_map,normalized_copy,0.5581400648956254,0.009984610602329368,0.8578712264256264,0
831,random_map,ejar_absolute,6.234104112406145,0.11152236854452585,-0.8067715195714198,1
832,zero_effect,normalized_copy,0.0,0.0,0.0,0
832,zero_effect,ejar_absolute,0.0,0.0,0.0,0
833,same_geometry_diff_limits,normalized_copy,0.7246556061583147,0.04862574853668123,0.6893108867908667,0
833,same_geometry_diff_limits,ejar_absolute,0.826936660177799,0.055488998845589485,0.7135636138866981,1
834,same_limits_diff_geometry,normalized_copy,0.19423024391982774,0.015446312540844567,0.9971106499473587,0
834,same_limits_diff_geometry,ejar_absolute,0.01529156456617911,0.0012160736698925332,0.9998838440267327,0
835,matched_morphology,normalized_copy,0.0,0.0,0.9999592825951888,0
835,matched_morphology,ejar_absolute,0.0091829561579515,4.5507576914330615e-05,0.999958493029952,0
836,random_map,normalized_copy,0.6635550820346509,0.03641575435477868,0.7487018538602935,0
836,random_map,ejar_absolute,1.3938842120321944,0.07649605351333588,-0.2046820186826432,0
837,zero_effect,normalized_copy,0.0,0.0,0.0,0
837,zero_effect,ejar_absolute,0.0,0.0,0.0,0
838,same_geometry_diff_limits,normalized_copy,1.597432965212236,0.16893265465985924,-0.9206155805203932,0
838,same_geometry_diff_limits,ejar_absolute,0.7342844394456377,0.07765247264350625,0.9995652008187705,1
839,same_limits_diff_geometry,normalized_copy,1.0072910418114243,0.04212316295727492,0.4949254647145218,0
839,same_limits_diff_geometry,ejar_absolute,0.9101727821111351,0.03806184591019242,0.6179557778538552,1
840,matched_morphology,normalized_copy,0.0,0.0,0.9999992184818463,0
840,matched_morphology,ejar_absolute,0.006198578261451058,0.00022172894771518958,0.9999873854869714,0
841,random_map,normalized_copy,0.7733979973722249,0.044084469977270745,0.8273101381898722,0
841,random_map,ejar_absolute,2.026898765764988,0.1155352846657665,-0.7477707962474203,0
842,zero_effect,normalized_copy,0.0,0.0,0.0,0
842,zero_effect,ejar_absolute,0.0,0.0,0.0,0
843,same_geometry_diff_limits,normalized_copy,0.26807619806593724,0.019041573860969184,0.9940568863416064,0
843,same_geometry_diff_limits,ejar_absolute,0.23684004049213928,0.016822855429920524,0.9986798746943322,1
844,same_limits_diff_geometry,normalized_copy,1.333715571994322,0.012753061332662442,-0.42035954290899985,0
844,same_limits_diff_geometry,ejar_absolute,0.07036984729751948,0.0006728803332583245,0.9998428642748749,0
845,matched_morphology,normalized_copy,0.0,0.0,0.9999994025407303,0
845,matched_morphology,ejar_absolute,0.0021596407197534222,8.835420763334718e-05,0.9999979433187679,0
846,random_map,normalized_copy,0.8583499631081544,0.03790296176091419,0.8396823081745025,0
846,random_map,ejar_absolute,1.8482372691933096,0.08161434094510882,-0.8860079056513329,0
847,zero_effect,normalized_copy,0.0,0.0,0.0,0
847,zero_effect,ejar_absolute,0.0,0.0,0.0,0
848,same_geometry_diff_limits,normalized_copy,0.7025110445258008,0.02662012523041746,0.7311900105732534,0
848,same_geometry_diff_limits,ejar_absolute,0.6137194859684555,0.02325556259952537,0.9954546545661875,1
849,same_limits_diff_geometry,normalized_copy,0.19566727737323944,0.010016206407524769,0.9914735588312806,0
849,same_limits_diff_geometry,ejar_absolute,0.003472829545559363,0.00017777411743773953,0.9999947013575896,0
850,matched_morphology,normalized_copy,0.0,0.0,0.9996867721031598,0
850,matched_morphology,ejar_absolute,0.3528521794630103,0.0006303689353651047,0.9847819777393124,0
851,random_map,normalized_copy,1.019163852999078,0.04896578935123017,0.08382912312390686,0
851,random_map,ejar_absolute,0.9541888805354494,0.04584406284435523,0.30236150455490496,0
852,zero_effect,normalized_copy,0.0,0.0,0.0,0
852,zero_effect,ejar_absolute,0.0,0.0,0.0,0
853,same_geometry_diff_limits,normalized_copy,1.0152468426082815,0.08460908893655578,0.19611805930672577,0
853,same_geometry_diff_limits,ejar_absolute,0.6892538160137606,0.05744133837357773,0.9999931891347076,1
854,same_limits_diff_geometry,normalized_copy,1.083292586042296,0.06688431749111606,0.31651622083264846,0
854,same_limits_diff_geometry,ejar_absolute,0.9659773544669721,0.05964107656403249,0.6816571163395345,1
855,matched_morphology,normalized_copy,0.0,0.0,0.9999997972106801,0
855,matched_morphology,ejar_absolute,0.0011600282167477573,8.146029453979439e-05,0.9999992435328028,0
856,random_map,normalized_copy,0.5652087377609555,0.014378803963326765,0.8460469616124408,0
856,random_map,ejar_absolute,0.7691344901819277,0.01956663674303724,0.933967769912265,0
857,zero_effect,normalized_copy,0.0,0.0,0.0,0
857,zero_effect,ejar_absolute,0.0,0.0,0.0,0
858,same_geometry_diff_limits,normalized_copy,0.742071299899544,0.013002878411533771,0.6944466238301444,0
858,same_geometry_diff_limits,ejar_absolute,0.020914097612607672,0.00036646541697610453,0.9999086957901839,0
859,same_limits_diff_geometry,normalized_copy,0.2336322600605337,0.011072967053244658,0.9998297163228519,0
859,same_limits_diff_geometry,ejar_absolute,0.015441574686353262,0.0007318511908753729,0.9998880234186044,0
860,matched_morphology,normalized_copy,0.0,0.0,0.9999982038873946,0
860,matched_morphology,ejar_absolute,0.008138067499610779,0.00019202339141405372,0.9999970765658134,0
861,random_map,normalized_copy,1.9978666720437002,0.1065579966593005,-0.5726515192704964,0
861,random_map,ejar_absolute,1.8393321313447533,0.0981024158667637,0.5656057588454996,1
862,zero_effect,normalized_copy,0.0,0.0,0.0,0
862,zero_effect,ejar_absolute,0.0,0.0,0.0,0
863,same_geometry_diff_limits,normalized_copy,0.20624616704575377,0.01661384092361104,0.9971818128811268,0
863,same_geometry_diff_limits,ejar_absolute,0.11394788472115189,0.009178895576368298,0.9999419155201282,1
864,same_limits_diff_geometry,normalized_copy,0.8746538994543105,0.046737667259336035,0.6437082729231368,0
864,same_limits_diff_geometry,ejar_absolute,0.6150344036049942,0.03286474035806431,0.9996317096669254,1
865,matched_morphology,normalized_copy,0.0,0.0,0.999999794280397,0
865,matched_morphology,ejar_absolute,0.0008421413022205004,5.871473300204788e-05,0.9999996280609299,0
866,random_map,normalized_copy,1.0864280469917729,0.07945223861491979,0.30006454039920294,0
866,random_map,ejar_absolute,0.46594233629418513,0.034075115960550253,0.9022571082425533,0
867,zero_effect,normalized_copy,0.0,0.0,0.0,0
867,zero_effect,ejar_absolute,0.0,0.0,0.0,0
868,same_geometry_diff_limits,normalized_copy,1.3913741161285205,0.026326065149085774,-0.6790834605121663,0
868,same_geometry_diff_limits,ejar_absolute,0.010090730795141504,0.00019092581444158722,0.9999693917495875,0
869,same_limits_diff_geometry,normalized_copy,1.7131871072676617,0.09189564654135327,-0.3266279450484188,0
869,same_limits_diff_geometry,ejar_absolute,0.959008605102432,0.05144138397420268,0.6375154878973938,1
870,matched_morphology,normalized_copy,0.0,0.0,0.9999995740216745,0
870,matched_morphology,ejar_absolute,0.00398989887922858,0.0001933161131388557,0.999993980086677,0
871,random_map,normalized_copy,2.45387541458984,0.1187292417847899,-0.6306619502340518,0
871,random_map,ejar_absolute,1.188924817111006,0.05752539074943395,-0.8466683346763909,0
872,zero_effect,normalized_copy,0.0,0.0,0.0,0
872,zero_effect,ejar_absolute,0.0,0.0,0.0,0
873,same_geometry_diff_limits,normalized_copy,1.436444494481408,0.03555374993940512,-0.7899223296707087,0
873,same_geometry_diff_limits,ejar_absolute,0.008188057077872384,0.00020266438066675945,0.9999689451624858,0
874,same_limits_diff_geometry,normalized_copy,1.812227310844855,0.08615972240681137,-0.519314525862711,0
874,same_limits_diff_geometry,ejar_absolute,0.6743940582883455,0.03206308861322599,0.9994701368468033,1
875,matched_morphology,normalized_copy,0.0,0.0,0.9999962486057945,0
875,matched_morphology,ejar_absolute,0.013968445723729713,0.00022806095836562477,0.9999599608589682,0
876,random_map,normalized_copy,0.5599491125360176,0.015343078900694893,0.8996038382670077,0
876,random_map,ejar_absolute,1.3889220977154773,0.03805763926591898,-0.8284736546045597,0
877,zero_effect,normalized_copy,0.0,0.0,0.0,0
877,zero_effect,ejar_absolute,0.0,0.0,0.0,0
878,same_geometry_diff_limits,normalized_copy,1.1962259204893781,0.15513728783286101,-0.059171626665303866,0
878,same_geometry_diff_limits,ejar_absolute,0.9877123140648648,0.1280953764155646,0.9717426834114826,1
879,same_limits_diff_geometry,normalized_copy,0.21495806181967023,0.015968617716935862,0.9767881922673514,0
879,same_limits_diff_geometry,ejar_absolute,0.4373500837791458,0.03248948300528441,0.9992886776022051,1
880,matched_morphology,normalized_copy,0.0,0.0,0.99999988628658,0
880,matched_morphology,ejar_absolute,0.0033048855419403945,0.00030992066999494065,0.9999945827848409,0
881,random_map,normalized_copy,1.4180421518607065,0.020770532310423532,-0.9846979967323977,0
881,random_map,ejar_absolute,0.8150804874366746,0.011938753426817881,0.5876846007458582,0
882,zero_effect,normalized_copy,0.0,0.0,0.0,0
882,zero_effect,ejar_absolute,0.0,0.0,0.0,0
883,same_geometry_diff_limits,normalized_copy,1.30134624140517,0.03393652958159493,-0.311208362599152,0
883,same_geometry_diff_limits,ejar_absolute,0.03754968399854086,0.0009792213027180617,0.9998756525589014,1
884,same_limits_diff_geometry,normalized_copy,0.19957599483695884,0.02077525047228074,0.9866443306678688,0
884,same_limits_diff_geometry,ejar_absolute,0.3683295885070719,0.038341983282297244,0.9875445513065373,1
885,matched_morphology,normalized_copy,0.0,0.0,0.9999995666030365,0
885,matched_morphology,ejar_absolute,0.003995655920891303,0.00019193097319748572,0.9999952410970027,0
886,random_map,normalized_copy,1.3173202015862167,0.03227872201377554,0.28441487754153244,0
886,random_map,ejar_absolute,1.510407805216702,0.037010009877113295,-0.26390118940675816,0
887,zero_effect,normalized_copy,0.0,0.0,0.0,0
887,zero_effect,ejar_absolute,0.0,0.0,0.0,0
888,same_geometry_diff_limits,normalized_copy,0.6814822983176038,0.06390969309498394,0.7475922532310132,0
888,same_geometry_diff_limits,ejar_absolute,0.873694709789786,0.08193545290790999,0.9936576098008847,1
889,same_limits_diff_geometry,normalized_copy,0.39800309527640115,0.010547028870146698,0.95236448402451,0
889,same_limits_diff_geometry,ejar_absolute,0.03127010283956382,0.0008286535490189971,0.9995215176619232,0
890,matched_morphology,normalized_copy,0.0,0.0,0.9999998836979338,0
890,matched_morphology,ejar_absolute,0.001000531378970865,9.277628491295496e-05,0.9999995874310625,0
891,random_map,normalized_copy,0.051068699037266956,0.001202265411732117,0.9997692808537123,0
891,random_map,ejar_absolute,4.671371102673269,0.10997397638836649,-0.31916971526074606,1
892,zero_effect,normalized_copy,0.0,0.0,0.0,0
892,zero_effect,ejar_absolute,0.0,0.0,0.0,0
893,same_geometry_diff_limits,normalized_copy,0.4156960857789539,0.010997778910890892,0.960427146320325,0
893,same_geometry_diff_limits,ejar_absolute,0.009434330919548027,0.0002495974563507045,0.9999727836819434,0
894,same_limits_diff_geometry,normalized_copy,1.16107322027038,0.025226226945417363,0.38936998294889186,0
894,same_limits_diff_geometry,ejar_absolute,0.5168360135101266,0.01122911315389319,0.9994318443817128,1
895,matched_morphology,normalized_copy,0.0,0.0,0.9999998579247354,0
895,matched_morphology,ejar_absolute,0.008771122941251451,0.0007358612538058753,0.9999615707079059,0
896,random_map,normalized_copy,1.839804803609416,0.13105705699698833,-0.9069070700512083,0
896,random_map,ejar_absolute,0.27030618293625336,0.019255049641252932,0.9912467196177297,0
897,zero_effect,normalized_copy,0.0,0.0,0.0,0
897,zero_effect,ejar_absolute,0.0,0.0,0.0,0
898,same_geometry_diff_limits,normalized_copy,1.113919332564898,0.01836544844263004,0.1090205196357995,0
898,same_geometry_diff_limits,ejar_absolute,0.4356038831181968,0.007181903054322467,0.9989373456295897,1
899,same_limits_diff_geometry,normalized_copy,1.2547553976015704,0.020976103677773614,-0.2730696801665041,0
899,same_limits_diff_geometry,ejar_absolute,0.7888110522608389,0.013186779228863745,0.911129471436783,1
900,matched_morphology,normalized_copy,0.0,0.0,0.9999976584822805,0
900,matched_morphology,ejar_absolute,0.004316846834535557,8.921079878468599e-05,0.9999939871817607,0
901,random_map,normalized_copy,0.22853637071527128,0.012752971386355186,0.9907604132193988,0
901,random_map,ejar_absolute,0.6267272244472164,0.03497313944126212,0.9911072642228772,0
902,zero_effect,normalized_copy,0.0,0.0,0.0,0
902,zero_effect,ejar_absolute,0.0,0.0,0.0,0
903,same_geometry_diff_limits,normalized_copy,0.8658668256361534,0.02358957738552689,0.5153262238219786,0
903,same_geometry_diff_limits,ejar_absolute,0.46713937843371056,0.012726692132237332,0.9998287168078931,1
904,same_limits_diff_geometry,normalized_copy,0.8547934678950784,0.04810841423554918,0.6272873712866734,0
904,same_limits_diff_geometry,ejar_absolute,0.7568796950942093,0.04259775403728027,0.9988858444274108,1
905,matched_morphology,normalized_copy,0.0,0.0,0.9999993313914282,0
905,matched_morphology,ejar_absolute,0.00838468072343769,0.00032426526201890854,0.9999643419808205,0
906,random_map,normalized_copy,0.7235684585262563,0.010527756718583865,0.7410178815550797,0
906,random_map,ejar_absolute,0.945118159896297,0.013751254550218629,0.349887703956637,0
907,zero_effect,normalized_copy,0.0,0.0,0.0,0
907,zero_effect,ejar_absolute,0.0,0.0,0.0,0
908,same_geometry_diff_limits,normalized_copy,0.5636112689343796,0.000573296134581837,0.8256824604246049,0
908,same_geometry_diff_limits,ejar_absolute,0.0131691835866269,1.3395477453966222e-05,0.998974011414138,0
909,same_limits_diff_geometry,normalized_copy,1.2328458138786413,0.09426295915866831,-0.008861606599165418,0
909,same_limits_diff_geometry,ejar_absolute,0.8085257081844897,0.061819592483793165,0.9999823678522737,1
910,matched_morphology,normalized_copy,0.0,0.0,0.9999997868929665,0
910,matched_morphology,ejar_absolute,0.0015554756277133927,0.00010655265582890489,0.9999987324913437,0
911,random_map,normalized_copy,0.6031176543063579,0.02046541353372847,0.9459330126137266,0
911,random_map,ejar_absolute,0.8991624637430258,0.030511014763232022,0.5599262541563622,0
912,zero_effect,normalized_copy,0.0,0.0,0.0,0
912,zero_effect,ejar_absolute,0.0,0.0,0.0,0
913,same_geometry_diff_limits,normalized_copy,1.1537863636578731,0.014996130728790372,0.027834690594836488,0
913,same_geometry_diff_limits,ejar_absolute,0.7258817380780205,0.009434517325503223,0.9982194767561017,1
914,same_limits_diff_geometry,normalized_copy,0.32271840376657496,0.007336863495190948,0.9723868453339487,0
914,same_limits_diff_geometry,ejar_absolute,0.009429197177461891,0.00021436872441373594,0.9999571082137737,0
915,matched_morphology,normalized_copy,0.0,0.0,0.9999996619821067,0
915,matched_morphology,ejar_absolute,0.002818818786479523,0.00015331944781738863,0.999996986107146,0
916,random_map,normalized_copy,0.42868419977198635,0.006664155411114848,0.9547049991752934,0
916,random_map,ejar_absolute,3.216095056196343,0.04999614467435556,-0.9368217705975094,0
917,zero_effect,normalized_copy,0.0,0.0,0.0,0
917,zero_effect,ejar_absolute,0.0,0.0,0.0,0
918,same_geometry_diff_limits,normalized_copy,0.4923874518083594,0.022684360152573017,0.934890021514076,0
918,same_geometry_diff_limits,ejar_absolute,0.46112560473189795,0.0212441223977061,0.9582034544235425,1
919,same_limits_diff_geometry,normalized_copy,0.3033003571137342,0.0154494434737133,0.998920461647897,0
919,same_limits_diff_geometry,ejar_absolute,0.011976375225205277,0.0006100498325242847,0.9999386048913161,0
920,matched_morphology,normalized_copy,0.0,0.0,0.9999980226847477,0
920,matched_morphology,ejar_absolute,0.004842297763071884,0.0001088962998782172,0.9999915065817068,0
921,random_map,normalized_copy,2.210710229027866,0.0759673600935121,-0.11513778289844769,0
921,random_map,ejar_absolute,2.1256153341152824,0.07304321633235236,0.26564306060092546,0
922,zero_effect,normalized_copy,0.0,0.0,0.0,0
922,zero_effect,ejar_absolute,0.0,0.0,0.0,0
923,same_geometry_diff_limits,normalized_copy,0.4808744633204063,0.032816394397305666,0.9245344781198546,0
923,same_geometry_diff_limits,ejar_absolute,0.7240298348470509,0.04941008605800222,0.9979525954472314,1
924,same_limits_diff_geometry,normalized_copy,1.4761816192238215,0.018441743675483242,-0.36150850840675625,0
924,same_limits_diff_geometry,ejar_absolute,0.04127272320099783,0.0005156147266365376,0.9999830413461361,0
925,matched_morphology,normalized_copy,0.0,0.0,0.9999993901185149,0
925,matched_morphology,ejar_absolute,0.0035378887654276066,0.00014325880622051987,0.9999960324514072,0
926,random_map,normalized_copy,1.588619660442192,0.05123140609237498,0.5908880074790632,0
926,random_map,ejar_absolute,0.9241386607876282,0.029802553874535394,0.6866271020391996,0
927,zero_effect,normalized_copy,0.0,0.0,0.0,0
927,zero_effect,ejar_absolute,0.0,0.0,0.0,0
928,same_geometry_diff_limits,normalized_copy,0.32270362598387387,0.0015105786177636413,0.9987171986127208,0
928,same_geometry_diff_limits,ejar_absolute,0.037040460507139245,0.0001733867336123431,0.9992693216266673,0
929,same_limits_diff_geometry,normalized_copy,1.7694389413815543,0.042103698747485284,-0.4511827369285868,0
929,same_limits_diff_geometry,ejar_absolute,0.16587826159869257,0.003947063779242264,0.9998139927898496,1
930,matched_morphology,normalized_copy,0.0,0.0,0.999999677947904,0
930,matched_morphology,ejar_absolute,0.00432829471229793,0.00024118688968380973,0.9999920633755266,0
931,random_map,normalized_copy,1.1037580397864457,0.015231895631627914,0.43852485308697065,0
931,random_map,ejar_absolute,1.408001488503514,0.01943046478394099,-0.5285064723825706,0
932,zero_effect,normalized_copy,0.0,0.0,0.0,0
932,zero_effect,ejar_absolute,0.0,0.0,0.0,0
933,same_geometry_diff_limits,normalized_copy,1.4668301082178345,0.08357424346232849,-0.5746137270335716,0
933,same_geometry_diff_limits,ejar_absolute,0.908235602535635,0.05174771293704269,0.9512611294497638,1
934,same_limits_diff_geometry,normalized_copy,0.3666764020201561,0.017942603512331925,0.9928382265996128,0
934,same_limits_diff_geometry,ejar_absolute,0.009819182725224211,0.0004804827948654089,0.9999601196911788,0
935,matched_morphology,normalized_copy,0.0,0.0,0.9999981866502184,0
935,matched_morphology,ejar_absolute,0.006278510003663076,0.00014744003426362987,0.9999859893792205,0
936,random_map,normalized_copy,1.3690428674002675,0.08970338198318228,0.4879962643928315,0
936,random_map,ejar_absolute,1.3552230046791984,0.08879786729540827,0.5333283309630658,0
937,zero_effect,normalized_copy,0.0,0.0,0.0,0
937,zero_effect,ejar_absolute,0.0,0.0,0.0,0
938,same_geometry_diff_limits,normalized_copy,0.5722379749238272,0.03204920691441182,0.8590287871509613,0
938,same_geometry_diff_limits,ejar_absolute,0.6219329119727133,0.034832460368170164,0.9998553205927355,1
939,same_limits_diff_geometry,normalized_copy,0.4715769812779655,0.02621324125738415,0.9527682059686106,0
939,same_limits_diff_geometry,ejar_absolute,0.6410860587403228,0.03563563149109721,0.9841668580464699,1
940,matched_morphology,normalized_copy,0.0,0.0,0.9999998299906779,0
940,matched_morphology,ejar_absolute,0.0018772018209532973,0.00014397084977309677,0.9999987906436963,0
941,random_map,normalized_copy,0.6585818493768821,0.050741222688652096,0.8020469870102351,0
941,random_map,ejar_absolute,0.5812581027997049,0.04478372257244684,0.9541967085202698,1
942,zero_effect,normalized_copy,0.0,0.0,0.0,0
942,zero_effect,ejar_absolute,0.0,0.0,0.0,0
943,same_geometry_diff_limits,normalized_copy,0.543242110344697,0.013434960760467475,0.8621526586611671,0
943,same_geometry_diff_limits,ejar_absolute,0.008329965868232907,0.0002060090012254974,0.9999761769244885,0
944,same_limits_diff_geometry,normalized_copy,1.9787977387555908,0.009074010089741303,-0.9590504341437309,0
944,same_limits_diff_geometry,ejar_absolute,0.032416465066663895,0.0001486495185069473,0.9999453880917575,0
945,matched_morphology,normalized_copy,0.0,0.0,0.9999993430270325,0
945,matched_morphology,ejar_absolute,0.002083780305194949,8.129766038948654e-05,0.9999977487420195,0
946,random_map,normalized_copy,1.5540241365558296,0.08462294747836095,-0.01953996029509809,0
946,random_map,ejar_absolute,1.0000194304279515,0.05445513344856904,0.09188655248646223,0
947,zero_effect,normalized_copy,0.0,0.0,0.0,0
947,zero_effect,ejar_absolute,0.0,0.0,0.0,0
948,same_geometry_diff_limits,normalized_copy,0.5404942993067638,0.029126534142884804,0.8924048336151252,0
948,same_geometry_diff_limits,ejar_absolute,0.6421834942690939,0.03460643247452612,0.9965229269943935,1
949,same_limits_diff_geometry,normalized_copy,0.7296632458981827,0.04782687349464605,0.748727020926626,0
949,same_limits_diff_geometry,ejar_absolute,0.6971245433384432,0.04569407535830998,0.9993811414185585,1
950,matched_morphology,normalized_copy,0.0,0.0,0.9999986718454086,0
950,matched_morphology,ejar_absolute,0.005337360833952446,0.00014645424956352492,0.9999957913970592,0
951,random_map,normalized_copy,1.3938257913573642,0.07707284216581738,0.15768581882904772,0
951,random_map,ejar_absolute,1.2099889478952766,0.06690741969460785,-0.4411127057524939,0
952,zero_effect,normalized_copy,0.0,0.0,0.0,0
952,zero_effect,ejar_absolute,0.0,0.0,0.0,0
953,same_geometry_diff_limits,normalized_copy,0.4788340334379251,0.04133564923103701,0.9141362973062146,0
953,same_geometry_diff_limits,ejar_absolute,0.3480702608711788,0.030047384284333213,0.9999480960061597,1
954,same_limits_diff_geometry,normalized_copy,2.042207963652082,0.01662211570810197,-0.39705774381998776,0
954,same_limits_diff_geometry,ejar_absolute,0.014707034436486943,0.00011970476683929611,0.9998983938689744,0
955,matched_morphology,normalized_copy,0.0,0.0,0.9999895085921942,0
955,matched_morphology,ejar_absolute,0.03819112577485321,0.00037285789416647647,0.9995815436968118,0
956,random_map,normalized_copy,0.8573921082922026,0.06181255871170893,0.7020304537234607,0
956,random_map,ejar_absolute,1.6909731551269849,0.12190849019989869,-0.8469598250993369,0
957,zero_effect,normalized_copy,0.0,0.0,0.0,0
957,zero_effect,ejar_absolute,0.0,0.0,0.0,0
958,same_geometry_diff_limits,normalized_copy,1.3650245584374878,0.03174645133270052,-0.43910523510949284,0
958,same_geometry_diff_limits,ejar_absolute,0.7712033393930211,0.01793591853737911,0.990367485237765,1
959,same_limits_diff_geometry,normalized_copy,0.5566493298243368,0.014773681901035257,0.8705886150685707,0
959,same_limits_diff_geometry,ejar_absolute,0.5232731408577118,0.013887865333147956,0.9917508135437036,1
960,matched_morphology,normalized_copy,0.0,0.0,0.9999991576107526,0
960,matched_morphology,ejar_absolute,0.0076993375379656535,0.0002652752801125874,0.9999759187601854,0
961,random_map,normalized_copy,1.0623893185679598,0.08442727090286167,0.16360000057919247,0
961,random_map,ejar_absolute,1.0689950152074958,0.08495222058932876,-0.14022643441862281,0
962,zero_effect,normalized_copy,0.0,0.0,0.0,0
962,zero_effect,ejar_absolute,0.0,0.0,0.0,0
963,same_geometry_diff_limits,normalized_copy,0.5846702507604528,0.061286192357754773,0.8292787007723872,0
963,same_geometry_diff_limits,ejar_absolute,0.7728269639974187,0.08100911909439862,0.9996819900321674,1
964,same_limits_diff_geometry,normalized_copy,0.6762737632700045,0.015729537521377464,0.7369999456431123,0
964,same_limits_diff_geometry,ejar_absolute,0.7382936820254288,0.01717206670426214,0.8539794451685857,1
965,matched_morphology,normalized_copy,0.0,0.0,0.9999998828518829,0
965,matched_morphology,ejar_absolute,0.0008246576383993103,7.619140966591988e-05,0.9999997915235256,0
966,random_map,normalized_copy,1.8719812608698392,0.06586831537375132,-0.22397767529244092,0
966,random_map,ejar_absolute,1.1113382261516922,0.03910401150759961,-0.206070745469816,0
967,zero_effect,normalized_copy,0.0,0.0,0.0,0
967,zero_effect,ejar_absolute,0.0,0.0,0.0,0
968,same_geometry_diff_limits,normalized_copy,1.3470596500050853,0.10278039860398132,-0.38745064154858283,0
968,same_geometry_diff_limits,ejar_absolute,0.9106383766797761,0.06948153731638873,0.9970747233067672,1
969,same_limits_diff_geometry,normalized_copy,1.5287037637212082,0.03790119563672092,0.08597547011688599,0
969,same_limits_diff_geometry,ejar_absolute,0.9957347178109309,0.02468727901222712,0.09240505881074196,0
970,matched_morphology,normalized_copy,0.0,0.0,0.9999995390101966,0
970,matched_morphology,ejar_absolute,0.009067736028863318,0.00042233115328438304,0.9999585208253025,0
971,random_map,normalized_copy,2.3175904773586646,0.018375089014105117,-0.6695188310763848,0
971,random_map,ejar_absolute,1.7689587569160639,0.014025245157918833,0.29840855969233304,0
972,zero_effect,normalized_copy,0.0,0.0,0.0,0
972,zero_effect,ejar_absolute,0.0,0.0,0.0,0
973,same_geometry_diff_limits,normalized_copy,0.6128567598156818,0.011661072538723834,0.8044322799841889,0
973,same_geometry_diff_limits,ejar_absolute,0.01824802277563859,0.00034721248296095135,0.9998656553175402,0
974,same_limits_diff_geometry,normalized_copy,0.3502381096936782,0.017975904012462383,0.9869557593069297,0
974,same_limits_diff_geometry,ejar_absolute,0.1608539718631701,0.008255799349661298,0.9996066595416527,1
975,matched_morphology,normalized_copy,0.0,0.0,0.9999980608212544,0
975,matched_morphology,ejar_absolute,0.02168530859240716,0.0004924433573831448,0.9998446256600181,0
976,random_map,normalized_copy,0.34407105707117,0.0169513168305991,0.9958417354610142,0
976,random_map,ejar_absolute,0.31116596769035515,0.015330184846463634,0.9937572028989069,0
977,zero_effect,normalized_copy,0.0,0.0,0.0,0
977,zero_effect,ejar_absolute,0.0,0.0,0.0,0
978,same_geometry_diff_limits,normalized_copy,1.1617852004145655,0.046264424987434064,0.057381750788555404,0
978,same_geometry_diff_limits,ejar_absolute,0.32617425703251374,0.012988859250339938,0.9999300727189604,1
979,same_limits_diff_geometry,normalized_copy,1.8405795519957007,0.1376856205520559,-0.6801962162713224,0
979,same_limits_diff_geometry,ejar_absolute,0.7659862586092971,0.05730004619284992,0.9996911337522065,1
980,matched_morphology,normalized_copy,0.0,0.0,0.9999968754219121,0
980,matched_morphology,ejar_absolute,0.01637115945422337,0.000292875533628362,0.9998709090546832,0
981,random_map,normalized_copy,1.216474965255141,0.04666536134529508,0.1721574756132356,0
981,random_map,ejar_absolute,1.2808825037792757,0.04913610767747247,-0.3108834693972368,0
982,zero_effect,normalized_copy,0.0,0.0,0.0,0
982,zero_effect,ejar_absolute,0.0,0.0,0.0,0
983,same_geometry_diff_limits,normalized_copy,0.9073664214712208,0.07364267630400845,0.42729840755791776,0
983,same_geometry_diff_limits,ejar_absolute,0.6714271631646683,0.05449363351850972,0.999994581409384,1
984,same_limits_diff_geometry,normalized_copy,0.11340273796937198,0.006446135060032156,0.9994979665622644,0
984,same_limits_diff_geometry,ejar_absolute,0.002514698139116227,0.00014294261435145227,0.9999971013206135,0
985,matched_morphology,normalized_copy,0.0,0.0,0.9999957893232047,0
985,matched_morphology,ejar_absolute,0.028915217603640964,0.00044560455883870686,0.9999652035252916,0
986,random_map,normalized_copy,1.7377110458858582,0.09694337179836757,0.4690166887309909,0
986,random_map,ejar_absolute,1.0193492551003633,0.05686742572278873,-0.509466817508137,0
987,zero_effect,normalized_copy,0.0,0.0,0.0,0
987,zero_effect,ejar_absolute,0.0,0.0,0.0,0
988,same_geometry_diff_limits,normalized_copy,0.7896225416847635,0.02778048848972152,0.6137391288745966,0
988,same_geometry_diff_limits,ejar_absolute,0.5554558629174297,0.019542039888327242,0.999833324836431,1
989,same_limits_diff_geometry,normalized_copy,1.1720686204055566,0.06228097219673695,0.32808799734411337,0
989,same_limits_diff_geometry,ejar_absolute,0.8118716652015893,0.04314095243864016,0.9994522892553634,1
990,matched_morphology,normalized_copy,0.0,0.0,0.9999997843777083,0
990,matched_morphology,ejar_absolute,0.0014909047317386995,0.00010153201936233388,0.9999989101529964,0
991,random_map,normalized_copy,0.08032395371301192,0.0029389718236801344,0.9970532159219048,0
991,random_map,ejar_absolute,0.5311130817089015,0.019432887827053352,0.9725457234722084,0
992,zero_effect,normalized_copy,0.0,0.0,0.0,0
992,zero_effect,ejar_absolute,0.0,0.0,0.0,0
993,same_geometry_diff_limits,normalized_copy,1.2412692797109361,0.09676221337107299,-7.934431031832565e-05,0
993,same_geometry_diff_limits,ejar_absolute,0.9945576801379902,0.07752999613247714,0.9803372867760756,1
994,same_limits_diff_geometry,normalized_copy,1.5474956091725833,0.12189036432675819,-0.36625133326052245,0
994,same_limits_diff_geometry,ejar_absolute,0.9180234754939902,0.07230922997468736,0.9963719709951427,1
995,matched_morphology,normalized_copy,0.0,0.0,0.999999731991699,0
995,matched_morphology,ejar_absolute,0.0037609291541414146,0.0002297317276692447,0.9999961264174093,0
996,random_map,normalized_copy,0.2334744561648678,0.008463814652497716,0.9725247285179637,0
996,random_map,ejar_absolute,2.0745102727516396,0.07520424603055334,-0.9494786843874922,0
997,zero_effect,normalized_copy,0.0,0.0,0.0,0
997,zero_effect,ejar_absolute,0.0,0.0,0.0,0
998,same_geometry_diff_limits,normalized_copy,1.080550659038563,0.026701654050945458,0.165572462446447,0
998,same_geometry_diff_limits,ejar_absolute,0.002956169947491516,7.30503716724891e-05,0.9999978512300484,0
999,same_limits_diff_geometry,normalized_copy,1.632752242911128,0.03970899829044844,-0.7867112110513075,0
999,same_limits_diff_geometry,ejar_absolute,0.4251901513699538,0.010340745246052625,0.9995094098473262,1
1000,matched_morphology,normalized_copy,0.0,0.0,0.9999916386645272,0
1000,matched_morphology,ejar_absolute,0.03801707532238754,0.0004157565529462027,0.9998184830173676,0
1001,random_map,normalized_copy,1.0257309903801781,0.030938664950461544,0.4095759906888822,0
1001,random_map,ejar_absolute,2.287210746378439,0.06898811444418758,-0.9302016582090902,0
1002,zero_effect,normalized_copy,0.0,0.0,0.0,0
1002,zero_effect,ejar_absolute,0.0,0.0,0.0,0
1003,same_geometry_diff_limits,normalized_copy,0.7048004073435699,0.03269954225644154,0.7196631808708195,0
1003,same_geometry_diff_limits,ejar_absolute,0.7714653847895728,0.03579249484884498,0.7382201707037932,1
1004,same_limits_diff_geometry,normalized_copy,0.4401134334322619,0.01076210358587581,0.9998197186200435,0
1004,same_limits_diff_geometry,ejar_absolute,0.2154053819750982,0.005267312600963703,0.9996519586422682,1
1005,matched_morphology,normalized_copy,0.0,0.0,0.9999973732440774,0
1005,matched_morphology,ejar_absolute,0.006845981591629941,0.0001335750418135124,0.9999760700248795,0
1006,random_map,normalized_copy,2.356984238562007,0.022437076605370938,-0.5315908380991833,0
1006,random_map,ejar_absolute,0.6989054875143363,0.006653161148349675,0.9119029384027333,0
1007,zero_effect,normalized_copy,0.0,0.0,0.0,0
1007,zero_effect,ejar_absolute,0.0,0.0,0.0,0
1008,same_geometry_diff_limits,normalized_copy,0.7603994188225085,0.06335071796422846,0.656842445725805,0
1008,same_geometry_diff_limits,ejar_absolute,0.6886684245211502,0.05737463503097765,0.9997994312108771,1
1009,same_limits_diff_geometry,normalized_copy,1.940762198535407,0.02363836761538767,-0.05638464625408656,0
1009,same_limits_diff_geometry,ejar_absolute,0.7277385272949345,0.008863811779238265,0.9981079438027725,1
1010,matched_morphology,normalized_copy,0.0,0.0,0.9999998743810491,0
1010,matched_morphology,ejar_absolute,0.00426510084094054,0.00038054121511697076,0.9999910647783844,0
1011,random_map,normalized_copy,0.9252057435745418,0.011215896034706503,0.7954951665494229,0
1011,random_map,ejar_absolute,0.8130808053425328,0.009856650635678367,0.8636079955620768,0
1012,zero_effect,normalized_copy,0.0,0.0,0.0,0
1012,zero_effect,ejar_absolute,0.0,0.0,0.0,0
1013,same_geometry_diff_limits,normalized_copy,1.5118767112022602,0.07590060314731004,-0.7729331238758707,0
1013,same_geometry_diff_limits,ejar_absolute,0.8389873266390904,0.042119601190375805,0.9762727238686725,1
1014,same_limits_diff_geometry,normalized_copy,1.6727129255173447,0.05240634162463251,-0.47815728799519125,0
1014,same_limits_diff_geometry,ejar_absolute,0.5230209642001228,0.016386323623486646,0.9996615145509598,1
1015,matched_morphology,normalized_copy,0.0,0.0,0.9999943159966804,0
1015,matched_morphology,ejar_absolute,0.029837633446266023,0.00039576374901708115,0.9995519471203127,0
1016,random_map,normalized_copy,0.6794872455847161,0.007088722150707307,0.9932239353890149,0
1016,random_map,ejar_absolute,1.036931123503327,0.010817740394244695,-0.6055758241253326,0
1017,zero_effect,normalized_copy,0.0,0.0,0.0,0
1017,zero_effect,ejar_absolute,0.0,0.0,0.0,0
1018,same_geometry_diff_limits,normalized_copy,0.9535113613711979,0.04816945018428165,0.384054232656333,0
1018,same_geometry_diff_limits,ejar_absolute,0.9053984034277188,0.045738881630233104,0.9716835092475024,1
1019,same_limits_diff_geometry,normalized_copy,0.6831001840593965,0.01756938183708112,0.762178715704366,0
1019,same_limits_diff_geometry,ejar_absolute,0.006494034954011797,0.00016702700779899654,0.9999809185347448,0
1020,matched_morphology,normalized_copy,0.0,0.0,0.9999997078327046,0
1020,matched_morphology,ejar_absolute,0.011771990212020305,0.0006887062689951075,0.9999306458222231,0
1021,random_map,normalized_copy,2.086839770100226,0.12942550897669808,-0.8562903898663795,0
1021,random_map,ejar_absolute,0.4164034510309516,0.0258252834556369,0.9413152976776963,0
1022,zero_effect,normalized_copy,0.0,0.0,0.0,0
1022,zero_effect,ejar_absolute,0.0,0.0,0.0,0
1023,same_geometry_diff_limits,normalized_copy,0.6222661285496034,0.02758612026218946,0.7829862468230664,0
1023,same_geometry_diff_limits,ejar_absolute,0.552149089733041,0.024477712176840635,0.9986915948997247,1
1024,same_limits_diff_geometry,normalized_copy,1.9137457863983918,0.1117972523495582,-0.9577100930499581,0
1024,same_limits_diff_geometry,ejar_absolute,0.020688845350604192,0.0012086015190321542,0.9997956366036649,0
1025,matched_morphology,normalized_copy,0.0,0.0,0.9999998187936588,0
1025,matched_morphology,ejar_absolute,0.001496966392701187,0.00011120525787439018,0.9999988633956135,0
1026,random_map,normalized_copy,1.5396238403812463,0.03837654888612713,0.13211883893588974,0
1026,random_map,ejar_absolute,5.979599214985305,0.14904704355351328,-0.28737809033441236,1
1027,zero_effect,normalized_copy,0.0,0.0,0.0,0
1027,zero_effect,ejar_absolute,0.0,0.0,0.0,0
1028,same_geometry_diff_limits,normalized_copy,0.9617899340948086,0.06910118631255031,0.38580970098962836,0
1028,same_geometry_diff_limits,ejar_absolute,0.7121929067012103,0.051168527546250946,0.9998204796225933,1
1029,same_limits_diff_geometry,normalized_copy,1.1579048052093313,0.04820974203196297,0.38431493310258164,0
1029,same_limits_diff_geometry,ejar_absolute,0.8298993459288039,0.03455312837439117,0.9947796096578794,1
1030,matched_morphology,normalized_copy,0.0,0.0,0.9999997923086188,0
1030,matched_morphology,ejar_absolute,0.00263225944332502,0.00018264989056832775,0.9999974557212925,0
1031,random_map,normalized_copy,1.1230260473042666,0.09563381517670654,0.3925549327643505,0
1031,random_map,ejar_absolute,0.8304213499115848,0.07071640242616653,0.5682275663971875,1
1032,zero_effect,normalized_copy,0.0,0.0,0.0,0
1032,zero_effect,ejar_absolute,0.0,0.0,0.0,0
1033,same_geometry_diff_limits,normalized_copy,0.4440826819863425,0.0076363006297509705,0.9681745200725725,0
1033,same_geometry_diff_limits,ejar_absolute,0.04652510625226849,0.0008000305181555247,0.998919457173872,0
1034,same_limits_diff_geometry,normalized_copy,0.28634811946390404,0.02248209777352617,0.9749868020802356,0
1034,same_limits_diff_geometry,ejar_absolute,0.04068879253508518,0.003194605970429008,0.999960876656979,1
1035,matched_morphology,normalized_copy,0.0,0.0,0.9999998817708496,0
1035,matched_morphology,ejar_absolute,0.0011280017487564724,0.00010374029233918184,0.999999634257966,0
1036,random_map,normalized_copy,2.1194977001159363,0.1970755169402778,-0.9902385156594095,0
1036,random_map,ejar_absolute,0.17385055963196466,0.016165004051644838,0.9848425410017915,0
1037,zero_effect,normalized_copy,0.0,0.0,0.0,0
1037,zero_effect,ejar_absolute,0.0,0.0,0.0,0
1038,same_geometry_diff_limits,normalized_copy,1.278687791552734,0.016416743652949106,-0.5280243063095036,0
1038,same_geometry_diff_limits,ejar_absolute,0.10924858270911715,0.0014026144525910405,0.9981362559614415,1
1039,same_limits_diff_geometry,normalized_copy,1.650469700070116,0.0770153811913653,-0.5375433851263918,0
1039,same_limits_diff_geometry,ejar_absolute,0.7204306066953827,0.03361724107641259,0.999621335224943,1
1040,matched_morphology,normalized_copy,0.0,0.0,0.9999998221859374,0
1040,matched_morphology,ejar_absolute,0.0013111093996516167,9.832316409375753e-05,0.9999990894925338,0
1041,random_map,normalized_copy,0.8571156666658196,0.05599150844669642,0.8802915086590342,0
1041,random_map,ejar_absolute,0.950921074449701,0.06211939349949037,0.9997318196827152,0
1042,zero_effect,normalized_copy,0.0,0.0,0.0,0
1042,zero_effect,ejar_absolute,0.0,0.0,0.0,0
1043,same_geometry_diff_limits,normalized_copy,1.5022038044936918,0.12009045428269817,-0.6881852914557842,0
1043,same_geometry_diff_limits,ejar_absolute,0.7926497235590494,0.06336667841241717,0.6975476008643624,1
1044,same_limits_diff_geometry,normalized_copy,0.7469201762337143,0.022642290662865605,0.665706318371518,0
1044,same_limits_diff_geometry,ejar_absolute,0.48340960499925445,0.014654177426034984,0.9998925871075588,1
1045,matched_morphology,normalized_copy,0.0,0.0,0.9999997218848709,0
1045,matched_morphology,ejar_absolute,0.002187459792824074,0.00013116794619494055,0.9999980913565266,0
1046,random_map,normalized_copy,1.1686967072006846,0.004811658847933452,0.4401040202253348,0
1046,random_map,ejar_absolute,0.9559781752134077,0.0039358721701326736,0.3232549304172185,0
1047,zero_effect,normalized_copy,0.0,0.0,0.0,0
1047,zero_effect,ejar_absolute,0.0,0.0,0.0,0
1048,same_geometry_diff_limits,normalized_copy,1.641945393188802,0.1259947461507493,-0.7621660381104192,0
1048,same_geometry_diff_limits,ejar_absolute,0.6173749335280874,0.04737429049247482,0.9996978424211376,1
1049,same_limits_diff_geometry,normalized_copy,0.35395456605562253,0.012079760305272613,0.9828946632877635,0
1049,same_limits_diff_geometry,ejar_absolute,0.002719233672017758,9.280199811531438e-05,0.9999963500746016,0
1050,matched_morphology,normalized_copy,0.0,0.0,0.999999772429123,0
1050,matched_morphology,ejar_absolute,0.0016044452966386586,0.00010635711048664988,0.9999986235144297,0
1051,random_map,normalized_copy,0.24818113457947644,0.007695498755832866,0.9701714742617129,0
1051,random_map,ejar_absolute,1.095245452335842,0.0339609214457958,0.06789528958791444,0
1052,zero_effect,normalized_copy,0.0,0.0,0.0,0
1052,zero_effect,ejar_absolute,0.0,0.0,0.0,0
1053,same_geometry_diff_limits,normalized_copy,0.7165851601132547,0.03944867002104787,0.6980049224176759,0
1053,same_geometry_diff_limits,ejar_absolute,0.6404980142422357,0.0352600028850514,0.9997093936313644,1
1054,same_limits_diff_geometry,normalized_copy,0.8421647036208926,0.07130799387088564,0.621719804224862,0
1054,same_limits_diff_geometry,ejar_absolute,0.7828706085678184,0.06628742847738792,0.6221853715449134,0
1055,matched_morphology,normalized_copy,0.0,0.0,0.9999998234231382,0
1055,matched_morphology,ejar_absolute,0.0015257273661909772,0.00011481800767252655,0.999999254865318,0
1056,random_map,normalized_copy,0.3308666650890025,0.013643672550315197,0.975422779466551,0
1056,random_map,ejar_absolute,2.772276238637284,0.1143180417066554,-0.9695239738743123,1
1057,zero_effect,normalized_copy,0.0,0.0,0.0,0
1057,zero_effect,ejar_absolute,0.0,0.0,0.0,0
1058,same_geometry_diff_limits,normalized_copy,0.4190511795988691,0.018442550395044707,0.9859390254105737,0
1058,same_geometry_diff_limits,ejar_absolute,0.20796125465316995,0.00915242840463815,0.9999084612056162,1
1059,same_limits_diff_geometry,normalized_copy,0.7319837048387627,0.0025543342571158973,0.8775490855956861,0
1059,same_limits_diff_geometry,ejar_absolute,0.020927547595837134,7.302888218426283e-05,0.9997135400614142,0
1060,matched_morphology,normalized_copy,0.0,0.0,0.9999997758089435,0
1060,matched_morphology,ejar_absolute,0.0031229539706508413,0.00020857218898446503,0.9999952592109409,0
1061,random_map,normalized_copy,0.44283379725614186,0.010400829151441731,0.9979640881147356,0
1061,random_map,ejar_absolute,0.15802868588495964,0.00371161680318997,0.9929816548697051,0
1062,zero_effect,normalized_copy,0.0,0.0,0.0,0
1062,zero_effect,ejar_absolute,0.0,0.0,0.0,0
1063,same_geometry_diff_limits,normalized_copy,1.171281763190668,0.04963965438714742,0.006158060295571249,0
1063,same_geometry_diff_limits,ejar_absolute,0.7648953910418643,0.03241674552347596,0.9999824509106919,1
1064,same_limits_diff_geometry,normalized_copy,1.9107283373564465,0.03545746973504466,-0.30144618175098775,0
1064,same_limits_diff_geometry,ejar_absolute,0.02715235441611035,0.0005038674342771509,0.999820241052719,0
1065,matched_morphology,normalized_copy,0.0,0.0,0.9999989409473667,0
1065,matched_morphology,ejar_absolute,0.006841190296560089,0.00021021934713535476,0.9999973152161631,0
1066,random_map,normalized_copy,0.34973197099682274,0.023094576355219068,0.9395368443431352,0
1066,random_map,ejar_absolute,0.7935502594218128,0.05240214958239391,0.954786227378356,0
1067,zero_effect,normalized_copy,0.0,0.0,0.0,0
1067,zero_effect,ejar_absolute,0.0,0.0,0.0,0
1068,same_geometry_diff_limits,normalized_copy,0.8266766599368333,0.02697408618155729,0.5635417067273994,0
1068,same_geometry_diff_limits,ejar_absolute,0.6671373512281624,0.021768390568011615,0.9942230956170133,1
1069,same_limits_diff_geometry,normalized_copy,0.9283591279159877,0.08586740887891921,0.5121621058196767,0
1069,same_limits_diff_geometry,ejar_absolute,0.8940085246859618,0.08269019307514776,0.524291273339197,1
1070,matched_morphology,normalized_copy,0.0,0.0,0.9998179809323846,0
1070,matched_morphology,ejar_absolute,0.006682661555999501,1.56621608869694e-05,0.9998075285949355,0
1071,random_map,normalized_copy,0.26071230592253586,0.011817707761654231,0.997113973148598,0
1071,random_map,ejar_absolute,1.1673252217834909,0.05291314610191196,-0.9911981667586867,0
1072,zero_effect,normalized_copy,0.0,0.0,0.0,0
1072,zero_effect,ejar_absolute,0.0,0.0,0.0,0
1073,same_geometry_diff_limits,normalized_copy,0.44101724138605247,0.010460399761569967,0.9776932826663189,0
1073,same_geometry_diff_limits,ejar_absolute,0.1482873605619786,0.0035171982532731364,0.9952562482015774,1
1074,same_limits_diff_geometry,normalized_copy,0.9981377144770515,0.008429469899264469,0.31224726576926626,0
1074,same_limits_diff_geometry,ejar_absolute,0.5564233621866376,0.004699105058120345,0.9159697640377066,1
1075,matched_morphology,normalized_copy,0.0,0.0,0.9999999341358315,0
1075,matched_morphology,ejar_absolute,0.00043939523759202394,5.414155539923463e-05,0.9999999270092415,0
1076,random_map,normalized_copy,0.639165831364062,0.05129422355189429,0.9704884256937112,0
1076,random_map,ejar_absolute,0.9008111907618115,0.07229174078090819,0.4903836942485985,0
1077,zero_effect,normalized_copy,0.0,0.0,0.0,0
1077,zero_effect,ejar_absolute,0.0,0.0,0.0,0
1078,same_geometry_diff_limits,normalized_copy,1.4167489238367805,0.029212257848177013,-0.5082558729916549,0
1078,same_geometry_diff_limits,ejar_absolute,0.014614737646039246,0.00030134449182665714,0.9999889727791212,0
1079,same_limits_diff_geometry,normalized_copy,0.6452130504569931,0.027220321232328343,0.8023628616647407,0
1079,same_limits_diff_geometry,ejar_absolute,0.5892039405901239,0.02485740256316455,0.9988501222961021,1
1080,matched_morphology,normalized_copy,0.0,0.0,0.9999838357312547,0
1080,matched_morphology,ejar_absolute,0.008776794584403986,6.903263455179562e-05,0.9999708342336279,0
1081,random_map,normalized_copy,2.032959299990194,0.06744825049065344,-0.6421000498554156,0
1081,random_map,ejar_absolute,3.3843447533509616,0.1122836707413894,0.4341010181881259,1
1082,zero_effect,normalized_copy,0.0,0.0,0.0,0
1082,zero_effect,ejar_absolute,0.0,0.0,0.0,0
1083,same_geometry_diff_limits,normalized_copy,0.4250119491707336,0.06077905691118489,0.9868886461977613,0
1083,same_geometry_diff_limits,ejar_absolute,0.5744458573967655,0.08214893140589519,0.9997239531170771,1
1084,same_limits_diff_geometry,normalized_copy,0.14764798954029557,0.012440802263440291,0.9998101528305118,0
1084,same_limits_diff_geometry,ejar_absolute,0.007821488943178502,0.0006590377400378488,0.9999708049960653,0
1085,matched_morphology,normalized_copy,0.0,0.0,0.9999997998194715,0
1085,matched_morphology,ejar_absolute,0.003116455480420756,0.00022026727249632505,0.9999951036772852,0
1086,random_map,normalized_copy,0.4961424491641014,0.003117829639012707,0.8787548731216779,0
1086,random_map,ejar_absolute,1.747331406766552,0.010980478808803986,-0.898496447814712,0
1087,zero_effect,normalized_copy,0.0,0.0,0.0,0
1087,zero_effect,ejar_absolute,0.0,0.0,0.0,0
1088,same_geometry_diff_limits,normalized_copy,0.6028510456010406,0.04770127310361498,0.8282109045486628,0
1088,same_geometry_diff_limits,ejar_absolute,0.7416111879586839,0.05868082683383912,0.8410757520460199,1
1089,same_limits_diff_geometry,normalized_copy,0.4294284927109965,0.029643452177474397,0.903273297099003,0
1089,same_limits_diff_geometry,ejar_absolute,0.6758415264973934,0.04665334580805228,0.9985564972345919,1
1090,matched_morphology,normalized_copy,0.0,0.0,0.999999844484728,0
1090,matched_morphology,ejar_absolute,0.009112753316938223,0.0007307403075205773,0.9999589924768274,0
1091,random_map,normalized_copy,0.42809991688556315,0.00529894007661063,0.9082556302546239,0
1091,random_map,ejar_absolute,1.0995562829005856,0.013610100409125813,-0.34948754036641644,0
1092,zero_effect,normalized_copy,0.0,0.0,0.0,0
1092,zero_effect,ejar_absolute,0.0,0.0,0.0,0
1093,same_geometry_diff_limits,normalized_copy,1.1922207441305162,0.07372217311873813,0.04902013539739095,0
1093,same_geometry_diff_limits,ejar_absolute,0.8890470146615123,0.05497511953910289,0.9999759228380793,1
1094,same_limits_diff_geometry,normalized_copy,0.4462213322749686,0.005369087411128104,0.8995377030085667,0
1094,same_limits_diff_geometry,ejar_absolute,0.01104317689819285,0.00013287527461016007,0.9999348280575737,0
1095,matched_morphology,normalized_copy,0.0,0.0,0.9999935057795444,0
1095,matched_morphology,ejar_absolute,0.09124654213307283,0.0011322739784576342,0.9961305950098862,0
1096,random_map,normalized_copy,1.3376086963421,0.04850909046874263,-0.2637742197929737,0
1096,random_map,ejar_absolute,1.1760804717388693,0.04265118353231113,-0.37766569702371433,0
1097,zero_effect,normalized_copy,0.0,0.0,0.0,0
1097,zero_effect,ejar_absolute,0.0,0.0,0.0,0
1098,same_geometry_diff_limits,normalized_copy,0.3942360158069261,0.003230647841409114,0.9737282938424028,0
1098,same_geometry_diff_limits,ejar_absolute,0.01974023096600159,0.00016176536897243566,0.9999374717420042,0
1099,same_limits_diff_geometry,normalized_copy,1.1063757380030863,0.01996353750635789,0.41432817737476707,0
1099,same_limits_diff_geometry,ejar_absolute,0.8634984071109257,0.015581038380463087,0.5269493991051496,1
1100,matched_morphology,normalized_copy,0.0,0.0,0.9999999091256446,0
1100,matched_morphology,ejar_absolute,0.001095777913961171,0.00011494811532965641,0.9999995722299565,0
1101,random_map,normalized_copy,0.7196011802251319,0.04242682708673921,0.7001801136424405,0
1101,random_map,ejar_absolute,1.1925402545753996,0.07031075068417376,-0.9089255262759356,0
1102,zero_effect,normalized_copy,0.0,0.0,0.0,0
1102,zero_effect,ejar_absolute,0.0,0.0,0.0,0
1103,same_geometry_diff_limits,normalized_copy,1.4660632957947723,0.013027303333400943,-0.24936028025361973,0
1103,same_geometry_diff_limits,ejar_absolute,0.08040685108852268,0.0007144878684422213,0.9985633903346413,0
1104,same_limits_diff_geometry,normalized_copy,1.5544422494185914,0.05211984542195777,-0.10697687758166291,0
1104,same_limits_diff_geometry,ejar_absolute,0.7892499856137499,0.026463245749307827,0.9998986417011656,1
1105,matched_morphology,normalized_copy,0.0,0.0,0.9999969375556294,0
1105,matched_morphology,ejar_absolute,0.013736941976509464,0.00024823060091367754,0.999974729433543,0
1106,random_map,normalized_copy,0.30536721073827666,0.007325544135817101,0.9600357498004787,0
1106,random_map,ejar_absolute,1.9262304985053678,0.04620891188167547,-0.9471399019165057,0
1107,zero_effect,normalized_copy,0.0,0.0,0.0,0
1107,zero_effect,ejar_absolute,0.0,0.0,0.0,0
1108,same_geometry_diff_limits,normalized_copy,0.4562672379856351,0.05442874730483344,0.9794542822546768,0
1108,same_geometry_diff_limits,ejar_absolute,0.5567611626173424,0.06641680599955477,0.9999267078692267,1
1109,same_limits_diff_geometry,normalized_copy,0.3937841876643471,0.014700323843028688,0.9713723992262095,0
1109,same_limits_diff_geometry,ejar_absolute,0.0021112647013111874,7.881544206159014e-05,0.9999981969428992,0
1110,matched_morphology,normalized_copy,0.0,0.0,0.9999997011153597,0
1110,matched_morphology,ejar_absolute,0.0005340085497975294,3.088846697693278e-05,0.9999996885837753,0
1111,random_map,normalized_copy,0.1452916993589889,0.004319542026494736,0.9912464507030349,0
1111,random_map,ejar_absolute,2.206595445744095,0.06560238338057411,-0.94068534227807,0
1112,zero_effect,normalized_copy,0.0,0.0,0.0,0
1112,zero_effect,ejar_absolute,0.0,0.0,0.0,0
1113,same_geometry_diff_limits,normalized_copy,0.7003796188099225,0.05288762833395981,0.7327337439857314,0
1113,same_geometry_diff_limits,ejar_absolute,0.7084308393573739,0.05349559856683421,0.9998765754502514,1
1114,same_limits_diff_geometry,normalized_copy,0.4544121572540659,0.010266713901814392,0.985187003263453,0
1114,same_limits_diff_geometry,ejar_absolute,0.02041343571703338,0.0004612088407280081,0.9998327901700158,0
1115,matched_morphology,normalized_copy,0.0,0.0,0.9999998838251566,0
1115,matched_morphology,ejar_absolute,0.0005176262753549426,4.802421172976124e-05,0.9999998392283229,0
1116,random_map,normalized_copy,1.030690050304721,0.0674726695721949,0.6631452473681931,0
1116,random_map,ejar_absolute,1.331620095337691,0.08717263027992884,-0.8058789732342937,0
1117,zero_effect,normalized_copy,0.0,0.0,0.0,0
1117,zero_effect,ejar_absolute,0.0,0.0,0.0,0
1118,same_geometry_diff_limits,normalized_copy,1.3126682977678195,0.0029991235893357684,-0.9149530281407678,0
1118,same_geometry_diff_limits,ejar_absolute,0.03608688651662508,8.244964306804365e-05,0.9991855627926546,0
1119,same_limits_diff_geometry,normalized_copy,0.3516152133180176,0.012553128320031484,0.9363521997170576,0
1119,same_limits_diff_geometry,ejar_absolute,0.10720578633879038,0.003827388410931859,0.9995456570856691,1
1120,matched_morphology,normalized_copy,0.0,0.0,0.9999997466439136,0
1120,matched_morphology,ejar_absolute,0.0006741626458536085,4.235444217006061e-05,0.9999997410668542,0
1121,random_map,normalized_copy,1.0111603201755375,0.005338308179497756,0.1704121168588352,0
1121,random_map,ejar_absolute,0.9081061762229217,0.004794245315660413,0.4863239237106268,0
1122,zero_effect,normalized_copy,0.0,0.0,0.0,0
1122,zero_effect,ejar_absolute,0.0,0.0,0.0,0
1123,same_geometry_diff_limits,normalized_copy,0.4236735528415535,0.005993540889163433,0.9945150761925022,0
1123,same_geometry_diff_limits,ejar_absolute,0.011325276104893978,0.0001602141671588668,0.9999757034124495,0
1124,same_limits_diff_geometry,normalized_copy,0.7156563178792162,0.02810772486747555,0.7779835883851869,0
1124,same_limits_diff_geometry,ejar_absolute,0.5972115127718295,0.02345575169157176,0.9992400637976592,1
1125,matched_morphology,normalized_copy,0.0,0.0,0.9999959997788067,0
1125,matched_morphology,ejar_absolute,0.0031288398481118915,4.946983817144808e-05,0.9999919838831548,0
1126,random_map,normalized_copy,1.0258690188543749,0.04565655407334216,0.393822895674523,0
1126,random_map,ejar_absolute,1.1224092362671025,0.04995310029468984,-0.4124550069564788,0
1127,zero_effect,normalized_copy,0.0,0.0,0.0,0
1127,zero_effect,ejar_absolute,0.0,0.0,0.0,0
1128,same_geometry_diff_limits,normalized_copy,0.8911897423003308,0.0622207433216756,0.4736895432307205,0
1128,same_geometry_diff_limits,ejar_absolute,0.873520196279721,0.06098709774052124,0.9987323409925896,1
1129,same_limits_diff_geometry,normalized_copy,1.1541489230837285,0.0223347380608723,0.5134812152396311,0
1129,same_limits_diff_geometry,ejar_absolute,0.0673833737587611,0.0013039825038684413,0.9994035217834015,1
1130,matched_morphology,normalized_copy,0.0,0.0,0.9999998034333548,0
1130,matched_morphology,ejar_absolute,0.001722234109321631,0.00012283927289477963,0.9999984906691917,0
1131,random_map,normalized_copy,1.3647045071621167,0.08468199470340002,0.36774803813440576,0
1131,random_map,ejar_absolute,1.0271981239009178,0.0637392092068373,-0.36792523252667875,0
1132,zero_effect,normalized_copy,0.0,0.0,0.0,0
1132,zero_effect,ejar_absolute,0.0,0.0,0.0,0
1133,same_geometry_diff_limits,normalized_copy,1.5437123615257022,0.12515985888702721,-0.9768583152689497,0
1133,same_geometry_diff_limits,ejar_absolute,0.412844396652486,0.0334722631723026,0.9999733274309849,1
1134,same_limits_diff_geometry,normalized_copy,1.065345676857671,0.041159832705836334,0.3974810726291733,0
1134,same_limits_diff_geometry,ejar_absolute,0.5982906472018065,0.02311507286623443,0.9997003790655529,1
1135,matched_morphology,normalized_copy,0.0,0.0,0.9999976835412638,0
1135,matched_morphology,ejar_absolute,0.004447125081118665,9.239885263692396e-05,0.9999935107343992,0
1136,random_map,normalized_copy,1.1043220736426766,0.08116195380800534,0.7476700008256755,0
1136,random_map,ejar_absolute,0.8000325686021574,0.058798250915699936,0.8195543881625312,0
1137,zero_effect,normalized_copy,0.0,0.0,0.0,0
1137,zero_effect,ejar_absolute,0.0,0.0,0.0,0
1138,same_geometry_diff_limits,normalized_copy,0.45865742743422294,0.018009415245781136,0.9808484699667157,0
1138,same_geometry_diff_limits,ejar_absolute,0.0033310452805043974,0.00013079517319646266,0.9999953586907627,0
1139,same_limits_diff_geometry,normalized_copy,1.2327642171134425,0.048681409346049684,0.27444411678648756,0
1139,same_limits_diff_geometry,ejar_absolute,0.9571923828350268,0.03779917811114127,0.4692910120660373,1
1140,matched_morphology,normalized_copy,0.0,0.0,0.9999999489363226,0
1140,matched_morphology,ejar_absolute,0.003991746450942219,0.0005586076715754264,0.9999920874875,0
1141,random_map,normalized_copy,0.5901044759230052,0.041260443102101176,0.8231216302050016,0
1141,random_map,ejar_absolute,1.4479555082759326,0.10124187885568284,-0.39074379099501927,1
1142,zero_effect,normalized_copy,0.0,0.0,0.0,0
1142,zero_effect,ejar_absolute,0.0,0.0,0.0,0
1143,same_geometry_diff_limits,normalized_copy,1.275843999066248,0.03855212530273573,-0.4070537917548226,0
1143,same_geometry_diff_limits,ejar_absolute,0.15488466407866933,0.004680143482591199,0.9999971705272376,1
1144,same_limits_diff_geometry,normalized_copy,1.4087763576271874,0.04520465208937635,-0.15501922149167877,0
1144,same_limits_diff_geometry,ejar_absolute,0.9752059497340931,0.03129229521389064,0.29338101271160844,1
1145,matched_morphology,normalized_copy,0.0,0.0,0.9999992268653545,0
1145,matched_morphology,ejar_absolute,0.0037009353619407814,0.0001331017533933918,0.9999941729364705,0
1146,random_map,normalized_copy,0.37307671242049983,0.007013687318112273,0.9790440602079346,0
1146,random_map,ejar_absolute,1.1244867408832375,0.02113988392025082,-0.023354303813608826,0
1147,zero_effect,normalized_copy,0.0,0.0,0.0,0
1147,zero_effect,ejar_absolute,0.0,0.0,0.0,0
1148,same_geometry_diff_limits,normalized_copy,0.31004160680705695,0.019530077078906357,0.9878717601081799,0
1148,same_geometry_diff_limits,ejar_absolute,0.2340940395811826,0.014746003556800655,0.9998174207680988,1
1149,same_limits_diff_geometry,normalized_copy,1.2185268801681814,0.01294620936620052,-0.18219395114578174,0
1149,same_limits_diff_geometry,ejar_absolute,0.03121291769399559,0.00033162088910232255,0.9998332146100699,0
1150,matched_morphology,normalized_copy,0.0,0.0,0.9999999153587478,0
1150,matched_morphology,ejar_absolute,0.0008453491755181804,9.188509709729653e-05,0.999999655380898,0
1151,random_map,normalized_copy,1.0573285672711192,0.038440878956320354,0.5043162776952166,0
1151,random_map,ejar_absolute,0.8912474503867731,0.032402733096364045,0.4769367250847824,0
1152,zero_effect,normalized_copy,0.0,0.0,0.0,0
1152,zero_effect,ejar_absolute,0.0,0.0,0.0,0
1153,same_geometry_diff_limits,normalized_copy,1.227625824015389,0.12056090653589313,-0.06055528753611389,0
1153,same_geometry_diff_limits,ejar_absolute,0.8781245810636303,0.08623759249231591,0.9999881039771891,1
1154,same_limits_diff_geometry,normalized_copy,0.060052211639894125,0.004648909909929294,0.9985036882286676,0
1154,same_limits_diff_geometry,ejar_absolute,0.02979512007321913,0.0023065733166753666,0.9995577729231419,0
1155,matched_morphology,normalized_copy,0.0,0.0,0.9999999164414504,0
1155,matched_morphology,ejar_absolute,0.0014519309602372646,0.0001588365720181364,0.9999989798363663,0
1156,random_map,normalized_copy,0.3724444050386312,0.01287129798095851,0.9778013088730019,0
1156,random_map,ejar_absolute,0.6414998318715941,0.02216957854393768,0.9812166538936762,0
1157,zero_effect,normalized_copy,0.0,0.0,0.0,0
1157,zero_effect,ejar_absolute,0.0,0.0,0.0,0
1158,same_geometry_diff_limits,normalized_copy,0.7190532369968895,0.05267636412156429,0.7006659167228446,0
1158,same_geometry_diff_limits,ejar_absolute,0.6415698306310069,0.04700008882356988,0.9999170152660551,1
1159,same_limits_diff_geometry,normalized_copy,1.0548069641977265,0.012724929564134178,0.3119412384800172,0
1159,same_limits_diff_geometry,ejar_absolute,0.042484331727566424,0.0005125204394377271,0.9998165455724544,0
1160,matched_morphology,normalized_copy,0.0,0.0,0.9999996181910711,0
1160,matched_morphology,ejar_absolute,0.0022815898727114145,0.00011676547912523158,0.9999978915885726,0
1161,random_map,normalized_copy,1.2796044264357243,0.045319804619100255,0.17123378872044753,0
1161,random_map,ejar_absolute,0.9449482633724605,0.033467272999738354,0.3314146116951981,0
1162,zero_effect,normalized_copy,0.0,0.0,0.0,0
1162,zero_effect,ejar_absolute,0.0,0.0,0.0,0
1163,same_geometry_diff_limits,normalized_copy,1.470182563835474,0.11694840638646879,-0.6445005532262502,0
1163,same_geometry_diff_limits,ejar_absolute,0.9183330210324514,0.07305050813664488,0.9713969251814816,1
1164,same_limits_diff_geometry,normalized_copy,1.655377200776147,0.0880065830906469,-0.2147150916044457,0
1164,same_limits_diff_geometry,ejar_absolute,0.9005611938330633,0.047877494927513614,0.9941333562739788,1
1165,matched_morphology,normalized_copy,0.0,0.0,0.9999997831459644,0
1165,matched_morphology,ejar_absolute,0.002306572997507385,0.0001566330513083478,0.9999972124441573,0
1166,random_map,normalized_copy,0.24923061028836438,0.010631125496965876,0.9794133123495572,0
1166,random_map,ejar_absolute,0.529987034350937,0.02260700909663753,0.9886879934301416,0
1167,zero_effect,normalized_copy,0.0,0.0,0.0,0
1167,zero_effect,ejar_absolute,0.0,0.0,0.0,0
1168,same_geometry_diff_limits,normalized_copy,1.3250354801038429,0.018297160174811294,-0.1736102351803873,0
1168,same_geometry_diff_limits,ejar_absolute,0.04934284808085515,0.0006813659017991215,0.999409977051484,0
1169,same_limits_diff_geometry,normalized_copy,0.8401571230675752,0.020819285758800623,0.5456507395598845,0
1169,same_limits_diff_geometry,ejar_absolute,0.016196094185368416,0.00040134291998916184,0.9998874006398423,0
1170,matched_morphology,normalized_copy,0.0,0.0,0.9999956780864669,0
1170,matched_morphology,ejar_absolute,0.010474488121433072,0.00015932864462611163,0.9999909034264047,0
1171,random_map,normalized_copy,1.0923789466573504,0.060027857764883244,0.3527177268230313,0
1171,random_map,ejar_absolute,1.0063130949553454,0.05529841042411347,0.22493338691767667,0
1172,zero_effect,normalized_copy,0.0,0.0,0.0,0
1172,zero_effect,ejar_absolute,0.0,0.0,0.0,0
1173,same_geometry_diff_limits,normalized_copy,1.027592881363903,0.06174624272095129,0.3287067943008903,0
1173,same_geometry_diff_limits,ejar_absolute,0.9439926796524277,0.056722854139720724,0.32997989169246966,0
1174,same_limits_diff_geometry,normalized_copy,1.1277342249937103,0.0527420009006448,0.4703656531964287,0
1174,same_limits_diff_geometry,ejar_absolute,0.6679737114237174,0.031239869562097615,0.9994567060345165,1
1175,matched_morphology,normalized_copy,0.0,0.0,0.9999954786284665,0
1175,matched_morphology,ejar_absolute,0.022257527770187774,0.0003310098164769459,0.9997489800526432,0
1176,random_map,normalized_copy,0.2937833817043714,0.007470041946863111,0.9671274501271083,0
1176,random_map,ejar_absolute,0.11360010249089024,0.0028885144076284956,0.9981682205692689,0
1177,zero_effect,normalized_copy,0.0,0.0,0.0,0
1177,zero_effect,ejar_absolute,0.0,0.0,0.0,0
1178,same_geometry_diff_limits,normalized_copy,0.972187599608816,0.02330722766155495,0.30358873758138305,0
1178,same_geometry_diff_limits,ejar_absolute,0.007216135676258642,0.00017299965265027414,0.9999757816610917,0
1179,same_limits_diff_geometry,normalized_copy,0.8286383124952317,0.012228820689201529,0.7721560792793652,0
1179,same_limits_diff_geometry,ejar_absolute,0.5213775564653869,0.007694349335827929,0.9205270843595623,1
1180,matched_morphology,normalized_copy,0.0,0.0,0.9999997454662485,0
1180,matched_morphology,ejar_absolute,0.004801610713338966,0.0003009637637665426,0.9999885839144005,0
1181,random_map,normalized_copy,1.6912052648545168,0.03585835577348169,-0.694214004728758,0
1181,random_map,ejar_absolute,1.0283196143744955,0.02180329694294215,-0.24448736904514595,0
1182,zero_effect,normalized_copy,0.0,0.0,0.0,0
1182,zero_effect,ejar_absolute,0.0,0.0,0.0,0
1183,same_geometry_diff_limits,normalized_copy,1.0610663374410436,0.013541083518108484,0.053337462171999375,0
1183,same_geometry_diff_limits,ejar_absolute,0.05227780616134753,0.0006671572873393755,0.9992702187299162,0
1184,same_limits_diff_geometry,normalized_copy,1.2425374494321828,0.020262583730691064,0.23850059066965465,0
1184,same_limits_diff_geometry,ejar_absolute,0.03389482318582814,0.0005527372178228232,0.999885701060189,0
1185,matched_morphology,normalized_copy,0.0,0.0,0.9999990970062675,0
1185,matched_morphology,ejar_absolute,0.005981583040238482,0.00019905522657036987,0.9999944121686606,0
1186,random_map,normalized_copy,0.6282152352529893,0.04943449570517243,0.7787512560120038,0
1186,random_map,ejar_absolute,1.0975932385134488,0.08637002923602878,-0.12596435621188462,0
1187,zero_effect,normalized_copy,0.0,0.0,0.0,0
1187,zero_effect,ejar_absolute,0.0,0.0,0.0,0
1188,same_geometry_diff_limits,normalized_copy,0.9311034670875914,0.012505357297944972,0.4047614321316119,0
1188,same_geometry_diff_limits,ejar_absolute,0.03645837379215104,0.0004896609312378295,0.999473167846746,0
1189,same_limits_diff_geometry,normalized_copy,0.5134516506354628,0.006440134960921154,0.9075074088007165,0
1189,same_limits_diff_geometry,ejar_absolute,0.03221113189921445,0.00040401863820719,0.9998447323546409,0
1190,matched_morphology,normalized_copy,0.0,0.0,0.9999988807164392,0
1190,matched_morphology,ejar_absolute,0.011510908121738989,0.00034406404937326605,0.9999598866945739,0
1191,random_map,normalized_copy,1.1774834556690281,0.054607206251421875,0.36224681980190615,0
1191,random_map,ejar_absolute,0.4368234009812452,0.020258208672050602,0.9836658017800494,0
1192,zero_effect,normalized_copy,0.0,0.0,0.0,0
1192,zero_effect,ejar_absolute,0.0,0.0,0.0,0
1193,same_geometry_diff_limits,normalized_copy,0.9760265992790151,0.11640080897074703,0.3394831762494044,0
1193,same_geometry_diff_limits,ejar_absolute,0.8208189538287233,0.0978907647750209,0.9999385356415256,1
1194,same_limits_diff_geometry,normalized_copy,0.8741565649343382,0.03778910047036399,0.6055848006360669,0
1194,same_limits_diff_geometry,ejar_absolute,0.6275270570739763,0.027127500906455545,0.9997306414745906,1
1195,matched_morphology,normalized_copy,0.0,0.0,0.9999999147048582,0
1195,matched_morphology,ejar_absolute,0.0005481082992535393,5.934774416959592e-05,0.9999998751970665,0
1196,random_map,normalized_copy,1.0872608471586904,0.08315537183521421,0.45407053354701626,0
1196,random_map,ejar_absolute,1.5841201352594227,0.1211559298059786,0.4048300188707682,1
1197,zero_effect,normalized_copy,0.0,0.0,0.0,0
1197,zero_effect,ejar_absolute,0.0,0.0,0.0,0
1198,same_geometry_diff_limits,normalized_copy,0.9273120750710087,0.03611641701149948,0.39571183787966513,0
1198,same_geometry_diff_limits,ejar_absolute,0.6800275412593104,0.02648532130625522,0.9999728339036907,1
1199,same_limits_diff_geometry,normalized_copy,1.2817842589117734,0.04708844802159753,0.20517670881299338,0
1199,same_limits_diff_geometry,ejar_absolute,0.8083200907065604,0.029694964898666895,0.9993261811239116,1
1200,matched_morphology,normalized_copy,0.0,0.0,0.9999997500303628,0
1200,matched_morphology,ejar_absolute,0.0027856008472436056,0.00017618754679450338,0.9999971520013204,0
1201,random_map,normalized_copy,0.34623950512267265,0.006940654888477089,0.9868704035246785,0
1201,random_map,ejar_absolute,1.151154060226645,0.023075827389111882,-0.9850388104691116,0
1202,zero_effect,normalized_copy,0.0,0.0,0.0,0
1202,zero_effect,ejar_absolute,0.0,0.0,0.0,0
1203,same_geometry_diff_limits,normalized_copy,1.107494104215875,0.01752630815214744,0.4209178557979369,0
1203,same_geometry_diff_limits,ejar_absolute,0.005729787594217338,9.067499559621145e-05,0.9999860078746206,0
1204,same_limits_diff_geometry,normalized_copy,0.28099462978416606,0.00143684484315841,0.9701468137845882,0
1204,same_limits_diff_geometry,ejar_absolute,0.013378390325351989,6.840938975775956e-05,0.9998754187519905,0
1205,matched_morphology,normalized_copy,0.0,0.0,0.9999998788062809,0
1205,matched_morphology,ejar_absolute,0.008426923782415451,0.0007654714334987213,0.9999645078546108,0
1206,random_map,normalized_copy,0.8975689361762675,0.02572645163968536,0.5219413470446622,0
1206,random_map,ejar_absolute,0.7501352042482715,0.021500651679782278,0.8671907035815722,0
1207,zero_effect,normalized_copy,0.0,0.0,0.0,0
1207,zero_effect,ejar_absolute,0.0,0.0,0.0,0
1208,same_geometry_diff_limits,normalized_copy,1.0842906111966464,0.08433920623091204,0.17426066798327092,0
1208,same_geometry_diff_limits,ejar_absolute,0.9653515352988689,0.07508778677982403,0.9667030297310502,1
1209,same_limits_diff_geometry,normalized_copy,1.9750073614914347,0.07917127856865579,-0.614545722542115,0
1209,same_limits_diff_geometry,ejar_absolute,0.6845807264875805,0.027442495889510154,0.9992522689148127,1
1210,matched_morphology,normalized_copy,0.0,0.0,0.999999764557488,0
1210,matched_morphology,ejar_absolute,0.003992408374992086,0.00026019112105036006,0.9999921293717992,0
1211,random_map,normalized_copy,1.8856939753241961,0.13747429909642803,-0.4949613111214191,0
1211,random_map,ejar_absolute,1.0981490249072894,0.08005926172437422,-0.7431088337247451,0
1212,zero_effect,normalized_copy,0.0,0.0,0.0,0
1212,zero_effect,ejar_absolute,0.0,0.0,0.0,0
1213,same_geometry_diff_limits,normalized_copy,0.5161045304454869,0.009805797804685027,0.8854475832985761,0
1213,same_geometry_diff_limits,ejar_absolute,0.08411749898727762,0.001598201794882645,0.9977259380800582,1
1214,same_limits_diff_geometry,normalized_copy,0.3965654301251953,0.00129424901780209,0.9998286036719283,0
1214,same_limits_diff_geometry,ejar_absolute,0.06762913820070603,0.00022071753875125422,0.9984217885583098,0
1215,matched_morphology,normalized_copy,0.0,0.0,0.9999997819469183,0
1215,matched_morphology,ejar_absolute,0.0018792884959597063,0.0001272659723525328,0.9999982775908697,0
1216,random_map,normalized_copy,0.5002427619761914,0.046863053442469674,0.8742907250654895,0
1216,random_map,ejar_absolute,0.5831787861114747,0.05463255182762114,0.8323221192708907,1
1217,zero_effect,normalized_copy,0.0,0.0,0.0,0
1217,zero_effect,ejar_absolute,0.0,0.0,0.0,0
1218,same_geometry_diff_limits,normalized_copy,0.47975946864534597,0.029233169644580857,0.9681660967167734,0
1218,same_geometry_diff_limits,ejar_absolute,0.1705320119394174,0.010391022086407,0.9999353312212776,1
1219,same_limits_diff_geometry,normalized_copy,1.3126883304402182,0.021399710870273023,-0.03699109870504318,0
1219,same_limits_diff_geometry,ejar_absolute,0.8219983027358052,0.013400382715752713,0.9989854925793875,1
1220,matched_morphology,normalized_copy,0.0,0.0,0.9999996683978742,0
1220,matched_morphology,ejar_absolute,0.004486462547773401,0.00024637425807966636,0.999991356352851,0
1221,random_map,normalized_copy,1.5584796910022707,0.017763378133328667,-0.15493423174657853,0
1221,random_map,ejar_absolute,0.7252180301388013,0.008265954425224847,0.6895711942388796,0
1222,zero_effect,normalized_copy,0.0,0.0,0.0,0
1222,zero_effect,ejar_absolute,0.0,0.0,0.0,0
1223,same_geometry_diff_limits,normalized_copy,1.240366874276644,0.08880129120469002,-0.27585725992570803,0
1223,same_geometry_diff_limits,ejar_absolute,0.7077692307232147,0.05067115453226281,0.9999946342805818,1
1224,same_limits_diff_geometry,normalized_copy,1.21799571865919,0.07688505304291002,0.16724673249991878,0
1224,same_limits_diff_geometry,ejar_absolute,0.9843141572040345,0.06213408226986992,0.3263096289382242,1
1225,matched_morphology,normalized_copy,0.0,0.0,0.9999996408971442,0
1225,matched_morphology,ejar_absolute,0.004980593080185652,0.00026282795850606264,0.9999889411774519,0
1226,random_map,normalized_copy,1.6438056309922102,0.045396727304432116,-0.26010378248632576,0
1226,random_map,ejar_absolute,0.9823108470545305,0.02712832759004679,0.2433438547411287,0
1227,zero_effect,normalized_copy,0.0,0.0,0.0,0
1227,zero_effect,ejar_absolute,0.0,0.0,0.0,0
1228,same_geometry_diff_limits,normalized_copy,0.6705103819770986,0.07494030574399087,0.7611415821480197,0
1228,same_geometry_diff_limits,ejar_absolute,0.8308886548943475,0.092865153934518,0.9995564155178095,1
1229,same_limits_diff_geometry,normalized_copy,0.2471149501533029,0.0075257479722008165,0.9693287137473052,0
1229,same_limits_diff_geometry,ejar_absolute,0.029281342180703624,0.0008917469436917562,0.9995912934689037,0
1230,matched_morphology,normalized_copy,0.0,0.0,0.9999987000796372,0
1230,matched_morphology,ejar_absolute,0.002103086443767352,5.83308740308373e-05,0.9999970433892237,0
1231,random_map,normalized_copy,0.44482314630468894,0.038196460146183796,0.9024490440532322,0
1231,random_map,ejar_absolute,1.4408923217637486,0.12372779294513774,-0.9048749212077997,0
1232,zero_effect,normalized_copy,0.0,0.0,0.0,0
1232,zero_effect,ejar_absolute,0.0,0.0,0.0,0
1233,same_geometry_diff_limits,normalized_copy,0.7022096118265532,0.01805323051282143,0.7276032690327499,0
1233,same_geometry_diff_limits,ejar_absolute,0.7010568688866924,0.018023594441675662,0.8486004127788204,1
1234,same_limits_diff_geometry,normalized_copy,0.9510657739514572,0.011100933881896442,0.7627569991846007,0
1234,same_limits_diff_geometry,ejar_absolute,0.008295112288813201,9.682137196298895e-05,0.9999642802262146,0
1235,matched_morphology,normalized_copy,0.0,0.0,0.9999992796195257,0
1235,matched_morphology,ejar_absolute,0.004367431626363943,0.00016272152414548459,0.9999899673768161,0
1236,random_map,normalized_copy,0.6057658833013791,0.009850983769272468,0.9787867770331793,0
1236,random_map,ejar_absolute,0.8330897590295201,0.013547731757062175,0.7938283820652082,0
1237,zero_effect,normalized_copy,0.0,0.0,0.0,0
1237,zero_effect,ejar_absolute,0.0,0.0,0.0,0
1238,same_geometry_diff_limits,normalized_copy,0.9246465514138407,0.09413839884791454,0.4621759658086567,0
1238,same_geometry_diff_limits,ejar_absolute,0.8795600252092002,0.08954813310796289,0.999453905052473,1
1239,same_limits_diff_geometry,normalized_copy,1.0186281462462192,0.05937501921832377,0.4890656160602632,0
1239,same_limits_diff_geometry,ejar_absolute,0.8168175659188424,0.047611642043290645,0.9989595109297114,1
1240,matched_morphology,normalized_copy,0.0,0.0,0.9999957115157597,0
1240,matched_morphology,ejar_absolute,0.0009853261014207762,1.5046211956337708e-05,0.9999953855799271,0
1241,random_map,normalized_copy,1.0921789809794384,0.005507915901139295,-0.0638641237873587,0
1241,random_map,ejar_absolute,1.0992792188643559,0.005543722773299696,-0.030191852811202784,0
1242,zero_effect,normalized_copy,0.0,0.0,0.0,0
1242,zero_effect,ejar_absolute,0.0,0.0,0.0,0
1243,same_geometry_diff_limits,normalized_copy,1.3298516194026184,0.02845514647607011,-0.5038019026132754,0
1243,same_geometry_diff_limits,ejar_absolute,0.38671518943820243,0.008274635455140752,0.9998789487012478,1
1244,same_limits_diff_geometry,normalized_copy,1.2752804309171997,0.09679093429943919,0.09774550995601725,0
1244,same_limits_diff_geometry,ejar_absolute,0.9026284029399648,0.06850747829866316,0.9998505399710871,1
1245,matched_morphology,normalized_copy,0.0,0.0,0.9999996852961863,0
1245,matched_morphology,ejar_absolute,0.0039438171784263445,0.00022231343588240265,0.999992347413183,0
1246,random_map,normalized_copy,1.035652720203228,0.023363556799307423,0.7892682729661353,0
1246,random_map,ejar_absolute,3.0403381375751044,0.0685877721176627,-0.789793994155737,0
1247,zero_effect,normalized_copy,0.0,0.0,0.0,0
1247,zero_effect,ejar_absolute,0.0,0.0,0.0,0
1248,same_geometry_diff_limits,normalized_copy,1.21752306409039,0.024875572722093713,-0.061149751654265186,0
1248,same_geometry_diff_limits,ejar_absolute,0.29247799433603144,0.005975704142535996,0.9996248421279351,1
1249,same_limits_diff_geometry,normalized_copy,0.44128080048085966,0.015644982794933898,0.9871576572924359,0
1249,same_limits_diff_geometry,ejar_absolute,0.01045461426179351,0.00037065347070436267,0.999954284290734,0
1250,matched_morphology,normalized_copy,0.0,0.0,0.999999804910699,0
1250,matched_morphology,ejar_absolute,0.0014064295577570103,0.00010069345029563451,0.9999991926273016,0
1251,random_map,normalized_copy,0.6726426893658837,0.058839645542655195,0.7444018228244081,0
1251,random_map,ejar_absolute,1.2416516770727142,0.10861389816824699,-0.31129530498968666,0
1252,zero_effect,normalized_copy,0.0,0.0,0.0,0
1252,zero_effect,ejar_absolute,0.0,0.0,0.0,0
1253,same_geometry_diff_limits,normalized_copy,1.3311704370450128,0.06902129377495916,-0.3592414672992113,0
1253,same_geometry_diff_limits,ejar_absolute,0.8355422443647298,0.0433229322893509,0.9993829250604015,1
1254,same_limits_diff_geometry,normalized_copy,0.12935386818115083,0.00931688305527868,0.9919823182238621,0
1254,same_limits_diff_geometry,ejar_absolute,0.09597638430165588,0.006912825732855151,0.999498088784457,1
1255,matched_morphology,normalized_copy,0.0,0.0,0.9999998144759848,0
1255,matched_morphology,ejar_absolute,0.0012442110768612895,9.134693121532619e-05,0.9999992817750624,0
1256,random_map,normalized_copy,1.7883447675534756,0.09248415421991632,-0.5384606489952993,0
1256,random_map,ejar_absolute,0.8724122384626783,0.0451167523562607,0.8522369209240117,0
1257,zero_effect,normalized_copy,0.0,0.0,0.0,0
1257,zero_effect,ejar_absolute,0.0,0.0,0.0,0
1258,same_geometry_diff_limits,normalized_copy,0.7745132753016004,0.007835929959250231,0.6597635149054736,0
1258,same_geometry_diff_limits,ejar_absolute,0.7689502428752835,0.007779647473405579,0.642672184212534,0
1259,same_limits_diff_geometry,normalized_copy,1.8766844367557207,0.015639176498881652,-0.5843213838316353,0
1259,same_limits_diff_geometry,ejar_absolute,0.06039133286404524,0.0005032655971167159,0.9995135327262714,0
1260,matched_morphology,normalized_copy,0.0,0.0,0.9999998421164199,0
1260,matched_morphology,ejar_absolute,0.001234413406375604,9.824085157073748e-05,0.9999993744058004,0
1261,random_map,normalized_copy,1.3238973904216935,0.012666260440579379,-0.8070134480479269,0
1261,random_map,ejar_absolute,0.41524817266144987,0.003972846793458272,0.9301801361953814,0
1262,zero_effect,normalized_copy,0.0,0.0,0.0,0
1262,zero_effect,ejar_absolute,0.0,0.0,0.0,0
1263,same_geometry_diff_limits,normalized_copy,1.3023654591426175,0.07737011854174836,-0.35042291716997953,0
1263,same_geometry_diff_limits,ejar_absolute,0.6408017189482209,0.03806835063747706,0.9998699791314621,1
1264,same_limits_diff_geometry,normalized_copy,1.1154474754365933,0.07153685409205947,0.2757735070078159,0
1264,same_limits_diff_geometry,ejar_absolute,0.7444127096332999,0.04774132764294299,0.9999704638959961,1
1265,matched_morphology,normalized_copy,0.0,0.0,0.9999987494951781,0
1265,matched_morphology,ejar_absolute,0.007807265655482142,0.0002207781122853021,0.9999806068897165,0
1266,random_map,normalized_copy,1.534432304844465,0.09797881147517232,-0.2249876513773743,0
1266,random_map,ejar_absolute,0.9488203141063574,0.06058545977306162,0.3607685450555151,0
1267,zero_effect,normalized_copy,0.0,0.0,0.0,0
1267,zero_effect,ejar_absolute,0.0,0.0,0.0,0
1268,same_geometry_diff_limits,normalized_copy,1.5017794775034916,0.05428411002226663,-0.7902838879241733,0
1268,same_geometry_diff_limits,ejar_absolute,0.2959746395312938,0.010698454824290342,0.9999791033666136,1
1269,same_limits_diff_geometry,normalized_copy,0.7466502549285172,0.044951062531256795,0.7394798486626264,0
1269,same_limits_diff_geometry,ejar_absolute,0.6484851402250621,0.03904116538691649,0.9996203544260142,1
1270,matched_morphology,normalized_copy,0.0,0.0,0.9999999115764089,0
1270,matched_morphology,ejar_absolute,0.0015558960195674269,0.00016546131826494225,0.9999988838129633,0
1271,random_map,normalized_copy,0.955824772827637,0.03230932522422887,0.5271688047417226,0
1271,random_map,ejar_absolute,1.693598744605426,0.05724797493679301,-0.9500538633179237,1
1272,zero_effect,normalized_copy,0.0,0.0,0.0,0
1272,zero_effect,ejar_absolute,0.0,0.0,0.0,0
1273,same_geometry_diff_limits,normalized_copy,0.5758869056836676,0.0008284378249959374,0.9975975535206041,0
1273,same_geometry_diff_limits,ejar_absolute,0.03727538965235023,5.362223454761366e-05,0.9991475598893496,0
1274,same_limits_diff_geometry,normalized_copy,1.423321776652901,0.05282525649676675,0.02212841849343894,0
1274,same_limits_diff_geometry,ejar_absolute,0.8262865818788311,0.03066685365429517,0.9999640655694483,1
1275,matched_morphology,normalized_copy,0.0,0.0,0.9999994171373418,0
1275,matched_morphology,ejar_absolute,0.0025488295234158756,0.00010557414102600948,0.9999975650768947,0
1276,random_map,normalized_copy,0.6237246128888628,0.02561211539439103,0.7987768867487922,0
1276,random_map,ejar_absolute,1.844737334763522,0.0757507792925969,-0.9998243732498944,0
1277,zero_effect,normalized_copy,0.0,0.0,0.0,0
1277,zero_effect,ejar_absolute,0.0,0.0,0.0,0
1278,same_geometry_diff_limits,normalized_copy,0.9322914478058516,0.026341688814863894,0.3723160493792019,0
1278,same_geometry_diff_limits,ejar_absolute,0.8982918823760245,0.025381038607784425,0.9875798126076549,1
1279,same_limits_diff_geometry,normalized_copy,0.4057459056953514,0.013509246407048191,0.9320845412529299,0
1279,same_limits_diff_geometry,ejar_absolute,0.015617168407306991,0.0005199711771166632,0.9998892098026827,0
1280,matched_morphology,normalized_copy,0.0,0.0,0.9999983663014065,0
1280,matched_morphology,ejar_absolute,0.00047496035186371684,1.1750897901437118e-05,0.9999983496601483,0
1281,random_map,normalized_copy,0.9395059789293081,0.04092067849224876,0.5011277864200421,0
1281,random_map,ejar_absolute,1.3423760533152738,0.05846789709205385,-0.958540985530687,0
1282,zero_effect,normalized_copy,0.0,0.0,0.0,0
1282,zero_effect,ejar_absolute,0.0,0.0,0.0,0
1283,same_geometry_diff_limits,normalized_copy,0.577610550707241,0.021734303372365864,0.8561337223579575,0
1283,same_geometry_diff_limits,ejar_absolute,0.003647537042408307,0.00013724935693189104,0.9999965143431145,0
1284,same_limits_diff_geometry,normalized_copy,1.8169776820714212,0.0912998833583209,-0.5382934237629587,0
1284,same_limits_diff_geometry,ejar_absolute,0.6630178969274965,0.033315465154722924,0.9998825312573232,1
1285,matched_morphology,normalized_copy,0.0,0.0,0.9999995713151338,0
1285,matched_morphology,ejar_absolute,0.004212045108849705,0.00020343414760465257,0.9999922867498515,0
1286,random_map,normalized_copy,0.33031842895119334,0.022422477322501477,0.9704889233067557,0
1286,random_map,ejar_absolute,1.511000823257469,0.10256885091560454,-0.9598553712921254,0
1287,zero_effect,normalized_copy,0.0,0.0,0.0,0
1287,zero_effect,ejar_absolute,0.0,0.0,0.0,0
1288,same_geometry_diff_limits,normalized_copy,1.534339759266731,0.18387144940619757,-0.7916203567650051,0
1288,same_geometry_diff_limits,ejar_absolute,0.9288250594974121,0.11130807821613489,0.9620368122497007,1
1289,same_limits_diff_geometry,normalized_copy,1.2784865675744426,0.048039807600074105,0.016211783748648834,0
1289,same_limits_diff_geometry,ejar_absolute,0.6883443483148841,0.025864902216675013,0.9999310756588461,1
1290,matched_morphology,normalized_copy,0.0,0.0,0.9999983141013057,0
1290,matched_morphology,ejar_absolute,0.010375567158969066,0.0002526944831342989,0.9999445912762235,0
1291,random_map,normalized_copy,1.2491117904624494,0.05373381437921412,-0.12061175556584493,0
1291,random_map,ejar_absolute,0.9285154096939651,0.03994252160110031,0.38372852351682607,0
1292,zero_effect,normalized_copy,0.0,0.0,0.0,0
1292,zero_effect,ejar_absolute,0.0,0.0,0.0,0
1293,same_geometry_diff_limits,normalized_copy,1.7664223425112084,0.027544469996763497,-0.9783015544618904,0
1293,same_geometry_diff_limits,ejar_absolute,0.029920372402573007,0.0004665593160257671,0.9999288120901116,0
1294,same_limits_diff_geometry,normalized_copy,0.07713667270014171,0.0067994216468940764,0.9995912104399546,0
1294,same_limits_diff_geometry,ejar_absolute,0.0041972862843639045,0.00036998120635897106,0.9999920195814258,0
1295,matched_morphology,normalized_copy,0.0,0.0,0.9999993674467749,0
1295,matched_morphology,ejar_absolute,0.008816579688018782,0.00035055121247742254,0.9999622161397027,0
1296,random_map,normalized_copy,1.6077806995811927,0.054347371648227304,-0.17092994514732715,0
1296,random_map,ejar_absolute,1.4523972899259914,0.04909498871148741,-0.9512599898896806,0
1297,zero_effect,normalized_copy,0.0,0.0,0.0,0
1297,zero_effect,ejar_absolute,0.0,0.0,0.0,0
1298,same_geometry_diff_limits,normalized_copy,0.553005988871878,0.02801238471810529,0.8797926544931756,0
1298,same_geometry_diff_limits,ejar_absolute,0.015416843464536483,0.0007809364798171441,0.9998909787980871,0
1299,same_limits_diff_geometry,normalized_copy,1.4047440861060647,0.01598334589861082,-0.5039965685189193,0
1299,same_limits_diff_geometry,ejar_absolute,0.5740981926342663,0.006532157766954254,0.8636554226298475,1
1300,matched_morphology,normalized_copy,0.0,0.0,0.99999992927254,0
1300,matched_morphology,ejar_absolute,0.0008821883342382951,0.00010489801455008394,0.9999996862366513,0
1301,random_map,normalized_copy,2.2954534382629244,0.08967422460845675,-0.6963106336749234,0
1301,random_map,ejar_absolute,2.32179766159971,0.09070338850316244,0.709524435905472,0
1302,zero_effect,normalized_copy,0.0,0.0,0.0,0
1302,zero_effect,ejar_absolute,0.0,0.0,0.0,0
1303,same_geometry_diff_limits,normalized_copy,1.5122087889105715,0.06693598237212728,-0.9566681935462027,0
1303,same_geometry_diff_limits,ejar_absolute,0.009127496308701879,0.00040401691651393803,0.9999770374386678,0
1304,same_limits_diff_geometry,normalized_copy,0.8574916743970549,0.004262750648327242,0.7171248355966557,0
1304,same_limits_diff_geometry,ejar_absolute,0.1334157829471895,0.0006632346788149432,0.9940363125685245,0
1305,matched_morphology,normalized_copy,0.0,0.0,0.99999965787797,0
1305,matched_morphology,ejar_absolute,0.0027457947945973412,0.00014844907332738945,0.9999980608776172,0
1306,random_map,normalized_copy,0.29329748620986984,0.009305840166028546,0.9729328069069914,0
1306,random_map,ejar_absolute,2.266012040496913,0.07189678348648208,-0.9957865793569955,0
1307,zero_effect,normalized_copy,0.0,0.0,0.0,0
1307,zero_effect,ejar_absolute,0.0,0.0,0.0,0
1308,same_geometry_diff_limits,normalized_copy,0.6949897402104837,0.01595031175933019,0.8089755349629429,0
1308,same_geometry_diff_limits,ejar_absolute,0.5934493731687347,0.013619916910649113,0.8049059352245351,0
1309,same_limits_diff_geometry,normalized_copy,1.5961790816755161,0.07494129445205583,-0.0650440665732616,0
1309,same_limits_diff_geometry,ejar_absolute,0.9760492399071569,0.04582593164346286,0.8852995116459176,1
1310,matched_morphology,normalized_copy,0.0,0.0,0.9999993847127862,0
1310,matched_morphology,ejar_absolute,0.0011404680892911881,4.5977364180818894e-05,0.9999988623236854,0
1311,random_map,normalized_copy,1.428771199708177,0.09468140729781946,-0.346980297507141,0
1311,random_map,ejar_absolute,1.0972651590672042,0.07271325840034291,-0.985230776930537,0
1312,zero_effect,normalized_copy,0.0,0.0,0.0,0
1312,zero_effect,ejar_absolute,0.0,0.0,0.0,0
1313,same_geometry_diff_limits,normalized_copy,1.4136639551041223,0.025675764168788976,-0.5247587482836173,0
1313,same_geometry_diff_limits,ejar_absolute,0.6903763598758047,0.012539005850631989,0.9396851176393971,1
1314,same_limits_diff_geometry,normalized_copy,0.36314592858632616,0.027762737043324836,0.9952187942993509,0
1314,same_limits_diff_geometry,ejar_absolute,0.004537092439646032,0.0003468636006288214,0.9999914607405966,0
1315,matched_morphology,normalized_copy,0.0,0.0,0.9999999437437849,0
1315,matched_morphology,ejar_absolute,0.0017322667917967012,0.00023095614174137988,0.9999986135250994,0
1316,random_map,normalized_copy,0.6784527537455292,0.01832492609656553,0.9841753905547019,0
1316,random_map,ejar_absolute,1.2546136055941806,0.033886960404146606,-0.9799081609362105,0
1317,zero_effect,normalized_copy,0.0,0.0,0.0,0
1317,zero_effect,ejar_absolute,0.0,0.0,0.0,0
1318,same_geometry_diff_limits,normalized_copy,0.8503161871474054,0.026875588086179698,0.5270408568083906,0
1318,same_geometry_diff_limits,ejar_absolute,0.41141445917339836,0.013003404738813795,0.9999252745463315,1
1319,same_limits_diff_geometry,normalized_copy,1.3179508558624722,0.06479907426490773,0.1879517202224994,0
1319,same_limits_diff_geometry,ejar_absolute,0.6777997588156888,0.033325064218341,0.9999923498089832,1
1320,matched_morphology,normalized_copy,0.0,0.0,0.9999993624946544,0
1320,matched_morphology,ejar_absolute,0.007659283567252809,0.00030335147134165217,0.9999728417016477,0
1321,random_map,normalized_copy,1.5565674330198749,0.10820083947559962,-0.9996041148585985,0
1321,random_map,ejar_absolute,0.9291186045403016,0.06458532463872683,0.7715278774229832,0
1322,zero_effect,normalized_copy,0.0,0.0,0.0,0
1322,zero_effect,ejar_absolute,0.0,0.0,0.0,0
1323,same_geometry_diff_limits,normalized_copy,0.3261535727300218,0.031279789348278464,0.9909010056148178,0
1323,same_geometry_diff_limits,ejar_absolute,0.5561366295045558,0.053336336236193056,0.9971133582408006,1
1324,same_limits_diff_geometry,normalized_copy,1.4906134786184955,0.05458024070515048,0.047567970505490186,0
1324,same_limits_diff_geometry,ejar_absolute,0.5906559685607602,0.02162743420773203,0.9999134079716143,1
1325,matched_morphology,normalized_copy,0.0,0.0,0.9999973665494389,0
1325,matched_morphology,ejar_absolute,0.05320227482367912,0.0010367333467240425,0.9985859781357236,0
1326,random_map,normalized_copy,0.7399781591166152,0.05713814893113378,0.7267101685870614,0
1326,random_map,ejar_absolute,1.8501855962635403,0.14286391949155436,-0.7247303792442423,1
1327,zero_effect,normalized_copy,0.0,0.0,0.0,0
1327,zero_effect,ejar_absolute,0.0,0.0,0.0,0
1328,same_geometry_diff_limits,normalized_copy,0.6843709627033476,0.06563949888959432,0.7783903393525026,0
1328,same_geometry_diff_limits,ejar_absolute,0.6816241241871254,0.06537604366784842,0.9999393309270634,1
1329,same_limits_diff_geometry,normalized_copy,0.8958761120558661,0.022985687470292917,0.7430461150983746,0
1329,same_limits_diff_geometry,ejar_absolute,0.7505455501037315,0.019256909761009047,0.9419306433428188,1
1330,matched_morphology,normalized_copy,0.0,0.0,0.9999990038699107,0
1330,matched_morphology,ejar_absolute,0.009381595109977612,0.000297247666450364,0.9999568502380046,0
1331,random_map,normalized_copy,0.2312057776963341,0.02063299654446243,0.9811526431473926,0
1331,random_map,ejar_absolute,1.847662647513479,0.16488695655152902,-0.9744372721047457,1
1332,zero_effect,normalized_copy,0.0,0.0,0.0,0
1332,zero_effect,ejar_absolute,0.0,0.0,0.0,0
1333,same_geometry_diff_limits,normalized_copy,0.36497193079367735,0.004570098549162988,0.938526027901904,0
1333,same_geometry_diff_limits,ejar_absolute,0.019047721207349558,0.00023851139145212677,0.9998625130107768,0
1334,same_limits_diff_geometry,normalized_copy,0.1380573029763339,0.00809830365468182,0.993901071767939,0
1334,same_limits_diff_geometry,ejar_absolute,0.003847504111891829,0.00022569075260059333,0.9999935379960363,0
1335,matched_morphology,normalized_copy,0.0,0.0,0.9999990556495209,0
1335,matched_morphology,ejar_absolute,0.024739505490967244,0.0008050525318544348,0.9997100008540659,0
1336,random_map,normalized_copy,1.0103698905124203,0.009705434875703283,0.15211323406797467,0
1336,random_map,ejar_absolute,0.68251151813404,0.006556085205397238,0.7410141712264724,0
1337,zero_effect,normalized_copy,0.0,0.0,0.0,0
1337,zero_effect,ejar_absolute,0.0,0.0,0.0,0
1338,same_geometry_diff_limits,normalized_copy,1.0604111322751533,0.04793982991092837,0.10873830967482792,0
1338,same_geometry_diff_limits,ejar_absolute,0.5025058087565976,0.02271764438134355,0.9999989215409696,1
1339,same_limits_diff_geometry,normalized_copy,0.35029777083388824,0.02877050967778147,0.9480315126707554,0
1339,same_limits_diff_geometry,ejar_absolute,0.3612247164443868,0.029667956994351798,0.9998659526833087,1
1340,matched_morphology,normalized_copy,0.0,0.0,0.9999998964122124,0
1340,matched_morphology,ejar_absolute,0.0015638077765928052,0.00015364876422642375,0.9999988817098777,0
1341,random_map,normalized_copy,0.755865791490095,0.011210087555350261,0.9656304905946812,0
1341,random_map,ejar_absolute,1.9088819518911204,0.02831022921588029,-0.9665316951740964,0
1342,zero_effect,normalized_copy,0.0,0.0,0.0,0
1342,zero_effect,ejar_absolute,0.0,0.0,0.0,0
1343,same_geometry_diff_limits,normalized_copy,0.5639180902970408,0.00981361872539796,0.86615807366493,0
1343,same_geometry_diff_limits,ejar_absolute,0.48323524825672154,0.008409530679476022,0.875505957110877,0
1344,same_limits_diff_geometry,normalized_copy,0.39784713655559406,0.026946880540262855,0.9943915048594283,0
1344,same_limits_diff_geometry,ejar_absolute,0.1357355738883929,0.009193607188683223,0.9999630958398265,1
1345,matched_morphology,normalized_copy,0.0,0.0,0.9999999102727032,0
1345,matched_morphology,ejar_absolute,0.0029878235816321493,0.00031542248106030015,0.99999568959467,0
1346,random_map,normalized_copy,0.8774833489230522,0.016811485040363644,0.9903990592036839,0
1346,random_map,ejar_absolute,0.9393654094617895,0.01799706803323829,0.5215238017262832,0
1347,zero_effect,normalized_copy,0.0,0.0,0.0,0
1347,zero_effect,ejar_absolute,0.0,0.0,0.0,0
1348,same_geometry_diff_limits,normalized_copy,0.3130185634399253,0.00605019644745527,0.9997267159879186,0
1348,same_geometry_diff_limits,ejar_absolute,0.003969232794187684,7.67195334570826e-05,0.9999917438323426,0
1349,same_limits_diff_geometry,normalized_copy,1.8996198152352473,0.15824656474200485,-0.9751396017549528,0
1349,same_limits_diff_geometry,ejar_absolute,0.6827361930341315,0.05687488428272999,0.9981365267433243,1
1350,matched_morphology,normalized_copy,0.0,0.0,0.9999968697340468,0
1350,matched_morphology,ejar_absolute,0.0032965205221113397,5.8920240317925524e-05,0.9999915363007174,0
1351,random_map,normalized_copy,0.6524459639449152,0.022637313968882584,0.8224006031819553,0
1351,random_map,ejar_absolute,0.953001478803341,0.03306541059437381,0.5776235391584662,0
1352,zero_effect,normalized_copy,0.0,0.0,0.0,0
1352,zero_effect,ejar_absolute,0.0,0.0,0.0,0
1353,same_geometry_diff_limits,normalized_copy,0.683166626146854,0.03553379073607373,0.7380549270812218,0
1353,same_geometry_diff_limits,ejar_absolute,0.3681871037912862,0.01915064787580574,0.9998884687325019,1
1354,same_limits_diff_geometry,normalized_copy,0.24412594297743453,0.021098131520048972,0.9723793019510405,0
1354,same_limits_diff_geometry,ejar_absolute,0.4354933535322431,0.03763670479617866,0.9996532265619326,1
1355,matched_morphology,normalized_copy,0.0,0.0,0.9999996687438917,0
1355,matched_morphology,ejar_absolute,0.00232228731947426,0.00012759508309848842,0.9999972335841824,0
1356,random_map,normalized_copy,1.516854594564743,0.030421010675031543,0.3420309527359568,0
1356,random_map,ejar_absolute,3.40282076880419,0.0682446737504957,-0.0979866353064211,0
1357,zero_effect,normalized_copy,0.0,0.0,0.0,0
1357,zero_effect,ejar_absolute,0.0,0.0,0.0,0
1358,same_geometry_diff_limits,normalized_copy,0.4953124319681873,0.009117193911222368,0.8758214888141923,0
1358,same_geometry_diff_limits,ejar_absolute,0.01450018074476102,0.0002669041822197791,0.9999111923814663,0
1359,same_limits_diff_geometry,normalized_copy,0.17688623143595514,0.014848098426286723,0.9890126173480049,0
1359,same_limits_diff_geometry,ejar_absolute,0.4379382568236909,0.03676120119224181,0.9997738298834192,1
1360,matched_morphology,normalized_copy,0.0,0.0,0.999999813364147,0
1360,matched_morphology,ejar_absolute,0.0014594796357312275,0.00010683178068848048,0.9999988376676509,0
1361,random_map,normalized_copy,0.41193366746396587,0.01111053902568544,0.9243433559406015,0
1361,random_map,ejar_absolute,2.9312689824617504,0.079061220280742,-0.9409896371753876,0
1362,zero_effect,normalized_copy,0.0,0.0,0.0,0
1362,zero_effect,ejar_absolute,0.0,0.0,0.0,0
1363,same_geometry_diff_limits,normalized_copy,1.4285188862505016,0.0030170649608156934,-0.9985348319561631,0
1363,same_geometry_diff_limits,ejar_absolute,0.0740997446406202,0.0001565003762375194,0.9997340062456358,0
1364,same_limits_diff_geometry,normalized_copy,1.176170641795352,0.0496270813541445,0.4316845369654422,0
1364,same_limits_diff_geometry,ejar_absolute,0.5470466042607969,0.023081962233574217,0.999750076490268,1
1365,matched_morphology,normalized_copy,0.0,0.0,0.9999988086768509,0
1365,matched_morphology,ejar_absolute,0.0010301062594426428,2.9844684491920847e-05,0.9999985950212943,0
1366,random_map,normalized_copy,0.8568733790005959,0.03020178977444715,0.6630306365962619,0
1366,random_map,ejar_absolute,1.2823782185686963,0.045199347205434504,-0.3099880627711113,0
1367,zero_effect,normalized_copy,0.0,0.0,0.0,0
1367,zero_effect,ejar_absolute,0.0,0.0,0.0,0
1368,same_geometry_diff_limits,normalized_copy,1.0005838774759748,0.0854826794082997,0.25807570642937444,0
1368,same_geometry_diff_limits,ejar_absolute,0.7803560462224917,0.06666799978012565,0.9999727769644937,1
1369,same_limits_diff_geometry,normalized_copy,0.3388438596413593,0.016591724135796907,0.9487905443618773,0
1369,same_limits_diff_geometry,ejar_absolute,0.650080087980357,0.03183162149481115,0.992351825303728,1
1370,matched_morphology,normalized_copy,0.0,0.0,0.9999992570051063,0
1370,matched_morphology,ejar_absolute,0.004641555677656563,0.00017028268924945,0.999993964644637,0
1371,random_map,normalized_copy,1.6626674765941583,0.13055736304987733,-0.559024066631862,0
1371,random_map,ejar_absolute,0.7162567725599446,0.056242511992593495,0.8779175431829604,0
1372,zero_effect,normalized_copy,0.0,0.0,0.0,0
1372,zero_effect,ejar_absolute,0.0,0.0,0.0,0
1373,same_geometry_diff_limits,normalized_copy,0.38099718327245297,0.014073279534227892,0.9573980194145857,0
1373,same_geometry_diff_limits,ejar_absolute,0.0073405620823947335,0.00027114578967902923,0.9999767029917708,0
1374,same_limits_diff_geometry,normalized_copy,1.1377844315750114,0.05252290843019065,0.37741303458770376,0
1374,same_limits_diff_geometry,ejar_absolute,0.8730472754851476,0.04030199467754866,0.9899414383327142,1
1375,matched_morphology,normalized_copy,0.0,0.0,0.9999997661454526,0
1375,matched_morphology,ejar_absolute,0.005203865936440728,0.00034029310229484304,0.9999883717278263,0
1376,random_map,normalized_copy,0.9507721376972779,0.03683141529097444,0.31013025822190904,0
1376,random_map,ejar_absolute,3.4203783228458464,0.13250006964454475,-0.14584453021297467,0
1377,zero_effect,normalized_copy,0.0,0.0,0.0,0
1377,zero_effect,ejar_absolute,0.0,0.0,0.0,0
1378,same_geometry_diff_limits,normalized_copy,0.8733680903974749,0.060579174208636156,0.5004761242571809,0
1378,same_geometry_diff_limits,ejar_absolute,0.8078851919221982,0.056037103164324406,0.9998410624170752,1
1379,same_limits_diff_geometry,normalized_copy,1.1408327625858212,0.038186786169831385,0.27310480305077506,0
1379,same_limits_diff_geometry,ejar_absolute,0.8544464589840182,0.02860065497140538,0.9891170234974783,1
1380,matched_morphology,normalized_copy,0.0,0.0,0.9999850335570996,0
1380,matched_morphology,ejar_absolute,0.001576832545604091,1.288911450082812e-05,0.9999839416587111,0
1381,random_map,normalized_copy,0.9628797585196414,0.008237097371729276,0.27190869953296876,0
1381,random_map,ejar_absolute,0.6128032661307284,0.005242316216713339,0.8220732496006458,0
1382,zero_effect,normalized_copy,0.0,0.0,0.0,0
1382,zero_effect,ejar_absolute,0.0,0.0,0.0,0
1383,same_geometry_diff_limits,normalized_copy,1.3047448561455213,0.036280440780081316,-0.36386414654752514,0
1383,same_geometry_diff_limits,ejar_absolute,0.05394816667617528,0.0015001118855306954,0.9999611510934721,1
1384,same_limits_diff_geometry,normalized_copy,0.9998683836369507,0.04835750850939782,0.2853660206424922,0
1384,same_limits_diff_geometry,ejar_absolute,0.6499903736028338,0.031436052521427206,0.9999923363277962,1
1385,matched_morphology,normalized_copy,0.0,0.0,0.9999999515206648,0
1385,matched_morphology,ejar_absolute,0.0026857781106116568,0.00038573744066397263,0.9999964881823645,0
1386,random_map,normalized_copy,0.537821693683883,0.01870303196991906,0.8481930361109223,0
1386,random_map,ejar_absolute,1.135117707640873,0.039474314675203466,0.4995568901818575,0
1387,zero_effect,normalized_copy,0.0,0.0,0.0,0
1387,zero_effect,ejar_absolute,0.0,0.0,0.0,0
1388,same_geometry_diff_limits,normalized_copy,0.42765088584731487,0.02064280889776064,0.9816395945800682,0
1388,same_geometry_diff_limits,ejar_absolute,0.3426831541386794,0.016541396492961404,0.9944667769196547,1
1389,same_limits_diff_geometry,normalized_copy,1.256903260891569,0.07596199247029471,0.06316487079714092,0
1389,same_limits_diff_geometry,ejar_absolute,0.7409169071926133,0.04477792864134725,0.9999987739836433,1
1390,matched_morphology,normalized_copy,0.0,0.0,0.9999997814257114,0
1390,matched_morphology,ejar_absolute,0.002192774330206436,0.00014831817082252335,0.9999976970515104,0
1391,random_map,normalized_copy,1.567290417840072,0.06076607205315649,-0.7119518028329909,0
1391,random_map,ejar_absolute,0.7369527288572564,0.028572702360565264,0.9004097174640868,0
1392,zero_effect,normalized_copy,0.0,0.0,0.0,0
1392,zero_effect,ejar_absolute,0.0,0.0,0.0,0
1393,same_geometry_diff_limits,normalized_copy,1.6358716518307224,0.16495016979844046,-0.8342876895275021,0
1393,same_geometry_diff_limits,ejar_absolute,0.6604750217615748,0.06659780849266403,0.9997921144759486,1
1394,same_limits_diff_geometry,normalized_copy,0.2469978568294667,0.011722387702838403,0.9701042091763467,0
1394,same_limits_diff_geometry,ejar_absolute,0.24288796071957053,0.011527334206273639,0.970054408788266,0
1395,matched_morphology,normalized_copy,0.0,0.0,0.9999998800575727,0
1395,matched_morphology,ejar_absolute,0.0004348618884380653,3.970680188500635e-05,0.9999998799839764,0
1396,random_map,normalized_copy,2.0769301565197122,0.12411868368003956,-0.32418184961677904,0
1396,random_map,ejar_absolute,1.1600524794940643,0.0693254832390907,0.0012448339032208827,0
1397,zero_effect,normalized_copy,0.0,0.0,0.0,0
1397,zero_effect,ejar_absolute,0.0,0.0,0.0,0
1398,same_geometry_diff_limits,normalized_copy,0.5129348458647948,0.03340551329960419,0.894126293637286,0
1398,same_geometry_diff_limits,ejar_absolute,0.28532908724790734,0.01858240806930152,0.9999205945952702,1
1399,same_limits_diff_geometry,normalized_copy,0.49136029256678315,0.021696392221193007,0.8969960841038761,0
1399,same_limits_diff_geometry,ejar_absolute,0.6723547066736246,0.029688339999051617,0.9845397729376021,1
1400,matched_morphology,normalized_copy,0.0,0.0,0.999999936786138,0
1400,matched_morphology,ejar_absolute,0.0019510696297858903,0.00024539550106851755,0.9999982097387771,0
1401,random_map,normalized_copy,1.4814144696577667,0.057544730317067236,-0.25622523203445163,0
1401,random_map,ejar_absolute,1.0443161225585154,0.04056588542184153,-0.003908479223061497,0
1402,zero_effect,normalized_copy,0.0,0.0,0.0,0
1402,zero_effect,ejar_absolute,0.0,0.0,0.0,0
1403,same_geometry_diff_limits,normalized_copy,0.546441497959041,0.06610830874154651,0.8486874671688525,0
1403,same_geometry_diff_limits,ejar_absolute,0.9118325647073988,0.11031319717374619,0.9787985514747976,1
1404,same_limits_diff_geometry,normalized_copy,0.6107315189435525,0.0073695985945311905,0.7978108537649647,0
1404,same_limits_diff_geometry,ejar_absolute,0.026932869823691207,0.0003249945900003752,0.9998521392288556,0
1405,matched_morphology,normalized_copy,0.0,0.0,0.9999999480171133,0
1405,matched_morphology,ejar_absolute,0.0013716237027335161,0.00019024128742206438,0.9999991153397249,0
1406,random_map,normalized_copy,2.6455474389191194,0.10514417299937413,-0.8299924696553429,0
1406,random_map,ejar_absolute,2.2826418415850735,0.09072091664524806,-0.7845118745371988,0
1407,zero_effect,normalized_copy,0.0,0.0,0.0,0
1407,zero_effect,ejar_absolute,0.0,0.0,0.0,0
1408,same_geometry_diff_limits,normalized_copy,0.865938675998086,0.028867534409364265,0.529619849284018,0
1408,same_geometry_diff_limits,ejar_absolute,0.8749210588929602,0.02916697737742086,0.7769977498484605,1
1409,same_limits_diff_geometry,normalized_copy,0.23472994631572505,0.020736519440619987,0.9773211226259775,0
1409,same_limits_diff_geometry,ejar_absolute,0.4350560497131342,0.038433733634059844,0.9993115829200172,1
1410,matched_morphology,normalized_copy,0.0,0.0,0.9999997612717013,0
1410,matched_morphology,ejar_absolute,0.006274127245524676,0.00040607039279418245,0.999981763620534,0
1411,random_map,normalized_copy,1.1283435731671911,0.056987543923712164,0.8270815640381891,0
1411,random_map,ejar_absolute,2.1117464827175354,0.10665478875535589,0.8273149545958904,1
1412,zero_effect,normalized_copy,0.0,0.0,0.0,0
1412,zero_effect,ejar_absolute,0.0,0.0,0.0,0
1413,same_geometry_diff_limits,normalized_copy,1.1941564751310316,0.09159650805935333,0.01207427935579209,0
1413,same_geometry_diff_limits,ejar_absolute,0.9319617691812693,0.0714851407496279,0.9998600542217143,1
1414,same_limits_diff_geometry,normalized_copy,0.4005032191342735,0.013603475280714336,0.9428517287765227,0
1414,same_limits_diff_geometry,ejar_absolute,0.0046692674654585705,0.00015859613983305857,0.9999898617646327,0
1415,matched_morphology,normalized_copy,0.0,0.0,0.9999999460607124,0
1415,matched_morphology,ejar_absolute,0.0011139301378243261,0.0001516719751108858,0.9999994254139035,0
1416,random_map,normalized_copy,1.3775054664855486,0.09197598439000694,-0.06715025045616922,0
1416,random_map,ejar_absolute,1.6021887740029872,0.10697807976291547,0.4000350246602208,1
1417,zero_effect,normalized_copy,0.0,0.0,0.0,0
1417,zero_effect,ejar_absolute,0.0,0.0,0.0,0
1418,same_geometry_diff_limits,normalized_copy,1.1282002452998834,0.0690589077802841,0.05681243728031134,0
1418,same_geometry_diff_limits,ejar_absolute,0.808239454822119,0.04947360560102653,0.999926951226766,1
1419,same_limits_diff_geometry,normalized_copy,1.3826895717959262,0.03387005599295089,-0.24415164279277432,0
1419,same_limits_diff_geometry,ejar_absolute,0.3517455028442958,0.008616279546486173,0.9998767901420897,1
1420,matched_morphology,normalized_copy,0.0,0.0,0.9999983981716984,0
1420,matched_morphology,ejar_absolute,0.00677342182353273,0.0001692387507686179,0.9999977752280058,0
1421,random_map,normalized_copy,1.4976773387064464,0.1366202999788835,0.21857343140383448,0
1421,random_map,ejar_absolute,0.9158903556898342,0.08354884721043211,0.41136240015286607,0
1422,zero_effect,normalized_copy,0.0,0.0,0.0,0
1422,zero_effect,ejar_absolute,0.0,0.0,0.0,0
1423,same_geometry_diff_limits,normalized_copy,0.36127558426547957,0.015424989533991936,0.999018362001785,0
1423,same_geometry_diff_limits,ejar_absolute,0.02743467264244451,0.0011713482914672486,0.9996467649674393,0
1424,same_limits_diff_geometry,normalized_copy,0.6625841162639211,0.0370987230638963,0.7733607536626125,0
1424,same_limits_diff_geometry,ejar_absolute,0.42996612730614586,0.024074217736654878,0.9998804321877226,1
1425,matched_morphology,normalized_copy,0.0,0.0,0.9999997069755221,0
1425,matched_morphology,ejar_absolute,0.00537854251415028,0.000314204643686497,0.9999854202800951,0
1426,random_map,normalized_copy,0.09797126162689279,0.00575268695896828,0.9991231664376389,0
1426,random_map,ejar_absolute,0.17864363551551493,0.010489615988069407,0.9953515231872563,0
1427,zero_effect,normalized_copy,0.0,0.0,0.0,0
1427,zero_effect,ejar_absolute,0.0,0.0,0.0,0
1428,same_geometry_diff_limits,normalized_copy,0.9071972650232466,0.03563144230112591,0.44198749947569416,0
1428,same_geometry_diff_limits,ejar_absolute,0.8977074541566155,0.03525871669735736,0.4405927904367806,0
1429,same_limits_diff_geometry,normalized_copy,0.5457791368485522,0.028619580992476752,0.841065988305561,0
1429,same_limits_diff_geometry,ejar_absolute,0.5247032289048426,0.02751440196737166,0.9996062403035698,1
1430,matched_morphology,normalized_copy,0.0,0.0,0.999992011980455,0
1430,matched_morphology,ejar_absolute,0.04378125162227092,0.0004898542923111797,0.9996538961406681,0
1431,random_map,normalized_copy,0.7452898587624738,0.036561139759909246,0.8669096373523565,0
1431,random_map,ejar_absolute,0.9052351349057384,0.04440745824426538,0.7747276967984161,0
1432,zero_effect,normalized_copy,0.0,0.0,0.0,0
1432,zero_effect,ejar_absolute,0.0,0.0,0.0,0
1433,same_geometry_diff_limits,normalized_copy,1.3924719479816514,0.04102745936388133,-0.4853702172905262,0
1433,same_geometry_diff_limits,ejar_absolute,0.5847240786637786,0.017228169954327327,0.9999525151398287,1
1434,same_limits_diff_geometry,normalized_copy,2.086736915611339,0.08046952527434449,-0.9984906134864686,0
1434,same_limits_diff_geometry,ejar_absolute,0.009437144383163915,0.00036391867263064597,0.999957121397449,0
1435,matched_morphology,normalized_copy,0.0,0.0,0.9999998276088722,0
1435,matched_morphology,ejar_absolute,0.0006681089575736603,5.088500334613755e-05,0.9999997405509574,0
1436,random_map,normalized_copy,1.2776591076184787,0.07074831150680858,0.1345741091197332,0
1436,random_map,ejar_absolute,1.3250555887432263,0.073372815172102,-0.9776449787331165,1
1437,zero_effect,normalized_copy,0.0,0.0,0.0,0
1437,zero_effect,ejar_absolute,0.0,0.0,0.0,0
1438,same_geometry_diff_limits,normalized_copy,1.1379461367714514,0.010754674677136788,0.05719917751900249,0
1438,same_geometry_diff_limits,ejar_absolute,0.004784125055396902,4.52145377737386e-05,0.9999808610902794,0
1439,same_limits_diff_geometry,normalized_copy,1.5990566567626319,0.12331664218985743,-0.36492668785093363,0
1439,same_limits_diff_geometry,ejar_absolute,0.9691172626832596,0.07473674320225522,0.6187986021026821,1
1440,matched_morphology,normalized_copy,0.0,0.0,0.9999998361820313,0
1440,matched_morphology,ejar_absolute,0.0012827263324805157,0.00010021972616650008,0.9999993309812797,0
1441,random_map,normalized_copy,1.1283574279240622,0.027644153541391558,0.07325396031231375,0
1441,random_map,ejar_absolute,2.4354594237962184,0.05966745340536074,0.2750013624481355,0
1442,zero_effect,normalized_copy,0.0,0.0,0.0,0
1442,zero_effect,ejar_absolute,0.0,0.0,0.0,0
1443,same_geometry_diff_limits,normalized_copy,0.4978192091405143,0.007026051924565948,0.9240236755273,0
1443,same_geometry_diff_limits,ejar_absolute,0.05558552211124421,0.0007845152566169354,0.9992511469786232,0
1444,same_limits_diff_geometry,normalized_copy,2.046180374356332,0.14835347702682497,-0.9963277527112033,0
1444,same_limits_diff_geometry,ejar_absolute,0.015398170262445669,0.0011164079799189108,0.9998828412766971,0
1445,matched_morphology,normalized_copy,0.0,0.0,0.999999894159955,0
1445,matched_morphology,ejar_absolute,0.0022412493222824753,0.00021785380258452518,0.9999975280648272,0
1446,random_map,normalized_copy,1.9688139596633216,0.05369921915114006,-0.8147033753357561,0
1446,random_map,ejar_absolute,0.6171446326356891,0.016832562931197854,0.9642331340535278,0
1447,zero_effect,normalized_copy,0.0,0.0,0.0,0
1447,zero_effect,ejar_absolute,0.0,0.0,0.0,0
1448,same_geometry_diff_limits,normalized_copy,0.8677541350539071,0.0319610129874072,0.528604535103276,0
1448,same_geometry_diff_limits,ejar_absolute,0.6522506197754332,0.024023614163926715,0.9977579905419457,1
1449,same_limits_diff_geometry,normalized_copy,0.8476015424956264,0.027752516308717973,0.5500753331021122,0
1449,same_limits_diff_geometry,ejar_absolute,0.3393171237906275,0.011110060021953366,0.9997973519660177,1
1450,matched_morphology,normalized_copy,0.0,0.0,0.999999780300153,0
1450,matched_morphology,ejar_absolute,0.0019015225544301339,0.00012828815591628607,0.9999981585717861,0
1451,random_map,normalized_copy,1.0723080676955368,0.08174612393636203,0.40671153456161835,0
1451,random_map,ejar_absolute,1.0282338116566812,0.07838617570404283,-0.16332277964869227,0
1452,zero_effect,normalized_copy,0.0,0.0,0.0,0
1452,zero_effect,ejar_absolute,0.0,0.0,0.0,0
1453,same_geometry_diff_limits,normalized_copy,1.6256064726886907,0.0757281918713567,-0.8320909482323986,0
1453,same_geometry_diff_limits,ejar_absolute,0.6966020759613978,0.03245091389131814,0.9982798795907057,1
1454,same_limits_diff_geometry,normalized_copy,1.0487069076833435,0.022414348233185506,0.5923281709801361,0
1454,same_limits_diff_geometry,ejar_absolute,0.6097442093800516,0.01303225805235146,0.9932659362031454,1
1455,matched_morphology,normalized_copy,0.0,0.0,0.9999972862418288,0
1455,matched_morphology,ejar_absolute,0.0016699523013142868,3.205663467341114e-05,0.999996004948359,0
1456,random_map,normalized_copy,0.3294431174840149,0.009575375760248656,0.999292819785207,0
1456,random_map,ejar_absolute,1.080932101384848,0.03141765753408806,-0.8826209020546063,0
1457,zero_effect,normalized_copy,0.0,0.0,0.0,0
1457,zero_effect,ejar_absolute,0.0,0.0,0.0,0
1458,same_geometry_diff_limits,normalized_copy,1.8036293365144922,0.02420390593624602,-0.8122234683513914,0
1458,same_geometry_diff_limits,ejar_absolute,0.009015200356593403,0.00012097999129304195,0.9999683145578603,0
1459,same_limits_diff_geometry,normalized_copy,1.01821853265054,0.05723248872105809,0.3652918035055254,0
1459,same_limits_diff_geometry,ejar_absolute,0.6637880753933667,0.03731050095820859,0.9998576384489609,1
1460,matched_morphology,normalized_copy,0.0,0.0,0.9999974006810599,0
1460,matched_morphology,ejar_absolute,0.004521361393329851,8.868269728347779e-05,0.9999947068372487,0
1461,random_map,normalized_copy,0.9631265403623969,0.024006455785779673,0.3618094513491285,0
1461,random_map,ejar_absolute,1.02727566001704,0.02560540767854594,-0.4010863211868491,0
1462,zero_effect,normalized_copy,0.0,0.0,0.0,0
1462,zero_effect,ejar_absolute,0.0,0.0,0.0,0
1463,same_geometry_diff_limits,normalized_copy,1.4604871397258674,0.010247847686904454,-0.7495539391984305,0
1463,same_geometry_diff_limits,ejar_absolute,0.685864013740296,0.004812524366396521,0.7369646142163883,0
1464,same_limits_diff_geometry,normalized_copy,1.344228988838532,0.014121897791047935,0.09830290089251732,0
1464,same_limits_diff_geometry,ejar_absolute,0.4730257720643919,0.0049694074901603545,0.9997651520287101,1
1465,matched_morphology,normalized_copy,0.0,0.0,0.9999991236076171,0
1465,matched_morphology,ejar_absolute,0.0027806427575046903,9.392813991500504e-05,0.9999956688340791,0
1466,random_map,normalized_copy,2.1346861437843923,0.07063641636657,-0.6330272989958281,0
1466,random_map,ejar_absolute,2.8571017529654847,0.09454103106058799,-0.7383335416890063,0
1467,zero_effect,normalized_copy,0.0,0.0,0.0,0
1467,zero_effect,ejar_absolute,0.0,0.0,0.0,0
1468,same_geometry_diff_limits,normalized_copy,0.4471346621059321,0.008098977510601972,0.9997497583379773,0
1468,same_geometry_diff_limits,ejar_absolute,0.021067075035222645,0.0003815892199473677,0.9997758689429257,0
1469,same_limits_diff_geometry,normalized_copy,1.8539507953919918,0.09902903669065712,-0.90437418412689,0
1469,same_limits_diff_geometry,ejar_absolute,0.013847381329581042,0.0007396597780075715,0.9999175703548996,0
1470,matched_morphology,normalized_copy,0.0,0.0,0.9999996474442159,0
1470,matched_morphology,ejar_absolute,0.006758011674008279,0.00035991914385151424,0.9999810660005816,0
1471,random_map,normalized_copy,1.4019503774278514,0.057111895942943934,0.15783075554689713,0
1471,random_map,ejar_absolute,0.7350122113199224,0.029942529782482862,0.6954479108953847,0
1472,zero_effect,normalized_copy,0.0,0.0,0.0,0
1472,zero_effect,ejar_absolute,0.0,0.0,0.0,0
1473,same_geometry_diff_limits,normalized_copy,0.4533081764188522,0.012582466336023578,0.9157839863494348,0
1473,same_geometry_diff_limits,ejar_absolute,0.012483796096723085,0.00034651248820110237,0.999940282407922,0
1474,same_limits_diff_geometry,normalized_copy,0.3810395900582026,0.015876056118331434,0.9311947328248029,0
1474,same_limits_diff_geometry,ejar_absolute,0.6526645033065278,0.027193337782445717,0.9876009778306384,1
1475,matched_morphology,normalized_copy,0.0,0.0,0.9999987908919169,0
1475,matched_morphology,ejar_absolute,0.006676447318713411,0.0001920050346905486,0.9999810380070904,0
1476,random_map,normalized_copy,1.7096980366942303,0.10018834730414232,-0.5897595086473476,0
1476,random_map,ejar_absolute,1.1882899530350077,0.06963382068501857,-0.6096577215360626,0
1477,zero_effect,normalized_copy,0.0,0.0,0.0,0
1477,zero_effect,ejar_absolute,0.0,0.0,0.0,0
1478,same_geometry_diff_limits,normalized_copy,0.7819364325690757,0.05082554463092602,0.6234859047868764,0
1478,same_geometry_diff_limits,ejar_absolute,0.7285749792020414,0.04735707223763119,0.9991508058807432,1
1479,same_limits_diff_geometry,normalized_copy,0.6091755658286193,0.006974689069487724,0.7977242058516701,0
1479,same_limits_diff_geometry,ejar_absolute,0.573277521102785,0.006563678329382469,0.8195922795342785,0
1480,matched_morphology,normalized_copy,0.0,0.0,0.9999992260263229,0
1480,matched_morphology,ejar_absolute,0.014679044694592526,0.0005276361484993541,0.9999011936045655,0
1481,random_map,normalized_copy,3.0063414395961443,0.022352412706138417,-0.9658489860761476,0
1481,random_map,ejar_absolute,0.4418930189362675,0.003285513415452825,0.9328097108144242,0
1482,zero_effect,normalized_copy,0.0,0.0,0.0,0
1482,zero_effect,ejar_absolute,0.0,0.0,0.0,0
1483,same_geometry_diff_limits,normalized_copy,0.723808430833517,0.006192630160251358,0.6901054100083579,0
1483,same_geometry_diff_limits,ejar_absolute,0.002227666569373331,1.9059069495223905e-05,0.9999863013653724,0
1484,same_limits_diff_geometry,normalized_copy,0.017373475203150232,0.0012983864718138585,0.9998838782459513,0
1484,same_limits_diff_geometry,ejar_absolute,0.0018158351079429929,0.00013570432579719798,0.9999987955461191,0
1485,matched_morphology,normalized_copy,0.0,0.0,0.9999997939291063,0
1485,matched_morphology,ejar_absolute,0.0006784334399625504,4.726056188095386e-05,0.9999996991256085,0
1486,random_map,normalized_copy,3.4894014825185145,0.04546530696394574,-0.8904035506725333,0
1486,random_map,ejar_absolute,1.4251234416808554,0.018568707287522947,-0.9407820859467887,0
1487,zero_effect,normalized_copy,0.0,0.0,0.0,0
1487,zero_effect,ejar_absolute,0.0,0.0,0.0,0
1488,same_geometry_diff_limits,normalized_copy,1.1731232405861152,0.13526747679348095,-0.07454110941700097,0
1488,same_geometry_diff_limits,ejar_absolute,0.8649216376917361,0.09973015920833099,0.9999957099918615,1
1489,same_limits_diff_geometry,normalized_copy,1.501345707313855,0.09316228522997785,-0.026306996847312872,0
1489,same_limits_diff_geometry,ejar_absolute,0.9892515019393199,0.0613855490703373,0.7946987235571018,1
1490,matched_morphology,normalized_copy,0.0,0.0,0.9999986945964696,0
1490,matched_morphology,ejar_absolute,0.008257334101252267,0.00022854261790676767,0.9999647322039934,0
1491,random_map,normalized_copy,1.1292145272721172,0.05769197293235278,0.4195622314382298,0
1491,random_map,ejar_absolute,1.05804887487633,0.054056094370243564,-0.0716437551701502,0
1492,zero_effect,normalized_copy,0.0,0.0,0.0,0
1492,zero_effect,ejar_absolute,0.0,0.0,0.0,0
1493,same_geometry_diff_limits,normalized_copy,1.6648959089711748,0.024603275918065354,-0.9862627155754617,0
1493,same_geometry_diff_limits,ejar_absolute,0.006650009691867566,9.82716231238329e-05,0.9999770341061721,0
1494,same_limits_diff_geometry,normalized_copy,0.34169293353050906,0.013523992786460996,0.9648809109429227,0
1494,same_limits_diff_geometry,ejar_absolute,0.1373757111899405,0.005437244803313496,0.9996040099539347,1
1495,matched_morphology,normalized_copy,0.0,0.0,0.9999982399265379,0
1495,matched_morphology,ejar_absolute,0.002941683668384394,7.011811107042346e-05,0.9999940604887064,0
1496,random_map,normalized_copy,0.7000796634529299,0.03301704809790802,0.7544123734112819,0
1496,random_map,ejar_absolute,1.0803052296274283,0.050949187055522226,-0.7685867826983498,0
1497,zero_effect,normalized_copy,0.0,0.0,0.0,0
1497,zero_effect,ejar_absolute,0.0,0.0,0.0,0
1498,same_geometry_diff_limits,normalized_copy,0.38340219422396704,0.028823602870129937,0.9725796984158843,0
1498,same_geometry_diff_limits,ejar_absolute,0.5495146403212213,0.041311687837364636,0.9991132421849278,1
1499,same_limits_diff_geometry,normalized_copy,2.466502572349181,0.02041603713509636,-0.9999429592231895,0
1499,same_limits_diff_geometry,ejar_absolute,0.052386240483791445,0.0004336178048525316,0.9989124015650145,0
1500,matched_morphology,normalized_copy,0.0,0.0,0.9999999464610341,0
1500,matched_morphology,ejar_absolute,0.0011765787050242935,0.0001607999780824669,0.9999993535462119,0
1501,random_map,normalized_copy,0.22734650767001732,0.01260234671374475,0.9740827642236051,0
1501,random_map,ejar_absolute,0.8182957988307225,0.04536004303278553,0.9510624586112816,0
1502,zero_effect,normalized_copy,0.0,0.0,0.0,0
1502,zero_effect,ejar_absolute,0.0,0.0,0.0,0
1503,same_geometry_diff_limits,normalized_copy,1.2379080342387088,0.06891811794162514,-0.3254961764546383,0
1503,same_geometry_diff_limits,ejar_absolute,0.5135237956530644,0.028589436804498797,0.9999676512840957,1
1504,same_limits_diff_geometry,normalized_copy,0.5362999904311191,0.05097038597491993,0.8666050511811192,0
1504,same_limits_diff_geometry,ejar_absolute,0.7260489280571547,0.0690042788738463,0.9998537465786439,1
1505,matched_morphology,normalized_copy,0.0,0.0,0.999997736553226,0
1505,matched_morphology,ejar_absolute,0.0028974413799694853,6.0901647921068284e-05,0.9999946990233644,0
1506,random_map,normalized_copy,2.105306863518722,0.15157118081783014,-0.32561683218171233,0
1506,random_map,ejar_absolute,0.968023828658679,0.06969269768320786,0.35242032126037975,0
1507,zero_effect,normalized_copy,0.0,0.0,0.0,0
1507,zero_effect,ejar_absolute,0.0,0.0,0.0,0
1508,same_geometry_diff_limits,normalized_copy,1.3010538904261284,0.03618334775691686,-0.26095302606595155,0
1508,same_geometry_diff_limits,ejar_absolute,0.3748985359604717,0.010426227691286358,0.9994422315570457,1
1509,same_limits_diff_geometry,normalized_copy,0.43929459058394305,0.016779469679210388,0.8997015945803792,0
1509,same_limits_diff_geometry,ejar_absolute,0.014318582770654365,0.0005469182425626732,0.9999121687089412,0
1510,matched_morphology,normalized_copy,0.0,0.0,0.9999997705012024,0
1510,matched_morphology,ejar_absolute,0.00287315873751504,0.00018965721566848877,0.9999964394112293,0
1511,random_map,normalized_copy,1.0499739090977678,0.058442279614824906,0.03598261035270452,0
1511,random_map,ejar_absolute,1.182711099357287,0.06583052414282364,-0.9216761996783682,0
1512,zero_effect,normalized_copy,0.0,0.0,0.0,0
1512,zero_effect,ejar_absolute,0.0,0.0,0.0,0
1513,same_geometry_diff_limits,normalized_copy,0.33242794229096806,0.033916902722883474,0.9498739012968389,0
1513,same_geometry_diff_limits,ejar_absolute,0.3254063558950463,0.03320050547567989,0.9500406745764975,1
1514,same_limits_diff_geometry,normalized_copy,1.5639291510828102,0.017488555753938612,-0.8601694304275233,0
1514,same_limits_diff_geometry,ejar_absolute,0.033446803181340266,0.0003740171233606657,0.9998082933680245,0
1515,matched_morphology,normalized_copy,0.0,0.0,0.9999995395558335,0
1515,matched_morphology,ejar_absolute,0.00420856864246152,0.00019613081668440598,0.9999942815488972,0
1516,random_map,normalized_copy,2.173324805760811,0.04366641627404239,-0.9999716097213326,0
1516,random_map,ejar_absolute,1.1152783279157918,0.02240815896413631,-0.2935130085351631,0
1517,zero_effect,normalized_copy,0.0,0.0,0.0,0
1517,zero_effect,ejar_absolute,0.0,0.0,0.0,0
1518,same_geometry_diff_limits,normalized_copy,1.3979385369123292,0.08935488715455603,-0.6090260312167118,0
1518,same_geometry_diff_limits,ejar_absolute,0.5476360774980414,0.03500437151885316,0.9999765629899485,1
1519,same_limits_diff_geometry,normalized_copy,1.7768716402221867,0.10137041079527218,-0.9559512736323952,0
1519,same_limits_diff_geometry,ejar_absolute,0.10953129659898875,0.006248753303187335,0.9999459628698073,1
1520,matched_morphology,normalized_copy,0.0,0.0,0.9999971706716148,0
1520,matched_morphology,ejar_absolute,0.0415408360974501,0.0007809675048949073,0.9991907033642726,0
1521,random_map,normalized_copy,2.3917539746918997,0.11703376252722496,-0.688618552187254,0
1521,random_map,ejar_absolute,3.921307559368113,0.19187817081329092,-0.7033265720500457,0
1522,zero_effect,normalized_copy,0.0,0.0,0.0,0
1522,zero_effect,ejar_absolute,0.0,0.0,0.0,0
1523,same_geometry_diff_limits,normalized_copy,0.42614961270596696,0.013695686606147181,0.9874594679425565,0
1523,same_geometry_diff_limits,ejar_absolute,0.008648436468886477,0.0002779452848940366,0.9999689276322278,0
1524,same_limits_diff_geometry,normalized_copy,0.16796313168222787,0.010139127746481649,0.9907654182016313,0
1524,same_limits_diff_geometry,ejar_absolute,0.3430759258504148,0.020709846286510264,0.9969473809986629,1
1525,matched_morphology,normalized_copy,0.0,0.0,0.9999993436178809,0
1525,matched_morphology,ejar_absolute,0.005574836641595949,0.00021759737083233965,0.999996688777059,0
1526,random_map,normalized_copy,0.8141025024302772,0.019375781882130627,0.6060502179742067,0
1526,random_map,ejar_absolute,0.8155215818017424,0.019409556219259994,0.9724309220759306,0
1527,zero_effect,normalized_copy,0.0,0.0,0.0,0
1527,zero_effect,ejar_absolute,0.0,0.0,0.0,0
1528,same_geometry_diff_limits,normalized_copy,0.6520981075083785,0.04444843301377632,0.7748629591294338,0
1528,same_geometry_diff_limits,ejar_absolute,0.8837856770378173,0.06024076440652092,0.9487228416410295,1
1529,same_limits_diff_geometry,normalized_copy,0.629986585519578,0.046854746691032005,0.7769985790335152,0
1529,same_limits_diff_geometry,ejar_absolute,0.8578462196053452,0.06380162410334174,0.9942923892794098,1
1530,matched_morphology,normalized_copy,0.0,0.0,0.9999998835614939,0
1530,matched_morphology,ejar_absolute,0.0014090697405572498,0.0001305822524496584,0.999999005916078,0
1531,random_map,normalized_copy,2.000166581687701,0.012163460683388685,-0.999764079982652,0
1531,random_map,ejar_absolute,0.9126158344462227,0.005549821161374544,0.4610188573389137,0
1532,zero_effect,normalized_copy,0.0,0.0,0.0,0
1532,zero_effect,ejar_absolute,0.0,0.0,0.0,0
1533,same_geometry_diff_limits,normalized_copy,0.8537553858667598,0.04949404460500471,0.5353523262479275,0
1533,same_geometry_diff_limits,ejar_absolute,0.930517660556189,0.05394411954491632,0.8080110673380616,1
1534,same_limits_diff_geometry,normalized_copy,0.2863064473248559,0.007423104001996816,0.9910539597429704,0
1534,same_limits_diff_geometry,ejar_absolute,0.041666370598818635,0.001080289337633514,0.9992104414661541,0
1535,matched_morphology,normalized_copy,0.0,0.0,0.9999994567547836,0
1535,matched_morphology,ejar_absolute,0.002045813221004136,8.777440974917996e-05,0.999997996366765,0
1536,random_map,normalized_copy,2.860234333540983,0.014066268338749095,-0.5253400498412181,0
1536,random_map,ejar_absolute,1.0736371269215363,0.0052800107140261905,-0.1211699194739952,0
1537,zero_effect,normalized_copy,0.0,0.0,0.0,0
1537,zero_effect,ejar_absolute,0.0,0.0,0.0,0
1538,same_geometry_diff_limits,normalized_copy,0.4944007073201123,0.00390154198731191,0.9674257452690693,0
1538,same_geometry_diff_limits,ejar_absolute,0.020610602685493126,0.00016264768753494017,0.9997793196872224,0
1539,same_limits_diff_geometry,normalized_copy,1.8344531611322716,0.017189891673441964,-0.956698477554166,0
1539,same_limits_diff_geometry,ejar_absolute,0.02927962648801425,0.0002743671074475125,0.9998918348446252,0
1540,matched_morphology,normalized_copy,0.0,0.0,0.9999999312499119,0
1540,matched_morphology,ejar_absolute,0.0008453552920082684,0.0001019536163031588,0.999999708153882,0
1541,random_map,normalized_copy,1.1385842580053587,0.051562558338617594,0.19480701618081303,0
1541,random_map,ejar_absolute,1.0877503279289131,0.04926046478100967,0.12132986576978723,0
1542,zero_effect,normalized_copy,0.0,0.0,0.0,0
1542,zero_effect,ejar_absolute,0.0,0.0,0.0,0
1543,same_geometry_diff_limits,normalized_copy,0.5942144651999086,0.026491204830198706,0.8308245086444688,0
1543,same_geometry_diff_limits,ejar_absolute,0.516961305581719,0.0230471128481279,0.9999439183487807,1
1544,same_limits_diff_geometry,normalized_copy,0.9871515782415169,0.048827868411770094,0.5389498339734178,0
1544,same_limits_diff_geometry,ejar_absolute,0.5888097804030871,0.02912453073144063,0.9997668351464525,1
1545,matched_morphology,normalized_copy,0.0,0.0,0.9999996641710668,0
1545,matched_morphology,ejar_absolute,0.008437909959527609,0.00046044288554073816,0.9999642672960172,0
1546,random_map,normalized_copy,0.9430633649683817,0.02356953139969904,0.47983295658812725,0
1546,random_map,ejar_absolute,0.3605216953955849,0.009010346213781575,0.9696850428129103,0
1547,zero_effect,normalized_copy,0.0,0.0,0.0,0
1547,zero_effect,ejar_absolute,0.0,0.0,0.0,0
1548,same_geometry_diff_limits,normalized_copy,1.4142241492625935,0.05577893014363218,-0.6993587490464795,0
1548,same_geometry_diff_limits,ejar_absolute,0.32359970265160526,0.012763213821596606,0.9999614270807157,1
1549,same_limits_diff_geometry,normalized_copy,0.9340877470270192,0.06831817212439358,0.5775416908451979,0
1549,same_limits_diff_geometry,ejar_absolute,0.9108366292157553,0.06661761040118264,0.6251157316632913,1
1550,matched_morphology,normalized_copy,0.0,0.0,0.9999976870713131,0
1550,matched_morphology,ejar_absolute,0.014499258779241488,0.00030148395119289573,0.9999255825951849,0
1551,random_map,normalized_copy,1.072605688251357,0.013352197986400447,0.3115230264629985,0
1551,random_map,ejar_absolute,1.8859794675474812,0.02347737992144496,-0.3120399961184212,0
1552,zero_effect,normalized_copy,0.0,0.0,0.0,0
1552,zero_effect,ejar_absolute,0.0,0.0,0.0,0
1553,same_geometry_diff_limits,normalized_copy,1.5356561342407966,0.10463106544419659,-0.943525203480527,0
1553,same_geometry_diff_limits,ejar_absolute,0.5930624908508245,0.04040797865427649,0.9998639339193836,1
1554,same_limits_diff_geometry,normalized_copy,0.6985105257833135,0.029733575543886413,0.784330714229579,0
1554,same_limits_diff_geometry,ejar_absolute,0.6410783436204901,0.02728885343311568,0.9989987463718673,1
1555,matched_morphology,normalized_copy,0.0,0.0,0.9999991145477587,0
1555,matched_morphology,ejar_absolute,0.010678926917663981,0.0003588763706724461,0.9999425725236674,0
1556,random_map,normalized_copy,0.8423749652641407,0.013954271479444277,0.7266143311539108,0
1556,random_map,ejar_absolute,0.8868530615886608,0.014691068578829356,0.6321140626420358,0
1557,zero_effect,normalized_copy,0.0,0.0,0.0,0
1557,zero_effect,ejar_absolute,0.0,0.0,0.0,0
1558,same_geometry_diff_limits,normalized_copy,1.4205425330344568,0.06281538002089104,-0.5036047078411509,0
1558,same_geometry_diff_limits,ejar_absolute,0.8645051581224337,0.03822780295179234,0.9642337884822029,1
1559,same_limits_diff_geometry,normalized_copy,1.4405234214561908,0.015948393007345095,0.25105404621726457,0
1559,same_limits_diff_geometry,ejar_absolute,0.2230242444804333,0.0024691568690668017,0.9999675370930099,1
1560,matched_morphology,normalized_copy,0.0,0.0,0.9999999079925094,0
1560,matched_morphology,ejar_absolute,0.0006037355053105307,6.294121299592728e-05,0.9999998331597691,0
1561,random_map,normalized_copy,2.1895764768451422,0.06146334226706178,-0.30087218105996805,0
1561,random_map,ejar_absolute,1.4206110430418804,0.03987780453901273,0.09750819183166175,0
1562,zero_effect,normalized_copy,0.0,0.0,0.0,0
1562,zero_effect,ejar_absolute,0.0,0.0,0.0,0
1563,same_geometry_diff_limits,normalized_copy,0.5487408558441726,0.036934868139892524,0.9361538187124097,0
1563,same_geometry_diff_limits,ejar_absolute,0.17256455505286006,0.011615043820076979,0.9999643656555601,1
1564,same_limits_diff_geometry,normalized_copy,1.434643794192622,0.0719693287149413,0.18138459328281611,0
1564,same_limits_diff_geometry,ejar_absolute,0.9789443677204583,0.049109032694602484,0.3400500115037686,1
1565,matched_morphology,normalized_copy,0.0,0.0,0.9999970826117528,0
1565,matched_morphology,ejar_absolute,0.03983285319030055,0.0007374688673582216,0.9992534397160723,0
1566,random_map,normalized_copy,1.1689876112921902,0.03267941103219679,-0.39548244130664445,0
1566,random_map,ejar_absolute,1.0109889169325454,0.028262508555512898,0.16485986139381334,0
1567,zero_effect,normalized_copy,0.0,0.0,0.0,0
1567,zero_effect,ejar_absolute,0.0,0.0,0.0,0
1568,same_geometry_diff_limits,normalized_copy,1.3683338335324369,0.09264102554706742,-0.4114679870122841,0
1568,same_geometry_diff_limits,ejar_absolute,0.9547909776121674,0.06464271596700344,0.5879992993331894,1
1569,same_limits_diff_geometry,normalized_copy,0.34628123008353134,0.009745710199218138,0.9872435447580291,0
1569,same_limits_diff_geometry,ejar_absolute,0.0016238299197152946,4.570093448769214e-05,0.9999980796701706,0
1570,matched_morphology,normalized_copy,0.0,0.0,0.9999988833108703,0
1570,matched_morphology,ejar_absolute,0.010672254829020998,0.0003193668350427597,0.9999510082092532,0
1571,random_map,normalized_copy,0.808485655842507,0.004176296302242694,0.7228916799705652,0
1571,random_map,ejar_absolute,1.1986448105094574,0.006191694130449965,-0.6998898391179382,0
1572,zero_effect,normalized_copy,0.0,0.0,0.0,0
1572,zero_effect,ejar_absolute,0.0,0.0,0.0,0
1573,same_geometry_diff_limits,normalized_copy,0.5336706594559686,0.0080428179657409,0.9244047804970261,0
1573,same_geometry_diff_limits,ejar_absolute,0.004630090142891786,6.977893861021297e-05,0.9999895171198927,0
1574,same_limits_diff_geometry,normalized_copy,1.7906655978265804,0.07963845897995131,-0.5778360380168772,0
1574,same_limits_diff_geometry,ejar_absolute,0.8134477650035342,0.03617745632919727,0.5816482345742391,0
1575,matched_morphology,normalized_copy,0.0,0.0,0.9999970463696615,0
1575,matched_morphology,ejar_absolute,0.003513194012951127,6.464328917724005e-05,0.9999925984376957,0
1576,random_map,normalized_copy,1.2247450170006369,0.02928055946596832,0.6022715712391222,0
1576,random_map,ejar_absolute,0.7025162341436104,0.01679538849647707,0.9776512413334103,0
1577,zero_effect,normalized_copy,0.0,0.0,0.0,0
1577,zero_effect,ejar_absolute,0.0,0.0,0.0,0
1578,same_geometry_diff_limits,normalized_copy,1.360122880741046,0.05430535120607064,-0.605113582539586,0
1578,same_geometry_diff_limits,ejar_absolute,0.15112750153259621,0.006034037191663241,0.9999667512560984,1
1579,same_limits_diff_geometry,normalized_copy,1.1994143022231747,0.1024159210509794,0.2518448790795185,0
1579,same_limits_diff_geometry,ejar_absolute,0.9689850394968625,0.0827399632643578,0.9299966046893503,1
1580,matched_morphology,normalized_copy,0.0,0.0,0.9999997463268754,0
1580,matched_morphology,ejar_absolute,0.0017679040557025687,0.00011099960027805673,0.9999988702644703,0
1581,random_map,normalized_copy,0.6164173700302333,0.04749715485586474,0.8409227279197878,0
1581,random_map,ejar_absolute,0.5494751595590026,0.04233901900224662,0.8446175863795227,1
1582,zero_effect,normalized_copy,0.0,0.0,0.0,0
1582,zero_effect,ejar_absolute,0.0,0.0,0.0,0
1583,same_geometry_diff_limits,normalized_copy,1.2723508891855444,0.021813631582224526,-0.45377410912529687,0
1583,same_geometry_diff_limits,ejar_absolute,0.7731764499677507,0.013255609259207476,0.9685444537817477,1
1584,same_limits_diff_geometry,normalized_copy,0.24838790645251208,0.008795169346440188,0.9946628124853949,0
1584,same_limits_diff_geometry,ejar_absolute,0.0019304556510037988,6.835551943273418e-05,0.9999979097783454,0
1585,matched_morphology,normalized_copy,0.0,0.0,0.9999998263595027,0
1585,matched_morphology,ejar_absolute,0.0009264651316533157,7.030780454664036e-05,0.999999655401377,0
1586,random_map,normalized_copy,2.2356538871713,0.04573757707196521,-0.9987938362648474,0
1586,random_map,ejar_absolute,2.024807769018973,0.04142403344401193,-0.810416549082042,0
1587,zero_effect,normalized_copy,0.0,0.0,0.0,0
1587,zero_effect,ejar_absolute,0.0,0.0,0.0,0
1588,same_geometry_diff_limits,normalized_copy,1.3231332075950717,0.053245468431729,-0.16056196020898805,0
1588,same_geometry_diff_limits,ejar_absolute,0.5937921047407677,0.023895355801288584,0.9999410581491699,1
1589,same_limits_diff_geometry,normalized_copy,0.7249019438572424,0.021410968948089398,0.7334062813546314,0
1589,same_limits_diff_geometry,ejar_absolute,0.5608323217785851,0.016564948581584905,0.9969114807712917,1
1590,matched_morphology,normalized_copy,0.0,0.0,0.9999994946076203,0
1590,matched_morphology,ejar_absolute,0.012452905937258587,0.0005539317556692442,0.999923704389948,0
1591,random_map,normalized_copy,0.5914172906045055,0.017539505778686366,0.8289999123970806,0
1591,random_map,ejar_absolute,0.8802633082523816,0.026105735539245334,0.9963689992905744,0
1592,zero_effect,normalized_copy,0.0,0.0,0.0,0
1592,zero_effect,ejar_absolute,0.0,0.0,0.0,0
1593,same_geometry_diff_limits,normalized_copy,0.5248756627042739,0.021988136738397647,0.8914744279724365,0
1593,same_geometry_diff_limits,ejar_absolute,0.5859605816445397,0.024547111455175963,0.9977430218361879,1
1594,same_limits_diff_geometry,normalized_copy,0.6730445386556695,0.02332616303751782,0.8414980927191325,0
1594,same_limits_diff_geometry,ejar_absolute,0.508867150931846,0.01763615547758882,0.997484997430516,1
1595,matched_morphology,normalized_copy,0.0,0.0,0.9999954410152117,0
1595,matched_morphology,ejar_absolute,0.012288436874164114,0.00018199590264452212,0.9999951615156455,0
1596,random_map,normalized_copy,0.7542012415057686,0.03406418466176895,0.6672131560015709,0
1596,random_map,ejar_absolute,0.7458476721558519,0.03368688810846133,0.923000578185035,0
1597,zero_effect,normalized_copy,0.0,0.0,0.0,0
1597,zero_effect,ejar_absolute,0.0,0.0,0.0,0
1598,same_geometry_diff_limits,normalized_copy,0.567092588646527,0.047996481709268866,0.85805434668876,0
1598,same_geometry_diff_limits,ejar_absolute,0.5621495235856961,0.047578120163853266,0.8648561028734221,1
1599,same_limits_diff_geometry,normalized_copy,1.8112052461945964,0.032048569306338884,-0.3417265134159403,0
1599,same_limits_diff_geometry,ejar_absolute,0.6142884189264294,0.010869593608680296,0.9941191529138033,1
1600,matched_morphology,normalized_copy,0.0,0.0,0.9999992704813421,0
1600,matched_morphology,ejar_absolute,0.021228732237208364,0.0007859695313619831,0.9997746077027012,0
1601,random_map,normalized_copy,1.1900306829230514,0.047819833341304144,0.17501249501912294,0
1601,random_map,ejar_absolute,0.7207919934554826,0.0289640876453068,0.6961386367586833,1
1602,zero_effect,normalized_copy,0.0,0.0,0.0,0
1602,zero_effect,ejar_absolute,0.0,0.0,0.0,0
1603,same_geometry_diff_limits,normalized_copy,1.2022804073990228,0.05959955047020947,-0.08449682671018212,0
1603,same_geometry_diff_limits,ejar_absolute,0.3165010332175574,0.015689617153399008,0.9999768495009888,1
1604,same_limits_diff_geometry,normalized_copy,0.22195081572770387,0.005888946434564134,0.9999020271090556,0
1604,same_limits_diff_geometry,ejar_absolute,0.013420536679188091,0.00035608259139629296,0.9999208329389168,0
1605,matched_morphology,normalized_copy,0.0,0.0,0.9999998504879676,0
1605,matched_morphology,ejar_absolute,0.005881140505501141,0.000480976054796335,0.999982845696555,0
1606,random_map,normalized_copy,0.18967010188650688,0.015444277062617725,0.9987826901182533,0
1606,random_map,ejar_absolute,0.13075368727319833,0.010646887164190467,0.9947854787061813,1
1607,zero_effect,normalized_copy,0.0,0.0,0.0,0
1607,zero_effect,ejar_absolute,0.0,0.0,0.0,0
1608,same_geometry_diff_limits,normalized_copy,0.4064599597972008,0.028405159441592654,0.9615188427564823,0
1608,same_geometry_diff_limits,ejar_absolute,0.2735491436118818,0.01911678346689671,0.9618594662476047,0
1609,same_limits_diff_geometry,normalized_copy,1.6038736848903767,0.05780375241477304,-0.0020081383788810993,0
1609,same_limits_diff_geometry,ejar_absolute,0.936076282395189,0.03373627373443125,0.9974347267359476,1
1610,matched_morphology,normalized_copy,0.0,0.0,0.9999998728385028,0
1610,matched_morphology,ejar_absolute,0.0021150923960685207,0.00018756487187019137,0.9999981089107457,0
1611,random_map,normalized_copy,0.7248727940438736,0.02169274564026658,0.7748646559371206,0
1611,random_map,ejar_absolute,1.986845741643904,0.05945890044994479,-0.7917101624245851,0
1612,zero_effect,normalized_copy,0.0,0.0,0.0,0
1612,zero_effect,ejar_absolute,0.0,0.0,0.0,0
1613,same_geometry_diff_limits,normalized_copy,0.5599267138665316,0.021394755090955515,0.8815396673498599,0
1613,same_geometry_diff_limits,ejar_absolute,0.34217699406235663,0.013074555659561725,0.9998005402919211,1
1614,same_limits_diff_geometry,normalized_copy,1.119710677832504,0.03904813565393352,0.1794695040304378,0
1614,same_limits_diff_geometry,ejar_absolute,0.6979506288015352,0.02433992224308089,0.9992613665900771,1
1615,matched_morphology,normalized_copy,0.0,0.0,0.9999995701120783,0
1615,matched_morphology,ejar_absolute,0.003352347921878883,0.0001616856137249089,0.999994461165259,0
1616,random_map,normalized_copy,0.939767918912929,0.07177725933553411,0.6789915415745215,0
1616,random_map,ejar_absolute,1.3502419256932485,0.1031282968015157,-0.3279935580644049,0
1617,zero_effect,normalized_copy,0.0,0.0,0.0,0
1617,zero_effect,ejar_absolute,0.0,0.0,0.0,0
1618,same_geometry_diff_limits,normalized_copy,1.3837011405278705,0.13417303526589203,-0.5940961040780973,0
1618,same_geometry_diff_limits,ejar_absolute,0.7363975980023526,0.07140609918757071,0.9998390352222232,1
1619,same_limits_diff_geometry,normalized_copy,0.7371285578382379,0.01579610644105417,0.6780108185136322,0
1619,same_limits_diff_geometry,ejar_absolute,0.05061644656498843,0.0010846720956698393,0.9998252196106827,1
1620,matched_morphology,normalized_copy,0.0,0.0,0.9999992174224778,0
1620,matched_morphology,ejar_absolute,0.0015275038654372077,5.460324780161232e-05,0.9999982870991169,0
1621,random_map,normalized_copy,1.0694047393698645,0.05002920616006023,0.08002225056829146,0
1621,random_map,ejar_absolute,1.0317013317732227,0.04826535428794243,-0.1887926351091698,0
1622,zero_effect,normalized_copy,0.0,0.0,0.0,0
1622,zero_effect,ejar_absolute,0.0,0.0,0.0,0
1623,same_geometry_diff_limits,normalized_copy,0.7769136567135818,0.030265863070733763,0.6522648081844062,0
1623,same_geometry_diff_limits,ejar_absolute,0.2695126266454122,0.01049927772976582,0.9999956349357455,1
1624,same_limits_diff_geometry,normalized_copy,0.3016866541451687,0.011310607789436692,0.9769771302975933,0
1624,same_limits_diff_geometry,ejar_absolute,0.2511721082857061,0.00941675465398123,0.9992723667203794,1
1625,matched_morphology,normalized_copy,0.0,0.0,0.9999996035734958,0
1625,matched_morphology,ejar_absolute,0.0017070582290540798,8.573673023442313e-05,0.9999985212545023,0
1626,random_map,normalized_copy,2.150130526106503,0.14477095227758413,-0.9592381254945275,0
1626,random_map,ejar_absolute,0.8057481193625741,0.05425201917728336,0.9659942036702218,0
1627,zero_effect,normalized_copy,0.0,0.0,0.0,0
1627,zero_effect,ejar_absolute,0.0,0.0,0.0,0
1628,same_geometry_diff_limits,normalized_copy,1.5079190912895348,0.13676309217016255,-0.97243618271587,0
1628,same_geometry_diff_limits,ejar_absolute,0.11710434092476402,0.010620962267759033,0.9999997923439415,1
1629,same_limits_diff_geometry,normalized_copy,0.9108752044544342,0.054028205586783166,0.601982724597142,0
1629,same_limits_diff_geometry,ejar_absolute,0.8154796401173167,0.04836985509390749,0.9970549909689231,1
1630,matched_morphology,normalized_copy,0.0,0.0,0.9999998453382187,0
1630,matched_morphology,ejar_absolute,0.0017228053560469456,0.0001385302702422272,0.9999987832267799,0
1631,random_map,normalized_copy,1.9194218044931406,0.07482063033294545,-0.2480317793463152,0
1631,random_map,ejar_absolute,3.551241929882305,0.13843031220995453,-0.13663950238643846,0
1632,zero_effect,normalized_copy,0.0,0.0,0.0,0
1632,zero_effect,ejar_absolute,0.0,0.0,0.0,0
1633,same_geometry_diff_limits,normalized_copy,1.0570800332923138,0.07699096010679513,0.3065259519631684,0
1633,same_geometry_diff_limits,ejar_absolute,0.8665897833158132,0.06311686658996242,0.9995013319224069,1
1634,same_limits_diff_geometry,normalized_copy,0.4096655621333798,0.006659345789010921,0.9355005000528404,0
1634,same_limits_diff_geometry,ejar_absolute,0.01876037746697141,0.00030496056352487803,0.9998268557241341,0
1635,matched_morphology,normalized_copy,0.0,0.0,0.9999998750347405,0
1635,matched_morphology,ejar_absolute,0.006836813140795714,0.0006115881191815541,0.9999768915127316,0
1636,random_map,normalized_copy,1.087917342339926,0.08370547727406631,0.389231473465337,0
1636,random_map,ejar_absolute,1.5745083399719058,0.1211442882102399,-0.5433422559760791,1
1637,zero_effect,normalized_copy,0.0,0.0,0.0,0
1637,zero_effect,ejar_absolute,0.0,0.0,0.0,0
1638,same_geometry_diff_limits,normalized_copy,0.7424041313711551,0.01851753037953189,0.6800437110868577,0
1638,same_geometry_diff_limits,ejar_absolute,0.01484633062284422,0.00037030690794425433,0.9999838210433323,0
1639,same_limits_diff_geometry,normalized_copy,0.3127235012163311,0.025460538073723036,0.9498664876472175,0
1639,same_limits_diff_geometry,ejar_absolute,0.7098293853121169,0.057791109463450785,0.9979577291748316,1
1640,matched_morphology,normalized_copy,0.0,0.0,0.9999996847998831,0
1640,matched_morphology,ejar_absolute,0.0028339322382532938,0.00015962327464725097,0.9999974342413821,0
1641,random_map,normalized_copy,0.7919268575354727,0.022951730614128533,0.6121896616487383,0
1641,random_map,ejar_absolute,1.0133746656482532,0.02936976074977916,-0.0243800153745069,0
1642,zero_effect,normalized_copy,0.0,0.0,0.0,0
1642,zero_effect,ejar_absolute,0.0,0.0,0.0,0
1643,same_geometry_diff_limits,normalized_copy,0.5663276437484664,0.032555955024347945,0.8435313136279765,0
1643,same_geometry_diff_limits,ejar_absolute,0.7177792169499135,0.0412623119538412,0.9975977419073495,1
1644,same_limits_diff_geometry,normalized_copy,1.741805623606084,0.1414924974561045,-0.6340739688569842,0
1644,same_limits_diff_geometry,ejar_absolute,0.8835130212022824,0.0717706167730061,0.9947095009376071,1
1645,matched_morphology,normalized_copy,0.0,0.0,0.9999994388405292,0
1645,matched_morphology,ejar_absolute,0.013493436371074136,0.0005696122300431368,0.9999097018049411,0
1646,random_map,normalized_copy,0.6305301853873925,0.026800261060242313,0.8507178983200886,0
1646,random_map,ejar_absolute,1.1310748694054744,0.048075575890347076,-0.4681696251953205,0
1647,zero_effect,normalized_copy,0.0,0.0,0.0,0
1647,zero_effect,ejar_absolute,0.0,0.0,0.0,0
1648,same_geometry_diff_limits,normalized_copy,0.9716140037025476,0.09531265460509142,0.301967527582281,0
1648,same_geometry_diff_limits,ejar_absolute,0.708924324330507,0.06954352140723911,0.999956209478069,1
1649,same_limits_diff_geometry,normalized_copy,1.2491832679631851,0.022159473145988155,0.028509668447578525,0
1649,same_limits_diff_geometry,ejar_absolute,0.9845785940119741,0.017465606107338695,0.3799665796286845,0
1650,matched_morphology,normalized_copy,0.0,0.0,0.9999998014548767,0
1650,matched_morphology,ejar_absolute,0.0007862981571669346,5.580300784854023e-05,0.9999996428865356,0
1651,random_map,normalized_copy,0.779752951746463,0.031463349569414115,0.8353770352570904,0
1651,random_map,ejar_absolute,1.4732099851391283,0.0594446236436373,-0.995378086854811,0
1652,zero_effect,normalized_copy,0.0,0.0,0.0,0
1652,zero_effect,ejar_absolute,0.0,0.0,0.0,0
1653,same_geometry_diff_limits,normalized_copy,1.421682919752229,0.06361652339928134,-0.501526186135979,0
1653,same_geometry_diff_limits,ejar_absolute,0.8269053169305938,0.03700181011717665,0.9870781294087706,1
1654,same_limits_diff_geometry,normalized_copy,1.093789793803288,0.0255011562491665,0.6377426635974923,0
1654,same_limits_diff_geometry,ejar_absolute,0.020468645953911502,0.00047721613571157634,0.9998480562585154,0
1655,matched_morphology,normalized_copy,0.0,0.0,0.9999977598964658,0
1655,matched_morphology,ejar_absolute,0.002010512011849875,4.247879226804472e-05,0.9999963610713735,0
1656,random_map,normalized_copy,0.2810961285748719,0.006328458088622039,0.9620343008498328,0
1656,random_map,ejar_absolute,1.3648456185097353,0.03072745376454967,-0.9813445382110635,0
1657,zero_effect,normalized_copy,0.0,0.0,0.0,0
1657,zero_effect,ejar_absolute,0.0,0.0,0.0,0
1658,same_geometry_diff_limits,normalized_copy,1.2501360476244205,0.025587753877248605,-0.189083521230563,0
1658,same_geometry_diff_limits,ejar_absolute,0.9453272280765984,0.019348934455134373,0.5061656698857887,1
1659,same_limits_diff_geometry,normalized_copy,2.439120600134459,0.022808158638093066,-0.1206507148980462,0
1659,same_limits_diff_geometry,ejar_absolute,0.035167890017639376,0.0003288541019435903,0.9997520631304704,0
1660,matched_morphology,normalized_copy,0.0,0.0,0.9999998676736256,0
1660,matched_morphology,ejar_absolute,0.001800003636601192,0.00015647687071689557,0.9999986163531919,0
1661,random_map,normalized_copy,0.70444601989054,0.061706806364348145,0.717627720455443,0
1661,random_map,ejar_absolute,1.517819845294903,0.1329552764087314,-0.4652463582544145,1
1662,zero_effect,normalized_copy,0.0,0.0,0.0,0
1662,zero_effect,ejar_absolute,0.0,0.0,0.0,0
1663,same_geometry_diff_limits,normalized_copy,0.893234061471398,0.11124996216875793,0.4804542725409373,0
1663,same_geometry_diff_limits,ejar_absolute,0.9488374463080778,0.11817521807463517,0.9832596137871626,1
1664,same_limits_diff_geometry,normalized_copy,2.0454332736879075,0.0728669353729992,-0.7053322168267067,0
1664,same_limits_diff_geometry,ejar_absolute,0.51622937434176,0.018390261340563437,0.9998184794952727,1
1665,matched_morphology,normalized_copy,0.0,0.0,0.9999985001361679,0
1665,matched_morphology,ejar_absolute,0.014910708799257004,0.00038501004763331003,0.9999480214224109,0
1666,random_map,normalized_copy,1.3424002305502916,0.10620076025738272,0.27178648616087403,0
1666,random_map,ejar_absolute,1.03072370772168,0.08154322301514967,-0.3091317506061736,0
1667,zero_effect,normalized_copy,0.0,0.0,0.0,0
1667,zero_effect,ejar_absolute,0.0,0.0,0.0,0
1668,same_geometry_diff_limits,normalized_copy,1.3880874382752078,0.07575094605575725,-0.6863708252164032,0
1668,same_geometry_diff_limits,ejar_absolute,0.42794578981619036,0.023353931132346635,0.9999625933191143,1
1669,same_limits_diff_geometry,normalized_copy,0.6502109201967088,0.031907459278812084,0.775182618373506,0
1669,same_limits_diff_geometry,ejar_absolute,0.7749104662318754,0.0380267746634256,0.9897856392442844,1
1670,matched_morphology,normalized_copy,0.0,0.0,0.9999996385265058,0
1670,matched_morphology,ejar_absolute,0.0032313433786208736,0.0001699592523104731,0.9999945796789357,0
1671,random_map,normalized_copy,0.466004694153886,0.02557419582766097,0.885264908270138,0
1671,random_map,ejar_absolute,1.5233245175790746,0.08359958603502742,-0.7276361044605943,0
1672,zero_effect,normalized_copy,0.0,0.0,0.0,0
1672,zero_effect,ejar_absolute,0.0,0.0,0.0,0
1673,same_geometry_diff_limits,normalized_copy,2.3743406998584593,0.016897357810249012,-0.9997877617864028,0
1673,same_geometry_diff_limits,ejar_absolute,0.026415981850652553,0.00018799336475432054,0.9999503327481596,0
1674,same_limits_diff_geometry,normalized_copy,1.7242189344415328,0.0889387074348534,-0.9348419499778641,0
1674,same_limits_diff_geometry,ejar_absolute,0.22584735792639718,0.011649664488840805,0.99991134301233,1
1675,matched_morphology,normalized_copy,0.0,0.0,0.9999998225896864,0
1675,matched_morphology,ejar_absolute,0.0005317131614110873,3.991976223257628e-05,0.9999998178328009,0
1676,random_map,normalized_copy,0.48927103918775483,0.0032440266304392734,0.8811791851898958,0
1676,random_map,ejar_absolute,1.07825560319973,0.00714918646525079,-0.9576341036859809,0
1677,zero_effect,normalized_copy,0.0,0.0,0.0,0
1677,zero_effect,ejar_absolute,0.0,0.0,0.0,0
1678,same_geometry_diff_limits,normalized_copy,1.3763115169312912,0.06540268789834094,-0.36138132418036306,0
1678,same_geometry_diff_limits,ejar_absolute,0.5527462362754207,0.026266647581870604,0.9999882507439527,1
1679,same_limits_diff_geometry,normalized_copy,0.406871241972867,0.015235437151075129,0.9555741325678092,0
1679,same_limits_diff_geometry,ejar_absolute,0.007165994098047338,0.0002683331763050882,0.9999755349339705,0
1680,matched_morphology,normalized_copy,0.0,0.0,0.9999996888561951,0
1680,matched_morphology,ejar_absolute,0.003921416922971888,0.00022231173071596253,0.9999930766563412,0
1681,random_map,normalized_copy,0.2080618572054663,0.006144753416733225,0.9830596743953884,0
1681,random_map,ejar_absolute,0.20332103987940675,0.006004741432539291,0.9903776823487773,0
1682,zero_effect,normalized_copy,0.0,0.0,0.0,0
1682,zero_effect,ejar_absolute,0.0,0.0,0.0,0
1683,same_geometry_diff_limits,normalized_copy,0.8708204018441635,0.022296481904515372,0.5014082557079181,0
1683,same_geometry_diff_limits,ejar_absolute,0.8650459307836708,0.022148632371780764,0.5016915268884704,0
1684,same_limits_diff_geometry,normalized_copy,1.6391339749685114,0.16583416105330387,-0.703840014883305,0
1684,same_limits_diff_geometry,ejar_absolute,0.8316223356978959,0.08413674199895646,0.9996188453068282,1
1685,matched_morphology,normalized_copy,0.0,0.0,0.9999962891042405,0
1685,matched_morphology,ejar_absolute,0.01588595287528689,0.00026077929868575527,0.9999027208083286,0
1686,random_map,normalized_copy,0.9723211742888398,0.08692493487703878,0.7738427347184146,0
1686,random_map,ejar_absolute,1.3611235763314458,0.1216836384528493,0.7792728793248979,1
1687,zero_effect,normalized_copy,0.0,0.0,0.0,0
1687,zero_effect,ejar_absolute,0.0,0.0,0.0,0
1688,same_geometry_diff_limits,normalized_copy,0.5807064863129684,0.07415365658980833,0.9510062381317571,0
1688,same_geometry_diff_limits,ejar_absolute,0.636935882297858,0.0813339024082934,0.9999781736553769,1
1689,same_limits_diff_geometry,normalized_copy,0.7105503382606617,0.03488304302157426,0.7876208761360277,0
1689,same_limits_diff_geometry,ejar_absolute,0.822616170146675,0.04038469015961874,0.9000692711145699,1
1690,matched_morphology,normalized_copy,0.0,0.0,0.9999997017295844,0
1690,matched_morphology,ejar_absolute,0.0007570467747367492,4.3834652357323706e-05,0.9999996700346838,0
1691,random_map,normalized_copy,1.4238785694637262,0.036419712090792374,-0.05946940814642419,0
1691,random_map,ejar_absolute,1.0988334997068314,0.028105767270668998,-0.306572515494457,0
1692,zero_effect,normalized_copy,0.0,0.0,0.0,0
1692,zero_effect,ejar_absolute,0.0,0.0,0.0,0
1693,same_geometry_diff_limits,normalized_copy,1.2974091342238223,0.02054337272547911,-0.27009528585135056,0
1693,same_geometry_diff_limits,ejar_absolute,0.5879722055116341,0.00931004095117131,0.9875402128392256,1
1694,same_limits_diff_geometry,normalized_copy,1.6804117735591906,0.016699962107038488,-0.8686465375186784,0
1694,same_limits_diff_geometry,ejar_absolute,0.031283131834399625,0.00031089232082529277,0.9998978936191817,0
1695,matched_morphology,normalized_copy,0.0,0.0,0.9999997477505246,0
1695,matched_morphology,ejar_absolute,0.0019216085695820517,0.00012099007422237875,0.999998263830353,0
1696,random_map,normalized_copy,1.145229888971747,0.03892258250355478,-0.9483061843885556,0
1696,random_map,ejar_absolute,0.9938192822313392,0.033776635921547435,0.3991724785516578,0
1697,zero_effect,normalized_copy,0.0,0.0,0.0,0
1697,zero_effect,ejar_absolute,0.0,0.0,0.0,0
1698,same_geometry_diff_limits,normalized_copy,0.33387126624001473,0.0036141060319322816,0.9563632384422686,0
1698,same_geometry_diff_limits,ejar_absolute,0.021183711945651024,0.00022931048240148764,0.9999888492710741,0
1699,same_limits_diff_geometry,normalized_copy,0.7568253533462579,0.019955820232760175,0.6647911419722532,0
1699,same_limits_diff_geometry,ejar_absolute,0.629915298121466,0.016609481164442896,0.9974120711020189,1
1700,matched_morphology,normalized_copy,0.0,0.0,0.9999999214661089,0
1700,matched_morphology,ejar_absolute,0.00298309792390904,0.0003366192428984583,0.9999955840388755,0
1701,random_map,normalized_copy,0.4650279602430753,0.0175726872369184,0.9113073922415772,0
1701,random_map,ejar_absolute,1.2406505039079652,0.04688226330327312,-0.9545997514942774,0
1702,zero_effect,normalized_copy,0.0,0.0,0.0,0
1702,zero_effect,ejar_absolute,0.0,0.0,0.0,0
1703,same_geometry_diff_limits,normalized_copy,1.2921938811886604,0.11235659682609893,-0.25141607126789933,0
1703,same_geometry_diff_limits,ejar_absolute,0.9791952338234473,0.08514128235890939,0.34777107532438434,1
1704,same_limits_diff_geometry,normalized_copy,1.8751609639854614,0.10323989548695937,-0.514384721723074,0
1704,same_limits_diff_geometry,ejar_absolute,0.8143671617998818,0.04483624728062725,0.9981637965252415,1
1705,matched_morphology,normalized_copy,0.0,0.0,0.9999992563838004,0
1705,matched_morphology,ejar_absolute,0.0011168301011073535,4.095552900375e-05,0.9999990663130722,0
1706,random_map,normalized_copy,1.55323011594777,0.100196437074821,0.3136793549009265,0
1706,random_map,ejar_absolute,0.959351017379992,0.061886228485162974,0.9622926205226636,0
1707,zero_effect,normalized_copy,0.0,0.0,0.0,0
1707,zero_effect,ejar_absolute,0.0,0.0,0.0,0
1708,same_geometry_diff_limits,normalized_copy,0.5004025152871471,0.023988502485589404,0.961287125885935,0
1708,same_geometry_diff_limits,ejar_absolute,0.008179546395293263,0.00039211447392883654,0.9999759401445893,0
1709,same_limits_diff_geometry,normalized_copy,0.4881177479852401,0.02141887926415359,0.9403257654336509,0
1709,same_limits_diff_geometry,ejar_absolute,0.3395941942658195,0.014901582816462254,0.9405779394639106,0
1710,matched_morphology,normalized_copy,0.0,0.0,0.9999998601774295,0
1710,matched_morphology,ejar_absolute,0.0016306006468351695,0.0001378983101967846,0.9999987545636913,0
1711,random_map,normalized_copy,0.40780814472527255,0.020533366420048674,0.9239587800599343,0
1711,random_map,ejar_absolute,1.423849037841446,0.0716915892901742,-0.9065419462156511,0
1712,zero_effect,normalized_copy,0.0,0.0,0.0,0
1712,zero_effect,ejar_absolute,0.0,0.0,0.0,0
1713,same_geometry_diff_limits,normalized_copy,0.6771245372448363,0.05468165604785322,0.7478856750834914,0
1713,same_geometry_diff_limits,ejar_absolute,0.899440591928724,0.07263494140006378,0.963926431132692,1
1714,same_limits_diff_geometry,normalized_copy,1.3294699493648177,0.07585418381478322,-0.021028621293104396,0
1714,same_limits_diff_geometry,ejar_absolute,0.6982675869129384,0.039840327278480435,0.9999853801823274,1
1715,matched_morphology,normalized_copy,0.0,0.0,0.999999202037873,0
1715,matched_morphology,ejar_absolute,0.004605470248912272,0.00016303568795964315,0.9999916527746721,0
1716,random_map,normalized_copy,2.0657585685587776,0.0302010359313114,-0.7678680554922395,0
1716,random_map,ejar_absolute,1.739004625063127,0.02542394932573838,-0.8849889090286505,0
1717,zero_effect,normalized_copy,0.0,0.0,0.0,0
1717,zero_effect,ejar_absolute,0.0,0.0,0.0,0
1718,same_geometry_diff_limits,normalized_copy,1.25747825230202,0.10452631167328655,-0.10191668911309194,0
1718,same_geometry_diff_limits,ejar_absolute,0.9485065555197034,0.0788434246595588,0.9978181855706375,1
1719,same_limits_diff_geometry,normalized_copy,1.1175099987366508,0.025254320293370037,0.46468595867603385,0
1719,same_limits_diff_geometry,ejar_absolute,0.3982712001246165,0.009000428150927173,0.9998802714155535,1
1720,matched_morphology,normalized_copy,0.0,0.0,0.9999998593268438,0
1720,matched_morphology,ejar_absolute,0.0007096474991117514,5.983248431704609e-05,0.999999779820782,0
1721,random_map,normalized_copy,0.48610320490481135,0.021470042124900935,0.9792055269577195,0
1721,random_map,ejar_absolute,3.5222255903738895,0.1555684698963049,-0.9684902847725422,0
1722,zero_effect,normalized_copy,0.0,0.0,0.0,0
1722,zero_effect,ejar_absolute,0.0,0.0,0.0,0
1723,same_geometry_diff_limits,normalized_copy,0.39817339226746323,0.014736685046235437,0.9997714251753494,0
1723,same_geometry_diff_limits,ejar_absolute,0.043700568791983564,0.001617389637618515,0.9990449908351828,0
1724,same_limits_diff_geometry,normalized_copy,0.5919412344073806,0.011477352651139533,0.955551216121875,0
1724,same_limits_diff_geometry,ejar_absolute,0.031065329803161422,0.0006023363885636299,0.999694782742389,0
1725,matched_morphology,normalized_copy,0.0,0.0,0.999999906975258,0
1725,matched_morphology,ejar_absolute,0.004205483195086974,0.0004360302787982673,0.999991164343285,0
1726,random_map,normalized_copy,1.576694340320658,0.11931584499735708,0.020370568771382283,0
1726,random_map,ejar_absolute,1.17159877427482,0.08866036629651268,0.09383697823486244,0
1727,zero_effect,normalized_copy,0.0,0.0,0.0,0
1727,zero_effect,ejar_absolute,0.0,0.0,0.0,0
1728,same_geometry_diff_limits,normalized_copy,1.0325424974083848,0.07735626262429546,0.3308706142258539,0
1728,same_geometry_diff_limits,ejar_absolute,0.8730654061313092,0.06540852024434292,0.9992637368216132,1
1729,same_limits_diff_geometry,normalized_copy,0.33911433867089114,0.005833214334800667,0.9567979886482062,0
1729,same_limits_diff_geometry,ejar_absolute,0.014984464546657436,0.0002577525731747462,0.9999123470825282,0
1730,matched_morphology,normalized_copy,0.0,0.0,0.9999995744509507,0
1730,matched_morphology,ejar_absolute,0.006702480156166459,0.0003249081767369569,0.9999801735828302,0
1731,random_map,normalized_copy,0.6864597044309374,0.030231630314469547,0.8946118568721922,0
1731,random_map,ejar_absolute,1.684517898067067,0.07418603309670939,-0.10954675610732562,0
1732,zero_effect,normalized_copy,0.0,0.0,0.0,0
1732,zero_effect,ejar_absolute,0.0,0.0,0.0,0
1733,same_geometry_diff_limits,normalized_copy,0.3960021669174828,0.007197704716769563,0.9981425758666083,0
1733,same_geometry_diff_limits,ejar_absolute,0.07399662868917545,0.0013449569922482424,0.9978892757178706,0
1734,same_limits_diff_geometry,normalized_copy,1.0561772510708896,0.0582100103953206,0.4849726673201746,0
1734,same_limits_diff_geometry,ejar_absolute,0.9242198010987752,0.050937325316344956,0.5511559916202313,1
1735,matched_morphology,normalized_copy,0.0,0.0,0.9999972617048096,0
1735,matched_morphology,ejar_absolute,0.011943539378588114,0.00022824030663307288,0.9999878483850313,0
1736,random_map,normalized_copy,1.365415130336623,0.06247515947901796,-0.6054220993474447,0
1736,random_map,ejar_absolute,0.9049627301231767,0.041406960880149626,0.6156712934364711,0
1737,zero_effect,normalized_copy,0.0,0.0,0.0,0
1737,zero_effect,ejar_absolute,0.0,0.0,0.0,0
1738,same_geometry_diff_limits,normalized_copy,0.7952691682084988,0.015443598801338635,0.7820695214950042,0
1738,same_geometry_diff_limits,ejar_absolute,0.2840388650553589,0.005515846019510819,0.9724733610240164,1
1739,same_limits_diff_geometry,normalized_copy,1.0530229267432756,0.010613175431511652,0.03355151159229111,0
1739,same_limits_diff_geometry,ejar_absolute,0.47811047593853045,0.004818765316413903,0.9678587320292035,1
1740,matched_morphology,normalized_copy,0.0,0.0,0.9999997344430204,0
1740,matched_morphology,ejar_absolute,0.009994812121886985,0.0006133321410179285,0.9999501205789033,0
1741,random_map,normalized_copy,2.891961702670217,0.016132550325148657,-0.9800672003668671,0
1741,random_map,ejar_absolute,2.8808715948559316,0.016070685148213536,-0.687046501301631,0
1742,zero_effect,normalized_copy,0.0,0.0,0.0,0
1742,zero_effect,ejar_absolute,0.0,0.0,0.0,0
1743,same_geometry_diff_limits,normalized_copy,1.2943444303409926,0.0689417970751185,-0.2524950657392464,0
1743,same_geometry_diff_limits,ejar_absolute,0.5496226875771494,0.029275032909781607,0.9998708922350009,1
1744,same_limits_diff_geometry,normalized_copy,0.8158955322477034,0.016248844940650774,0.5801956255437577,0
1744,same_limits_diff_geometry,ejar_absolute,0.02924269837730141,0.0005823785678418612,0.9996540404129048,0
1745,matched_morphology,normalized_copy,0.0,0.0,0.9999854769506451,0
1745,matched_morphology,ejar_absolute,0.011355228221275606,9.422450384674233e-05,0.9999533439820983,0
1746,random_map,normalized_copy,1.8814699927462357,0.06000464396384658,-0.008311569775456744,0
1746,random_map,ejar_absolute,1.5040005134544912,0.04796622623757748,0.10836610198395435,0
1747,zero_effect,normalized_copy,0.0,0.0,0.0,0
1747,zero_effect,ejar_absolute,0.0,0.0,0.0,0
1748,same_geometry_diff_limits,normalized_copy,0.9019130406302583,0.03494490501924487,0.4837282902270939,0
1748,same_geometry_diff_limits,ejar_absolute,0.6376567502943096,0.024706211763324423,0.9995805807406843,1
1749,same_limits_diff_geometry,normalized_copy,0.43422512595174084,0.0117788095843195,0.9302932137798047,0
1749,same_limits_diff_geometry,ejar_absolute,0.0012905353034476045,3.500711656847036e-05,0.999998593514252,0
1750,matched_morphology,normalized_copy,0.0,0.0,0.9999994175170149,0
1750,matched_morphology,ejar_absolute,0.013811169048990843,0.0005722538237448155,0.99990417637153,0
1751,random_map,normalized_copy,1.345811295897846,0.13515553923930132,0.4979159312359959,0
1751,random_map,ejar_absolute,0.9705011256146243,0.09746433498114272,0.6312419115314356,0
1752,zero_effect,normalized_copy,0.0,0.0,0.0,0
1752,zero_effect,ejar_absolute,0.0,0.0,0.0,0
1753,same_geometry_diff_limits,normalized_copy,1.418772808412338,0.00852745621601849,-0.5815816138092285,0
1753,same_geometry_diff_limits,ejar_absolute,0.024751158762384602,0.00014876548337442862,0.9999674290362729,0
1754,same_limits_diff_geometry,normalized_copy,1.7534514248584716,0.02324273485415211,-0.9455171644805538,0
1754,same_limits_diff_geometry,ejar_absolute,0.09171308862107759,0.001215695497037859,0.9997895838945982,1
1755,matched_morphology,normalized_copy,0.0,0.0,0.9999997343074366,0
1755,matched_morphology,ejar_absolute,0.002369123416802405,0.00014534427680117483,0.9999982163857829,0
1756,random_map,normalized_copy,0.30385589132856206,0.0016498156218700104,0.9719320113437631,0
1756,random_map,ejar_absolute,1.112673905795718,0.0060413730462903215,-0.4612137090397088,0
1757,zero_effect,normalized_copy,0.0,0.0,0.0,0
1757,zero_effect,ejar_absolute,0.0,0.0,0.0,0
1758,same_geometry_diff_limits,normalized_copy,0.7758925644411042,0.05407824628081308,0.6535308260122242,0
1758,same_geometry_diff_limits,ejar_absolute,0.5780199520637652,0.040286898928389964,0.9999785677289008,1
1759,same_limits_diff_geometry,normalized_copy,0.6388302970596997,0.040845041145348635,0.7695661706023906,0
1759,same_limits_diff_geometry,ejar_absolute,0.5160866216153259,0.032997150247042896,0.999839481956636,1
1760,matched_morphology,normalized_copy,0.0,0.0,0.9999993208995572,0
1760,matched_morphology,ejar_absolute,0.0007510432758403525,2.8820255006768104e-05,0.999999304823351,0
1761,random_map,normalized_copy,1.0105939031568445,0.028605327434244477,0.9809430872860442,0
1761,random_map,ejar_absolute,1.2204783383973672,0.0345462033633909,-0.8928583544691434,0
1762,zero_effect,normalized_copy,0.0,0.0,0.0,0
1762,zero_effect,ejar_absolute,0.0,0.0,0.0,0
1763,same_geometry_diff_limits,normalized_copy,1.03592429919141,0.031103335276755167,0.26752638403292756,0
1763,same_geometry_diff_limits,ejar_absolute,0.9514179549969235,0.02856605609665909,0.3099169143938786,0
1764,same_limits_diff_geometry,normalized_copy,1.4147117516217378,0.04668111133569554,0.1677332898810095,0
1764,same_limits_diff_geometry,ejar_absolute,0.5699683692415913,0.01880719296485041,0.9998354037633602,1
1765,matched_morphology,normalized_copy,0.0,0.0,0.9999999182589694,0
1765,matched_morphology,ejar_absolute,0.0012286849807604016,0.00013590032065465937,0.9999992730957787,0
1766,random_map,normalized_copy,1.076741955227263,0.08893254419499647,0.37251581551163304,0
1766,random_map,ejar_absolute,1.5956696859501731,0.13179291860734474,-0.2997945324941914,0
1767,zero_effect,normalized_copy,0.0,0.0,0.0,0
1767,zero_effect,ejar_absolute,0.0,0.0,0.0,0
1768,same_geometry_diff_limits,normalized_copy,0.4511013504299434,0.033906718773021156,0.9578315212956164,0
1768,same_geometry_diff_limits,ejar_absolute,0.6537793106797335,0.04914086647204571,0.9689611421790668,1
1769,same_limits_diff_geometry,normalized_copy,0.8956909251144194,0.045800191222162764,0.5390072222221637,0
1769,same_limits_diff_geometry,ejar_absolute,0.8443471993290456,0.043174785076925765,0.9922201339502633,1
1770,matched_morphology,normalized_copy,0.0,0.0,0.9999991438084945,0
1770,matched_morphology,ejar_absolute,0.007929714479034067,0.00027100164029190087,0.9999695959882158,0
1771,random_map,normalized_copy,1.875858653146713,0.11214369186640301,-0.8072077985572433,0
1771,random_map,ejar_absolute,0.972647297968783,0.05814737624027673,0.5779706991484999,1
1772,zero_effect,normalized_copy,0.0,0.0,0.0,0
1772,zero_effect,ejar_absolute,0.0,0.0,0.0,0
1773,same_geometry_diff_limits,normalized_copy,0.4706283716487489,0.030927799189985363,0.928822467654785,0
1773,same_geometry_diff_limits,ejar_absolute,0.6539369274777801,0.04297409844862372,0.9986051618678513,1
1774,same_limits_diff_geometry,normalized_copy,0.9506447288382642,0.016299072629643675,0.39037318683674904,0
1774,same_limits_diff_geometry,ejar_absolute,0.36027013491706933,0.006176933313963465,0.9971511983501045,1
1775,matched_morphology,normalized_copy,0.0,0.0,0.9999991405731539,0
1775,matched_morphology,ejar_absolute,0.0008190289408007746,2.7937955176405517e-05,0.9999989050723757,0
1776,random_map,normalized_copy,0.7942951648079354,0.037526656094397016,0.7666189279830428,0
1776,random_map,ejar_absolute,0.8092686178705224,0.038234080297037315,0.7054916914250573,0
1777,zero_effect,normalized_copy,0.0,0.0,0.0,0
1777,zero_effect,ejar_absolute,0.0,0.0,0.0,0
1778,same_geometry_diff_limits,normalized_copy,1.3513746794226238,0.028744008949916446,-0.4285641660735773,0
1778,same_geometry_diff_limits,ejar_absolute,0.7418661766978,0.015779641536389187,0.9964541228844707,1
1779,same_limits_diff_geometry,normalized_copy,1.2185036706607888,0.050577004823705245,0.30477306550644884,0
1779,same_limits_diff_geometry,ejar_absolute,0.8486393159006653,0.03522487113281954,0.9971258856142197,1
1780,matched_morphology,normalized_copy,0.0,0.0,0.9999099991214266,0
1780,matched_morphology,ejar_absolute,0.0029976756570191236,9.99175675261428e-06,0.9999060634580612,0
1781,random_map,normalized_copy,0.853285737602795,0.01242768071817698,0.6377503923045964,0
1781,random_map,ejar_absolute,0.5819429021536161,0.008475707802749002,0.814249727754221,0
1782,zero_effect,normalized_copy,0.0,0.0,0.0,0
1782,zero_effect,ejar_absolute,0.0,0.0,0.0,0
1783,same_geometry_diff_limits,normalized_copy,0.10379811022162858,0.001146562391725876,0.9971540386564477,0
1783,same_geometry_diff_limits,ejar_absolute,0.029865720887597088,0.0003298991889003151,0.9999072538220249,0
1784,same_limits_diff_geometry,normalized_copy,1.696331427183895,0.07694643837104023,-0.9506226073870359,0
1784,same_limits_diff_geometry,ejar_absolute,0.010621932980297904,0.0004818161700904506,0.9999454712109127,0
1785,matched_morphology,normalized_copy,0.0,0.0,0.9999997853126867,0
1785,matched_morphology,ejar_absolute,0.0011137253768818774,7.601072672804683e-05,0.9999994334049611,0
1786,random_map,normalized_copy,0.8002548221541514,0.047198545852389334,0.6768746286411507,0
1786,random_map,ejar_absolute,1.036422730667326,0.061127586390772704,-0.6793119516183407,0
1787,zero_effect,normalized_copy,0.0,0.0,0.0,0
1787,zero_effect,ejar_absolute,0.0,0.0,0.0,0
1788,same_geometry_diff_limits,normalized_copy,0.7013451714210354,0.01901180180380792,0.9354721635712002,0
1788,same_geometry_diff_limits,ejar_absolute,0.02469197866433153,0.0006693408946681245,0.999698443444414,0
1789,same_limits_diff_geometry,normalized_copy,1.9887012769712382,0.14025123387366467,-0.9733502444117426,0
1789,same_limits_diff_geometry,ejar_absolute,0.6010946411308539,0.04239161812267956,0.9943157117068575,1
1790,matched_morphology,normalized_copy,0.0,0.0,0.9999998234102287,0
1790,matched_morphology,ejar_absolute,0.001981895052356822,0.00014914127412298921,0.9999981137885224,0
1791,random_map,normalized_copy,1.5272106691695706,0.08607429081409972,-0.8651183067414189,0
1791,random_map,ejar_absolute,0.5436774048089055,0.030641906840542625,0.9280830152254979,0
1792,zero_effect,normalized_copy,0.0,0.0,0.0,0
1792,zero_effect,ejar_absolute,0.0,0.0,0.0,0
1793,same_geometry_diff_limits,normalized_copy,1.7117496398935894,0.1562073283391435,-0.9260838777529122,0
1793,same_geometry_diff_limits,ejar_absolute,0.4626088315672571,0.04221580537309549,0.9998604087778978,1
1794,same_limits_diff_geometry,normalized_copy,0.858656857835856,0.03130852071608014,0.6016569309146788,0
1794,same_limits_diff_geometry,ejar_absolute,0.6462216553626613,0.02356266522472607,0.9989654966298288,1
1795,matched_morphology,normalized_copy,0.0,0.0,0.9999997092892274,0
1795,matched_morphology,ejar_absolute,0.0015104730091148478,8.858952044211596e-05,0.99999894635978,0
1796,random_map,normalized_copy,0.5490546665947842,0.012750491484596933,0.9282667911444392,0
1796,random_map,ejar_absolute,3.108484916472146,0.07218718438965112,-0.9428439367104223,0
1797,zero_effect,normalized_copy,0.0,0.0,0.0,0
1797,zero_effect,ejar_absolute,0.0,0.0,0.0,0
1798,same_geometry_diff_limits,normalized_copy,1.2367771025462901,0.024993513296693286,0.19434678404610894,0
1798,same_geometry_diff_limits,ejar_absolute,0.005064281307646846,0.00010234195146423264,0.9999903452900654,0
1799,same_limits_diff_geometry,normalized_copy,0.9390793159567201,0.018680143112373603,0.3670993250606871,0
1799,same_limits_diff_geometry,ejar_absolute,0.8921741526856332,0.017747106735440416,0.4525732416166101,0
1800,matched_morphology,normalized_copy,0.0,0.0,0.9999996489543139,0
1800,matched_morphology,ejar_absolute,0.002394519918959967,0.00012780168090270654,0.9999969320714072,0
1801,random_map,normalized_copy,3.201929157470581,0.04513291444591387,-0.9614983518531813,0
1801,random_map,ejar_absolute,0.791145781403434,0.011151625507709234,0.9993555853847891,0
1802,zero_effect,normalized_copy,0.0,0.0,0.0,0
1802,zero_effect,ejar_absolute,0.0,0.0,0.0,0
1803,same_geometry_diff_limits,normalized_copy,0.8139514314065376,0.052753245086688466,0.58613681154891,0
1803,same_geometry_diff_limits,ejar_absolute,0.7495223980093588,0.04857751609555384,0.9994922896988939,1
1804,same_limits_diff_geometry,normalized_copy,2.9347679067961003,0.008076836935217987,0.864211998216751,0
1804,same_limits_diff_geometry,ejar_absolute,0.056865114739516796,0.0001564996870757481,0.9994760074607532,0
1805,matched_morphology,normalized_copy,0.0,0.0,0.9999969051056223,0
1805,matched_morphology,ejar_absolute,0.00757440725992043,0.00013615233335731618,0.9999951635531336,0
1806,random_map,normalized_copy,0.5759747172180302,0.036161836016646076,0.8416454695373041,0
1806,random_map,ejar_absolute,0.24163294670804242,0.015170615538958734,0.9707798073408903,1
1807,zero_effect,normalized_copy,0.0,0.0,0.0,0
1807,zero_effect,ejar_absolute,0.0,0.0,0.0,0
1808,same_geometry_diff_limits,normalized_copy,1.5027821444834166,0.06344432856130613,-0.7041429873465656,0
1808,same_geometry_diff_limits,ejar_absolute,0.009299605059088733,0.00039260993419776497,0.9999728210926406,0
1809,same_limits_diff_geometry,normalized_copy,1.222603160551697,0.04117068259137126,0.32155838093681444,0
1809,same_limits_diff_geometry,ejar_absolute,0.9364195102708001,0.03153356025378624,0.3778826027177874,1
1810,matched_morphology,normalized_copy,0.0,0.0,0.9999947565845629,0
1810,matched_morphology,ejar_absolute,0.006213884248496074,8.581336211394647e-05,0.9999779055484292,0
1811,random_map,normalized_copy,2.41402368820005,0.12410069834382188,-0.9489084760875939,0
1811,random_map,ejar_absolute,0.2523636920867676,0.012973572122626882,0.9676322553372934,0
1812,zero_effect,normalized_copy,0.0,0.0,0.0,0
1812,zero_effect,ejar_absolute,0.0,0.0,0.0,0
1813,same_geometry_diff_limits,normalized_copy,1.3988161232775969,0.09778760894730727,-0.7900017022853774,0
1813,same_geometry_diff_limits,ejar_absolute,0.5475288116823833,0.038276319834465736,0.9999606159499467,1
1814,same_limits_diff_geometry,normalized_copy,0.5566287290630966,0.02237637470661991,0.840959379083393,0
1814,same_limits_diff_geometry,ejar_absolute,0.19842006523765535,0.007976450903895866,0.9998772047920401,1
1815,matched_morphology,normalized_copy,0.0,0.0,0.9999995189020053,0
1815,matched_morphology,ejar_absolute,0.0032222100305760552,0.00014690513511600976,0.9999966628626469,0
1816,random_map,normalized_copy,1.2664506450075805,0.012054439091648394,-0.4841370921214048,0
1816,random_map,ejar_absolute,0.993489738360637,0.009456319191320964,0.1410658929426788,0
1817,zero_effect,normalized_copy,0.0,0.0,0.0,0
1817,zero_effect,ejar_absolute,0.0,0.0,0.0,0
1818,same_geometry_diff_limits,normalized_copy,1.5425659675386636,0.02942737792135924,-0.9341127900881678,0
1818,same_geometry_diff_limits,ejar_absolute,0.01944233770157436,0.00037089954741567925,0.9999933599157859,0
1819,same_limits_diff_geometry,normalized_copy,0.7384909649618019,0.03267370448302991,0.8192504534734273,0
1819,same_limits_diff_geometry,ejar_absolute,0.5691436448888889,0.02518112223953335,0.8241125871473554,1
1820,matched_morphology,normalized_copy,0.0,0.0,0.9999997544378667,0
1820,matched_morphology,ejar_absolute,0.004453112183533855,0.00028417305151033515,0.9999933744606171,0
1821,random_map,normalized_copy,1.901520764482724,0.027791522574996386,-0.7746888040493528,0
1821,random_map,ejar_absolute,6.983387027557999,0.1020651269506967,-0.7825077569102218,0
1822,zero_effect,normalized_copy,0.0,0.0,0.0,0
1822,zero_effect,ejar_absolute,0.0,0.0,0.0,0
1823,same_geometry_diff_limits,normalized_copy,1.0185400405369545,0.12142546479155039,0.26193663439152476,0
1823,same_geometry_diff_limits,ejar_absolute,0.9129353061114162,0.10883577420358966,0.9996459530818679,1
1824,same_limits_diff_geometry,normalized_copy,1.0994628543276432,0.05411721964866059,0.34224608121736133,0
1824,same_limits_diff_geometry,ejar_absolute,0.6932166508594353,0.03412116890625697,0.9999337057524513,1
1825,matched_morphology,normalized_copy,0.0,0.0,0.9999993736218405,0
1825,matched_morphology,ejar_absolute,0.005340533247234868,0.00021338613378701706,0.9999852311949696,0
1826,random_map,normalized_copy,1.3596186632366551,0.10005119269618934,-0.02630101604667036,0
1826,random_map,ejar_absolute,1.634772741884447,0.12029914492596899,-0.30982142988980865,1
1827,zero_effect,normalized_copy,0.0,0.0,0.0,0
1827,zero_effect,ejar_absolute,0.0,0.0,0.0,0
1828,same_geometry_diff_limits,normalized_copy,0.6718176959885773,0.03225866479126643,0.7423718352075639,0
1828,same_geometry_diff_limits,ejar_absolute,0.8300735327616188,0.03985763400598881,0.8730695963161339,1
1829,same_limits_diff_geometry,normalized_copy,0.928306134048038,0.060129376853556356,0.4609942935165846,0
1829,same_limits_diff_geometry,ejar_absolute,0.6959290482010436,0.04507756489784425,0.9999075053396048,1
1830,matched_morphology,normalized_copy,0.0,0.0,0.9999999036343226,0
1830,matched_morphology,ejar_absolute,0.0012901386818521797,0.0001314241541518315,0.9999991607964391,0
1831,random_map,normalized_copy,1.5318301481001664,0.022477156741195325,0.981219313892304,0
1831,random_map,ejar_absolute,1.6083810182755665,0.02360041829192363,-0.6766778005471697,0
1832,zero_effect,normalized_copy,0.0,0.0,0.0,0
1832,zero_effect,ejar_absolute,0.0,0.0,0.0,0
1833,same_geometry_diff_limits,normalized_copy,1.8289320559288818,0.04946645797604261,-0.9981187268278788,0
1833,same_geometry_diff_limits,ejar_absolute,0.011200952092111426,0.00030294806423232246,0.9999371023272131,0
1834,same_limits_diff_geometry,normalized_copy,0.2000340385131081,0.011321424217259445,0.9803712712383522,0
1834,same_limits_diff_geometry,ejar_absolute,0.5191043833138075,0.02938000442434378,0.9982773835329074,1
1835,matched_morphology,normalized_copy,0.0,0.0,0.9999999077595008,0
1835,matched_morphology,ejar_absolute,0.001788767990480054,0.00018624866838981932,0.9999985574961799,0
1836,random_map,normalized_copy,1.2034776171709973,0.07740249320004401,0.3425970344070031,0
1836,random_map,ejar_absolute,1.0382398829069015,0.06677511432711387,0.32678522358217016,0
1837,zero_effect,normalized_copy,0.0,0.0,0.0,0
1837,zero_effect,ejar_absolute,0.0,0.0,0.0,0
1838,same_geometry_diff_limits,normalized_copy,1.4500375967665204,0.1597413459214275,-0.852936207010302,0
1838,same_geometry_diff_limits,ejar_absolute,0.5210845411125636,0.05740454324893834,0.9999743579892683,1
1839,same_limits_diff_geometry,normalized_copy,0.47228650645347736,0.013119950288736967,0.8852652299000768,0
1839,same_limits_diff_geometry,ejar_absolute,0.008500439894734597,0.0002361391810424299,0.9999685747080105,0
1840,matched_morphology,normalized_copy,0.0,0.0,0.9999998764785069,0
1840,matched_morphology,ejar_absolute,0.002949036943927657,0.00026534378791773575,0.9999958760081855,0
1841,random_map,normalized_copy,2.1516974118534717,0.05653408464100135,-0.807922901583676,0
1841,random_map,ejar_absolute,0.6544702631165507,0.01719566935676974,0.7625078252730167,0
1842,zero_effect,normalized_copy,0.0,0.0,0.0,0
1842,zero_effect,ejar_absolute,0.0,0.0,0.0,0
1843,same_geometry_diff_limits,normalized_copy,0.6440690160744206,0.021070212982230548,0.8407375267282878,0
1843,same_geometry_diff_limits,ejar_absolute,0.5105066239055259,0.01670082402052083,0.9999652113414548,1
1844,same_limits_diff_geometry,normalized_copy,1.1405930529082542,0.07804931116594299,0.4063945192487159,0
1844,same_limits_diff_geometry,ejar_absolute,0.9074123592841714,0.06209305712060087,0.9927730817315192,1
1845,matched_morphology,normalized_copy,0.0,0.0,0.9999990423034667,0
1845,matched_morphology,ejar_absolute,0.0008662347280506387,2.799119493472012e-05,0.999998893113713,0
1846,random_map,normalized_copy,1.0554046073761951,0.09689977131964968,0.18798276973356987,0
1846,random_map,ejar_absolute,0.9331514023837818,0.08567534845465025,0.4743197136567824,0
1847,zero_effect,normalized_copy,0.0,0.0,0.0,0
1847,zero_effect,ejar_absolute,0.0,0.0,0.0,0
1848,same_geometry_diff_limits,normalized_copy,1.5664405638075627,0.04532407986988722,-0.9633394950769262,0
1848,same_geometry_diff_limits,ejar_absolute,0.14912931073914096,0.004314973033162858,0.9997805337337237,1
1849,same_limits_diff_geometry,normalized_copy,0.2547613544293426,0.007155072697759347,0.9890352122623401,0
1849,same_limits_diff_geometry,ejar_absolute,0.002577099492055153,7.237885140121363e-05,0.9999965866734355,0
1850,matched_morphology,normalized_copy,0.0,0.0,0.9999999120899118,0
1850,matched_morphology,ejar_absolute,0.0016792240914344626,0.00017909740089449026,0.9999987504762194,0
1851,random_map,normalized_copy,0.20602423288425167,0.0011169410938432283,0.992367194912587,0
1851,random_map,ejar_absolute,0.2503123282323037,0.001357044857219831,0.9809073888315427,0
1852,zero_effect,normalized_copy,0.0,0.0,0.0,0
1852,zero_effect,ejar_absolute,0.0,0.0,0.0,0
1853,same_geometry_diff_limits,normalized_copy,0.45516417665829506,0.003878002884483065,0.9719833281898148,0
1853,same_geometry_diff_limits,ejar_absolute,0.1807166114838561,0.0015397071574341512,0.9835315883831084,0
1854,same_limits_diff_geometry,normalized_copy,1.7957682011997014,0.0684532530740523,-0.5084827935340798,0
1854,same_limits_diff_geometry,ejar_absolute,0.8078771956109876,0.03079563503071778,0.9935825615671182,1
1855,matched_morphology,normalized_copy,0.0,0.0,0.9999991791787196,0
1855,matched_morphology,ejar_absolute,0.007587634478860062,0.00026483899542813737,0.999975618510121,0
1856,random_map,normalized_copy,1.1931757083348842,0.10215874408969962,0.3031114932014003,0
1856,random_map,ejar_absolute,1.573989396972613,0.13476370569898963,-0.5198284375406025,1
1857,zero_effect,normalized_copy,0.0,0.0,0.0,0
1857,zero_effect,ejar_absolute,0.0,0.0,0.0,0
1858,same_geometry_diff_limits,normalized_copy,0.5646111402016053,0.04193706101455203,0.9232243337568339,0
1858,same_geometry_diff_limits,ejar_absolute,0.4834079740175674,0.03590561407282355,0.9999498208288655,1
1859,same_limits_diff_geometry,normalized_copy,0.42917626551896243,0.0051039707061256495,0.9714077183454458,0
1859,same_limits_diff_geometry,ejar_absolute,0.007061429728110424,8.39779208947145e-05,0.9999686854629414,0
1860,matched_morphology,normalized_copy,0.0,0.0,0.9999997639876217,0
1860,matched_morphology,ejar_absolute,0.0007900369008810418,5.142566797529877e-05,0.999999708654053,0
1861,random_map,normalized_copy,3.0694890285351177,0.06306215323658351,-0.9493522958013185,0
1861,random_map,ejar_absolute,0.6393018255691532,0.013134352106711976,0.9532019993393064,0
1862,zero_effect,normalized_copy,0.0,0.0,0.0,0
1862,zero_effect,ejar_absolute,0.0,0.0,0.0,0
1863,same_geometry_diff_limits,normalized_copy,0.4265898828291805,0.03188940665061399,0.9606916750230341,0
1863,same_geometry_diff_limits,ejar_absolute,0.5936070423397628,0.04437464910864046,0.9702377789901606,1
1864,same_limits_diff_geometry,normalized_copy,0.24382849869243825,0.004572961232259463,0.9990038418479096,0
1864,same_limits_diff_geometry,ejar_absolute,0.053721649745847554,0.001007540229867318,0.9985609334424025,0
1865,matched_morphology,normalized_copy,0.0,0.0,0.9999996326075432,0
1865,matched_morphology,ejar_absolute,0.006193181737464579,0.00032310868768210615,0.999985433409448,0
1866,random_map,normalized_copy,1.9834809025122182,0.17371182036483196,-0.8112940759105082,0
1866,random_map,ejar_absolute,0.9755593796361195,0.08543878365349303,0.34624636753121163,0
1867,zero_effect,normalized_copy,0.0,0.0,0.0,0
1867,zero_effect,ejar_absolute,0.0,0.0,0.0,0
1868,same_geometry_diff_limits,normalized_copy,0.5225660162664709,0.026070427462328908,0.9999874842505413,0
1868,same_geometry_diff_limits,ejar_absolute,0.002020912021123216,0.00010082178828019165,0.9999995802095157,0
1869,same_limits_diff_geometry,normalized_copy,1.1590575658626843,0.05234007507715009,0.41038323534626897,0
1869,same_limits_diff_geometry,ejar_absolute,0.7064950190983271,0.03190350801404448,0.9996421961042953,1
1870,matched_morphology,normalized_copy,0.0,0.0,0.9999993040952885,0
1870,matched_morphology,ejar_absolute,0.0006310707903735983,2.3922306522868837e-05,0.9999992083110663,0
1871,random_map,normalized_copy,0.7028488650334793,0.01685136406221624,0.7233652551967474,0
1871,random_map,ejar_absolute,1.2371345380667849,0.029661290687169377,-0.8768756434000067,0
1872,zero_effect,normalized_copy,0.0,0.0,0.0,0
1872,zero_effect,ejar_absolute,0.0,0.0,0.0,0
1873,same_geometry_diff_limits,normalized_copy,0.7519299835918025,0.019124141365188255,0.6618322161640781,0
1873,same_geometry_diff_limits,ejar_absolute,0.005813592030046309,0.00014785945267278136,0.9999858963254011,0
1874,same_limits_diff_geometry,normalized_copy,0.21870726549815056,0.018671361753755722,0.9947073071754897,0
1874,same_limits_diff_geometry,ejar_absolute,0.027199605245309483,0.002322070407390373,0.9999961823988792,1
1875,matched_morphology,normalized_copy,0.0,0.0,0.9999978775034526,0
1875,matched_morphology,ejar_absolute,0.004936690890721787,0.00010715489072881823,0.9999936292137603,0
1876,random_map,normalized_copy,0.6037075700806339,0.047386679346082664,0.8259039234214126,0
1876,random_map,ejar_absolute,2.015119517568353,0.1581723124828305,-0.8216765289169234,1
1877,zero_effect,normalized_copy,0.0,0.0,0.0,0
1877,zero_effect,ejar_absolute,0.0,0.0,0.0,0
1878,same_geometry_diff_limits,normalized_copy,0.6533406926481404,0.01617189281476157,0.8623022271639048,0
1878,same_geometry_diff_limits,ejar_absolute,0.015065776116498902,0.00037291740629177313,0.9998889971933825,0
1879,same_limits_diff_geometry,normalized_copy,0.5421263728089196,0.0065589589125712765,0.8894598804416217,0
1879,same_limits_diff_geometry,ejar_absolute,0.05121103874292429,0.000619580813315876,0.9995650857267363,0
1880,matched_morphology,normalized_copy,0.0,0.0,0.9999971153597373,0
1880,matched_morphology,ejar_absolute,0.022576827670357097,0.00042035525834088023,0.9997433625981665,0
1881,random_map,normalized_copy,0.7771875641736132,0.04197078060357926,0.6318131152888564,0
1881,random_map,ejar_absolute,0.35938629749571244,0.01940808646386899,0.9507411915635511,1
1882,zero_effect,normalized_copy,0.0,0.0,0.0,0
1882,zero_effect,ejar_absolute,0.0,0.0,0.0,0
1883,same_geometry_diff_limits,normalized_copy,1.5954621036301129,0.08964524274910277,-0.7686462867201098,0
1883,same_geometry_diff_limits,ejar_absolute,0.5970435533401858,0.03354646540910648,0.9996130687152874,1
1884,same_limits_diff_geometry,normalized_copy,0.11695976218419227,0.004436132045949499,0.9988008556544227,0
1884,same_limits_diff_geometry,ejar_absolute,0.011150417279192472,0.00042292086179207506,0.9999379066017453,0
1885,matched_morphology,normalized_copy,0.0,0.0,0.9999996903208334,0
1885,matched_morphology,ejar_absolute,0.004601649184899764,0.00026149142509212196,0.9999914285981577,0
1886,random_map,normalized_copy,1.5827136132823787,0.015442151481501739,0.8845788615219432,0
1886,random_map,ejar_absolute,0.4999870614026351,0.004878252057842689,0.975021643123568,0
1887,zero_effect,normalized_copy,0.0,0.0,0.0,0
1887,zero_effect,ejar_absolute,0.0,0.0,0.0,0
1888,same_geometry_diff_limits,normalized_copy,1.2166223040357136,0.06786584676348863,0.011036567674148302,0
1888,same_geometry_diff_limits,ejar_absolute,0.9157194669172604,0.05108082994533528,0.9999961332134564,1
1889,same_limits_diff_geometry,normalized_copy,1.64867822923788,0.07040105346221887,-0.4530140320302021,0
1889,same_limits_diff_geometry,ejar_absolute,0.716012504680499,0.030574816679013662,0.998823623676928,1
1890,matched_morphology,normalized_copy,0.0,0.0,0.9999992307727549,0
1890,matched_morphology,ejar_absolute,0.0030171291562429447,0.00010878434913741468,0.9999950321729881,0
1891,random_map,normalized_copy,0.5411077001435741,0.026215264673105303,0.9164738747958541,0
1891,random_map,ejar_absolute,2.79867235827841,0.1355884172154736,-0.9529946880782745,0
1892,zero_effect,normalized_copy,0.0,0.0,0.0,0
1892,zero_effect,ejar_absolute,0.0,0.0,0.0,0
1893,same_geometry_diff_limits,normalized_copy,1.1950121892913201,0.0940521498847081,-0.03097636944310184,0
1893,same_geometry_diff_limits,ejar_absolute,0.9756199248540236,0.07678511752862902,0.9879921897633237,1
1894,same_limits_diff_geometry,normalized_copy,0.35699145348414263,0.019606433216198028,0.9982488107060126,0
1894,same_limits_diff_geometry,ejar_absolute,0.011134798306544926,0.0006115375515083735,0.9999441579731707,0
1895,matched_morphology,normalized_copy,0.0,0.0,0.9999997330220859,0
1895,matched_morphology,ejar_absolute,0.007001104227970373,0.0004284782924692178,0.9999757021254012,0
1896,random_map,normalized_copy,3.4524482888656247,0.020322639025122942,-0.5337086252887814,0
1896,random_map,ejar_absolute,1.0020407803367397,0.0058984556359357185,-0.08643754735466498,0
1897,zero_effect,normalized_copy,0.0,0.0,0.0,0
1897,zero_effect,ejar_absolute,0.0,0.0,0.0,0
1898,same_geometry_diff_limits,normalized_copy,1.5115865691027917,0.03858505839678045,-0.9995507528244236,0
1898,same_geometry_diff_limits,ejar_absolute,0.087546593825225,0.002234731707883952,0.9961852458511962,0
1899,same_limits_diff_geometry,normalized_copy,1.355185847383304,0.07211765219670073,0.21281792726274273,0
1899,same_limits_diff_geometry,ejar_absolute,0.7974281869244938,0.04243598673016574,0.9997754271488205,1
1900,matched_morphology,normalized_copy,0.0,0.0,0.9999971839181342,0
1900,matched_morphology,ejar_absolute,0.005210662277157034,9.819055151772486e-05,0.9999878993025024,0
1901,random_map,normalized_copy,0.9109605839351238,0.04415066086354788,0.45448204816899046,0
1901,random_map,ejar_absolute,0.8408439682212046,0.04075238548711795,0.8084984420587427,0
1902,zero_effect,normalized_copy,0.0,0.0,0.0,0
1902,zero_effect,ejar_absolute,0.0,0.0,0.0,0
1903,same_geometry_diff_limits,normalized_copy,1.307443033305761,0.06309830577845207,-0.25895955263537956,0
1903,same_geometry_diff_limits,ejar_absolute,0.661791156363646,0.03193860052175838,0.9999484483138603,1
1904,same_limits_diff_geometry,normalized_copy,0.37769664905962386,0.0363949090173764,0.9259306135736172,0
1904,same_limits_diff_geometry,ejar_absolute,0.5246097976783182,0.0505514833230955,0.9275837017043529,1
1905,matched_morphology,normalized_copy,0.0,0.0,0.9999999129767179,0
1905,matched_morphology,ejar_absolute,0.004667959499931973,0.0005003908219984879,0.9999891098720861,0
1906,random_map,normalized_copy,1.2030451574004217,0.0038866327077131113,0.5249653554675247,0
1906,random_map,ejar_absolute,9.570997799411346,0.030920662340741253,0.6222738398831527,0
1907,zero_effect,normalized_copy,0.0,0.0,0.0,0
1907,zero_effect,ejar_absolute,0.0,0.0,0.0,0
1908,same_geometry_diff_limits,normalized_copy,1.284440233349598,0.026986963880939775,-0.2892017664545632,0
1908,same_geometry_diff_limits,ejar_absolute,0.31118691816120525,0.006538249038444477,0.9999353044800061,1
1909,same_limits_diff_geometry,normalized_copy,1.0930460269391438,0.012752110256299357,0.10173122571160023,0
1909,same_limits_diff_geometry,ejar_absolute,0.03534090795658423,0.0004123075732520648,0.9996267724510511,0
1910,matched_morphology,normalized_copy,0.0,0.0,0.9999998151007887,0
1910,matched_morphology,ejar_absolute,0.004470613326876126,0.0003287755741803989,0.9999899690117282,0
1911,random_map,normalized_copy,0.37639774687887456,0.024799560587267983,0.9629188547754043,0
1911,random_map,ejar_absolute,1.1648857631489458,0.07675034003260015,-0.9891182462536574,0
1912,zero_effect,normalized_copy,0.0,0.0,0.0,0
1912,zero_effect,ejar_absolute,0.0,0.0,0.0,0
1913,same_geometry_diff_limits,normalized_copy,0.43655497222388256,0.012813196632793475,0.9106605197080011,0
1913,same_geometry_diff_limits,ejar_absolute,0.4091451008180408,0.012008697556277355,0.912474328591562,0
1914,same_limits_diff_geometry,normalized_copy,1.6322440108555496,0.0306395963800175,-0.7848643545993547,0
1914,same_limits_diff_geometry,ejar_absolute,0.017658200166861007,0.0003314701247557893,0.9998676180641594,0
1915,matched_morphology,normalized_copy,0.0,0.0,0.9999973462782394,0
1915,matched_morphology,ejar_absolute,0.005938098262116568,0.0001152707538063561,0.9999953762746541,0
1916,random_map,normalized_copy,2.109546004159816,0.03932790186420668,0.4252182678494925,0
1916,random_map,ejar_absolute,1.4914929794484255,0.027805646054285867,-0.5562634919797513,0
1917,zero_effect,normalized_copy,0.0,0.0,0.0,0
1917,zero_effect,ejar_absolute,0.0,0.0,0.0,0
1918,same_geometry_diff_limits,normalized_copy,1.3673040221715518,0.15257098645896883,-0.503845322685488,0
1918,same_geometry_diff_limits,ejar_absolute,0.8633769827163301,0.09634015244816653,0.9997832848493969,1
1919,same_limits_diff_geometry,normalized_copy,1.2823197324924358,0.09329748420105254,0.18019787824795833,0
1919,same_limits_diff_geometry,ejar_absolute,0.843113168153079,0.06134221870903421,0.9998937272423816,1
1920,matched_morphology,normalized_copy,0.0,0.0,0.9999996827398213,0
1920,matched_morphology,ejar_absolute,0.0016584717443251901,9.311083757295596e-05,0.9999987399982652,0
1921,random_map,normalized_copy,1.790747593309826,0.08844505343907837,0.24783096234589314,0
1921,random_map,ejar_absolute,1.3578661722941867,0.0670650328501643,-0.2503265973374645,0
1922,zero_effect,normalized_copy,0.0,0.0,0.0,0
1922,zero_effect,ejar_absolute,0.0,0.0,0.0,0
1923,same_geometry_diff_limits,normalized_copy,1.3182862237509212,0.013964537058940112,-0.15751074118282823,0
1923,same_geometry_diff_limits,ejar_absolute,0.07937860485527751,0.0008408534119658108,0.9980845669736318,0
1924,same_limits_diff_geometry,normalized_copy,0.19986555843114268,0.00408759218280284,0.9824699701442835,0
1924,same_limits_diff_geometry,ejar_absolute,0.018117373096268753,0.0003705312372103592,0.9998472703683868,0
1925,matched_morphology,normalized_copy,0.0,0.0,0.9999994168928172,0
1925,matched_morphology,ejar_absolute,0.008880007738898943,0.00036773844267836114,0.9999617749946929,0
1926,random_map,normalized_copy,0.5767953224165389,0.006608876859856787,0.8261317756386849,0
1926,random_map,ejar_absolute,0.9903209684290831,0.011347022206527977,0.1406421843932984,0
1927,zero_effect,normalized_copy,0.0,0.0,0.0,0
1927,zero_effect,ejar_absolute,0.0,0.0,0.0,0
1928,same_geometry_diff_limits,normalized_copy,0.6261227066696594,0.04057906097677698,0.8296552762297873,0
1928,same_geometry_diff_limits,ejar_absolute,0.16338289014637508,0.010588857728984645,0.9999352286930356,1
1929,same_limits_diff_geometry,normalized_copy,0.7808689807876322,0.008719874968797914,0.7091026217033263,0
1929,same_limits_diff_geometry,ejar_absolute,0.10528098171393634,0.0011756607314735898,0.999383063041424,1
1930,matched_morphology,normalized_copy,0.0,0.0,0.9999997508849197,0
1930,matched_morphology,ejar_absolute,0.004859548753132631,0.0003078902149886294,0.9999897565132232,0
1931,random_map,normalized_copy,1.7398005534877263,0.08269558264544315,-0.4864625982111464,0
1931,random_map,ejar_absolute,1.7352489826860906,0.08247923899694924,-0.3597382462896274,1
1932,zero_effect,normalized_copy,0.0,0.0,0.0,0
1932,zero_effect,ejar_absolute,0.0,0.0,0.0,0
1933,same_geometry_diff_limits,normalized_copy,1.1935795277364094,0.13399300987086551,-0.03387642295137894,0
1933,same_geometry_diff_limits,ejar_absolute,0.9923911093557891,0.11140729932244224,0.8490581242888042,1
1934,same_limits_diff_geometry,normalized_copy,0.32176654808632754,0.0039615286077709574,0.9818365726185988,0
1934,same_limits_diff_geometry,ejar_absolute,0.1135337397538067,0.0013978058336296007,0.9936906924250603,0
1935,matched_morphology,normalized_copy,0.0,0.0,0.9999987441973596,0
1935,matched_morphology,ejar_absolute,0.005688583385383301,0.00016052518359194404,0.9999854195714145,0
1936,random_map,normalized_copy,1.4638781610958984,0.027747701538648077,0.12103757367489258,0
1936,random_map,ejar_absolute,1.6411767712329945,0.031108383491590324,-0.11343680296740061,0
1937,zero_effect,normalized_copy,0.0,0.0,0.0,0
1937,zero_effect,ejar_absolute,0.0,0.0,0.0,0
1938,same_geometry_diff_limits,normalized_copy,0.9075799333005293,0.05481908104997246,0.4521709085841305,0
1938,same_geometry_diff_limits,ejar_absolute,0.8955502924988719,0.05409247413645254,0.4676448705939315,1
1939,same_limits_diff_geometry,normalized_copy,1.1963039941509452,0.036176054416449555,0.38828854558138776,0
1939,same_limits_diff_geometry,ejar_absolute,0.9200141570552838,0.0278210909369717,0.6336538949566713,1
1940,matched_morphology,normalized_copy,0.0,0.0,0.9999999265688523,0
1940,matched_morphology,ejar_absolute,0.0005317340672683328,6.205179018445772e-05,0.9999999025585942,0
1941,random_map,normalized_copy,1.4563726306878642,0.056390078097571406,-0.2591653771933527,0
1941,random_map,ejar_absolute,0.7149957740530908,0.027684307359747803,0.6992611684213311,0
1942,zero_effect,normalized_copy,0.0,0.0,0.0,0
1942,zero_effect,ejar_absolute,0.0,0.0,0.0,0
1943,same_geometry_diff_limits,normalized_copy,1.1241523498774149,0.0742755289195662,0.05847002928310507,0
1943,same_geometry_diff_limits,ejar_absolute,0.7840248991134371,0.05180246616404821,0.9998732991430181,1
1944,same_limits_diff_geometry,normalized_copy,0.8632874141542118,0.02871654054588005,0.709042919803033,0
1944,same_limits_diff_geometry,ejar_absolute,0.7015970026793328,0.023338042978476657,0.9946202688177059,1
1945,matched_morphology,normalized_copy,0.0,0.0,0.9999935538778377,0
1945,matched_morphology,ejar_absolute,0.024587978810116005,0.0003062472513109366,0.9997246949780426,0
1946,random_map,normalized_copy,1.4985502307631213,0.06156573043491396,-0.006441004144578357,0
1946,random_map,ejar_absolute,1.1584231357872075,0.04759210938903555,-0.5510425266966188,0
1947,zero_effect,normalized_copy,0.0,0.0,0.0,0
1947,zero_effect,ejar_absolute,0.0,0.0,0.0,0
1948,same_geometry_diff_limits,normalized_copy,0.39546561389033047,0.009426290958158782,0.9996828794094084,0
1948,same_geometry_diff_limits,ejar_absolute,0.02443639113777866,0.0005824641251766403,0.9997148031704699,0
1949,same_limits_diff_geometry,normalized_copy,1.4317696409100753,0.02592373260396671,-0.6000353854416995,0
1949,same_limits_diff_geometry,ejar_absolute,0.03765828752566729,0.0006818438862261144,0.9997377139090649,0
1950,matched_morphology,normalized_copy,0.0,0.0,0.9999996588417951,0
1950,matched_morphology,ejar_absolute,0.001104260302951804,5.978517206344029e-05,0.999999329416093,0
1951,random_map,normalized_copy,1.3775098574704328,0.09184369262975095,0.0750024783560544,0
1951,random_map,ejar_absolute,1.1017245947679475,0.07345606602795303,0.11595021175379663,0
1952,zero_effect,normalized_copy,0.0,0.0,0.0,0
1952,zero_effect,ejar_absolute,0.0,0.0,0.0,0
1953,same_geometry_diff_limits,normalized_copy,0.7024459946014395,0.00507922331742746,0.7611176575973366,0
1953,same_geometry_diff_limits,ejar_absolute,0.03294386170838483,0.0002382093881114301,0.9999718882591729,0
1954,same_limits_diff_geometry,normalized_copy,0.2633583710493293,0.015645322326842726,0.9886847414977267,0
1954,same_limits_diff_geometry,ejar_absolute,0.0014897201380924508,8.849975660306395e-05,0.999999400780586,0
1955,matched_morphology,normalized_copy,0.0,0.0,0.999999802990025,0
1955,matched_morphology,ejar_absolute,0.001502023560820904,0.00010701202947671188,0.9999989781392152,0
1956,random_map,normalized_copy,2.7908858277928776,0.05644655245365186,-0.2359619995058208,0
1956,random_map,ejar_absolute,0.9951857686172327,0.0201279483130291,0.11637313354531065,0
1957,zero_effect,normalized_copy,0.0,0.0,0.0,0
1957,zero_effect,ejar_absolute,0.0,0.0,0.0,0
1958,same_geometry_diff_limits,normalized_copy,0.4589108496327705,0.03234905095474503,0.985305364844937,0
1958,same_geometry_diff_limits,ejar_absolute,0.3140737626802738,0.022139350509195625,0.9999707144297407,1
1959,same_limits_diff_geometry,normalized_copy,1.2647213771164116,0.07576014722330655,0.22994069262741265,0
1959,same_limits_diff_geometry,ejar_absolute,0.8812353366512831,0.05278832164227437,0.9981920317129156,1
1960,matched_morphology,normalized_copy,0.0,0.0,0.9999999075103874,0
1960,matched_morphology,ejar_absolute,0.0006595052906655153,6.857594292931769e-05,0.9999998085271765,0
1961,random_map,normalized_copy,0.5233159790920104,0.03753689889642987,0.9615314305543955,0
1961,random_map,ejar_absolute,0.40312959939114634,0.028916057638368343,0.9642321332610718,1
1962,zero_effect,normalized_copy,0.0,0.0,0.0,0
1962,zero_effect,ejar_absolute,0.0,0.0,0.0,0
1963,same_geometry_diff_limits,normalized_copy,0.6574335711364077,0.015599235444887897,0.8904865795994248,0
1963,same_geometry_diff_limits,ejar_absolute,0.6388326763921766,0.015157883269793943,0.9716658885475231,1
1964,same_limits_diff_geometry,normalized_copy,2.017812468791997,0.07406726237942524,-0.4491468926665244,0
1964,same_limits_diff_geometry,ejar_absolute,0.9057726981931284,0.03324793811654559,0.876168075657652,1
1965,matched_morphology,normalized_copy,0.0,0.0,0.9999999007015918,0
1965,matched_morphology,ejar_absolute,0.0006715990973824938,6.739674824870421e-05,0.9999998114336707,0
1966,random_map,normalized_copy,0.542613181821794,0.010007443482058382,0.8948664165258758,0
1966,random_map,ejar_absolute,0.7424282982365734,0.013692644194780003,0.9943116079281797,0
1967,zero_effect,normalized_copy,0.0,0.0,0.0,0
1967,zero_effect,ejar_absolute,0.0,0.0,0.0,0
1968,same_geometry_diff_limits,normalized_copy,0.7535987449351631,0.024320787727467933,0.6958040279001882,0
1968,same_geometry_diff_limits,ejar_absolute,0.007673545316320718,0.0002476472632281237,0.9999836896283278,0
1969,same_limits_diff_geometry,normalized_copy,0.6338244809858546,0.017866698996854294,0.8550546461362483,0
1969,same_limits_diff_geometry,ejar_absolute,0.16761985255163808,0.004724988606907491,0.998939383161688,1
1970,matched_morphology,normalized_copy,0.0,0.0,0.9999991565473025,0
1970,matched_morphology,ejar_absolute,0.0019029533402073287,6.552357781495288e-05,0.9999976073314482,0
1971,random_map,normalized_copy,1.1705148490010984,0.03640264568821186,-0.2879624341479919,0
1971,random_map,ejar_absolute,0.948879223811619,0.029509847068405228,0.32443935187807704,0
1972,zero_effect,normalized_copy,0.0,0.0,0.0,0
1972,zero_effect,ejar_absolute,0.0,0.0,0.0,0
1973,same_geometry_diff_limits,normalized_copy,0.7534019256767845,0.021580727910537136,0.6601631140183675,0
1973,same_geometry_diff_limits,ejar_absolute,0.7963041803104963,0.02280963621624263,0.9043437891411185,1
1974,same_limits_diff_geometry,normalized_copy,0.16803133900062786,0.008580647660327581,0.9958955191301786,0
1974,same_limits_diff_geometry,ejar_absolute,0.0019933546892861847,0.00010179216777390915,0.9999988932466992,0
1975,matched_morphology,normalized_copy,0.0,0.0,0.9999920563013721,0
1975,matched_morphology,ejar_absolute,0.03158625538557141,0.0003543929522443475,0.9996043284294908,0
1976,random_map,normalized_copy,1.5241628685376805,0.06132173795153829,-0.08445107536765889,0
1976,random_map,ejar_absolute,0.5927381573999183,0.023847670555593815,0.940273345708061,0
1977,zero_effect,normalized_copy,0.0,0.0,0.0,0
1977,zero_effect,ejar_absolute,0.0,0.0,0.0,0
1978,same_geometry_diff_limits,normalized_copy,0.8842723459457473,0.10530661978052411,0.48777551901362665,0
1978,same_geometry_diff_limits,ejar_absolute,0.8630602334286499,0.1027805022582232,0.9998411033061805,1
1979,same_limits_diff_geometry,normalized_copy,1.0503078335014644,0.06537425077193128,0.5117902068578158,0
1979,same_limits_diff_geometry,ejar_absolute,0.9365722229250116,0.05829501162854982,0.8063315745162524,1
1980,matched_morphology,normalized_copy,0.0,0.0,0.9999995360552634,0
1980,matched_morphology,ejar_absolute,0.004051748138278722,0.00018810884800076548,0.9999921563092704,0
1981,random_map,normalized_copy,0.9723727146471177,0.02690105780562143,0.24158113790538172,0
1981,random_map,ejar_absolute,1.3116310670522633,0.036286768049869446,-0.9967466049419503,0
1982,zero_effect,normalized_copy,0.0,0.0,0.0,0
1982,zero_effect,ejar_absolute,0.0,0.0,0.0,0
1983,same_geometry_diff_limits,normalized_copy,1.3074231840570056,0.0809858220456643,-0.2831581464896668,0
1983,same_geometry_diff_limits,ejar_absolute,0.9672738482582873,0.059915923703747785,0.5983396600978036,1
1984,same_limits_diff_geometry,normalized_copy,1.375633440928624,0.0836998476284642,-0.10358844311623384,0
1984,same_limits_diff_geometry,ejar_absolute,0.7135369153003823,0.043414858428863355,0.9999832302807827,1
1985,matched_morphology,normalized_copy,0.0,0.0,0.9999911234163625,0
1985,matched_morphology,ejar_absolute,0.011321266931268571,0.00012016284961314555,0.999940848062822,0
1986,random_map,normalized_copy,1.6588796491923432,0.09342610716307963,-0.535957452958481,0
1986,random_map,ejar_absolute,1.856007748787919,0.10452812470042004,0.20221114731638615,1
1987,zero_effect,normalized_copy,0.0,0.0,0.0,0
1987,zero_effect,ejar_absolute,0.0,0.0,0.0,0
1988,same_geometry_diff_limits,normalized_copy,0.3687580357315155,0.04775354050678034,0.9978899001077748,0
1988,same_geometry_diff_limits,ejar_absolute,0.5324124182353117,0.06894650561330114,0.99960905992223,1
1989,same_limits_diff_geometry,normalized_copy,0.5382191512012255,0.02542806719611133,0.8431759249927407,0
1989,same_limits_diff_geometry,ejar_absolute,0.5359832262898396,0.025322431324988407,0.8442361696655258,0
1990,matched_morphology,normalized_copy,0.0,0.0,0.9999997263105818,0
1990,matched_morphology,ejar_absolute,0.0005665764778326342,3.424754813600368e-05,0.9999996617686893,0
1991,random_map,normalized_copy,0.8820004660242888,0.05260341758122071,0.572249390333887,0
1991,random_map,ejar_absolute,1.3487859809714364,0.0804429871840714,0.15554864238687616,1
1992,zero_effect,normalized_copy,0.0,0.0,0.0,0
1992,zero_effect,ejar_absolute,0.0,0.0,0.0,0
1993,same_geometry_diff_limits,normalized_copy,1.2104664301542598,0.07646531851859979,-0.017385946123491473,0
1993,same_geometry_diff_limits,ejar_absolute,0.8528389395895404,0.05387394440378533,0.9999810979406165,1
1994,same_limits_diff_geometry,normalized_copy,1.2314502598691843,0.01056159375662917,-0.20317075644665022,0
1994,same_limits_diff_geometry,ejar_absolute,0.02146967639783827,0.00018413573620451804,0.9998037160501342,0
1995,matched_morphology,normalized_copy,0.0,0.0,0.9999996798767254,0
1995,matched_morphology,ejar_absolute,0.000919964812597185,5.141768619555009e-05,0.999999466165403,0
1996,random_map,normalized_copy,1.0985160662941065,0.01693633203384924,0.975430188332428,0
1996,random_map,ejar_absolute,0.734365038603382,0.01132204663132119,0.764479639224968,0
1997,zero_effect,normalized_copy,0.0,0.0,0.0,0
1997,zero_effect,ejar_absolute,0.0,0.0,0.0,0
1998,same_geometry_diff_limits,normalized_copy,1.1482000585354941,0.021254460512932363,-0.05923208860957952,0
1998,same_geometry_diff_limits,ejar_absolute,0.012791409101938173,0.00023678321355311455,0.9999397309659735,0
1999,same_limits_diff_geometry,normalized_copy,0.7136649355846854,0.02292942785230462,0.7014687047126389,0
1999,same_limits_diff_geometry,ejar_absolute,0.5615237822824658,0.018041266161760553,0.9996707352045999,1
2000,matched_morphology,normalized_copy,0.0,0.0,0.9999995331740489,0
2000,matched_morphology,ejar_absolute,0.0059000968416783725,0.0002730747549365806,0.9999828433542601,0
2001,random_map,normalized_copy,0.7777795656721638,0.01740810457554139,0.9803524119137448,0
2001,random_map,ejar_absolute,0.9935439420124845,0.02223729910929436,0.20962301914587297,0
2002,zero_effect,normalized_copy,0.0,0.0,0.0,0
2002,zero_effect,ejar_absolute,0.0,0.0,0.0,0
2003,same_geometry_diff_limits,normalized_copy,0.9330563649879142,0.018412840834789154,0.4279263823028496,0
2003,same_geometry_diff_limits,ejar_absolute,0.10963036490248432,0.002163434638415918,0.9999243056903272,1
2004,same_limits_diff_geometry,normalized_copy,0.3151910188471756,0.018315194731553495,0.9518981036822266,0
2004,same_limits_diff_geometry,ejar_absolute,0.5490098489614459,0.031901994955462414,0.9988769655623978,1
2005,matched_morphology,normalized_copy,0.0,0.0,0.9999998560281339,0
2005,matched_morphology,ejar_absolute,0.0010741032499288787,8.95173439659709e-05,0.9999996470628572,0
2006,random_map,normalized_copy,0.9688759710026114,0.030454787771729504,0.42026804694719455,0
2006,random_map,ejar_absolute,1.0583295306970972,0.033266591611907474,-0.4719261042029226,0
2007,zero_effect,normalized_copy,0.0,0.0,0.0,0
2007,zero_effect,ejar_absolute,0.0,0.0,0.0,0
2008,same_geometry_diff_limits,normalized_copy,1.5888557156407002,0.0827191220594407,-0.9918922582275256,0
2008,same_geometry_diff_limits,ejar_absolute,0.014542920186406877,0.0007571345705956682,0.9998975998909946,0
2009,same_limits_diff_geometry,normalized_copy,1.6195417455906747,0.08030918273049423,-0.5929541755749144,0
2009,same_limits_diff_geometry,ejar_absolute,0.8250048451109592,0.04091000743879844,0.9917411723507262,1
2010,matched_morphology,normalized_copy,0.0,0.0,0.9999991515425214,0
2010,matched_morphology,ejar_absolute,0.006266318411898029,0.00021512815188972931,0.9999801636037573,0
2011,random_map,normalized_copy,2.5248107747839597,0.07848762644467844,-0.37371459644591143,0
2011,random_map,ejar_absolute,0.8578864651956608,0.026668720319440245,0.5809183107387458,0
2012,zero_effect,normalized_copy,0.0,0.0,0.0,0
2012,zero_effect,ejar_absolute,0.0,0.0,0.0,0
2013,same_geometry_diff_limits,normalized_copy,0.48312167638536097,0.038889123914281266,0.9892215826468724,0
2013,same_geometry_diff_limits,ejar_absolute,0.00233939274661002,0.00018831060342347443,0.9999986690663175,0
2014,same_limits_diff_geometry,normalized_copy,1.1392693192152967,0.052054371685397526,0.29899463389757275,0
2014,same_limits_diff_geometry,ejar_absolute,0.6247106420699288,0.028543663389908294,0.9998815740630262,1
2015,matched_morphology,normalized_copy,0.0,0.0,0.9999997575300689,0
2015,matched_morphology,ejar_absolute,0.0008191318848863476,5.260473545884921e-05,0.9999995693412895,0
2016,random_map,normalized_copy,2.5211462549479697,0.10817745513824603,-0.8955934249579005,0
2016,random_map,ejar_absolute,2.612339622738967,0.11209038420126849,0.9398633066098859,1
2017,zero_effect,normalized_copy,0.0,0.0,0.0,0
2017,zero_effect,ejar_absolute,0.0,0.0,0.0,0
2018,same_geometry_diff_limits,normalized_copy,0.760441708099683,0.020031475487688948,0.6513825321538279,0
2018,same_geometry_diff_limits,ejar_absolute,0.7587284906804462,0.019986346094636214,0.9780290383129822,1
2019,same_limits_diff_geometry,normalized_copy,2.605890641815164,0.028663271880763827,-0.20844907520000383,0
2019,same_limits_diff_geometry,ejar_absolute,0.047687741288509,0.0005245372434278128,0.9998986965920571,0
2020,matched_morphology,normalized_copy,0.0,0.0,0.9999998670140549,0
2020,matched_morphology,ejar_absolute,0.0006706196584968072,5.8153168755162415e-05,0.9999998639591277,0
2021,random_map,normalized_copy,0.41176958480069487,0.018748785942694454,0.9748483862334174,0
2021,random_map,ejar_absolute,1.7075942351112916,0.07775056724157216,-0.9730299084715603,0
2022,zero_effect,normalized_copy,0.0,0.0,0.0,0
2022,zero_effect,ejar_absolute,0.0,0.0,0.0,0
2023,same_geometry_diff_limits,normalized_copy,1.316755704840363,0.007202572886509859,-0.49125062595350916,0
2023,same_geometry_diff_limits,ejar_absolute,0.8469878414217323,0.00463297150671337,0.5321357291510047,0
2024,same_limits_diff_geometry,normalized_copy,1.189713128241015,0.021627862427886276,0.2185632536347965,0
2024,same_limits_diff_geometry,ejar_absolute,0.17014276896186345,0.00309303504589163,0.9999810481313517,1
2025,matched_morphology,normalized_copy,0.0,0.0,0.9999997866747752,0
2025,matched_morphology,ejar_absolute,0.007627914360943934,0.0005222574723667378,0.9999707953170774,0
2026,random_map,normalized_copy,1.4333446039025783,0.08562826348700116,0.43703821587218505,0
2026,random_map,ejar_absolute,1.1227889520573346,0.06707561319538338,-0.9505637321313201,0
2027,zero_effect,normalized_copy,0.0,0.0,0.0,0
2027,zero_effect,ejar_absolute,0.0,0.0,0.0,0
2028,same_geometry_diff_limits,normalized_copy,0.595855247806294,0.013544486627154103,0.8471098872821091,0
2028,same_geometry_diff_limits,ejar_absolute,0.032943250512569563,0.000748838610829086,0.9995941294640531,0
2029,same_limits_diff_geometry,normalized_copy,0.9540141167255239,0.0631725087362545,0.4643091383666661,0
2029,same_limits_diff_geometry,ejar_absolute,0.7204273869996896,0.047704960127092924,0.9998306101113434,1
2030,matched_morphology,normalized_copy,0.0,0.0,0.999999810734677,0
2030,matched_morphology,ejar_absolute,0.0005711808937907917,4.1518161294609204e-05,0.9999997369526477,0
2031,random_map,normalized_copy,1.2304593523040763,0.06793718919002947,0.5403665273978354,0
2031,random_map,ejar_absolute,1.2874340367996553,0.07108292489626826,-0.975990019866049,0
2032,zero_effect,normalized_copy,0.0,0.0,0.0,0
2032,zero_effect,ejar_absolute,0.0,0.0,0.0,0
2033,same_geometry_diff_limits,normalized_copy,1.047652584982815,0.05145542523016282,0.2274998849738433,0
2033,same_geometry_diff_limits,ejar_absolute,0.873613104595542,0.042907481380713326,0.9945757376564964,1
2034,same_limits_diff_geometry,normalized_copy,0.8762090784310418,0.03303592522449953,0.5561067939299899,0
2034,same_limits_diff_geometry,ejar_absolute,0.45383587224042266,0.01711108490952491,0.9998463957384636,1
2035,matched_morphology,normalized_copy,0.0,0.0,0.9999999054822646,0
2035,matched_morphology,ejar_absolute,0.0038144889710385417,0.0003923554537768851,0.9999927446389923,0
2036,random_map,normalized_copy,0.7867019480561058,0.041713543087197665,0.6355471966483446,0
2036,random_map,ejar_absolute,0.9809972418390457,0.052015723129945415,0.6397844955506877,0
2037,zero_effect,normalized_copy,0.0,0.0,0.0,0
2037,zero_effect,ejar_absolute,0.0,0.0,0.0,0
2038,same_geometry_diff_limits,normalized_copy,1.2212574810500887,0.020885131979680702,0.15202323159228479,0
2038,same_geometry_diff_limits,ejar_absolute,0.008510709569729772,0.00014554448620589266,0.9999724519681169,0
2039,same_limits_diff_geometry,normalized_copy,0.6198959685542782,0.0011743316845145091,0.8010794125632668,0
2039,same_limits_diff_geometry,ejar_absolute,0.025986828334091213,4.92294795269194e-05,0.9994259679624843,0
2040,matched_morphology,normalized_copy,0.0,0.0,0.9999997122833868,0
2040,matched_morphology,ejar_absolute,0.003478036290300719,0.0002050461334651496,0.9999965056188264,0
2041,random_map,normalized_copy,2.005660983556091,0.10428233278970006,-0.8947021787831694,0
2041,random_map,ejar_absolute,1.912690028261318,0.09944840114356714,-0.9760720024927434,1
2042,zero_effect,normalized_copy,0.0,0.0,0.0,0
2042,zero_effect,ejar_absolute,0.0,0.0,0.0,0
2043,same_geometry_diff_limits,normalized_copy,0.7185465935658116,0.09313478256063537,0.6990144147747965,0
2043,same_geometry_diff_limits,ejar_absolute,0.9352730117844679,0.12122588760056366,0.7792123421498771,1
2044,same_limits_diff_geometry,normalized_copy,1.6132457602524501,0.1399616963562659,-0.7949010210560996,0
2044,same_limits_diff_geometry,ejar_absolute,0.5861269530818161,0.05085110071550604,0.9998745153758868,1
2045,matched_morphology,normalized_copy,0.0,0.0,0.999999783756125,0
2045,matched_morphology,ejar_absolute,0.0009825751949902818,6.681805781599184e-05,0.9999994091696609,0
2046,random_map,normalized_copy,1.5858421883284217,0.0414359246996265,-0.04616409242895963,0
2046,random_map,ejar_absolute,2.8191502350656843,0.07366060615416312,-0.6130833395728078,1
2047,zero_effect,normalized_copy,0.0,0.0,0.0,0
2047,zero_effect,ejar_absolute,0.0,0.0,0.0,0
2048,same_geometry_diff_limits,normalized_copy,1.671176088025842,0.024156718039202392,-0.6982847921139512,0
2048,same_geometry_diff_limits,ejar_absolute,0.19887618563888498,0.002874739517644611,0.9999779449055893,1
2049,same_limits_diff_geometry,normalized_copy,0.7964040636912079,0.002418841848840149,0.7330919832701949,0
2049,same_limits_diff_geometry,ejar_absolute,0.044325894952704545,0.00013462679886634254,0.9995592007116819,0
2050,matched_morphology,normalized_copy,0.0,0.0,0.9999973056166869,0
2050,matched_morphology,ejar_absolute,0.011964617157498776,0.00023049873912484113,0.9999828190278361,0
2051,random_map,normalized_copy,0.34964854653342947,0.01770944281523536,0.9659076929576815,0
2051,random_map,ejar_absolute,0.9070378287831115,0.04594080175463844,0.9999822497116404,0
2052,zero_effect,normalized_copy,0.0,0.0,0.0,0
2052,zero_effect,ejar_absolute,0.0,0.0,0.0,0
2053,same_geometry_diff_limits,normalized_copy,1.0989433952131136,0.019123655110371344,0.13154133176771377,0
2053,same_geometry_diff_limits,ejar_absolute,0.10456972746959188,0.0018197073769447378,0.999969907012358,1
2054,same_limits_diff_geometry,normalized_copy,1.0201368048990294,0.06742181038082354,0.4691945683868655,0
2054,same_limits_diff_geometry,ejar_absolute,0.8647587264091929,0.05715272559242073,0.9970588683956475,1
2055,matched_morphology,normalized_copy,0.0,0.0,0.9999754062592717,0
2055,matched_morphology,ejar_absolute,0.03141363093033653,0.00020030904917615734,0.9996553131013302,0
2056,random_map,normalized_copy,2.3969112550983884,0.016085996022782177,0.5267479240242323,0
2056,random_map,ejar_absolute,1.4279686024019376,0.009583290666283974,-0.1916671006616594,0
2057,zero_effect,normalized_copy,0.0,0.0,0.0,0
2057,zero_effect,ejar_absolute,0.0,0.0,0.0,0
2058,same_geometry_diff_limits,normalized_copy,1.2912765155783446,0.1139726728118376,-0.17226453395495148,0
2058,same_geometry_diff_limits,ejar_absolute,0.9207446906904376,0.08126821181154745,0.9990969106715639,1
2059,same_limits_diff_geometry,normalized_copy,0.8261531797697481,0.01214065226531956,0.5917872289369194,0
2059,same_limits_diff_geometry,ejar_absolute,0.7496848439780751,0.011016919406949235,0.8747046804333116,1
2060,matched_morphology,normalized_copy,0.0,0.0,0.9999998558639461,0
2060,matched_morphology,ejar_absolute,0.0015941083593148308,0.00013277964376137155,0.9999992919259468,0
2061,random_map,normalized_copy,0.9293523515042972,0.01518849131210745,0.9532415853439088,0
2061,random_map,ejar_absolute,0.8460777207976232,0.01382752633153794,0.9633206097176772,0
2062,zero_effect,normalized_copy,0.0,0.0,0.0,0
2062,zero_effect,ejar_absolute,0.0,0.0,0.0,0
2063,same_geometry_diff_limits,normalized_copy,1.1614845494467694,0.09002120607669264,-0.018195462592941424,0
2063,same_geometry_diff_limits,ejar_absolute,0.7973388224140328,0.06179798300344987,0.9999739877373146,1
2064,same_limits_diff_geometry,normalized_copy,0.5328749314079918,0.018702401008439902,0.9074962643679332,0
2064,same_limits_diff_geometry,ejar_absolute,0.25100845492510004,0.00880968592032312,0.9997051617831401,1
2065,matched_morphology,normalized_copy,0.0,0.0,0.9999998809815762,0
2065,matched_morphology,ejar_absolute,0.002110064484969953,0.00019341431315852137,0.9999977987497222,0
2066,random_map,normalized_copy,1.9966809475425753,0.08473640050629522,-0.9925975244095365,0
2066,random_map,ejar_absolute,0.9104168723336763,0.03863684321558843,0.7170089596684233,0
2067,zero_effect,normalized_copy,0.0,0.0,0.0,0
2067,zero_effect,ejar_absolute,0.0,0.0,0.0,0
2068,same_geometry_diff_limits,normalized_copy,0.654628417859363,0.06025525796823362,0.7638112074715618,0
2068,same_geometry_diff_limits,ejar_absolute,0.9178848447682018,0.08448668984993869,0.9442008097624853,1
2069,same_limits_diff_geometry,normalized_copy,0.6094647624491486,0.007523904202290941,0.8624536451547353,0
2069,same_limits_diff_geometry,ejar_absolute,0.03013716311033105,0.0003720463300613977,0.9998685594924016,0
2070,matched_morphology,normalized_copy,0.0,0.0,0.999999880027212,0
2070,matched_morphology,ejar_absolute,0.010630390253195798,0.0009705274227467638,0.9999435380582559,0
2071,random_map,normalized_copy,0.6878880786123057,0.023209137639601814,0.864825371830582,0
2071,random_map,ejar_absolute,2.4751980956566983,0.08351244202874739,-0.8803229371181578,0
2072,zero_effect,normalized_copy,0.0,0.0,0.0,0
2072,zero_effect,ejar_absolute,0.0,0.0,0.0,0
2073,same_geometry_diff_limits,normalized_copy,0.7256823017503182,0.030111547527086203,0.6909630931983763,0
2073,same_geometry_diff_limits,ejar_absolute,0.7681647581316527,0.031874319612485706,0.9850122661988587,1
2074,same_limits_diff_geometry,normalized_copy,0.31045990765607917,0.012849432240356676,0.9828336126944792,0
2074,same_limits_diff_geometry,ejar_absolute,0.17834799417611147,0.007381534329734244,0.9839681918593163,0
2075,matched_morphology,normalized_copy,0.0,0.0,0.999999837856624,0
2075,matched_morphology,ejar_absolute,0.0026218877570396344,0.00020590384671296237,0.9999965177204596,0
2076,random_map,normalized_copy,1.7500959831883849,0.010205258376940224,-0.030057278318896263,0
2076,random_map,ejar_absolute,1.6083204772616737,0.00937852905271906,-0.013486521769024113,0
2077,zero_effect,normalized_copy,0.0,0.0,0.0,0
2077,zero_effect,ejar_absolute,0.0,0.0,0.0,0
2078,same_geometry_diff_limits,normalized_copy,1.2121140947689728,0.032954846750986054,-0.07172019047203973,0
2078,same_geometry_diff_limits,ejar_absolute,0.3863079865371431,0.010502906079513902,0.9998122321779683,1
2079,same_limits_diff_geometry,normalized_copy,0.4313946677826051,0.02247564085439447,0.9032897874358928,0
2079,same_limits_diff_geometry,ejar_absolute,0.7274527925382454,0.03790025451092329,0.9850706021000243,1
2080,matched_morphology,normalized_copy,0.0,0.0,0.999999510266242,0
2080,matched_morphology,ejar_absolute,0.002378061299604031,0.00010745903291336873,0.999996814464785,0
2081,random_map,normalized_copy,4.349319932438205,0.0406785437182026,-0.6330454300936076,0
2081,random_map,ejar_absolute,1.0145214375370242,0.00948866841045843,-0.40895857463663243,0
2082,zero_effect,normalized_copy,0.0,0.0,0.0,0
2082,zero_effect,ejar_absolute,0.0,0.0,0.0,0
2083,same_geometry_diff_limits,normalized_copy,0.4062341329192597,0.024324093794055125,0.9849322729259032,0
2083,same_geometry_diff_limits,ejar_absolute,0.5100549982529278,0.03054057897221722,0.9990533697253283,1
2084,same_limits_diff_geometry,normalized_copy,1.119865391895688,0.020407571551505698,0.13731142451251288,0
2084,same_limits_diff_geometry,ejar_absolute,0.6520241457392432,0.011881990017530982,0.9960341155525423,1
2085,matched_morphology,normalized_copy,0.0,0.0,0.9999999497843142,0
2085,matched_morphology,ejar_absolute,0.0017091048593836358,0.00024118428260570593,0.999998603957386,0
2086,random_map,normalized_copy,2.500020818406713,0.05722169694883434,-0.772940137248502,0
2086,random_map,ejar_absolute,0.8263113963547023,0.01891301862746518,0.6657693370221259,0
2087,zero_effect,normalized_copy,0.0,0.0,0.0,0
2087,zero_effect,ejar_absolute,0.0,0.0,0.0,0
2088,same_geometry_diff_limits,normalized_copy,0.6241041849947799,0.019993621777712654,0.809772130897241,0
2088,same_geometry_diff_limits,ejar_absolute,0.6829804463240409,0.021879764715069912,0.9959721819221274,1
2089,same_limits_diff_geometry,normalized_copy,1.3041985152532558,0.0023101386656812807,-0.2713046751614702,0
2089,same_limits_diff_geometry,ejar_absolute,0.00812387877659922,1.4389900201262744e-05,0.9996494386626161,0
2090,matched_morphology,normalized_copy,0.0,0.0,0.9999997324547848,0
2090,matched_morphology,ejar_absolute,0.013465079476334515,0.0008232093147233509,0.9999101466735106,0
2091,random_map,normalized_copy,0.7842908346586782,0.06559909757309516,0.9222990524070394,0
2091,random_map,ejar_absolute,1.5994128167622197,0.13377695210744725,-0.9267864830373134,0
2092,zero_effect,normalized_copy,0.0,0.0,0.0,0
2092,zero_effect,ejar_absolute,0.0,0.0,0.0,0
2093,same_geometry_diff_limits,normalized_copy,1.0385212525476146,0.06424181831027594,0.21402650075382493,0
2093,same_geometry_diff_limits,ejar_absolute,0.6837112629740986,0.04229365034651281,0.9999808056467154,1
2094,same_limits_diff_geometry,normalized_copy,0.42712977184738465,0.022216726681438717,0.9077978327808273,0
2094,same_limits_diff_geometry,ejar_absolute,0.5142464266615159,0.026748012105622027,0.9997609381018087,1
2095,matched_morphology,normalized_copy,0.0,0.0,0.9999978497719852,0
2095,matched_morphology,ejar_absolute,0.006106926391664782,0.00013169824288138105,0.9999829858672202,0
2096,random_map,normalized_copy,0.7110710448665497,0.01405676943882609,0.7481326780483178,0
2096,random_map,ejar_absolute,0.6456107819060058,0.012762721775819389,0.9999564974568849,0
2097,zero_effect,normalized_copy,0.0,0.0,0.0,0
2097,zero_effect,ejar_absolute,0.0,0.0,0.0,0
2098,same_geometry_diff_limits,normalized_copy,1.1173284237266499,0.08026475788903968,0.04355353818887488,0
2098,same_geometry_diff_limits,ejar_absolute,0.7460714179976727,0.05359502225297898,0.999978437606691,1
2099,same_limits_diff_geometry,normalized_copy,0.7044486637599177,0.01588439959738497,0.8058694172001114,0
2099,same_limits_diff_geometry,ejar_absolute,0.23436549685615582,0.005284636617852394,0.9984823061390319,1
2100,matched_morphology,normalized_copy,0.0,0.0,0.9999999262634328,0
2100,matched_morphology,ejar_absolute,0.0005941047305264816,6.918652857545105e-05,0.999999895679902,0
2101,random_map,normalized_copy,0.24414779318442228,0.010332882337106893,0.9746778996203429,0
2101,random_map,ejar_absolute,1.9946017278284178,0.0844160198797003,-0.9644267590094415,0
2102,zero_effect,normalized_copy,0.0,0.0,0.0,0
2102,zero_effect,ejar_absolute,0.0,0.0,0.0,0
2103,same_geometry_diff_limits,normalized_copy,1.633098203224765,0.1268471196170912,-0.9917084926036778,0
2103,same_geometry_diff_limits,ejar_absolute,0.003036731241113609,0.00023587106410739232,0.9999984334432361,0
2104,same_limits_diff_geometry,normalized_copy,0.16030425191283773,0.004972380604910669,0.9882779382274063,0
2104,same_limits_diff_geometry,ejar_absolute,0.07567248490084093,0.0023472390267659745,0.997170319042298,0
2105,matched_morphology,normalized_copy,0.0,0.0,0.999999110609005,0
2105,matched_morphology,ejar_absolute,0.0011243316530983795,3.7700567992402516e-05,0.9999987182864326,0
2106,random_map,normalized_copy,1.8878844062092468,0.03871188015940288,-0.09986049957615543,0
2106,random_map,ejar_absolute,1.0190639040870537,0.02089634280575691,0.38526113036020654,0
2107,zero_effect,normalized_copy,0.0,0.0,0.0,0
2107,zero_effect,ejar_absolute,0.0,0.0,0.0,0
2108,same_geometry_diff_limits,normalized_copy,1.156822688064391,0.0192562962405668,0.019235109053648898,0
2108,same_geometry_diff_limits,ejar_absolute,0.9997635976855503,0.016641914276231944,0.021836727519623678,0
2109,same_limits_diff_geometry,normalized_copy,0.8858816165244634,0.036855002283563656,0.5267408049073533,0
2109,same_limits_diff_geometry,ejar_absolute,0.4184708255869984,0.017409485584677666,0.9997935453754097,1
2110,matched_morphology,normalized_copy,0.0,0.0,0.9999998333067095,0
2110,matched_morphology,ejar_absolute,0.0016386770912880171,0.00012692123577259923,0.9999987072176523,0
2111,random_map,normalized_copy,1.0823401713647038,0.03516598430021867,0.48370006198738374,0
2111,random_map,ejar_absolute,1.0341528039023906,0.033600343245325605,0.010909195003485162,0
2112,zero_effect,normalized_copy,0.0,0.0,0.0,0
2112,zero_effect,ejar_absolute,0.0,0.0,0.0,0
2113,same_geometry_diff_limits,normalized_copy,0.6508576949715198,0.05034091361915776,0.7970760388027506,0
2113,same_geometry_diff_limits,ejar_absolute,0.3789199161195792,0.029307750239918315,0.9998957370454571,1
2114,same_limits_diff_geometry,normalized_copy,0.8686515886171354,0.03280262146447727,0.5392368686858513,0
2114,same_limits_diff_geometry,ejar_absolute,0.597580217649253,0.02256623706337133,0.9991398618634231,1
2115,matched_morphology,normalized_copy,0.0,0.0,0.999999538254244,0
2115,matched_morphology,ejar_absolute,0.0016033826975003053,7.461663258765053e-05,0.9999988662401152,0
2116,random_map,normalized_copy,1.2776060711252324,0.031303442608971964,-0.9938418072576269,0
2116,random_map,ejar_absolute,1.12572251799389,0.027582046635558743,-0.5801619637618808,0
2117,zero_effect,normalized_copy,0.0,0.0,0.0,0
2117,zero_effect,ejar_absolute,0.0,0.0,0.0,0
2118,same_geometry_diff_limits,normalized_copy,1.0054106406455854,0.06944202081536524,0.26692073488009743,0
2118,same_geometry_diff_limits,ejar_absolute,0.7463834513730654,0.05155144880226421,0.9999848540690925,1
2119,same_limits_diff_geometry,normalized_copy,0.9604789074133189,0.02377373813821179,0.3750464366873336,0
2119,same_limits_diff_geometry,ejar_absolute,0.8983983373285347,0.022237122179990177,0.4497211725841309,1
2120,matched_morphology,normalized_copy,0.0,0.0,0.9999955698234337,0
2120,matched_morphology,ejar_absolute,0.014549684659887657,0.0002185959593502682,0.9999815459145841,0
2121,random_map,normalized_copy,0.5040394212307646,0.02321067959437978,0.9950955107406516,0
2121,random_map,ejar_absolute,0.8042191332957537,0.037033755377739515,0.9786883255757258,0
2122,zero_effect,normalized_copy,0.0,0.0,0.0,0
2122,zero_effect,ejar_absolute,0.0,0.0,0.0,0
2123,same_geometry_diff_limits,normalized_copy,1.7988824359563835,0.013886580399026757,-0.34980813697645013,0
2123,same_geometry_diff_limits,ejar_absolute,0.022460906596158178,0.00017338830990183926,0.9998176976673883,0
2124,same_limits_diff_geometry,normalized_copy,1.7122287197905348,0.03819470016863783,-0.9523983329896185,0
2124,same_limits_diff_geometry,ejar_absolute,0.005569937481033275,0.00012424864131011047,0.9999836766699557,0
2125,matched_morphology,normalized_copy,0.0,0.0,0.999999916496793,0
2125,matched_morphology,ejar_absolute,0.0005788261494422801,6.334269700605861e-05,0.999999914710443,0
2126,random_map,normalized_copy,0.23708568586791504,0.005383773715738712,0.9906024671350356,0
2126,random_map,ejar_absolute,1.0451096324324103,0.023732490422427536,0.522365506755121,0
2127,zero_effect,normalized_copy,0.0,0.0,0.0,0
2127,zero_effect,ejar_absolute,0.0,0.0,0.0,0
2128,same_geometry_diff_limits,normalized_copy,1.3415347250138203,0.008824740259112741,-0.8318115059683293,0
2128,same_geometry_diff_limits,ejar_absolute,0.1358338357608316,0.0008935276117999628,0.9992666129815985,0
2129,same_limits_diff_geometry,normalized_copy,0.7815860761272287,0.02614066455630262,0.6854749229794751,0
2129,same_limits_diff_geometry,ejar_absolute,0.6224852388363736,0.02081943155934975,0.9968600472993704,1
2130,matched_morphology,normalized_copy,0.0,0.0,0.9999988743844648,0
2130,matched_morphology,ejar_absolute,0.005561442053056547,0.00016576473644507988,0.9999975386997779,0
2131,random_map,normalized_copy,0.4946587656194792,0.028797045132234106,0.9218441979923998,0
2131,random_map,ejar_absolute,1.2751626205256141,0.07423484245392292,-0.14731589494258862,0
2132,zero_effect,normalized_copy,0.0,0.0,0.0,0
2132,zero_effect,ejar_absolute,0.0,0.0,0.0,0
2133,same_geometry_diff_limits,normalized_copy,1.09613217011255,0.07532608710215424,0.11645052186872676,0
2133,same_geometry_diff_limits,ejar_absolute,0.7515153042404639,0.05164405243211372,0.9999531205607574,1
2134,same_limits_diff_geometry,normalized_copy,0.6003690416328303,0.026382047464860617,0.8082376398614741,0
2134,same_limits_diff_geometry,ejar_absolute,0.01578204329681542,0.0006935111347791745,0.9998966438363823,0
2135,matched_morphology,normalized_copy,0.0,0.0,0.9999998976923268,0
2135,matched_morphology,ejar_absolute,0.00429021451029828,0.0004241552882165071,0.9999909492364644,0
2136,random_map,normalized_copy,1.0124253287779208,0.06642072677710507,0.4397042771072745,0
2136,random_map,ejar_absolute,0.8909393250772483,0.058450569937207646,0.5029455996485026,0
2137,zero_effect,normalized_copy,0.0,0.0,0.0,0
2137,zero_effect,ejar_absolute,0.0,0.0,0.0,0
2138,same_geometry_diff_limits,normalized_copy,0.5556382303360591,0.043914861313143545,0.8712099386744186,0
2138,same_geometry_diff_limits,ejar_absolute,0.7042340061545271,0.055659126791133114,0.9997525514342794,1
2139,same_limits_diff_geometry,normalized_copy,1.139047467765938,0.055359095441757086,0.09538799876788812,0
2139,same_limits_diff_geometry,ejar_absolute,0.713088396929589,0.03465696535146203,0.9999517519879322,1
2140,matched_morphology,normalized_copy,0.0,0.0,0.9999996992701731,0
2140,matched_morphology,ejar_absolute,0.012228587079517532,0.0007051604893915724,0.9999266877156535,0
2141,random_map,normalized_copy,2.6904843123853595,0.06497858812765858,-0.8942899434302481,0
2141,random_map,ejar_absolute,0.9026585786321462,0.021800342685824578,0.5673076670283597,0
2142,zero_effect,normalized_copy,0.0,0.0,0.0,0
2142,zero_effect,ejar_absolute,0.0,0.0,0.0,0
2143,same_geometry_diff_limits,normalized_copy,0.47072800511784385,0.04235924653811954,0.9996441013218406,0
2143,same_geometry_diff_limits,ejar_absolute,0.23638170203052214,0.021271202657476302,0.9999914183380983,1
2144,same_limits_diff_geometry,normalized_copy,1.486617855563325,0.006456412988721308,-0.5537545010702093,0
2144,same_limits_diff_geometry,ejar_absolute,0.45153048158271947,0.0019610064921422414,0.9610488518525366,0
2145,matched_morphology,normalized_copy,0.0,0.0,0.9999995408509738,0
2145,matched_morphology,ejar_absolute,0.0015595264127401813,7.278062993683732e-05,0.9999988091480131,0
2146,random_map,normalized_copy,0.8518868320661274,0.031106397120519026,0.5240931314994348,0
2146,random_map,ejar_absolute,1.0142354580747386,0.03703450945011831,0.007982209071581472,0
2147,zero_effect,normalized_copy,0.0,0.0,0.0,0
2147,zero_effect,ejar_absolute,0.0,0.0,0.0,0
2148,same_geometry_diff_limits,normalized_copy,0.8429810393921433,0.06046293730489999,0.5473351343472163,0
2148,same_geometry_diff_limits,ejar_absolute,0.7331685641926154,0.0525866215955068,0.9999086779671962,1
2149,same_limits_diff_geometry,normalized_copy,1.553688982022354,0.05279198521006157,-0.13163712105792194,0
2149,same_limits_diff_geometry,ejar_absolute,0.5992188091939579,0.02036054247574177,0.9998823779674835,1
2150,matched_morphology,normalized_copy,0.0,0.0,0.9999994732530847,0
2150,matched_morphology,ejar_absolute,0.0011245468000377916,4.899778290095224e-05,0.999999274646616,0
2151,random_map,normalized_copy,0.04554407965042912,0.0005827575514054542,0.998965136607187,0
2151,random_map,ejar_absolute,6.704312320129736,0.0857847751348602,-0.9922219289109195,0
2152,zero_effect,normalized_copy,0.0,0.0,0.0,0
2152,zero_effect,ejar_absolute,0.0,0.0,0.0,0
2153,same_geometry_diff_limits,normalized_copy,1.5358778356913443,0.025246562750472906,-0.8947467540456938,0
2153,same_geometry_diff_limits,ejar_absolute,0.1536620389096466,0.002525876874804793,0.9985372865368942,1
2154,same_limits_diff_geometry,normalized_copy,0.3726079424792272,0.02034984980992335,0.9387496091864027,0
2154,same_limits_diff_geometry,ejar_absolute,0.3967020413813708,0.021665740423262587,0.9998852958770584,1
2155,matched_morphology,normalized_copy,0.0,0.0,0.9999917117579288,0
2155,matched_morphology,ejar_absolute,0.008783007529826626,9.647399907317767e-05,0.9999582653638284,0
2156,random_map,normalized_copy,2.176343831508496,0.13255182440167607,-0.9738159653768367,0
2156,random_map,ejar_absolute,2.7011901987789804,0.1645179790621159,-0.9853226370694187,1
2157,zero_effect,normalized_copy,0.0,0.0,0.0,0
2157,zero_effect,ejar_absolute,0.0,0.0,0.0,0
2158,same_geometry_diff_limits,normalized_copy,1.1433846368246072,0.06904733539768412,0.04449486035947261,0
2158,same_geometry_diff_limits,ejar_absolute,0.5986790094166694,0.036153354721948305,0.9999990975492352,1
2159,same_limits_diff_geometry,normalized_copy,1.3833295984027671,0.08308979013228844,-0.07760941467899798,0
2159,same_limits_diff_geometry,ejar_absolute,0.9934971012954652,0.05967447363158509,0.12835077948886556,1
2160,matched_morphology,normalized_copy,0.0,0.0,0.9999991269139601,0
2160,matched_morphology,ejar_absolute,0.0006953322419657374,2.3532261666000497e-05,0.9999989874429553,0
2161,random_map,normalized_copy,0.4041482387634656,0.009564785048816315,0.9462675551982371,0
2161,random_map,ejar_absolute,1.3265702453542927,0.03139531001741022,0.39689012569756005,0
2162,zero_effect,normalized_copy,0.0,0.0,0.0,0
2162,zero_effect,ejar_absolute,0.0,0.0,0.0,0
2163,same_geometry_diff_limits,normalized_copy,1.2174324304553221,0.07975921339260587,-0.06035258496580694,0
2163,same_geometry_diff_limits,ejar_absolute,0.8678944372590286,0.05685948221184568,0.9998491676698267,1
2164,same_limits_diff_geometry,normalized_copy,1.7282442279984032,0.15446207015088675,-0.8811071659499293,0
2164,same_limits_diff_geometry,ejar_absolute,0.68537486656099,0.06125547477801043,0.9998417050145367,1
2165,matched_morphology,normalized_copy,0.0,0.0,0.9999998875938777,0
2165,matched_morphology,ejar_absolute,0.0009181944771935822,8.660434337184517e-05,0.9999998085806777,0
2166,random_map,normalized_copy,0.8905650711506126,0.03048740045848747,0.4559782568953336,0
2166,random_map,ejar_absolute,0.9233751091760792,0.031610611777620194,0.45942920814690846,0
2167,zero_effect,normalized_copy,0.0,0.0,0.0,0
2167,zero_effect,ejar_absolute,0.0,0.0,0.0,0
2168,same_geometry_diff_limits,normalized_copy,1.5411887700411835,0.040082696738680375,-0.4659938597504263,0
2168,same_geometry_diff_limits,ejar_absolute,0.002637798613694507,6.860294075955609e-05,0.9999982299448195,0
2169,same_limits_diff_geometry,normalized_copy,0.7319099123471193,0.028900510616253205,0.6816526901371831,0
2169,same_limits_diff_geometry,ejar_absolute,0.3138258814449562,0.012391864169826301,0.9997811879830762,1
2170,matched_morphology,normalized_copy,0.0,0.0,0.9999997155246017,0
2170,matched_morphology,ejar_absolute,0.0015443448510248034,9.156339199739168e-05,0.9999987317686595,0
2171,random_map,normalized_copy,0.6441424375646948,0.057365947290059095,0.7667702390043469,0
2171,random_map,ejar_absolute,0.8964257266855497,0.07983375723685546,0.7952980449557226,0
2172,zero_effect,normalized_copy,0.0,0.0,0.0,0
2172,zero_effect,ejar_absolute,0.0,0.0,0.0,0
2173,same_geometry_diff_limits,normalized_copy,1.0522968195817306,0.06195997604323793,0.2150402054690644,0
2173,same_geometry_diff_limits,ejar_absolute,0.7408353326479585,0.04362090487083008,0.9999822334236333,1
2174,same_limits_diff_geometry,normalized_copy,2.0208343029918074,0.09402821853429108,-0.7397302015165301,0
2174,same_limits_diff_geometry,ejar_absolute,0.5988601097195246,0.02786460482426068,0.9994384759669372,1
2175,matched_morphology,normalized_copy,0.0,0.0,0.9999994088216811,0
2175,matched_morphology,ejar_absolute,0.008428405679240155,0.000346645897067095,0.999976443376686,0
2176,random_map,normalized_copy,1.491912978235554,0.09928843880457634,0.08897307013732478,0
2176,random_map,ejar_absolute,0.996431220039557,0.06631358642035116,0.08864179919311183,0
2177,zero_effect,normalized_copy,0.0,0.0,0.0,0
2177,zero_effect,ejar_absolute,0.0,0.0,0.0,0
2178,same_geometry_diff_limits,normalized_copy,1.2485548668137214,0.03388001394847163,-0.0736519858797475,0
2178,same_geometry_diff_limits,ejar_absolute,0.007642467037331216,0.0002073812667009907,0.9999790388272856,0
2179,same_limits_diff_geometry,normalized_copy,0.6552096758915545,0.011454143888522629,0.7989493856205151,0
2179,same_limits_diff_geometry,ejar_absolute,0.026309579829682628,0.00045993477218678213,0.9998669428893061,0
2180,matched_morphology,normalized_copy,0.0,0.0,0.9999998797074627,0
2180,matched_morphology,ejar_absolute,0.000772524197676374,7.04356826132607e-05,0.9999997728239178,0
2181,random_map,normalized_copy,0.6982585097749823,0.02015542394889063,0.901356366586498,0
2181,random_map,ejar_absolute,2.17927062921671,0.06290524614642108,-0.8664490286050504,0
2182,zero_effect,normalized_copy,0.0,0.0,0.0,0
2182,zero_effect,ejar_absolute,0.0,0.0,0.0,0
2183,same_geometry_diff_limits,normalized_copy,1.6302915238605011,0.028543014726094253,-0.9355454803550057,0
2183,same_geometry_diff_limits,ejar_absolute,0.020027625487978446,0.0003506420789567839,0.9998060372426655,0
2184,same_limits_diff_geometry,normalized_copy,2.3002113934127384,0.024887441871837602,-0.4726346108672742,0
2184,same_limits_diff_geometry,ejar_absolute,0.1262366596960052,0.0013658342617015034,0.9957626967121184,0
2185,matched_morphology,normalized_copy,0.0,0.0,0.9999998509774431,0
2185,matched_morphology,ejar_absolute,0.0005789001193065403,4.742175330833134e-05,0.9999997870395406,0
2186,random_map,normalized_copy,2.770700824571353,0.008838242044481037,-0.9956441865314691,0
2186,random_map,ejar_absolute,1.452917009244504,0.0046346513071230085,-0.3139555617358312,0
2187,zero_effect,normalized_copy,0.0,0.0,0.0,0
2187,zero_effect,ejar_absolute,0.0,0.0,0.0,0
2188,same_geometry_diff_limits,normalized_copy,0.5030329217848156,0.023429816923530182,0.9019644552071431,0
2188,same_geometry_diff_limits,ejar_absolute,0.6042156134979157,0.02814261372071884,0.9983863037443432,1
2189,same_limits_diff_geometry,normalized_copy,0.9384396242029587,0.004228887745302198,0.8279723793258091,0
2189,same_limits_diff_geometry,ejar_absolute,0.0388117290079821,0.00017489718138792958,0.9997733158064405,0
2190,matched_morphology,normalized_copy,0.0,0.0,0.9999997110634153,0
2190,matched_morphology,ejar_absolute,0.009509637021631028,0.0005594517254042853,0.9999549627898582,0
2191,random_map,normalized_copy,0.7201186207571547,0.013121364157182033,0.7063667359576857,0
2191,random_map,ejar_absolute,0.33393564844210955,0.006084679831867967,0.9509889069451828,0
2192,zero_effect,normalized_copy,0.0,0.0,0.0,0
2192,zero_effect,ejar_absolute,0.0,0.0,0.0,0
2193,same_geometry_diff_limits,normalized_copy,0.8033121638611131,0.002258661686188682,0.595437434322461,0
2193,same_geometry_diff_limits,ejar_absolute,0.8019053506507123,0.0022547061689677256,0.5973247888317103,0
2194,same_limits_diff_geometry,normalized_copy,0.41479429985166316,0.004506826678738205,0.9565595747082105,0
2194,same_limits_diff_geometry,ejar_absolute,0.00569949754874388,6.192623094692444e-05,0.9999776905988177,0
2195,matched_morphology,normalized_copy,0.0,0.0,0.9999998423678922,0
2195,matched_morphology,ejar_absolute,0.002292390800809119,0.0001825855007246718,0.9999978329978033,0
2196,random_map,normalized_copy,1.5866158426257615,0.11623108802731964,0.1206851001179945,0
2196,random_map,ejar_absolute,1.2142904954078302,0.08895556294768177,0.006971670027279417,0
2197,zero_effect,normalized_copy,0.0,0.0,0.0,0
2197,zero_effect,ejar_absolute,0.0,0.0,0.0,0
2198,same_geometry_diff_limits,normalized_copy,0.963657295427688,0.05703763789556083,0.4105481039815334,0
2198,same_geometry_diff_limits,ejar_absolute,0.9113657629558805,0.05394256923548578,0.4115984169112626,0
2199,same_limits_diff_geometry,normalized_copy,1.5477526767367673,0.05777534646017808,-0.2866385386865191,0
2199,same_limits_diff_geometry,ejar_absolute,0.8596048062792352,0.032087791704761906,0.9970373482929481,1
2200,matched_morphology,normalized_copy,0.0,0.0,0.9999985000122907,0
2200,matched_morphology,ejar_absolute,0.006102006109999302,0.00015755365371749046,0.999988504681091,0
2201,random_map,normalized_copy,2.058129546715779,0.13416410761179545,-0.7395657033884896,0
2201,random_map,ejar_absolute,0.9624658449332147,0.06274064302626217,0.7495438120567935,0
2202,zero_effect,normalized_copy,0.0,0.0,0.0,0
2202,zero_effect,ejar_absolute,0.0,0.0,0.0,0
2203,same_geometry_diff_limits,normalized_copy,0.5949605566903858,0.08002902711988655,0.8284406025263495,0
2203,same_geometry_diff_limits,ejar_absolute,0.8331000330121319,0.11206152136603253,0.9989396847756206,1
2204,same_limits_diff_geometry,normalized_copy,1.9018584559960792,0.062370268761469984,-0.4363345993727577,0
2204,same_limits_diff_geometry,ejar_absolute,0.3938813906265368,0.01291709596792901,0.9998120887569208,1
2205,matched_morphology,normalized_copy,0.0,0.0,0.9999996039995556,0
2205,matched_morphology,ejar_absolute,0.0040244778780129395,0.00020223747318348542,0.9999932646967061,0
2206,random_map,normalized_copy,0.545467463446553,0.039743638056100136,0.8493207588693683,0
2206,random_map,ejar_absolute,1.1409528027850022,0.08313165912126538,-0.5147815787493177,1
2207,zero_effect,normalized_copy,0.0,0.0,0.0,0
2207,zero_effect,ejar_absolute,0.0,0.0,0.0,0
2208,same_geometry_diff_limits,normalized_copy,1.1919902148999868,0.043782640931210176,-0.03401329266634029,0
2208,same_geometry_diff_limits,ejar_absolute,0.8610363715823566,0.0316264729479054,0.9973716162485984,1
2209,same_limits_diff_geometry,normalized_copy,1.957520522710009,0.17178289632161473,-0.999721076239426,0
2209,same_limits_diff_geometry,ejar_absolute,0.00355852794088581,0.0003122798607906675,0.9999942109362571,0
2210,matched_morphology,normalized_copy,0.0,0.0,0.999999912845027,0
2210,matched_morphology,ejar_absolute,0.0009216615182947019,9.872459346125163e-05,0.9999996463402165,0
2211,random_map,normalized_copy,2.179606957181395,0.015571431374736731,0.5655166951549002,0
2211,random_map,ejar_absolute,2.038042865733089,0.014560076768874738,-0.9623760553378634,0
2212,zero_effect,normalized_copy,0.0,0.0,0.0,0
2212,zero_effect,ejar_absolute,0.0,0.0,0.0,0
2213,same_geometry_diff_limits,normalized_copy,1.1848653814236723,0.03796318116829455,-0.019087400393029093,0
2213,same_geometry_diff_limits,ejar_absolute,0.24567807440470416,0.007871545066577126,0.9999691478725454,1
2214,same_limits_diff_geometry,normalized_copy,1.0378700123008961,0.016179915624219006,-0.15725310629470182,0
2214,same_limits_diff_geometry,ejar_absolute,0.7512788220637514,0.01171209092389695,0.8732766469205031,1
2215,matched_morphology,normalized_copy,0.0,0.0,0.9999997582857698,0
2215,matched_morphology,ejar_absolute,0.007513767654656829,0.00048328866161910457,0.9999716748459444,0
2216,random_map,normalized_copy,1.0542767967970776,0.06840373064170174,0.24975985460149244,0
2216,random_map,ejar_absolute,1.0694027420335261,0.06938513427953055,-0.9975920560219468,1
2217,zero_effect,normalized_copy,0.0,0.0,0.0,0
2217,zero_effect,ejar_absolute,0.0,0.0,0.0,0
2218,same_geometry_diff_limits,normalized_copy,1.5135447926477181,0.126118805500389,-0.6734091886296881,0
2218,same_geometry_diff_limits,ejar_absolute,0.7741398959717748,0.06450658047546806,0.9991193414993449,1
2219,same_limits_diff_geometry,normalized_copy,1.042661445328904,0.019459441359971644,0.5864468928651354,0
2219,same_limits_diff_geometry,ejar_absolute,0.1985266512902589,0.003705150647395131,0.9998558773426148,1
2220,matched_morphology,normalized_copy,0.0,0.0,0.9999998782433556,0
2220,matched_morphology,ejar_absolute,0.0019446596795579113,0.00017623706555914943,0.9999981897495165,0
2221,random_map,normalized_copy,2.4774298490360245,0.02517360836463423,0.996204213920886,0
2221,random_map,ejar_absolute,0.8016150002069548,0.008145353573695734,0.9815654826610992,0
2222,zero_effect,normalized_copy,0.0,0.0,0.0,0
2222,zero_effect,ejar_absolute,0.0,0.0,0.0,0
2223,same_geometry_diff_limits,normalized_copy,1.0501137862590089,0.07379082374462388,0.15861669720525545,0
2223,same_geometry_diff_limits,ejar_absolute,0.614920887531545,0.04321009725086699,0.9999917160567948,1
2224,same_limits_diff_geometry,normalized_copy,1.83090781432134,0.05764820454339771,-0.9997240482559006,0
2224,same_limits_diff_geometry,ejar_absolute,0.0016323183762588052,5.139539134546456e-05,0.9999984034511231,0
2225,matched_morphology,normalized_copy,0.0,0.0,0.9999992513250474,0
2225,matched_morphology,ejar_absolute,0.00373390847672558,0.0001364636131863813,0.9999935576635773,0
2226,random_map,normalized_copy,0.6631266148901654,0.021180638325908982,0.7514795449808569,0
2226,random_map,ejar_absolute,0.9851048865907707,0.031464806037713657,0.22745080893239158,0
2227,zero_effect,normalized_copy,0.0,0.0,0.0,0
2227,zero_effect,ejar_absolute,0.0,0.0,0.0,0
2228,same_geometry_diff_limits,normalized_copy,0.6869030836183908,0.015229242877466282,0.7344423000670558,0
2228,same_geometry_diff_limits,ejar_absolute,0.7166070341374364,0.015887805471903695,0.8390490074608169,1
2229,same_limits_diff_geometry,normalized_copy,2.311217685758877,0.07076344060250105,-0.9992512595638645,0
2229,same_limits_diff_geometry,ejar_absolute,0.04172407611655673,0.0012774820823503446,0.9991320009751137,0
2230,matched_morphology,normalized_copy,0.0,0.0,0.9999986946619935,0
2230,matched_morphology,ejar_absolute,0.005135983726172291,0.00014215491487183676,0.9999886273446521,0
2231,random_map,normalized_copy,1.5135288830583133,0.04371900898459364,0.32293859168139466,0
2231,random_map,ejar_absolute,0.7896628565005237,0.022809791015277345,0.9885458564066814,0
2232,zero_effect,normalized_copy,0.0,0.0,0.0,0
2232,zero_effect,ejar_absolute,0.0,0.0,0.0,0
2233,same_geometry_diff_limits,normalized_copy,0.4289536329801543,0.015706583318393506,0.9639684498524511,0
2233,same_geometry_diff_limits,ejar_absolute,0.4610799716717041,0.016882922616112198,0.9991730889996706,1
2234,same_limits_diff_geometry,normalized_copy,0.15826445762214966,0.011770396162625948,0.9999537516314966,0
2234,same_limits_diff_geometry,ejar_absolute,0.0025710982394340125,0.00019121693718130835,0.9999976043985487,0
2235,matched_morphology,normalized_copy,0.0,0.0,0.9999999494057649,0
2235,matched_morphology,ejar_absolute,0.001451597744102434,0.00020407779771600473,0.9999990215139836,0
2236,random_map,normalized_copy,0.9639355974260622,0.03444902560631657,0.748904426475349,0
2236,random_map,ejar_absolute,5.991153603344584,0.21411119627089428,-0.7515185901236873,1
2237,zero_effect,normalized_copy,0.0,0.0,0.0,0
2237,zero_effect,ejar_absolute,0.0,0.0,0.0,0
2238,same_geometry_diff_limits,normalized_copy,1.5271057922698472,0.09822517962895827,-0.9233385303537114,0
2238,same_geometry_diff_limits,ejar_absolute,0.5058338655117559,0.032535808949065166,0.9998191580846121,1
2239,same_limits_diff_geometry,normalized_copy,1.3268372310165801,0.03238361667287021,0.23020994935182856,0
2239,same_limits_diff_geometry,ejar_absolute,0.34421350491928365,0.008401089399934026,0.9998136297875433,1
2240,matched_morphology,normalized_copy,0.0,0.0,0.999999936064854,0
2240,matched_morphology,ejar_absolute,0.0011805554437147902,0.00014764425314746428,0.999999472183267,0
2241,random_map,normalized_copy,1.614276170491609,0.14995795359456457,-0.44583584287875666,0
2241,random_map,ejar_absolute,0.7137191245231937,0.06630083582427426,0.8882787139631803,0
2242,zero_effect,normalized_copy,0.0,0.0,0.0,0
2242,zero_effect,ejar_absolute,0.0,0.0,0.0,0
2243,same_geometry_diff_limits,normalized_copy,0.736276318352219,0.005593515205245011,0.6773881385908155,0
2243,same_geometry_diff_limits,ejar_absolute,0.0396694002895055,0.0003013697278745719,0.9995475566449963,0
2244,same_limits_diff_geometry,normalized_copy,0.22789862052188822,0.01373114931107034,0.9837037407577857,0
2244,same_limits_diff_geometry,ejar_absolute,0.17263268566872333,0.010401314310108545,0.9849883917677094,0
2245,matched_morphology,normalized_copy,0.0,0.0,0.9999997208768532,0
2245,matched_morphology,ejar_absolute,0.0015067498513906862,9.018684154443148e-05,0.9999988196080398,0
2246,random_map,normalized_copy,0.664673612420185,0.03303615821302893,0.904753813051444,0
2246,random_map,ejar_absolute,0.7200057590490495,0.035786322378026814,0.8569897725818449,0
2247,zero_effect,normalized_copy,0.0,0.0,0.0,0
2247,zero_effect,ejar_absolute,0.0,0.0,0.0,0
2248,same_geometry_diff_limits,normalized_copy,1.4676422179045534,0.009520370341102572,-0.9984886983330957,0
2248,same_geometry_diff_limits,ejar_absolute,0.04117526744953494,0.00026709765515822205,0.9991290765955656,0
2249,same_limits_diff_geometry,normalized_copy,0.016267835988371632,0.0010677922916948305,0.9999848519659306,0
2249,same_limits_diff_geometry,ejar_absolute,0.0011928116528300606,7.829406992092503e-05,0.9999996272120317,0
2250,matched_morphology,normalized_copy,0.0,0.0,0.999999952241914,0
2250,matched_morphology,ejar_absolute,0.0025740922277880255,0.00037247801071855856,0.9999967885661882,0
2251,random_map,normalized_copy,0.5667891260612754,0.02911134066659607,0.8786747709947051,0
2251,random_map,ejar_absolute,1.1487449019806872,0.05900166859757282,-0.9938896018176506,0
2252,zero_effect,normalized_copy,0.0,0.0,0.0,0
2252,zero_effect,ejar_absolute,0.0,0.0,0.0,0
2253,same_geometry_diff_limits,normalized_copy,0.8236830582163853,0.05342054684349038,0.5727838486146986,0
2253,same_geometry_diff_limits,ejar_absolute,0.8494782838534078,0.05509351443185489,0.997883732095376,1
2254,same_limits_diff_geometry,normalized_copy,0.7713282134897741,0.0422170416569146,0.7242118184572687,0
2254,same_limits_diff_geometry,ejar_absolute,0.6678530800223682,0.03655354595735507,0.9991228410769831,1
2255,matched_morphology,normalized_copy,0.0,0.0,0.9999962186483906,0
2255,matched_morphology,ejar_absolute,0.0023288629698653158,3.787211941354802e-05,0.9999943568565173,0
2256,random_map,normalized_copy,1.1584770527587158,0.07096611580610634,-0.49978837748973876,0
2256,random_map,ejar_absolute,1.51989855442217,0.09310611424697972,-0.9269312123962171,0
2257,zero_effect,normalized_copy,0.0,0.0,0.0,0
2257,zero_effect,ejar_absolute,0.0,0.0,0.0,0
2258,same_geometry_diff_limits,normalized_copy,1.2416301411817796,0.12741610300029896,-0.35149866057514784,0
2258,same_geometry_diff_limits,ejar_absolute,0.770897510684672,0.0791095136677193,0.9999940554074097,1
2259,same_limits_diff_geometry,normalized_copy,2.181031043460045,0.06306169253646002,-0.8492036881865513,0
2259,same_limits_diff_geometry,ejar_absolute,0.015762434161520417,0.0004557504028659206,0.9998887734010831,0
2260,matched_morphology,normalized_copy,0.0,0.0,0.9999996325206608,0
2260,matched_morphology,ejar_absolute,0.0049456524249627465,0.0002579924854694012,0.9999875366571612,0
2261,random_map,normalized_copy,0.6755822279479169,0.047052643051779565,0.7730234760840533,0
2261,random_map,ejar_absolute,1.1250605085652783,0.07835770144808596,0.7708680423547033,1
2262,zero_effect,normalized_copy,0.0,0.0,0.0,0
2262,zero_effect,ejar_absolute,0.0,0.0,0.0,0
2263,same_geometry_diff_limits,normalized_copy,1.5283055455659456,0.07425804592495396,-0.8159675638285592,0
2263,same_geometry_diff_limits,ejar_absolute,0.6894589892631844,0.03349976543408984,0.850400743306628,1
2264,same_limits_diff_geometry,normalized_copy,1.1246606338283514,0.03711564606161634,0.3858971953558954,0
2264,same_limits_diff_geometry,ejar_absolute,0.6408767853735876,0.02114998535519374,0.9995326041454946,1
2265,matched_morphology,normalized_copy,0.0,0.0,0.9999999141434777,0
2265,matched_morphology,ejar_absolute,0.0019581777936526702,0.0002113320959828894,0.9999982861724159,0
2266,random_map,normalized_copy,0.30449449904086934,0.005016655752916019,0.9925411979188128,0
2266,random_map,ejar_absolute,0.7018111481320137,0.011562589619277515,0.8621393053979034,0
2267,zero_effect,normalized_copy,0.0,0.0,0.0,0
2267,zero_effect,ejar_absolute,0.0,0.0,0.0,0
2268,same_geometry_diff_limits,normalized_copy,0.71925453485841,0.053312739984629064,0.7017431820877413,0
2268,same_geometry_diff_limits,ejar_absolute,0.844167581567471,0.06257157181277868,0.9942006016363883,1
2269,same_limits_diff_geometry,normalized_copy,0.8862546046215033,0.027215043464163036,0.6180094132633069,0
2269,same_limits_diff_geometry,ejar_absolute,0.6156193926841135,0.018904396594289122,0.9984935312273732,1
2270,matched_morphology,normalized_copy,0.0,0.0,0.9999999319220898,0
2270,matched_morphology,ejar_absolute,0.005160467353105203,0.000625440377892105,0.9999867356860125,0
2271,random_map,normalized_copy,0.7437809500313499,0.03315347904408091,0.9366271399245328,0
2271,random_map,ejar_absolute,0.7412576347330786,0.03304100415364533,0.9973728353209401,0
2272,zero_effect,normalized_copy,0.0,0.0,0.0,0
2272,zero_effect,ejar_absolute,0.0,0.0,0.0,0
2273,same_geometry_diff_limits,normalized_copy,1.5049514009187697,0.027374297568842312,-0.9459300587212662,0
2273,same_geometry_diff_limits,ejar_absolute,0.29369294533289614,0.005342124718781122,0.9998460114025224,1
2274,same_limits_diff_geometry,normalized_copy,0.7415927125190305,0.008026150868391008,0.802394814594271,0
2274,same_limits_diff_geometry,ejar_absolute,0.005128845174428697,5.550875090284488e-05,0.9999793987870952,0
2275,matched_morphology,normalized_copy,0.0,0.0,0.9999995887238939,0
2275,matched_morphology,ejar_absolute,0.002329096976778496,0.00011484728995727864,0.9999975284450828,0
2276,random_map,normalized_copy,0.30794122568079685,0.013280894877850986,0.9968050518138964,0
2276,random_map,ejar_absolute,1.1538500779571474,0.04976326750752636,-0.9291573690940416,0
2277,zero_effect,normalized_copy,0.0,0.0,0.0,0
2277,zero_effect,ejar_absolute,0.0,0.0,0.0,0
2278,same_geometry_diff_limits,normalized_copy,1.0075245618518234,0.07834943493083467,0.3085692990527946,0
2278,same_geometry_diff_limits,ejar_absolute,0.9731118241493196,0.07567335272351004,0.4634177152798729,1
2279,same_limits_diff_geometry,normalized_copy,1.5580741121455175,0.057786850333126465,-0.06418377534067218,0
2279,same_limits_diff_geometry,ejar_absolute,0.9834641718332479,0.03647534893411557,0.5158573687759834,1
2280,matched_morphology,normalized_copy,0.0,0.0,0.9999998470690773,0
2280,matched_morphology,ejar_absolute,0.004865604663261203,0.00039344962598678913,0.9999888788342065,0
2281,random_map,normalized_copy,0.5845590697681362,0.005389994913817205,0.8751862126437201,0
2281,random_map,ejar_absolute,0.8965036937873062,0.008266316613047466,0.8057841148586625,0
2282,zero_effect,normalized_copy,0.0,0.0,0.0,0
2282,zero_effect,ejar_absolute,0.0,0.0,0.0,0
2283,same_geometry_diff_limits,normalized_copy,0.514243102028513,0.015749786755907644,0.8752228148030213,0
2283,same_geometry_diff_limits,ejar_absolute,0.5755487453733629,0.01762740223739169,0.9204028960067769,1
2284,same_limits_diff_geometry,normalized_copy,1.0361295765707765,0.03786695474081621,0.5928969516495248,0
2284,same_limits_diff_geometry,ejar_absolute,0.7734065977278102,0.028265337940970466,0.9885593423458248,1
2285,matched_morphology,normalized_copy,0.0,0.0,0.9999988075835219,0
2285,matched_morphology,ejar_absolute,0.007089297598384658,0.00020530001417740722,0.9999954120564422,0
2286,random_map,normalized_copy,1.506564027547139,0.07935295123958176,-0.011361913330093289,0
2286,random_map,ejar_absolute,0.8405828241305641,0.04427473817004802,0.5992569104799477,0
2287,zero_effect,normalized_copy,0.0,0.0,0.0,0
2287,zero_effect,ejar_absolute,0.0,0.0,0.0,0
2288,same_geometry_diff_limits,normalized_copy,1.4952417838497463,0.12009973811031485,-0.9945840751491541,0
2288,same_geometry_diff_limits,ejar_absolute,0.0033331788577114756,0.00026772520150909144,0.9999965472876458,0
2289,same_limits_diff_geometry,normalized_copy,1.6374784889018188,0.08492321859620797,-0.8751327085911699,0
2289,same_limits_diff_geometry,ejar_absolute,0.3861575824550578,0.020026977459354185,0.9998951384858195,1
2290,matched_morphology,normalized_copy,0.0,0.0,0.9999997613066187,0
2290,matched_morphology,ejar_absolute,0.0008656107317669945,5.602764896844541e-05,0.9999996338604462,0
2291,random_map,normalized_copy,2.1688679094787933,0.13698517897734663,-0.5608037137005634,0
2291,random_map,ejar_absolute,1.739299770819114,0.10985375797190473,-0.4332054670357722,0
2292,zero_effect,normalized_copy,0.0,0.0,0.0,0
2292,zero_effect,ejar_absolute,0.0,0.0,0.0,0
2293,same_geometry_diff_limits,normalized_copy,0.3781676297788346,0.02780762177751243,0.9324812275781407,0
2293,same_geometry_diff_limits,ejar_absolute,0.7816289707511401,0.05747515407837933,0.9790508218981286,1
2294,same_limits_diff_geometry,normalized_copy,1.3911544958360509,0.061931118053936716,-0.13221884633591952,0
2294,same_limits_diff_geometry,ejar_absolute,0.8605906480094104,0.03831159024933047,0.9998928565703334,1
2295,matched_morphology,normalized_copy,0.0,0.0,0.9999998192494944,0
2295,matched_morphology,ejar_absolute,0.001251488094287461,9.308654867906239e-05,0.9999991321916686,0
2296,random_map,normalized_copy,0.3074757316826474,0.0039766659944493275,0.951937538186748,0
2296,random_map,ejar_absolute,1.309107512520313,0.01693103810056393,0.09323665251575924,0
2297,zero_effect,normalized_copy,0.0,0.0,0.0,0
2297,zero_effect,ejar_absolute,0.0,0.0,0.0,0
2298,same_geometry_diff_limits,normalized_copy,1.4146984573913235,0.07771513847965299,-0.5051543964357004,0
2298,same_geometry_diff_limits,ejar_absolute,0.4561423010529372,0.025057751287948772,0.9999493285181802,1
2299,same_limits_diff_geometry,normalized_copy,1.050596322710557,0.00777085592389115,0.8386460531175798,0
2299,same_limits_diff_geometry,ejar_absolute,0.03697553145282094,0.00027349374961436833,0.9998603867877941,0
2300,matched_morphology,normalized_copy,0.0,0.0,0.999999819826999,0
2300,matched_morphology,ejar_absolute,0.001752500537233044,0.00013056094063051827,0.9999989416304359,0
2301,random_map,normalized_copy,0.7674252733036311,0.04874965334159744,0.7573692472268673,0
2301,random_map,ejar_absolute,0.8601650060507156,0.054640819530261675,0.5296915753724342,1
2302,zero_effect,normalized_copy,0.0,0.0,0.0,0
2302,zero_effect,ejar_absolute,0.0,0.0,0.0,0
2303,same_geometry_diff_limits,normalized_copy,0.7628975913426621,0.029829856224239268,0.6563109051008623,0
2303,same_geometry_diff_limits,ejar_absolute,0.0067900024585247345,0.0002654940838698352,0.999983650538446,0
2304,same_limits_diff_geometry,normalized_copy,1.5959533334704612,0.05847474254178798,-0.1602412152510279,0
2304,same_limits_diff_geometry,ejar_absolute,0.5550853078698232,0.020337982186380634,0.9999194581283176,1
2305,matched_morphology,normalized_copy,0.0,0.0,0.9999999086285704,0
2305,matched_morphology,ejar_absolute,0.0011483822414051481,0.00012013823364980039,0.9999994116350687,0
2306,random_map,normalized_copy,1.3464496521037894,0.08081970161839143,0.5017697086728412,0
2306,random_map,ejar_absolute,1.9520488609946614,0.1171703719063001,-0.3864010254012926,1
2307,zero_effect,normalized_copy,0.0,0.0,0.0,0
2307,zero_effect,ejar_absolute,0.0,0.0,0.0,0
2308,same_geometry_diff_limits,normalized_copy,0.6544476082897404,0.009822704004072131,0.761702927280572,0
2308,same_geometry_diff_limits,ejar_absolute,0.01687753184156104,0.0002533174504712381,0.9998854858859503,0
2309,same_limits_diff_geometry,normalized_copy,1.144000938983229,0.0779556574589286,0.22468924595183906,0
2309,same_limits_diff_geometry,ejar_absolute,0.7423397203371425,0.050585256519275895,0.9999400154579055,1
2310,matched_morphology,normalized_copy,0.0,0.0,0.9999997631557495,0
2310,matched_morphology,ejar_absolute,0.0046289472682983345,0.00030078125387140666,0.9999921374320093,0
2311,random_map,normalized_copy,0.9013003517995749,0.03757026075065653,0.934794932405872,0
2311,random_map,ejar_absolute,1.7393162647758464,0.07250254087332014,-0.860071829939977,0
2312,zero_effect,normalized_copy,0.0,0.0,0.0,0
2312,zero_effect,ejar_absolute,0.0,0.0,0.0,0
2313,same_geometry_diff_limits,normalized_copy,1.3956917837898393,0.11545121264308623,-0.41858750969795494,0
2313,same_geometry_diff_limits,ejar_absolute,0.7354116914212834,0.06083303817691243,0.9999477617914491,1
2314,same_limits_diff_geometry,normalized_copy,0.23416798813788525,0.010147712175704624,0.9770892344975562,0
2314,same_limits_diff_geometry,ejar_absolute,0.36997922823910523,0.016033116862024018,0.9970161682208939,1
2315,matched_morphology,normalized_copy,0.0,0.0,0.999998445114361,0
2315,matched_morphology,ejar_absolute,0.0012567202246921783,3.1870513258177426e-05,0.9999980178851382,0
2316,random_map,normalized_copy,1.9143503353850777,0.05356321019574588,-0.4134090659819979,0
2316,random_map,ejar_absolute,1.3367188201621516,0.03740117459877186,0.35928863967621694,0
2317,zero_effect,normalized_copy,0.0,0.0,0.0,0
2317,zero_effect,ejar_absolute,0.0,0.0,0.0,0
2318,same_geometry_diff_limits,normalized_copy,1.057645685050364,0.08080700732805027,0.210760576435761,0
2318,same_geometry_diff_limits,ejar_absolute,0.7951218207908753,0.0607494699855759,0.9999841851482953,1
2319,same_limits_diff_geometry,normalized_copy,0.17374644220822516,0.011783339897903556,0.99916143363633,0
2319,same_limits_diff_geometry,ejar_absolute,0.0013192926156283876,8.947333319270458e-05,0.9999997354195226,0
2320,matched_morphology,normalized_copy,0.0,0.0,0.9999999515117043,0
2320,matched_morphology,ejar_absolute,0.0016447398014548303,0.00023619937026826023,0.9999987225112653,0
2321,random_map,normalized_copy,0.9715204774991725,0.029642065907302582,0.4684813016208214,0
2321,random_map,ejar_absolute,3.623432550147988,0.11055456776230803,-0.5711673209763312,1
2322,zero_effect,normalized_copy,0.0,0.0,0.0,0
2322,zero_effect,ejar_absolute,0.0,0.0,0.0,0
2323,same_geometry_diff_limits,normalized_copy,1.4932346185682805,0.07825999003724571,-0.9743835801116278,0
2323,same_geometry_diff_limits,ejar_absolute,0.0047416277994268945,0.0002485073274682507,0.9999925497255637,0
2324,same_limits_diff_geometry,normalized_copy,1.1641725238620038,0.07703515234252237,0.32130894128150417,0
2324,same_limits_diff_geometry,ejar_absolute,0.9474507592262325,0.0626943275829132,0.9476505346211427,1
2325,matched_morphology,normalized_copy,0.0,0.0,0.9999976586449763,0
2325,matched_morphology,ejar_absolute,0.007766564735054848,0.00016050731998711114,0.9999930041633954,0
2326,random_map,normalized_copy,1.7809497410194237,0.13071502421542072,-0.8310826851039872,0
2326,random_map,ejar_absolute,1.069236259829195,0.07847792690408929,0.44836116933504755,1
2327,zero_effect,normalized_copy,0.0,0.0,0.0,0
2327,zero_effect,ejar_absolute,0.0,0.0,0.0,0
2328,same_geometry_diff_limits,normalized_copy,0.5875919326861196,0.030809100508912227,0.8506265520882313,0
2328,same_geometry_diff_limits,ejar_absolute,0.47017492209221773,0.024652595833454163,0.9999894764857453,1
2329,same_limits_diff_geometry,normalized_copy,0.9512864035686964,0.05407153276619032,0.6845490246141267,0
2329,same_limits_diff_geometry,ejar_absolute,0.7286618885674897,0.04141745854386734,0.6919920230077395,1
2330,matched_morphology,normalized_copy,0.0,0.0,0.9999987668251553,0
2330,matched_morphology,ejar_absolute,0.006091991028304984,0.0001734789057156369,0.999993776703756,0
2331,random_map,normalized_copy,1.3915173976809314,0.07278159676578984,-0.4079163545510202,0
2331,random_map,ejar_absolute,1.0040766580181326,0.05251698797845293,0.16671950333087412,0
2332,zero_effect,normalized_copy,0.0,0.0,0.0,0
2332,zero_effect,ejar_absolute,0.0,0.0,0.0,0
2333,same_geometry_diff_limits,normalized_copy,0.8600650502978385,0.012306345674852469,0.5163682759321212,0
2333,same_geometry_diff_limits,ejar_absolute,0.7478093903043556,0.010700121871943476,0.9033282519769559,1
2334,same_limits_diff_geometry,normalized_copy,1.0750668500621223,0.0778403298238801,0.36093166174883584,0
2334,same_limits_diff_geometry,ejar_absolute,0.906390830225159,0.06562732463566333,0.9955930290631657,1
2335,matched_morphology,normalized_copy,0.0,0.0,0.9999993938362491,0
2335,matched_morphology,ejar_absolute,0.002330900459804535,9.467354204470344e-05,0.9999972457926689,0
2336,random_map,normalized_copy,0.5010504448495076,0.037780162499032544,0.9999447051788338,0
2336,random_map,ejar_absolute,0.8174891450465223,0.06164024612397897,0.7763745646641038,0
2337,zero_effect,normalized_copy,0.0,0.0,0.0,0
2337,zero_effect,ejar_absolute,0.0,0.0,0.0,0
2338,same_geometry_diff_limits,normalized_copy,1.3796611714036078,0.04171627382044487,-0.6477434552924736,0
2338,same_geometry_diff_limits,ejar_absolute,0.009893493332930152,0.00029914567828083233,0.9999738322542278,0
2339,same_limits_diff_geometry,normalized_copy,2.326268982707998,0.07876492018590876,-0.9987723623901091,0
2339,same_limits_diff_geometry,ejar_absolute,0.013896215944438139,0.00047051065370595313,0.9999045939077351,0
2340,matched_morphology,normalized_copy,0.0,0.0,0.9999996588969946,0
2340,matched_morphology,ejar_absolute,0.004297678138353769,0.00023269714140427284,0.9999926821920275,0
2341,random_map,normalized_copy,0.2864249244785716,0.008314880034788056,0.9868396263337784,0
2341,random_map,ejar_absolute,0.6923619084086344,0.02009918033339799,0.9990296834031299,0
2342,zero_effect,normalized_copy,0.0,0.0,0.0,0
2342,zero_effect,ejar_absolute,0.0,0.0,0.0,0
2343,same_geometry_diff_limits,normalized_copy,0.4223090770167594,0.024601372004490873,0.9794970120776142,0
2343,same_geometry_diff_limits,ejar_absolute,0.0019047956449828893,0.00011096277301398975,0.9999990453687483,0
2344,same_limits_diff_geometry,normalized_copy,1.719868639455808,0.029163803747923902,-0.18178681543945036,0
2344,same_limits_diff_geometry,ejar_absolute,0.4657287306716296,0.007897359710782792,0.9979523476017252,1
2345,matched_morphology,normalized_copy,0.0,0.0,0.9999997283390059,0
2345,matched_morphology,ejar_absolute,0.003156259933829934,0.0001914957182161922,0.9999950051556322,0
2346,random_map,normalized_copy,0.7380732433429603,0.005272542801677511,0.6843474527157334,0
2346,random_map,ejar_absolute,10.129900023136278,0.07236454095908997,-0.6813245899779007,0
2347,zero_effect,normalized_copy,0.0,0.0,0.0,0
2347,zero_effect,ejar_absolute,0.0,0.0,0.0,0
2348,same_geometry_diff_limits,normalized_copy,0.48785481409111925,0.010325598582304696,0.9315960566358402,0
2348,same_geometry_diff_limits,ejar_absolute,0.4868226747094433,0.010303753031890217,0.9610775132892801,1
2349,same_limits_diff_geometry,normalized_copy,0.7610236780749342,0.00906795615291179,0.7524302448578896,0
2349,same_limits_diff_geometry,ejar_absolute,0.448870676007804,0.005348505868651638,0.9212000028284026,1
2350,matched_morphology,normalized_copy,0.0,0.0,0.9999998696670708,0
2350,matched_morphology,ejar_absolute,0.0010911826049564274,9.558072775401779e-05,0.9999995236112027,0
2351,random_map,normalized_copy,1.3968598575742506,0.012127941451521082,0.22147737468907652,0
2351,random_map,ejar_absolute,0.9201355441481893,0.007988883026728079,0.6908941483983806,0
2352,zero_effect,normalized_copy,0.0,0.0,0.0,0
2352,zero_effect,ejar_absolute,0.0,0.0,0.0,0
2353,same_geometry_diff_limits,normalized_copy,0.6556385821240902,0.026646396487003246,0.7729246550118318,0
2353,same_geometry_diff_limits,ejar_absolute,0.6673310957404719,0.027121602434680106,0.9994882765130002,1
2354,same_limits_diff_geometry,normalized_copy,1.477176112453766,0.0813883748082514,-0.3252338375176984,0
2354,same_limits_diff_geometry,ejar_absolute,0.7677773342390231,0.042302437009034376,0.9999546444811395,1
2355,matched_morphology,normalized_copy,0.0,0.0,0.9999997917410898,0
2355,matched_morphology,ejar_absolute,0.005423785463785937,0.00037583798269072216,0.9999853570511221,0
2356,random_map,normalized_copy,1.900400025242076,0.15350577788108752,-0.9863082455994445,0
2356,random_map,ejar_absolute,0.23290923447147352,0.01881336178612073,0.982255676988793,0
2357,zero_effect,normalized_copy,0.0,0.0,0.0,0
2357,zero_effect,ejar_absolute,0.0,0.0,0.0,0
2358,same_geometry_diff_limits,normalized_copy,0.5124695498654851,0.03066396037116653,0.9083294030608843,0
2358,same_geometry_diff_limits,ejar_absolute,0.5772041999828682,0.03453740172268059,0.9982185529875846,1
2359,same_limits_diff_geometry,normalized_copy,1.8244908447797674,0.06251876288042327,-0.28397349455501014,0
2359,same_limits_diff_geometry,ejar_absolute,0.7067057315296029,0.024216272820524083,0.9994417966792869,1
2360,matched_morphology,normalized_copy,0.0,0.0,0.999999019886841,0
2360,matched_morphology,ejar_absolute,0.008584512034687047,0.0002742062215903914,0.999966021395728,0
2361,random_map,normalized_copy,0.6255167078960112,0.04222221877031299,0.7802368371438606,0
2361,random_map,ejar_absolute,0.5923599274912636,0.03998414452178115,0.8110843031303082,0
2362,zero_effect,normalized_copy,0.0,0.0,0.0,0
2362,zero_effect,ejar_absolute,0.0,0.0,0.0,0
2363,same_geometry_diff_limits,normalized_copy,1.1531598491566228,0.08986804622615885,0.07639206637434,0
2363,same_geometry_diff_limits,ejar_absolute,0.9898080747531387,0.07713771675453021,0.5948537719245577,1
2364,same_limits_diff_geometry,normalized_copy,1.5927374325828894,0.08190680047061967,-0.5596149004299186,0
2364,same_limits_diff_geometry,ejar_absolute,0.7522821579029867,0.03868624127521436,0.9994735533397126,1
2365,matched_morphology,normalized_copy,0.0,0.0,0.9999997824884019,0
2365,matched_morphology,ejar_absolute,0.0180812567370136,0.0012259912275203327,0.9998378037719741,0
2366,random_map,normalized_copy,1.9911615870092687,0.05038874482648724,-0.2440841731815012,0
2366,random_map,ejar_absolute,0.9556282705197381,0.02418332564587198,0.32917842564975736,0
2367,zero_effect,normalized_copy,0.0,0.0,0.0,0
2367,zero_effect,ejar_absolute,0.0,0.0,0.0,0
2368,same_geometry_diff_limits,normalized_copy,0.4655783025100181,0.006920038880789345,0.985216656231157,0
2368,same_geometry_diff_limits,ejar_absolute,0.034905229021785174,0.0005188075575502417,0.9995109753954632,0
2369,same_limits_diff_geometry,normalized_copy,0.7566760034525477,0.03353617714905969,0.7859720496385699,0
2369,same_limits_diff_geometry,ejar_absolute,0.7121273732487625,0.0315617643918884,0.9951527002588109,1
2370,matched_morphology,normalized_copy,0.0,0.0,0.9999998997622599,0
2370,matched_morphology,ejar_absolute,0.0013317534901101699,0.00013301731984854625,0.9999994552399991,0
2371,random_map,normalized_copy,1.4600865128579756,0.039445280593825106,-0.07281561713276957,0
2371,random_map,ejar_absolute,1.842671578927783,0.04978108956763117,0.18833453538151426,0
2372,zero_effect,normalized_copy,0.0,0.0,0.0,0
2372,zero_effect,ejar_absolute,0.0,0.0,0.0,0
2373,same_geometry_diff_limits,normalized_copy,0.6915917134616398,0.030984255394015867,0.739762402341933,0
2373,same_geometry_diff_limits,ejar_absolute,0.37332040294031815,0.01672526504200417,0.9999828768991097,1
2374,same_limits_diff_geometry,normalized_copy,1.6247827896527165,0.07595611968489344,-0.8496749180713213,0
2374,same_limits_diff_geometry,ejar_absolute,0.5669751681770447,0.02650522519482313,0.9996818036362455,1
2375,matched_morphology,normalized_copy,0.0,0.0,0.999966216728534,0
2375,matched_morphology,ejar_absolute,0.11541190925145547,0.0006279029419002995,0.9958930918228315,0
2376,random_map,normalized_copy,2.0280363646967117,0.03345695047815038,-0.9970806256506919,0
2376,random_map,ejar_absolute,1.2538874518673377,0.020685649977767243,-0.18441481604594503,0
2377,zero_effect,normalized_copy,0.0,0.0,0.0,0
2377,zero_effect,ejar_absolute,0.0,0.0,0.0,0
2378,same_geometry_diff_limits,normalized_copy,1.177565941710592,0.07676923241259989,-0.02092299002472028,0
2378,same_geometry_diff_limits,ejar_absolute,0.8435948136165179,0.05499660275034246,0.9998036793309459,1
2379,same_limits_diff_geometry,normalized_copy,1.3033325371187245,0.05271138031003017,-0.113776335747846,0
2379,same_limits_diff_geometry,ejar_absolute,0.6630452872928008,0.02681589794307447,0.9999407923064105,1
2380,matched_morphology,normalized_copy,0.0,0.0,0.9999979605577058,0
2380,matched_morphology,ejar_absolute,0.00617477514207578,0.00013673037759482512,0.9999803079269134,0
2381,random_map,normalized_copy,1.2169946015728315,0.02444532673943101,-0.2276257412542374,0
2381,random_map,ejar_absolute,1.1414780534972018,0.02292845337815485,0.017209038003326422,0
2382,zero_effect,normalized_copy,0.0,0.0,0.0,0
2382,zero_effect,ejar_absolute,0.0,0.0,0.0,0
2383,same_geometry_diff_limits,normalized_copy,0.3850541401152266,0.03336972240627263,0.9999768867221908,0
2383,same_geometry_diff_limits,ejar_absolute,0.02139057950280971,0.0018537593178571275,0.9999799302683836,1
2384,same_limits_diff_geometry,normalized_copy,0.84909313915711,0.04890628375405947,0.6215846953885762,0
2384,same_limits_diff_geometry,ejar_absolute,0.8106873299457374,0.04669417613420492,0.9975567300161623,1
2385,matched_morphology,normalized_copy,0.0,0.0,0.9999998535982854,0
2385,matched_morphology,ejar_absolute,0.004362228422853624,0.0003605249249851871,0.9999906360483249,0
2386,random_map,normalized_copy,1.0285850108779462,0.012140806768151347,0.2810258168696837,0
2386,random_map,ejar_absolute,2.6732089651764426,0.031552971464551285,0.051013194059009795,0
2387,zero_effect,normalized_copy,0.0,0.0,0.0,0
2387,zero_effect,ejar_absolute,0.0,0.0,0.0,0
2388,same_geometry_diff_limits,normalized_copy,0.4940704857823377,0.010816025533347111,0.9340343529727102,0
2388,same_geometry_diff_limits,ejar_absolute,0.008176984809777311,0.00017900781170585066,0.9999661177449555,0
2389,same_limits_diff_geometry,normalized_copy,1.249064095563189,0.09124401565970167,0.29656111127227247,0
2389,same_limits_diff_geometry,ejar_absolute,0.9481262400877911,0.06926053339075261,0.9740985945946793,1
2390,matched_morphology,normalized_copy,0.0,0.0,0.9999998772072468,0
2390,matched_morphology,ejar_absolute,0.0021973262770675164,0.00019829335414417614,0.9999977438210746,0
2391,random_map,normalized_copy,1.0286016915726364,0.03915961132732071,-0.6345310290513507,0
2391,random_map,ejar_absolute,1.0997601098693135,0.041868663845895146,-0.7567272350927702,0
2392,zero_effect,normalized_copy,0.0,0.0,0.0,0
2392,zero_effect,ejar_absolute,0.0,0.0,0.0,0
2393,same_geometry_diff_limits,normalized_copy,0.505461703453116,0.025462189134651262,0.9609491486372848,0
2393,same_geometry_diff_limits,ejar_absolute,0.0031247529488233313,0.0001574066839059327,0.9999978005651724,0
2394,same_limits_diff_geometry,normalized_copy,0.446478733896226,0.01913904402202812,0.9500343137818756,0
2394,same_limits_diff_geometry,ejar_absolute,0.34558692358803,0.014814150914354406,0.9550964486525074,1
2395,matched_morphology,normalized_copy,0.0,0.0,0.9999998224214747,0
2395,matched_morphology,ejar_absolute,0.0021658162088316613,0.00016252730891896412,0.9999982280752341,0
2396,random_map,normalized_copy,3.5380946155804915,0.02281031567226633,0.27946149656713065,0
2396,random_map,ejar_absolute,1.1043273336607435,0.007119666889456782,-0.9789694527901853,0
2397,zero_effect,normalized_copy,0.0,0.0,0.0,0
2397,zero_effect,ejar_absolute,0.0,0.0,0.0,0
2398,same_geometry_diff_limits,normalized_copy,1.6214094782204023,0.03699018005951866,-0.9996992696715808,0
2398,same_geometry_diff_limits,ejar_absolute,0.011996353748388772,0.0002736799625086826,0.9999770023198846,0
2399,same_limits_diff_geometry,normalized_copy,0.5247487905398708,0.008787292074029136,0.9283886938896153,0
2399,same_limits_diff_geometry,ejar_absolute,0.006823648798704069,0.00011426685699098297,0.9999761931603077,0
2400,matched_morphology,normalized_copy,0.0,0.0,0.9999997665813456,0
2400,matched_morphology,ejar_absolute,0.0018988158546610762,0.00012428394351783424,0.9999981149679488,0
2401,random_map,normalized_copy,0.8781489851327798,0.06313131891530067,0.7264455548120746,0
2401,random_map,ejar_absolute,2.3612131974790294,0.1697508121295909,-0.8068332122542482,1
2402,zero_effect,normalized_copy,0.0,0.0,0.0,0
2402,zero_effect,ejar_absolute,0.0,0.0,0.0,0
2403,same_geometry_diff_limits,normalized_copy,0.41570024070048917,0.015674324892765608,0.9813082880458881,0
2403,same_geometry_diff_limits,ejar_absolute,0.01202908072074314,0.00045356653886106154,0.9999387261222167,0
2404,same_limits_diff_geometry,normalized_copy,0.6385860116908456,0.04461105596069165,0.8024080132880864,0
2404,same_limits_diff_geometry,ejar_absolute,0.614954816110416,0.04296020146473228,0.9996986520848754,1
2405,matched_morphology,normalized_copy,0.0,0.0,0.9999960920271885,0
2405,matched_morphology,ejar_absolute,0.002260343989351889,3.6157462862848824e-05,0.9999937243415719,0
2406,random_map,normalized_copy,0.4237141953833703,0.02189049748631001,0.9619895072233764,0
2406,random_map,ejar_absolute,0.40340113805220396,0.020841056765909215,0.9226073103130897,0
2407,zero_effect,normalized_copy,0.0,0.0,0.0,0
2407,zero_effect,ejar_absolute,0.0,0.0,0.0,0
2408,same_geometry_diff_limits,normalized_copy,1.3075788378468471,0.07622094286006409,-0.16026597435138268,0
2408,same_geometry_diff_limits,ejar_absolute,0.7136469424968386,0.04159966592598073,0.9999193644022627,1
2409,same_limits_diff_geometry,normalized_copy,0.5042950320429616,0.016187424864701525,0.8820975538257302,0
2409,same_limits_diff_geometry,ejar_absolute,0.016319074752306914,0.0005238278777886341,0.9999037362936041,0
2410,matched_morphology,normalized_copy,0.0,0.0,0.9999983596783808,0
2410,matched_morphology,ejar_absolute,0.005872010517285781,0.00014498463572744526,0.9999890767732302,0
2411,random_map,normalized_copy,1.6680018861357075,0.030437435541011155,0.3581143286727479,0
2411,random_map,ejar_absolute,0.9064114717809023,0.016540053686557796,0.827037114036071,0
2412,zero_effect,normalized_copy,0.0,0.0,0.0,0
2412,zero_effect,ejar_absolute,0.0,0.0,0.0,0
2413,same_geometry_diff_limits,normalized_copy,0.8074103213245809,0.04535762642015436,0.5934695353102667,0
2413,same_geometry_diff_limits,ejar_absolute,0.05227392751803731,0.002936575385843014,0.999985745351936,1
2414,same_limits_diff_geometry,normalized_copy,0.6486470531468338,0.0213900698311451,0.7619762277617437,0
2414,same_limits_diff_geometry,ejar_absolute,0.6740558916723569,0.022227962838987373,0.7744790558207345,1
2415,matched_morphology,normalized_copy,0.0,0.0,0.9999996299886375,0
2415,matched_morphology,ejar_absolute,0.0023444587706527263,0.00012188071610456998,0.9999975486988056,0
2416,random_map,normalized_copy,0.8133808637753859,0.04471649262682019,0.9972272087162988,0
2416,random_map,ejar_absolute,1.1680580769590918,0.06421525599164164,-0.9100211049197585,0
2417,zero_effect,normalized_copy,0.0,0.0,0.0,0
2417,zero_effect,ejar_absolute,0.0,0.0,0.0,0
2418,same_geometry_diff_limits,normalized_copy,0.8553931641765978,0.02128659098494663,0.6528939288569451,0
2418,same_geometry_diff_limits,ejar_absolute,0.016478555719785338,0.0004100714037940401,0.9998657151093285,0
2419,same_limits_diff_geometry,normalized_copy,1.4397979139379566,0.03367050967687035,-0.4780615747287714,0
2419,same_limits_diff_geometry,ejar_absolute,0.8356507216521345,0.019542177021854158,0.8110008081835752,1
2420,matched_morphology,normalized_copy,0.0,0.0,0.9999994883359544,0
2420,matched_morphology,ejar_absolute,0.002753292524882482,0.00012171940036327288,0.9999967036522842,0
2421,random_map,normalized_copy,1.053778943581194,0.03722398604850423,0.36882270073060025,0
2421,random_map,ejar_absolute,0.8235125044725975,0.029089989094942294,0.6483899809777823,0
2422,zero_effect,normalized_copy,0.0,0.0,0.0,0
2422,zero_effect,ejar_absolute,0.0,0.0,0.0,0
2423,same_geometry_diff_limits,normalized_copy,0.7004578396559037,0.0726173427703704,0.7577526839690281,0
2423,same_geometry_diff_limits,ejar_absolute,0.5098258518466245,0.052854285498366856,0.9999629991237631,1
2424,same_limits_diff_geometry,normalized_copy,0.4894248364786992,0.009747645070193527,0.9005140028960457,0
2424,same_limits_diff_geometry,ejar_absolute,0.03240161606430381,0.0006453278002152644,0.9995008603387244,0
2425,matched_morphology,normalized_copy,0.0,0.0,0.9999988965765004,0
2425,matched_morphology,ejar_absolute,0.0037934628384132182,0.00011419957676261469,0.9999921288563762,0
2426,random_map,normalized_copy,1.0728394326152966,0.03558396525428006,0.39532551767629287,0
2426,random_map,ejar_absolute,2.009146691556883,0.06663942794200806,-0.7099928757113957,0
2427,zero_effect,normalized_copy,0.0,0.0,0.0,0
2427,zero_effect,ejar_absolute,0.0,0.0,0.0,0
2428,same_geometry_diff_limits,normalized_copy,0.5079148709304881,0.04977973586564522,0.8742232848614113,0
2428,same_geometry_diff_limits,ejar_absolute,0.8842054260494565,0.08665923184937833,0.9559497488268395,1
2429,same_limits_diff_geometry,normalized_copy,0.3092300166309584,0.016667512303021034,0.9684976184729465,0
2429,same_limits_diff_geometry,ejar_absolute,0.5554315858897846,0.02993778835627318,0.998892160891043,1
2430,matched_morphology,normalized_copy,0.0,0.0,0.9999998166591237,0
2430,matched_morphology,ejar_absolute,0.0010953604267116873,8.089605839051849e-05,0.9999993062134359,0
2431,random_map,normalized_copy,1.9167188519084812,0.03046675629196347,-0.7191579876805476,0
2431,random_map,ejar_absolute,1.0998945988623439,0.017483117389396858,-0.6036233334056009,0
2432,zero_effect,normalized_copy,0.0,0.0,0.0,0
2432,zero_effect,ejar_absolute,0.0,0.0,0.0,0
2433,same_geometry_diff_limits,normalized_copy,0.6133109956842322,0.012973806041044532,0.9923112172140869,0
2433,same_geometry_diff_limits,ejar_absolute,0.018677565285382874,0.00039509989391460997,0.9998244676663098,0
2434,same_limits_diff_geometry,normalized_copy,0.497047832751303,0.00643758309560065,0.9657419879146042,0
2434,same_limits_diff_geometry,ejar_absolute,0.01946435325606383,0.0002520952375839677,0.9998767748196193,0
2435,matched_morphology,normalized_copy,0.0,0.0,0.99999992614612,0
2435,matched_morphology,ejar_absolute,0.0004913109943839713,5.717021324957296e-05,0.9999999021161999,0
2436,random_map,normalized_copy,0.4693690519525573,0.015035567225390104,0.8831795343077451,0
2436,random_map,ejar_absolute,1.3532318523078342,0.04334884969998022,-0.9820246479742046,0
2437,zero_effect,normalized_copy,0.0,0.0,0.0,0
2437,zero_effect,ejar_absolute,0.0,0.0,0.0,0
2438,same_geometry_diff_limits,normalized_copy,1.403626372438878,0.19171982429856652,-0.5211418778488015,0
2438,same_geometry_diff_limits,ejar_absolute,0.9369224448692834,0.1279732342158913,0.9938025873382739,1
2439,same_limits_diff_geometry,normalized_copy,1.8541768851343932,0.158918902831863,-0.7727159334191829,0
2439,same_limits_diff_geometry,ejar_absolute,0.8976418393032869,0.07693562430949742,0.970972894587914,1
2440,matched_morphology,normalized_copy,0.0,0.0,0.9999988448925793,0
2440,matched_morphology,ejar_absolute,0.0010844189984179056,3.190697959286555e-05,0.9999983534860739,0
2441,random_map,normalized_copy,1.2238943107901668,0.06887088700437091,0.01884324824085146,0
2441,random_map,ejar_absolute,1.266717635965824,0.07128063788181394,-0.33856325339688353,0
2442,zero_effect,normalized_copy,0.0,0.0,0.0,0
2442,zero_effect,ejar_absolute,0.0,0.0,0.0,0
2443,same_geometry_diff_limits,normalized_copy,0.8411707923387747,0.05042054159322766,0.5434897911239079,0
2443,same_geometry_diff_limits,ejar_absolute,0.5599490162135853,0.03356385280994564,0.9999967258356874,1
2444,same_limits_diff_geometry,normalized_copy,1.2395524518986845,0.10147510779058197,-0.022975136827086698,0
2444,same_limits_diff_geometry,ejar_absolute,0.8077216402115038,0.06612357579519948,0.999994525727262,1
2445,matched_morphology,normalized_copy,0.0,0.0,0.9999996276779316,0
2445,matched_morphology,ejar_absolute,0.006775514005770454,0.00035114200585228554,0.99997961002716,0
2446,random_map,normalized_copy,1.4936469218992672,0.09559424635425662,-0.6186717214383367,0
2446,random_map,ejar_absolute,0.9009232094653047,0.05765959409094011,0.6807049026869552,0
2447,zero_effect,normalized_copy,0.0,0.0,0.0,0
2447,zero_effect,ejar_absolute,0.0,0.0,0.0,0
2448,same_geometry_diff_limits,normalized_copy,0.3937828681292397,0.03982145267076287,0.9847948874643687,0
2448,same_geometry_diff_limits,ejar_absolute,0.17280316376528976,0.017474790205903864,0.9849575321211245,0
2449,same_limits_diff_geometry,normalized_copy,1.1388349086295013,0.041508657073329236,0.33702008354977947,0
2449,same_limits_diff_geometry,ejar_absolute,0.4629585113322423,0.016874075373396264,0.9998891328866515,1
2450,matched_morphology,normalized_copy,0.0,0.0,0.9999999183435544,0
2450,matched_morphology,ejar_absolute,0.0006836781178844798,7.565827417656094e-05,0.9999998109350281,0
2451,random_map,normalized_copy,1.745422024291979,0.06531165469293598,-0.5611343403316684,0
2451,random_map,ejar_absolute,0.7791714792214492,0.029155687214465095,0.6280289019945917,0
2452,zero_effect,normalized_copy,0.0,0.0,0.0,0
2452,zero_effect,ejar_absolute,0.0,0.0,0.0,0
2453,same_geometry_diff_limits,normalized_copy,1.3433904238256165,0.07887235870767666,-0.3712026236094288,0
2453,same_geometry_diff_limits,ejar_absolute,0.9050402830435931,0.0531361997101578,0.9916510113500431,1
2454,same_limits_diff_geometry,normalized_copy,1.2589034458323656,0.08208143329569044,0.23850284689003354,0
2454,same_limits_diff_geometry,ejar_absolute,0.768673791199026,0.05011809819674594,0.9998621302908471,1
2455,matched_morphology,normalized_copy,0.0,0.0,0.9999998251469577,0
2455,matched_morphology,ejar_absolute,0.0006037074788554404,4.565516609648496e-05,0.9999998238486278,0
2456,random_map,normalized_copy,1.047152346686839,0.07355754098727695,0.6382625991858432,0
2456,random_map,ejar_absolute,1.7457415460077923,0.12263015570748025,-0.9577883948639364,1
2457,zero_effect,normalized_copy,0.0,0.0,0.0,0
2457,zero_effect,ejar_absolute,0.0,0.0,0.0,0
2458,same_geometry_diff_limits,normalized_copy,1.3061359900242087,0.008391136069894714,-0.5537700873578691,0
2458,same_geometry_diff_limits,ejar_absolute,0.09864259595586886,0.0006337191925459462,0.9996850235695691,0
2459,same_limits_diff_geometry,normalized_copy,0.5598925504543176,0.018961968944729353,0.9118788306281222,0
2459,same_limits_diff_geometry,ejar_absolute,0.4471236942116621,0.01514280837852648,0.9395394211307281,1
2460,matched_morphology,normalized_copy,0.0,0.0,0.9999997881101705,0
2460,matched_morphology,ejar_absolute,0.005284377776795263,0.00036302686242846373,0.9999860333894973,0
2461,random_map,normalized_copy,1.4036372410893632,0.03854173577651936,-0.21805830916028843,0
2461,random_map,ejar_absolute,1.4628725797433564,0.04016824774428604,0.05952923331505551,0
2462,zero_effect,normalized_copy,0.0,0.0,0.0,0
2462,zero_effect,ejar_absolute,0.0,0.0,0.0,0
2463,same_geometry_diff_limits,normalized_copy,1.4786569860887946,0.13243364340520167,-0.5932886764702537,0
2463,same_geometry_diff_limits,ejar_absolute,0.7393143424233724,0.06621555432394817,0.9998327687707871,1
2464,same_limits_diff_geometry,normalized_copy,0.8565554242274993,0.013101992696701186,0.5506484109376358,0
2464,same_limits_diff_geometry,ejar_absolute,0.0413831632877578,0.0006330027080869757,0.9992636761984276,0
2465,matched_morphology,normalized_copy,0.0,0.0,0.9999997589474132,0
2465,matched_morphology,ejar_absolute,0.000604525195096276,3.893663912667712e-05,0.9999996992405581,0
2466,random_map,normalized_copy,1.1077001758244294,0.02361277750705804,0.34607625467949843,0
2466,random_map,ejar_absolute,0.7681419920331604,0.016374436284807663,0.9119921801531368,0
2467,zero_effect,normalized_copy,0.0,0.0,0.0,0
2467,zero_effect,ejar_absolute,0.0,0.0,0.0,0
2468,same_geometry_diff_limits,normalized_copy,0.4330076708289678,0.03389225892959006,0.9756372310932242,0
2468,same_geometry_diff_limits,ejar_absolute,0.6486922972690278,0.05077426749180278,0.9974974552177395,1
2469,same_limits_diff_geometry,normalized_copy,0.6370595122901873,0.039063564704901466,0.7855380462242528,0
2469,same_limits_diff_geometry,ejar_absolute,0.5707322611904402,0.03499647393073059,0.9997570478005002,1
2470,matched_morphology,normalized_copy,0.0,0.0,0.9999978511193773,0
2470,matched_morphology,ejar_absolute,0.001731253282422104,3.734685353553546e-05,0.9999964933332011,0
2471,random_map,normalized_copy,0.2558287232534576,0.007068189251565702,0.9994709234778604,0
2471,random_map,ejar_absolute,1.2567798667641064,0.034723067186812354,-0.6697187861788548,0
2472,zero_effect,normalized_copy,0.0,0.0,0.0,0
2472,zero_effect,ejar_absolute,0.0,0.0,0.0,0
2473,same_geometry_diff_limits,normalized_copy,1.7381560129440146,0.04690363523382226,-0.9689434732812988,0
2473,same_geometry_diff_limits,ejar_absolute,0.06844762524008634,0.0018470392893240146,0.9977060942176035,0
2474,same_limits_diff_geometry,normalized_copy,0.9435506867582226,0.023617642270182752,0.5588871978082088,0
2474,same_limits_diff_geometry,ejar_absolute,0.7941627290596682,0.019878371668282675,0.9548286553518285,1
2475,matched_morphology,normalized_copy,0.0,0.0,0.9999916389228667,0
2475,matched_morphology,ejar_absolute,0.02062567895531222,0.00022556689568135755,0.9998281199352328,0
2476,random_map,normalized_copy,0.45888152164365414,0.03457045545851249,0.9059987933795054,0
2476,random_map,ejar_absolute,0.5106834005465086,0.038473019547090134,0.9370130794829635,0
2477,zero_effect,normalized_copy,0.0,0.0,0.0,0
2477,zero_effect,ejar_absolute,0.0,0.0,0.0,0
2478,same_geometry_diff_limits,normalized_copy,0.8681279473211381,0.039607095097399264,0.5059851708597863,0
2478,same_geometry_diff_limits,ejar_absolute,0.4549074727448552,0.02075450236237814,0.9999963964053008,1
2479,same_limits_diff_geometry,normalized_copy,0.5334627448899245,0.020369334439613522,0.8822805254684057,0
2479,same_limits_diff_geometry,ejar_absolute,0.5013911386674113,0.019144736696997473,0.998166690016104,1
2480,matched_morphology,normalized_copy,0.0,0.0,0.9999998516558326,0
2480,matched_morphology,ejar_absolute,0.0010458525641316842,8.586876185241954e-05,0.9999996889822355,0
2481,random_map,normalized_copy,0.3168251561251572,0.0016893150318114728,0.9603026197668757,0
2481,random_map,ejar_absolute,5.841233809518219,0.031145519501760883,-0.9878593060162372,0
2482,zero_effect,normalized_copy,0.0,0.0,0.0,0
2482,zero_effect,ejar_absolute,0.0,0.0,0.0,0
2483,same_geometry_diff_limits,normalized_copy,1.3192410395611036,0.05563262383353684,-0.3388957858622447,0
2483,same_geometry_diff_limits,ejar_absolute,0.6493247715892769,0.02738213842683472,0.9999821367266882,1
2484,same_limits_diff_geometry,normalized_copy,1.5615294805334197,0.06287035185091834,-0.24019129586871826,0
2484,same_limits_diff_geometry,ejar_absolute,0.6136753793156968,0.024707818520751847,0.9998999533202393,1
2485,matched_morphology,normalized_copy,0.0,0.0,0.9999995285170183,0
2485,matched_morphology,ejar_absolute,0.003144657809442309,0.00014482391726566035,0.9999955640148356,0
2486,random_map,normalized_copy,1.53308497867305,0.023728100766562482,-0.7355664878509748,0
2486,random_map,ejar_absolute,1.8231576708231754,0.028217658856762837,0.609617000961757,0
2487,zero_effect,normalized_copy,0.0,0.0,0.0,0
2487,zero_effect,ejar_absolute,0.0,0.0,0.0,0
2488,same_geometry_diff_limits,normalized_copy,1.0789830805302683,0.012357193463294175,0.6823709476376053,0
2488,same_geometry_diff_limits,ejar_absolute,0.00862864980116837,9.882072929971328e-05,0.9999711279413761,0
2489,same_limits_diff_geometry,normalized_copy,2.1847438584656933,0.08241358508197147,-0.8440638166417463,0
2489,same_limits_diff_geometry,ejar_absolute,0.02187211570894477,0.0008250667289518093,0.9998808556299891,1
2490,matched_morphology,normalized_copy,0.0,0.0,0.9999973885951413,0
2490,matched_morphology,ejar_absolute,0.0011650778923754364,2.279907948859152e-05,0.9999971481811988,0
2491,random_map,normalized_copy,0.2534937838458947,0.01757931728317022,0.9829512252845507,0
2491,random_map,ejar_absolute,0.4117238650491459,0.02855227590571669,0.9669105243865106,0
2492,zero_effect,normalized_copy,0.0,0.0,0.0,0
2492,zero_effect,ejar_absolute,0.0,0.0,0.0,0
2493,same_geometry_diff_limits,normalized_copy,1.2791973562466314,0.010110490437753847,-0.21966348073500558,0
2493,same_geometry_diff_limits,ejar_absolute,0.2572965247485294,0.002033614313252027,0.9837425900173616,0
2494,same_limits_diff_geometry,normalized_copy,0.4899664048249545,0.012760325139139012,0.9380877217603154,0
2494,same_limits_diff_geometry,ejar_absolute,0.2735977925024746,0.007125379934833556,0.9999002746462344,1
2495,matched_morphology,normalized_copy,0.0,0.0,0.999993079318929,0
2495,matched_morphology,ejar_absolute,0.0006587844975175335,7.918947909164096e-06,0.9999930443156512,0
2496,random_map,normalized_copy,1.8783976481221059,0.015479519285084987,-0.27699415879382827,0
2496,random_map,ejar_absolute,0.9637215881258832,0.007941847097051728,0.2828252514206731,0
2497,zero_effect,normalized_copy,0.0,0.0,0.0,0
2497,zero_effect,ejar_absolute,0.0,0.0,0.0,0
2498,same_geometry_diff_limits,normalized_copy,1.6221322357833365,0.028833506524196213,-0.999555649172106,0
2498,same_geometry_diff_limits,ejar_absolute,0.017865982384379968,0.0003175690047195388,0.9999115841861675,0
2499,same_limits_diff_geometry,normalized_copy,0.182392610530655,0.0027929243050883908,0.9968112602750117,0
2499,same_limits_diff_geometry,ejar_absolute,0.07642658253260434,0.0011702977400736257,0.9970714579102503,0
2500,matched_morphology,normalized_copy,0.0,0.0,0.9999998494105843,0
2500,matched_morphology,ejar_absolute,0.0021333905942335636,0.00017384937141170704,0.9999983005953433,0
2501,random_map,normalized_copy,0.892137912600922,0.04249525183856511,0.46678914755811146,0
2501,random_map,ejar_absolute,0.8936588049415051,0.042567696582947734,0.9657876612707779,0
2502,zero_effect,normalized_copy,0.0,0.0,0.0,0
2502,zero_effect,ejar_absolute,0.0,0.0,0.0,0
2503,same_geometry_diff_limits,normalized_copy,0.8236501999107865,0.043415701347393226,0.5705315630720286,0
2503,same_geometry_diff_limits,ejar_absolute,0.49872075131350546,0.026288236434738908,0.9999319862090136,1
2504,same_limits_diff_geometry,normalized_copy,0.6139517625846577,0.029035070771831154,0.8190973723021171,0
2504,same_limits_diff_geometry,ejar_absolute,0.6534933468623699,0.03090507549842462,0.9985621366484481,1
2505,matched_morphology,normalized_copy,0.0,0.0,0.999999663281543,0
2505,matched_morphology,ejar_absolute,0.0008464071036452544,4.612599771091184e-05,0.999999539801402,0
2506,random_map,normalized_copy,0.6262842442327747,0.039063610579944355,0.8673545229104869,0
2506,random_map,ejar_absolute,1.50313819302304,0.09375615874230617,-0.9971496650513093,0
2507,zero_effect,normalized_copy,0.0,0.0,0.0,0
2507,zero_effect,ejar_absolute,0.0,0.0,0.0,0
2508,same_geometry_diff_limits,normalized_copy,0.5791696265161016,0.017033963320633602,0.8282259220052137,0
2508,same_geometry_diff_limits,ejar_absolute,0.3162167155105747,0.009300252787390623,0.9999837165495106,1
2509,same_limits_diff_geometry,normalized_copy,1.5267806299490918,0.12933521013683769,-0.5794454234979916,0
2509,same_limits_diff_geometry,ejar_absolute,0.7808914506050171,0.06615014487145247,0.9998659079613904,1
2510,matched_morphology,normalized_copy,0.0,0.0,0.9999999296485133,0
2510,matched_morphology,ejar_absolute,0.002502621283535426,0.00029837228621519557,0.9999968879678951,0
2511,random_map,normalized_copy,1.173021824662586,0.043176885955992166,0.6301255737233009,0
2511,random_map,ejar_absolute,1.8100886253688897,0.06662620294406865,-0.6332307527451009,0
2512,zero_effect,normalized_copy,0.0,0.0,0.0,0
2512,zero_effect,ejar_absolute,0.0,0.0,0.0,0
2513,same_geometry_diff_limits,normalized_copy,1.1164974990004952,0.036605681428644725,0.09107187957213456,0
2513,same_geometry_diff_limits,ejar_absolute,0.6573026072818328,0.021550437744747398,0.9998469614597936,1
2514,same_limits_diff_geometry,normalized_copy,1.4098564022907951,0.026968709348354478,-0.47050359993687246,0
2514,same_limits_diff_geometry,ejar_absolute,0.3487017809917808,0.006670209083379564,0.999955032195674,1
2515,matched_morphology,normalized_copy,0.0,0.0,0.9999998322047401,0
2515,matched_morphology,ejar_absolute,0.004152849221156544,0.00032059466320651027,0.9999915884782588,0
2516,random_map,normalized_copy,0.7204254735108061,0.05251966985155778,0.72866335059492,0
2516,random_map,ejar_absolute,2.95074540623486,0.21511201401060823,-0.7324415403124936,1
2517,zero_effect,normalized_copy,0.0,0.0,0.0,0
2517,zero_effect,ejar_absolute,0.0,0.0,0.0,0
2518,same_geometry_diff_limits,normalized_copy,0.5720026375533225,0.04832199611662984,0.8727161235861812,0
2518,same_geometry_diff_limits,ejar_absolute,0.5447965577112498,0.0460236639094557,0.9999710132341747,1
2519,same_limits_diff_geometry,normalized_copy,1.432613731072365,0.051377792323253985,0.06840004732021056,0
2519,same_limits_diff_geometry,ejar_absolute,0.5578912127970144,0.020007639357608145,0.9999815223530855,1
2520,matched_morphology,normalized_copy,0.0,0.0,0.9999988054051253,0
2520,matched_morphology,ejar_absolute,0.0059333202121393015,0.0001716671587429352,0.9999867281170486,0
2521,random_map,normalized_copy,2.091775841766223,0.14304343565525407,-0.9265005664206007,0
2521,random_map,ejar_absolute,2.064734373663048,0.141194239185247,-0.9216876878119377,1
2522,zero_effect,normalized_copy,0.0,0.0,0.0,0
2522,zero_effect,ejar_absolute,0.0,0.0,0.0,0
2523,same_geometry_diff_limits,normalized_copy,0.5453502944812489,0.04919754319976751,0.8549884629778143,0
2523,same_geometry_diff_limits,ejar_absolute,0.8767383379731002,0.07909296592267091,0.9412554252220982,1
2524,same_limits_diff_geometry,normalized_copy,0.6816665907798165,0.011545742308562874,0.9642332795651462,0
2524,same_limits_diff_geometry,ejar_absolute,0.007977430664035758,0.00013511790071157412,0.9999684071214021,0
2525,matched_morphology,normalized_copy,0.0,0.0,0.9999996145530174,0
2525,matched_morphology,ejar_absolute,0.003255419630302634,0.00016581529110584387,0.9999958762372232,0
2526,random_map,normalized_copy,1.4164827567373424,0.10590220447526362,-0.11212837007613172,0
2526,random_map,ejar_absolute,0.9300516077819929,0.06953456727333822,0.3874973453524962,0
2527,zero_effect,normalized_copy,0.0,0.0,0.0,0
2527,zero_effect,ejar_absolute,0.0,0.0,0.0,0
2528,same_geometry_diff_limits,normalized_copy,1.462576458560792,0.1426829442573508,-0.6422540550390957,0
2528,same_geometry_diff_limits,ejar_absolute,0.8551970069239492,0.08342950288428373,0.6577075034582092,1
2529,same_limits_diff_geometry,normalized_copy,1.0706417769412155,0.008919420663664895,0.5772776427145362,0
2529,same_limits_diff_geometry,ejar_absolute,0.017212489443245136,0.00014339570650027413,0.999886261717231,0
2530,matched_morphology,normalized_copy,0.0,0.0,0.9999999145336086,0
2530,matched_morphology,ejar_absolute,0.003307266653076771,0.0003577433042376417,0.9999946956837593,0
2531,random_map,normalized_copy,0.5585337113473237,0.01949784662388066,0.8963084802207956,0
2531,random_map,ejar_absolute,0.8294406902643717,0.02895493509848986,0.9129720844336684,0
2532,zero_effect,normalized_copy,0.0,0.0,0.0,0
2532,zero_effect,ejar_absolute,0.0,0.0,0.0,0
2533,same_geometry_diff_limits,normalized_copy,0.6117476414753749,0.04876395234432861,0.7930665769182365,0
2533,same_geometry_diff_limits,ejar_absolute,0.6576703393133065,0.05242456678248341,0.7984097040067477,1
2534,same_limits_diff_geometry,normalized_copy,0.9132714687712081,0.05947846074280128,0.4792913235874908,0
2534,same_limits_diff_geometry,ejar_absolute,0.6959807803104724,0.04532701057127964,0.9998819653028568,1
2535,matched_morphology,normalized_copy,0.0,0.0,0.9999996472980763,0
2535,matched_morphology,ejar_absolute,0.0018029670256454041,9.600277824280297e-05,0.9999987632679702,0
2536,random_map,normalized_copy,0.3810843875282924,0.01332968180208277,0.9459231929436862,0
2536,random_map,ejar_absolute,2.045985982198883,0.07156509950754186,-0.9089152584064196,0
2537,zero_effect,normalized_copy,0.0,0.0,0.0,0
2537,zero_effect,ejar_absolute,0.0,0.0,0.0,0
2538,same_geometry_diff_limits,normalized_copy,1.1446449041820874,0.019945124706077833,0.11924508303460418,0
2538,same_geometry_diff_limits,ejar_absolute,0.024600206925629003,0.00042865188420822075,0.9998417299888165,0
2539,same_limits_diff_geometry,normalized_copy,1.499776839009336,0.03758999206010685,-0.37744806581149815,0
2539,same_limits_diff_geometry,ejar_absolute,0.7660052144876262,0.019198942923808596,0.9820004824536591,1
2540,matched_morphology,normalized_copy,0.0,0.0,0.9999996986727991,0
2540,matched_morphology,ejar_absolute,0.004051525631255552,0.00023339920058831432,0.999993116029078,0
2541,random_map,normalized_copy,1.3460233986560828,0.09801198751161166,-0.05712656564748889,0
2541,random_map,ejar_absolute,1.529043593589871,0.11133877891667437,-0.3203190163387901,1
2542,zero_effect,normalized_copy,0.0,0.0,0.0,0
2542,zero_effect,ejar_absolute,0.0,0.0,0.0,0
2543,same_geometry_diff_limits,normalized_copy,1.0001743546025998,0.08212013625572602,0.3368033341553389,0
2543,same_geometry_diff_limits,ejar_absolute,0.9384788619152374,0.07705457719341292,0.980318517896146,1
2544,same_limits_diff_geometry,normalized_copy,1.8034448869739217,0.0037462682540042713,0.06515249708489196,0
2544,same_limits_diff_geometry,ejar_absolute,0.10807287062139831,0.0002244981076230193,0.9993186945115413,0
2545,matched_morphology,normalized_copy,0.0,0.0,0.9999936126902667,0
2545,matched_morphology,ejar_absolute,0.007051978984305286,8.823698677438891e-05,0.9999853917332676,0
2546,random_map,normalized_copy,0.21687433289570052,0.005741763342971656,0.9997786986193288,0
2546,random_map,ejar_absolute,0.18935377820680951,0.005013154705973959,0.9836129130544526,0
2547,zero_effect,normalized_copy,0.0,0.0,0.0,0
2547,zero_effect,ejar_absolute,0.0,0.0,0.0,0
2548,same_geometry_diff_limits,normalized_copy,1.2705411758228318,0.08697043865171133,-0.21119396744521018,0
2548,same_geometry_diff_limits,ejar_absolute,0.9636814262428522,0.06596543107433665,0.9490843301451337,1
2549,same_limits_diff_geometry,normalized_copy,2.1132151283695246,0.014926399006377846,0.3938815702042842,0
2549,same_limits_diff_geometry,ejar_absolute,0.02635569401084652,0.00018615975231988185,0.9997098900266291,0
2550,matched_morphology,normalized_copy,0.0,0.0,0.9999999288846213,0
2550,matched_morphology,ejar_absolute,0.002262170562923323,0.00026825237247742934,0.9999975331721553,0
2551,random_map,normalized_copy,0.648773602759879,0.028264733867944886,0.9984798085496831,0
2551,random_map,ejar_absolute,0.7489120167031791,0.03262740461784136,0.9711022267098056,0
2552,zero_effect,normalized_copy,0.0,0.0,0.0,0
2552,zero_effect,ejar_absolute,0.0,0.0,0.0,0
2553,same_geometry_diff_limits,normalized_copy,0.6772726269742825,0.049325825987248016,0.7389435841293135,0
2553,same_geometry_diff_limits,ejar_absolute,0.8357857385117597,0.06087035007546535,0.9955337867744923,1
2554,same_limits_diff_geometry,normalized_copy,1.3264387616322324,0.016668867683896475,0.40526039837205,0
2554,same_limits_diff_geometry,ejar_absolute,0.8334444862446653,0.010473590085674266,0.5676075347369585,0
2555,matched_morphology,normalized_copy,0.0,0.0,0.9999996009521439,0
2555,matched_morphology,ejar_absolute,0.003519630093562532,0.00017619129734731498,0.9999936267429655,0
2556,random_map,normalized_copy,0.9322856920612546,0.01778663612417974,0.5916149878462768,0
2556,random_map,ejar_absolute,0.9975705059369349,0.019032174094706946,0.7068599270579505,0
2557,zero_effect,normalized_copy,0.0,0.0,0.0,0
2557,zero_effect,ejar_absolute,0.0,0.0,0.0,0
2558,same_geometry_diff_limits,normalized_copy,0.42858460868646797,0.00850624671033305,0.9763310225489145,0
2558,same_geometry_diff_limits,ejar_absolute,0.020189117338847408,0.0004006994405945427,0.9999216954813632,0
2559,same_limits_diff_geometry,normalized_copy,1.1347298455793238,0.00985802319878351,0.007523074913365248,0
2559,same_limits_diff_geometry,ejar_absolute,0.5112371397321548,0.004441398631747718,0.9904236075066364,1
2560,matched_morphology,normalized_copy,0.0,0.0,0.9999998833900808,0
2560,matched_morphology,ejar_absolute,0.007998131449057167,0.0007406632041583636,0.9999680248156503,0
2561,random_map,normalized_copy,0.6562731055336377,0.003802506977235559,0.9998362819161588,0
2561,random_map,ejar_absolute,0.5930374409430268,0.0034361136970775916,0.956176544178985,0
2562,zero_effect,normalized_copy,0.0,0.0,0.0,0
2562,zero_effect,ejar_absolute,0.0,0.0,0.0,0
2563,same_geometry_diff_limits,normalized_copy,0.551110604956779,0.038956162218581836,0.9178650758101888,0
2563,same_geometry_diff_limits,ejar_absolute,0.4478217963168549,0.03165502239555756,0.9999505162653781,1
2564,same_limits_diff_geometry,normalized_copy,1.4226907918286946,0.06772594966626176,-0.16450351368917138,0
2564,same_limits_diff_geometry,ejar_absolute,0.6709590706183265,0.031940419173170635,0.9999713302019042,1
2565,matched_morphology,normalized_copy,0.0,0.0,0.9999997207139882,0
2565,matched_morphology,ejar_absolute,0.003996610960206166,0.00023914826225563069,0.9999927957116662,0
2566,random_map,normalized_copy,2.060990283354481,0.13349151414736957,-0.44051416954618333,0
2566,random_map,ejar_absolute,1.1427394782313751,0.07401588666240407,-0.5354674065092915,1
2567,zero_effect,normalized_copy,0.0,0.0,0.0,0
2567,zero_effect,ejar_absolute,0.0,0.0,0.0,0
2568,same_geometry_diff_limits,normalized_copy,0.8056053455786905,0.06966965141243618,0.6039240269194198,0
2568,same_geometry_diff_limits,ejar_absolute,0.6859696463714123,0.059323422323964994,0.9999695964032432,1
2569,same_limits_diff_geometry,normalized_copy,0.590256416107317,0.02554781292708593,0.8078804625116415,0
2569,same_limits_diff_geometry,ejar_absolute,0.6090700933722728,0.026362117175408185,0.9996175973235278,1
2570,matched_morphology,normalized_copy,0.0,0.0,0.9999995917897335,0
2570,matched_morphology,ejar_absolute,0.0044809616187935445,0.0002217834743480839,0.999989676567534,0
2571,random_map,normalized_copy,1.9106253106168494,0.03313723393028484,-0.18290080333198167,0
2571,random_map,ejar_absolute,0.7246107655114631,0.012567402049857661,0.9970394304398472,0
2572,zero_effect,normalized_copy,0.0,0.0,0.0,0
2572,zero_effect,ejar_absolute,0.0,0.0,0.0,0
2573,same_geometry_diff_limits,normalized_copy,1.332163643278766,0.004192747052790991,-0.46469442867148864,0
2573,same_geometry_diff_limits,ejar_absolute,0.029082291601975035,9.15313167551092e-05,0.9997646920288548,0
2574,same_limits_diff_geometry,normalized_copy,1.0735065984650665,0.077723475260256,0.31700473788769584,0
2574,same_limits_diff_geometry,ejar_absolute,0.8581562130840282,0.0621317868864892,0.9996526716250971,1
2575,matched_morphology,normalized_copy,0.0,0.0,0.9999993442845581,0
2575,matched_morphology,ejar_absolute,0.011607673046998772,0.00045330168133691617,0.9999332148907196,0
2576,random_map,normalized_copy,2.3330455986335314,0.1622147566386493,-0.7077905562729856,0
2576,random_map,ejar_absolute,0.8174085848942786,0.056833751878072866,0.7439117241315486,1
2577,zero_effect,normalized_copy,0.0,0.0,0.0,0
2577,zero_effect,ejar_absolute,0.0,0.0,0.0,0
2578,same_geometry_diff_limits,normalized_copy,1.5694052052246508,0.09948036843552863,-0.9999752329104772,0
2578,same_geometry_diff_limits,ejar_absolute,0.00473771473584581,0.000300310975072183,0.9999944354541564,0
2579,same_limits_diff_geometry,normalized_copy,0.8804835876191147,0.004921608256553541,0.6682737136938421,0
2579,same_limits_diff_geometry,ejar_absolute,0.029990388468777253,0.00016763622352610212,0.9998347068160841,0
2580,matched_morphology,normalized_copy,0.0,0.0,0.999999426277502,0
2580,matched_morphology,ejar_absolute,0.021074891399156623,0.0008798614514779201,0.9997849247980077,0
2581,random_map,normalized_copy,1.9770637866462089,0.16982197187360618,-0.6870246497807957,0
2581,random_map,ejar_absolute,1.3793469883700422,0.11848045927758326,-0.7547765221937931,0
2582,zero_effect,normalized_copy,0.0,0.0,0.0,0
2582,zero_effect,ejar_absolute,0.0,0.0,0.0,0
2583,same_geometry_diff_limits,normalized_copy,1.2019850958515883,0.1190584320333794,-0.15139790161828748,0
2583,same_geometry_diff_limits,ejar_absolute,0.7801195446457998,0.07727201452387303,0.9999982706686096,1
2584,same_limits_diff_geometry,normalized_copy,0.6866933589984946,0.03896905958146727,0.8078500784159868,0
2584,same_limits_diff_geometry,ejar_absolute,0.6353553986745307,0.03605568928533785,0.8151410092568755,1
2585,matched_morphology,normalized_copy,0.0,0.0,0.9999954932671672,0
2585,matched_morphology,ejar_absolute,0.007625835042005656,0.00011359404130469653,0.9999735747268117,0
2586,random_map,normalized_copy,2.6215354767024186,0.0057699724358186094,-0.3348134574737596,0
2586,random_map,ejar_absolute,1.1799047239912988,0.002596958078509637,-0.3983057997198994,0
2587,zero_effect,normalized_copy,0.0,0.0,0.0,0
2587,zero_effect,ejar_absolute,0.0,0.0,0.0,0
2588,same_geometry_diff_limits,normalized_copy,0.3232127487016238,0.01722129681665819,0.9982094020894486,0
2588,same_geometry_diff_limits,ejar_absolute,0.012893101374523461,0.0006869652467295041,0.999923092482054,0
2589,same_limits_diff_geometry,normalized_copy,1.512820370359855,0.022951195327774076,0.030579652557481244,0
2589,same_limits_diff_geometry,ejar_absolute,0.8512876568510537,0.012914996172258122,0.9814882420768491,1
2590,matched_morphology,normalized_copy,0.0,0.0,0.9999995910975146,0
2590,matched_morphology,ejar_absolute,0.005313359478158122,0.00026275999445068906,0.999985585989719,0
2591,random_map,normalized_copy,1.3191407961895107,0.015641096634672825,-0.5950641184864683,0
2591,random_map,ejar_absolute,0.8059446881273622,0.009556113180347988,0.660078517979869,0
2592,zero_effect,normalized_copy,0.0,0.0,0.0,0
2592,zero_effect,ejar_absolute,0.0,0.0,0.0,0
2593,same_geometry_diff_limits,normalized_copy,0.9138266269195655,0.011048954020490756,0.7334792719790275,0
2593,same_geometry_diff_limits,ejar_absolute,0.00145465919647916,1.7588087394171495e-05,0.9999929142892493,0
2594,same_limits_diff_geometry,normalized_copy,0.8824826764492115,0.011191330738001392,0.47392997123414693,0
2594,same_limits_diff_geometry,ejar_absolute,0.04895510424065597,0.0006208311817235389,0.9997495631121204,0
2595,matched_morphology,normalized_copy,0.0,0.0,0.9999998271732025,0
2595,matched_morphology,ejar_absolute,0.0038839151600661755,0.0002954365081447563,0.9999928605921555,0
2596,random_map,normalized_copy,0.3061138533138178,0.013056084825333002,0.9521503422755322,0
2596,random_map,ejar_absolute,0.35777731404715735,0.015259586948489917,0.9856657867170076,0
2597,zero_effect,normalized_copy,0.0,0.0,0.0,0
2597,zero_effect,ejar_absolute,0.0,0.0,0.0,0
2598,same_geometry_diff_limits,normalized_copy,0.6427748019790873,0.019449626700649897,0.8082656081613148,0
2598,same_geometry_diff_limits,ejar_absolute,0.06206908835733837,0.001878139271301371,0.999975672448865,1
2599,same_limits_diff_geometry,normalized_copy,1.0363489394947434,0.023641419463271234,0.5872711045905458,0
2599,same_limits_diff_geometry,ejar_absolute,0.5992195716301643,0.013669528383381216,0.9981973841428581,1
2600,matched_morphology,normalized_copy,0.0,0.0,0.9999992668261903,0
2600,matched_morphology,ejar_absolute,0.005982422057055903,0.00022093953225977355,0.999996289146906,0
2601,random_map,normalized_copy,0.7585255034238342,0.03744287268559968,0.8401216038508935,0
2601,random_map,ejar_absolute,0.5426960204559809,0.026788945011333158,0.8411752777144156,0
2602,zero_effect,normalized_copy,0.0,0.0,0.0,0
2602,zero_effect,ejar_absolute,0.0,0.0,0.0,0
2603,same_geometry_diff_limits,normalized_copy,0.5465399986314355,0.04189037236408931,0.8811347672680476,0
2603,same_geometry_diff_limits,ejar_absolute,0.7281373384619164,0.05580917099708174,0.9991442458760409,1
2604,same_limits_diff_geometry,normalized_copy,1.356781484717054,0.04692787451694759,0.2950079190823114,0
2604,same_limits_diff_geometry,ejar_absolute,0.7704196419687044,0.026647000044549334,0.997039661489402,1
2605,matched_morphology,normalized_copy,0.0,0.0,0.9999973306958824,0
2605,matched_morphology,ejar_absolute,0.023706451577141595,0.0004588460184021198,0.9998596331551793,0
2606,random_map,normalized_copy,0.5210646373838991,0.02486915358197349,0.8866255423646876,0
2606,random_map,ejar_absolute,0.8724435203528786,0.041639616935409005,0.5396894679909022,0
2607,zero_effect,normalized_copy,0.0,0.0,0.0,0
2607,zero_effect,ejar_absolute,0.0,0.0,0.0,0
2608,same_geometry_diff_limits,normalized_copy,0.720526171478596,0.0522692112265932,0.7184367928738475,0
2608,same_geometry_diff_limits,ejar_absolute,0.5908329163158829,0.04286085880706463,0.9999280325096646,1
2609,same_limits_diff_geometry,normalized_copy,0.5707330233150466,0.03879086970907598,0.8248388556626026,0
2609,same_limits_diff_geometry,ejar_absolute,0.6442238623397902,0.04378580332069892,0.9997900610135356,1
2610,matched_morphology,normalized_copy,0.0,0.0,0.9999935184255104,0
2610,matched_morphology,ejar_absolute,0.04194897182071183,0.0005210503474946479,0.9991142510533826,0
2611,random_map,normalized_copy,1.3437680572790942,0.024136996260415964,-0.9410151218860224,0
2611,random_map,ejar_absolute,0.9685415346376307,0.017397112003794714,0.24968611712196517,0
2612,zero_effect,normalized_copy,0.0,0.0,0.0,0
2612,zero_effect,ejar_absolute,0.0,0.0,0.0,0
2613,same_geometry_diff_limits,normalized_copy,0.8959475385916823,0.04289297353041184,0.47540458702205934,0
2613,same_geometry_diff_limits,ejar_absolute,0.5445083529003905,0.026068024479152713,0.9998300495620138,1
2614,same_limits_diff_geometry,normalized_copy,0.2898369968017853,0.010549543856730023,0.9760429918405639,0
2614,same_limits_diff_geometry,ejar_absolute,0.009060685900170375,0.00032979262251075716,0.9999597171415493,0
2615,matched_morphology,normalized_copy,0.0,0.0,0.9999982671640695,0
2615,matched_morphology,ejar_absolute,0.009374194987400443,0.0002251930081720843,0.9999839409686492,0
2616,random_map,normalized_copy,0.48010461942922733,0.028774753929394,0.8870154368499683,0
2616,random_map,ejar_absolute,0.9426244350426063,0.0564955742321979,0.736159984555187,0
2617,zero_effect,normalized_copy,0.0,0.0,0.0,0
2617,zero_effect,ejar_absolute,0.0,0.0,0.0,0
2618,same_geometry_diff_limits,normalized_copy,0.5427424394985173,0.010437990517832374,0.8878487797530743,0
2618,same_geometry_diff_limits,ejar_absolute,0.4491142597966944,0.008637338899667911,0.893476566907624,0
2619,same_limits_diff_geometry,normalized_copy,1.0972140719907895,0.0032480725524968784,-0.22386980874498968,0
2619,same_limits_diff_geometry,ejar_absolute,0.10795056023828459,0.0003195650335585346,0.9941286104457098,0
2620,matched_morphology,normalized_copy,0.0,0.0,0.9999991415576391,0
2620,matched_morphology,ejar_absolute,0.0009908707148634502,3.3819037965617415e-05,0.9999988935344384,0
2621,random_map,normalized_copy,1.0048638042301956,0.05400784475740979,0.6820925232963506,0
2621,random_map,ejar_absolute,1.7107062258829036,0.09194435692088385,-0.6924882859256983,0
2622,zero_effect,normalized_copy,0.0,0.0,0.0,0
2622,zero_effect,ejar_absolute,0.0,0.0,0.0,0
2623,same_geometry_diff_limits,normalized_copy,0.5256790541951314,0.005235910117715221,0.8635467492219636,0
2623,same_geometry_diff_limits,ejar_absolute,0.020380094996917075,0.00020299143506437956,0.9998857350916736,0
2624,same_limits_diff_geometry,normalized_copy,0.28807703832403864,0.019912317936381613,0.9701027899030812,0
2624,same_limits_diff_geometry,ejar_absolute,0.07839035734485841,0.005418459338788391,0.9999605468732438,1
2625,matched_morphology,normalized_copy,0.0,0.0,0.9999997959949726,0
2625,matched_morphology,ejar_absolute,0.0023044131643244134,0.0001613391908696189,0.9999977847060431,0
2626,random_map,normalized_copy,1.4396400492025152,0.03908404085675866,0.3784162289624521,0
2626,random_map,ejar_absolute,1.604331785151286,0.04355517135924636,-0.40289405550382296,0
2627,zero_effect,normalized_copy,0.0,0.0,0.0,0
2627,zero_effect,ejar_absolute,0.0,0.0,0.0,0
2628,same_geometry_diff_limits,normalized_copy,1.3259225574569578,0.1000398914730062,-0.632570874472819,0
2628,same_geometry_diff_limits,ejar_absolute,0.634364915268379,0.04786237093623887,0.9999905953148215,1
2629,same_limits_diff_geometry,normalized_copy,0.9160806178860021,0.07731891712010382,0.5195599841061787,0
2629,same_limits_diff_geometry,ejar_absolute,0.8716732052218378,0.07357084845424536,0.9989724894032421,1
2630,matched_morphology,normalized_copy,0.0,0.0,0.9999945431725848,0
2630,matched_morphology,ejar_absolute,0.0053616432356015245,7.258161886967785e-05,0.9999924526054956,0
2631,random_map,normalized_copy,2.3659605102930614,0.09514637273621371,-0.7961435436752087,0
2631,random_map,ejar_absolute,2.4453115199536817,0.09833744913386207,-0.7540419666551799,0
2632,zero_effect,normalized_copy,0.0,0.0,0.0,0
2632,zero_effect,ejar_absolute,0.0,0.0,0.0,0
2633,same_geometry_diff_limits,normalized_copy,1.4941107958744293,0.10275495980726568,-0.6536859937600171,0
2633,same_geometry_diff_limits,ejar_absolute,0.8045899420889796,0.05533432151683059,0.99897291803148,1
2634,same_limits_diff_geometry,normalized_copy,1.6177840885878276,0.02179392190228478,-0.4267551695620898,0
2634,same_limits_diff_geometry,ejar_absolute,0.4845363571351295,0.006527414628881912,0.9959030212720789,1
2635,matched_morphology,normalized_copy,0.0,0.0,0.9999998124087827,0
2635,matched_morphology,ejar_absolute,0.00866733609772419,0.0006328187697029234,0.9999625616468615,0
2636,random_map,normalized_copy,1.074965488123812,0.0441072045543998,0.36240752169605533,0
2636,random_map,ejar_absolute,0.8958218318424422,0.03675671192973296,0.4476470941077621,0
2637,zero_effect,normalized_copy,0.0,0.0,0.0,0
2637,zero_effect,ejar_absolute,0.0,0.0,0.0,0
2638,same_geometry_diff_limits,normalized_copy,0.3883349578279138,0.04022325578478656,0.9848700069568616,0
2638,same_geometry_diff_limits,ejar_absolute,0.35340560005359084,0.03660531600410498,0.9999712027876866,1
2639,same_limits_diff_geometry,normalized_copy,0.34864942825465667,0.022035950327569817,0.9373801524907842,0
2639,same_limits_diff_geometry,ejar_absolute,0.6819333985021084,0.043100746131519374,0.9958709274660347,1
2640,matched_morphology,normalized_copy,0.0,0.0,0.9999992000241066,0
2640,matched_morphology,ejar_absolute,0.010436086804507123,0.00036897680958319364,0.9999450247196491,0
2641,random_map,normalized_copy,1.226059760884977,0.04951289955321724,0.07912053253312086,0
2641,random_map,ejar_absolute,1.2168636940571407,0.04914152782431988,-0.2321649741186983,0
2642,zero_effect,normalized_copy,0.0,0.0,0.0,0
2642,zero_effect,ejar_absolute,0.0,0.0,0.0,0
2643,same_geometry_diff_limits,normalized_copy,0.4313793626900497,0.04147938299441306,0.958193045204029,0
2643,same_geometry_diff_limits,ejar_absolute,0.39524330228994053,0.0380047116983679,0.9999453957394577,1
2644,same_limits_diff_geometry,normalized_copy,1.8950320328521555,0.1035661319919237,-0.8799756624313136,0
2644,same_limits_diff_geometry,ejar_absolute,0.37122663609882905,0.020288051139306856,0.9998148614379914,1
2645,matched_morphology,normalized_copy,0.0,0.0,0.9999996430249043,0
2645,matched_morphology,ejar_absolute,0.009038579982237237,0.0004783889907998454,0.9999618435225468,0
2646,random_map,normalized_copy,0.6894581160601548,0.03438430015951627,0.7272350015654577,0
2646,random_map,ejar_absolute,1.8830206463115549,0.09390903609827655,-0.7136663127719811,0
2647,zero_effect,normalized_copy,0.0,0.0,0.0,0
2647,zero_effect,ejar_absolute,0.0,0.0,0.0,0
2648,same_geometry_diff_limits,normalized_copy,0.6404760172158999,0.025220309727174216,0.7869805431816208,0
2648,same_geometry_diff_limits,ejar_absolute,0.2782113919888558,0.010955254040717627,0.9993457273251075,1
2649,same_limits_diff_geometry,normalized_copy,0.23453062186588658,0.013625552296888326,0.9803422676092102,0
2649,same_limits_diff_geometry,ejar_absolute,0.012943580118983885,0.0007519846509469035,0.999921499355887,0
2650,matched_morphology,normalized_copy,0.0,0.0,0.999999508873851,0
2650,matched_morphology,ejar_absolute,0.0004649619746507878,2.0980740442610958e-05,0.9999994935084278,0
2651,random_map,normalized_copy,0.5865971166355188,0.029155257301087156,0.8105224511741569,0
2651,random_map,ejar_absolute,0.8900761700285637,0.04423888051750041,0.5073797592105986,0
2652,zero_effect,normalized_copy,0.0,0.0,0.0,0
2652,zero_effect,ejar_absolute,0.0,0.0,0.0,0
2653,same_geometry_diff_limits,normalized_copy,0.43494117321073933,0.025173315608892053,0.9765923265907651,0
2653,same_geometry_diff_limits,ejar_absolute,0.44468488957087315,0.025737257728527457,0.9998832060299815,1
2654,same_limits_diff_geometry,normalized_copy,1.0392618811575571,0.005155786087718952,0.38982284116656785,0
2654,same_limits_diff_geometry,ejar_absolute,0.18706112620663207,0.0009280116682187613,0.9998110899161797,0
2655,matched_morphology,normalized_copy,0.0,0.0,0.9999999071596203,0
2655,matched_morphology,ejar_absolute,0.0005256312636903925,5.455225636738447e-05,0.9999998587518544,0
2656,random_map,normalized_copy,1.465075537390761,0.013259325435936086,0.760987975091598,0
2656,random_map,ejar_absolute,1.2923325428559385,0.011695955136685478,-0.6268930822071017,0
2657,zero_effect,normalized_copy,0.0,0.0,0.0,0
2657,zero_effect,ejar_absolute,0.0,0.0,0.0,0
2658,same_geometry_diff_limits,normalized_copy,0.6192270093046361,0.03652156727659254,0.8208110974333865,0
2658,same_geometry_diff_limits,ejar_absolute,0.6681341190102555,0.03940607371862137,0.9991190167840863,1
2659,same_limits_diff_geometry,normalized_copy,0.9194822097070128,0.05570267329609976,0.5345854140566726,0
2659,same_limits_diff_geometry,ejar_absolute,0.715052858903793,0.043318245169367435,0.9997710192811551,1
2660,matched_morphology,normalized_copy,0.0,0.0,0.999999540225971,0
2660,matched_morphology,ejar_absolute,0.005257854772266709,0.0002452089274713531,0.99999173245344,0
2661,random_map,normalized_copy,1.8704019913908956,0.03519720073785923,-0.9780683526866731,0
2661,random_map,ejar_absolute,0.3649809072604484,0.006868206042049296,0.9907791424162873,0
2662,zero_effect,normalized_copy,0.0,0.0,0.0,0
2662,zero_effect,ejar_absolute,0.0,0.0,0.0,0
2663,same_geometry_diff_limits,normalized_copy,0.46993277187324367,0.014272832087707896,0.9948292151229648,0
2663,same_geometry_diff_limits,ejar_absolute,0.008823609078806239,0.00026799129221689183,0.9999770970363951,0
2664,same_limits_diff_geometry,normalized_copy,0.7663668886841716,0.028504034398893624,0.6887991032193345,0
2664,same_limits_diff_geometry,ejar_absolute,0.8269545165248143,0.030757513579188375,0.9076005111512998,1
2665,matched_morphology,normalized_copy,0.0,0.0,0.9999993331069864,0
2665,matched_morphology,ejar_absolute,0.001260447403167054,4.88086179414032e-05,0.9999989372990751,0
2666,random_map,normalized_copy,0.9392131615997207,0.052454662105473226,0.4612386513809078,0
2666,random_map,ejar_absolute,1.0868761632077957,0.06070157896259942,0.01909612222308984,0
2667,zero_effect,normalized_copy,0.0,0.0,0.0,0
2667,zero_effect,ejar_absolute,0.0,0.0,0.0,0
2668,same_geometry_diff_limits,normalized_copy,1.0265980439015903,0.08406692677025498,0.2767296126994223,0
2668,same_geometry_diff_limits,ejar_absolute,0.7951869357415291,0.06511693870133141,0.999961279024729,1
2669,same_limits_diff_geometry,normalized_copy,1.6038521902082543,0.028098722131450492,-0.0257141393963601,0
2669,same_limits_diff_geometry,ejar_absolute,0.9716332600788327,0.01702254930679458,0.5868149381028427,0
2670,matched_morphology,normalized_copy,0.0,0.0,0.9999998127089444,0
2670,matched_morphology,ejar_absolute,0.0005817992320098578,4.251229887931366e-05,0.9999997328057249,0
2671,random_map,normalized_copy,2.8086348194178155,0.04568191298005711,-0.5695500114621233,0
2671,random_map,ejar_absolute,1.0920594818610738,0.017762140479966233,-0.9664834559571309,0
2672,zero_effect,normalized_copy,0.0,0.0,0.0,0
2672,zero_effect,ejar_absolute,0.0,0.0,0.0,0
2673,same_geometry_diff_limits,normalized_copy,1.659088575462268,0.019763795490199555,-0.2312115398064762,0
2673,same_geometry_diff_limits,ejar_absolute,0.02473830985257074,0.00029469366731259023,0.9998051754367347,0
2674,same_limits_diff_geometry,normalized_copy,0.5570473527844907,0.017432346500681824,0.8315850982457944,0
2674,same_limits_diff_geometry,ejar_absolute,0.7095943836649184,0.022206182489067958,0.893157777437161,1
2675,matched_morphology,normalized_copy,0.0,0.0,0.9999996331430363,0
2675,matched_morphology,ejar_absolute,0.004438708575193507,0.00023174382846110586,0.9999905467286342,0
2676,random_map,normalized_copy,0.9871745256255465,0.020244532379063665,0.8274965084369484,0
2676,random_map,ejar_absolute,9.30165154240403,0.19075409761981077,-0.8899541474704342,1
2677,zero_effect,normalized_copy,0.0,0.0,0.0,0
2677,zero_effect,ejar_absolute,0.0,0.0,0.0,0
2678,same_geometry_diff_limits,normalized_copy,0.6828689667553175,0.04775393190125311,0.7846146658123129,0
2678,same_geometry_diff_limits,ejar_absolute,0.5523073712154191,0.038623586482341585,0.9999668107703634,1
2679,same_limits_diff_geometry,normalized_copy,0.8521938207137284,0.009880382357201798,0.6114704096422297,0
2679,same_limits_diff_geometry,ejar_absolute,0.3322853898651919,0.00385253521414917,0.9904185768793659,1
2680,matched_morphology,normalized_copy,0.0,0.0,0.9999998830009171,0
2680,matched_morphology,ejar_absolute,0.00219687417567335,0.00020310187564879563,0.9999975662980348,0
2681,random_map,normalized_copy,1.5597970235793674,0.08412540431084534,0.1942529686525224,0
2681,random_map,ejar_absolute,1.3251391807617854,0.07146947177390559,-0.5199802404753492,0
2682,zero_effect,normalized_copy,0.0,0.0,0.0,0
2682,zero_effect,ejar_absolute,0.0,0.0,0.0,0
2683,same_geometry_diff_limits,normalized_copy,1.3482698716807144,0.046268845181466754,-0.381657998065346,0
2683,same_geometry_diff_limits,ejar_absolute,0.010145399999177001,0.0003481617083683797,0.9999670094100522,0
2684,same_limits_diff_geometry,normalized_copy,0.16897344382250087,0.007397960375466208,0.9972719071527185,0
2684,same_limits_diff_geometry,ejar_absolute,0.01204778833747197,0.0005274737776324644,0.9999281978165043,0
2685,matched_morphology,normalized_copy,0.0,0.0,0.9999994029101408,0
2685,matched_morphology,ejar_absolute,0.01130072918190574,0.0004624731253192761,0.9999405687070243,0
2686,random_map,normalized_copy,1.0171190151214902,0.057734135286849245,0.608152024879369,0
2686,random_map,ejar_absolute,0.8475057034588179,0.048106473492704555,0.6150031690788236,0
2687,zero_effect,normalized_copy,0.0,0.0,0.0,0
2687,zero_effect,ejar_absolute,0.0,0.0,0.0,0
2688,same_geometry_diff_limits,normalized_copy,0.586746192845594,0.01637291984640175,0.841128702933608,0
2688,same_geometry_diff_limits,ejar_absolute,0.01652709510494683,0.00046118203534447553,0.9998715382146212,0
2689,same_limits_diff_geometry,normalized_copy,1.4864675809165695,0.049053703666791945,-0.5695453675120292,0
2689,same_limits_diff_geometry,ejar_absolute,0.5676200279976403,0.018731565360856114,0.9999746484136014,1
2690,matched_morphology,normalized_copy,0.0,0.0,0.9999998615037907,0
2690,matched_morphology,ejar_absolute,0.0005892999355875908,5.0074592675672254e-05,0.9999998360222668,0
2691,random_map,normalized_copy,0.06535975848793579,0.003245226180437969,0.997865842308362,0
2691,random_map,ejar_absolute,1.1744761009493794,0.05831479000650154,-0.8404722486204664,0
2692,zero_effect,normalized_copy,0.0,0.0,0.0,0
2692,zero_effect,ejar_absolute,0.0,0.0,0.0,0
2693,same_geometry_diff_limits,normalized_copy,1.7287627630424485,0.1086207770855254,-0.9995816845837344,0
2693,same_geometry_diff_limits,ejar_absolute,0.002533616990718811,0.00015919098458867616,0.9999975814366443,0
2694,same_limits_diff_geometry,normalized_copy,1.5563821746888,0.13046524173929192,-0.4679112099745111,0
2694,same_limits_diff_geometry,ejar_absolute,0.8652483960873208,0.07253028401114806,0.9986114773460345,1
2695,matched_morphology,normalized_copy,0.0,0.0,0.9999999069570065,0
2695,matched_morphology,ejar_absolute,0.0016182505453015746,0.00016776598391029778,0.9999988349747527,0
2696,random_map,normalized_copy,0.9236911679021316,0.02429833690588404,0.4080646772568632,0
2696,random_map,ejar_absolute,1.412934079585774,0.037168211069457696,-0.3594014654004484,0
2697,zero_effect,normalized_copy,0.0,0.0,0.0,0
2697,zero_effect,ejar_absolute,0.0,0.0,0.0,0
2698,same_geometry_diff_limits,normalized_copy,1.0026925918597218,0.07390890501207147,0.2385266843758002,0
2698,same_geometry_diff_limits,ejar_absolute,0.6014580157969454,0.04433373071584882,0.9999807123202308,1
2699,same_limits_diff_geometry,normalized_copy,0.13298862459623012,0.004223713863488983,0.9918101523110608,0
2699,same_limits_diff_geometry,ejar_absolute,0.017093596392934122,0.0005428919975744134,0.9998650117416944,0
2700,matched_morphology,normalized_copy,0.0,0.0,0.9999999141780161,0
2700,matched_morphology,ejar_absolute,0.0005511111281226634,5.948944140634985e-05,0.9999998671539353,0
2701,random_map,normalized_copy,1.3180032602868754,0.037501356309134495,0.21319047937260635,0
2701,random_map,ejar_absolute,1.3187921098220423,0.0375238015703747,0.29872487384696084,0
2702,zero_effect,normalized_copy,0.0,0.0,0.0,0
2702,zero_effect,ejar_absolute,0.0,0.0,0.0,0
2703,same_geometry_diff_limits,normalized_copy,0.795404733162393,0.008598310537426379,0.6206009500163295,0
2703,same_geometry_diff_limits,ejar_absolute,0.7799416915521366,0.008431155341995846,0.6258458437991086,0
2704,same_limits_diff_geometry,normalized_copy,0.7813589875112027,0.024455445465955926,0.6433217357030389,0
2704,same_limits_diff_geometry,ejar_absolute,0.12266205107681276,0.0038391509521201817,0.9998421409185347,1
2705,matched_morphology,normalized_copy,0.0,0.0,0.9999999161359029,0
2705,matched_morphology,ejar_absolute,0.0008622694889768409,9.41575104775379e-05,0.9999996563968395,0
2706,random_map,normalized_copy,0.2553800736856582,0.005097533054245085,0.9858230554261092,0
2706,random_map,ejar_absolute,1.3915144594352038,0.02777542840386957,-0.6154287403133248,0
2707,zero_effect,normalized_copy,0.0,0.0,0.0,0
2707,zero_effect,ejar_absolute,0.0,0.0,0.0,0
2708,same_geometry_diff_limits,normalized_copy,1.5613247490229694,0.11554768310067229,-0.8228730802190675,0
2708,same_geometry_diff_limits,ejar_absolute,0.8676403724310785,0.06421075107004574,0.9787159058222553,1
2709,same_limits_diff_geometry,normalized_copy,2.0120401765315266,0.056332422766777836,-0.9697394284053018,0
2709,same_limits_diff_geometry,ejar_absolute,0.01842425719194562,0.0005158361435355091,0.999841232776311,0
2710,matched_morphology,normalized_copy,0.0,0.0,0.9999999545146102,0
2710,matched_morphology,ejar_absolute,0.0041104475596876865,0.0006094711397628022,0.9999915994431665,0
2711,random_map,normalized_copy,1.8624404597193427,0.07335415130768531,-0.6472812461002116,0
2711,random_map,ejar_absolute,1.1887499581316248,0.04682015139905852,-0.24627161920068305,0
2712,zero_effect,normalized_copy,0.0,0.0,0.0,0
2712,zero_effect,ejar_absolute,0.0,0.0,0.0,0
2713,same_geometry_diff_limits,normalized_copy,0.6633106787476999,0.023433468207001637,0.7686842868277707,0
2713,same_geometry_diff_limits,ejar_absolute,0.3194134131011646,0.011284250805259596,0.9999860290707584,1
2714,same_limits_diff_geometry,normalized_copy,0.36280463388608253,0.0032011958282775477,0.9519718916778313,0
2714,same_limits_diff_geometry,ejar_absolute,0.0024364168002010637,2.1497650714124932e-05,0.9999852482957717,0
2715,matched_morphology,normalized_copy,0.0,0.0,0.999999342239762,0
2715,matched_morphology,ejar_absolute,0.0007473392291963899,2.9139617031242398e-05,0.9999992183420225,0
2716,random_map,normalized_copy,1.840554692877333,0.039659781908546486,-0.0035542814723970926,0
2716,random_map,ejar_absolute,1.5532306437392176,0.0334685998860856,-0.17434854483163728,0
2717,zero_effect,normalized_copy,0.0,0.0,0.0,0
2717,zero_effect,ejar_absolute,0.0,0.0,0.0,0
2718,same_geometry_diff_limits,normalized_copy,0.8957437432395629,0.02409572585058371,0.45236811647591757,0
2718,same_geometry_diff_limits,ejar_absolute,0.00627446398272738,0.00016878461627917396,0.9999815518197623,0
2719,same_limits_diff_geometry,normalized_copy,0.19167556919552453,0.002119336614994879,0.999630569403547,0
2719,same_limits_diff_geometry,ejar_absolute,0.011436472577412897,0.00012645187480816382,0.999933383017381,0
2720,matched_morphology,normalized_copy,0.0,0.0,0.9999994181028135,0
2720,matched_morphology,ejar_absolute,0.0014614500933334813,6.058439072173196e-05,0.9999984489053624,0
2721,random_map,normalized_copy,0.6239811531341554,0.0145090376018,0.9981806107440595,0
2721,random_map,ejar_absolute,0.9299921200366593,0.02162451633549346,0.851246965949472,0
2722,zero_effect,normalized_copy,0.0,0.0,0.0,0
2722,zero_effect,ejar_absolute,0.0,0.0,0.0,0
2723,same_geometry_diff_limits,normalized_copy,0.6746759798281962,0.026669171812571987,0.7533536015025551,0
2723,same_geometry_diff_limits,ejar_absolute,0.7418887052312563,0.02932601417150981,0.9797882167501197,1
2724,same_limits_diff_geometry,normalized_copy,1.8825856695167482,0.07754828690939175,-0.6126541669580143,0
2724,same_limits_diff_geometry,ejar_absolute,0.8371840728980927,0.03448565009938681,0.9759994058875812,1
2725,matched_morphology,normalized_copy,0.0,0.0,0.9999999064891294,0
2725,matched_morphology,ejar_absolute,0.0015751284512355748,0.00016288643181435638,0.999998757434372,0
2726,random_map,normalized_copy,0.5609225144345658,0.019747860271364368,0.8305169248616103,0
2726,random_map,ejar_absolute,1.1426442789680682,0.04022797976594249,-0.4909422195039048,0
2727,zero_effect,normalized_copy,0.0,0.0,0.0,0
2727,zero_effect,ejar_absolute,0.0,0.0,0.0,0
2728,same_geometry_diff_limits,normalized_copy,1.3815936553354633,0.0914340873681346,-0.47691704117827666,0
2728,same_geometry_diff_limits,ejar_absolute,0.8409098481086271,0.055651547199686555,0.9976548349824484,1
2729,same_limits_diff_geometry,normalized_copy,0.538212688019824,0.01917416826527695,0.8448566096564594,0
2729,same_limits_diff_geometry,ejar_absolute,0.6861456472767566,0.024444373735922245,0.991185383028036,1
2730,matched_morphology,normalized_copy,0.0,0.0,0.9999989679782612,0
2730,matched_morphology,ejar_absolute,0.019321441054120203,0.0006014435633271987,0.9998236336873838,0
2731,random_map,normalized_copy,2.0461365747058964,0.07688736174202107,-0.5505699258306401,0
2731,random_map,ejar_absolute,2.8278631300858073,0.10626218118948562,-0.689783889091186,0
2732,zero_effect,normalized_copy,0.0,0.0,0.0,0
2732,zero_effect,ejar_absolute,0.0,0.0,0.0,0
2733,same_geometry_diff_limits,normalized_copy,1.404065972904088,0.06502600078685655,-0.49617235935953163,0
2733,same_geometry_diff_limits,ejar_absolute,0.8710033306825054,0.04033846297775369,0.5044658071034588,1
2734,same_limits_diff_geometry,normalized_copy,1.007971480110064,0.0204085174006166,0.39618799964477386,0
2734,same_limits_diff_geometry,ejar_absolute,0.8807673680936966,0.01783300074687899,0.7470846536097163,1
2735,matched_morphology,normalized_copy,0.0,0.0,0.9999998620828275,0
2735,matched_morphology,ejar_absolute,0.0014786402656172004,0.00012590800177356113,0.999998955705947,0
2736,random_map,normalized_copy,0.8538286113645684,0.03064381301511998,0.5689593759342226,0
2736,random_map,ejar_absolute,0.08376438959748655,0.003006294539660301,0.9997300411806759,0
2737,zero_effect,normalized_copy,0.0,0.0,0.0,0
2737,zero_effect,ejar_absolute,0.0,0.0,0.0,0
2738,same_geometry_diff_limits,normalized_copy,1.0551014026177885,0.06158593632810812,0.309020777428409,0
2738,same_geometry_diff_limits,ejar_absolute,0.8517323486197494,0.04971534874329766,0.9989762429162055,1
2739,same_limits_diff_geometry,normalized_copy,0.5636210166871087,0.01614865891213513,0.8667118446578966,0
2739,same_limits_diff_geometry,ejar_absolute,0.2716962287752728,0.007784538894583181,0.9996243250907629,1
2740,matched_morphology,normalized_copy,0.0,0.0,0.9999996748871338,0
2740,matched_morphology,ejar_absolute,0.0005204049611932037,2.8861858088783145e-05,0.9999996435893508,0
2741,random_map,normalized_copy,3.31369874155785,0.03456204797620063,-0.9886981206280855,0
2741,random_map,ejar_absolute,1.7034292492112222,0.017766854511229224,-0.9770672516670391,0
2742,zero_effect,normalized_copy,0.0,0.0,0.0,0
2742,zero_effect,ejar_absolute,0.0,0.0,0.0,0
2743,same_geometry_diff_limits,normalized_copy,0.7211779177750091,0.0162188875134132,0.7119452531937566,0
2743,same_geometry_diff_limits,ejar_absolute,0.6131498114209559,0.013789395896907494,0.9602233406175087,1
2744,same_limits_diff_geometry,normalized_copy,1.541371978665457,0.00396776325307313,-0.9946195929820505,0
2744,same_limits_diff_geometry,ejar_absolute,0.04903282857253237,0.00012621914638202586,0.999496227770202,0
2745,matched_morphology,normalized_copy,0.0,0.0,0.9999998815665869,0
2745,matched_morphology,ejar_absolute,0.0006992261367252736,6.425109145268952e-05,0.9999998662279558,0
2746,random_map,normalized_copy,1.665754181486964,0.11547929169721233,-0.380596436566466,0
2746,random_map,ejar_absolute,1.0888521629160899,0.07548525342693953,-0.4181269062408293,0
2747,zero_effect,normalized_copy,0.0,0.0,0.0,0
2747,zero_effect,ejar_absolute,0.0,0.0,0.0,0
2748,same_geometry_diff_limits,normalized_copy,0.8179469624008066,0.09575004913408462,0.5813311336970348,0
2748,same_geometry_diff_limits,ejar_absolute,0.8066170174735613,0.09442374946755609,0.9999569155539152,1
2749,same_limits_diff_geometry,normalized_copy,0.2996671891386379,0.01733091304219662,0.9544574395728271,0
2749,same_limits_diff_geometry,ejar_absolute,0.003657488261907268,0.00021152669800845,0.9999949225519579,0
2750,matched_morphology,normalized_copy,0.0,0.0,0.999999621502554,0
2750,matched_morphology,ejar_absolute,0.006590572686417626,0.00033875959399889624,0.999984327349283,0
2751,random_map,normalized_copy,1.0948133484941218,0.004521242803999699,0.23693601591491548,0
2751,random_map,ejar_absolute,1.2098361453295778,0.004996251620071892,-0.8140948043382812,0
2752,zero_effect,normalized_copy,0.0,0.0,0.0,0
2752,zero_effect,ejar_absolute,0.0,0.0,0.0,0
2753,same_geometry_diff_limits,normalized_copy,1.4135989734428158,0.03686412884375191,-0.45866153978698476,0
2753,same_geometry_diff_limits,ejar_absolute,0.28017885887256977,0.007306562714613923,0.9999785588523198,1
2754,same_limits_diff_geometry,normalized_copy,0.5766162262535013,0.0392804185460802,0.8170396088642509,0
2754,same_limits_diff_geometry,ejar_absolute,0.5725771850430612,0.039005269804079305,0.8198538059927861,0
2755,matched_morphology,normalized_copy,0.0,0.0,0.9999993611358835,0
2755,matched_morphology,ejar_absolute,0.0029860212029910725,0.00011813770006034026,0.9999956048938601,0
2756,random_map,normalized_copy,0.8688275926275916,0.04081465391996902,0.6654607851687793,0
2756,random_map,ejar_absolute,0.7458770526749372,0.035038843183727963,0.7288353514280567,1
2757,zero_effect,normalized_copy,0.0,0.0,0.0,0
2757,zero_effect,ejar_absolute,0.0,0.0,0.0,0
2758,same_geometry_diff_limits,normalized_copy,0.645463158062778,0.04941513434207375,0.8001869020294549,0
2758,same_geometry_diff_limits,ejar_absolute,0.54086504143778,0.04140734966778648,0.9999503313780108,1
2759,same_limits_diff_geometry,normalized_copy,0.5647023260264488,0.004407422526975222,0.8473766299488095,0
2759,same_limits_diff_geometry,ejar_absolute,0.026699344789396423,0.0002083846448947561,0.9998044438605234,0
2760,matched_morphology,normalized_copy,0.0,0.0,0.9999977825131046,0
2760,matched_morphology,ejar_absolute,0.0048882380116355125,0.00010380573594918225,0.9999875277510129,0
2761,random_map,normalized_copy,1.8063865191572561,0.06913017938235862,-0.9885609364983745,0
2761,random_map,ejar_absolute,1.4098710131782084,0.053955582049221656,-0.8688877953515354,0
2762,zero_effect,normalized_copy,0.0,0.0,0.0,0
2762,zero_effect,ejar_absolute,0.0,0.0,0.0,0
2763,same_geometry_diff_limits,normalized_copy,0.5433582823611397,0.0018818333606476349,0.8397192979807656,0
2763,same_geometry_diff_limits,ejar_absolute,0.028250315276465047,9.784038904321217e-05,0.999912516305843,0
2764,same_limits_diff_geometry,normalized_copy,0.10660312396713356,0.006362376770832419,0.9989990773095907,0
2764,same_limits_diff_geometry,ejar_absolute,0.001579590859051653,9.427446227699602e-05,0.9999992843860207,0
2765,matched_morphology,normalized_copy,0.0,0.0,0.9999998289566022,0
2765,matched_morphology,ejar_absolute,0.001462989531529673,0.00011186340369264539,0.9999989973521122,0
2766,random_map,normalized_copy,1.7747409615415197,0.10989596037228236,-0.2157751040870204,0
2766,random_map,ejar_absolute,1.0602991948298974,0.06565611591935033,0.059962181858005316,0
2767,zero_effect,normalized_copy,0.0,0.0,0.0,0
2767,zero_effect,ejar_absolute,0.0,0.0,0.0,0
2768,same_geometry_diff_limits,normalized_copy,0.5303341144495413,0.021581511908839578,0.9238692745895254,0
2768,same_geometry_diff_limits,ejar_absolute,0.03801440042453615,0.0015469648531304904,0.9999262344286287,1
2769,same_limits_diff_geometry,normalized_copy,0.9881500026853901,0.029309095347764245,0.2888802604835029,0
2769,same_limits_diff_geometry,ejar_absolute,0.016677619573466047,0.000494667753806689,0.9998916763518955,0
2770,matched_morphology,normalized_copy,0.0,0.0,0.9999930556018851,0
2770,matched_morphology,ejar_absolute,0.01533795676038337,0.0001840554713434866,0.9999745903945378,0
2771,random_map,normalized_copy,0.6910988807016111,0.041575459947684634,0.955513000650983,0
2771,random_map,ejar_absolute,0.5061963357751877,0.030452003427238344,0.9566801704891992,0
2772,zero_effect,normalized_copy,0.0,0.0,0.0,0
2772,zero_effect,ejar_absolute,0.0,0.0,0.0,0
2773,same_geometry_diff_limits,normalized_copy,0.6768156483601765,0.04662788389548995,0.7757612835000589,0
2773,same_geometry_diff_limits,ejar_absolute,0.6392464262425247,0.04403962617540025,0.9998709047851364,1
2774,same_limits_diff_geometry,normalized_copy,0.14662597838328756,0.002299313654432867,0.990263636880108,0
2774,same_limits_diff_geometry,ejar_absolute,0.12297837139312312,0.0019284839675883382,0.9924146431157344,0
2775,matched_morphology,normalized_copy,0.0,0.0,0.9999998505644746,0
2775,matched_morphology,ejar_absolute,0.002671796922224621,0.00021856292332488806,0.9999968051471104,0
2776,random_map,normalized_copy,0.6046595402688216,0.05075830469544105,0.9989156994913834,0
2776,random_map,ejar_absolute,1.0704032917295272,0.08985528683539067,-0.8914206880114435,0
2777,zero_effect,normalized_copy,0.0,0.0,0.0,0
2777,zero_effect,ejar_absolute,0.0,0.0,0.0,0
2778,same_geometry_diff_limits,normalized_copy,0.5417151608796802,0.028722341587366116,0.9060110923742343,0
2778,same_geometry_diff_limits,ejar_absolute,0.0019480391214958728,0.0001032872053687723,0.999999422529855,0
2779,same_limits_diff_geometry,normalized_copy,0.4338217028902899,0.020984535339554734,0.9762398711055364,0
2779,same_limits_diff_geometry,ejar_absolute,0.29609265129921636,0.014322397112857618,0.9993000043695445,1
2780,matched_morphology,normalized_copy,0.0,0.0,0.9999999353616784,0
2780,matched_morphology,ejar_absolute,0.001475167303741527,0.0001834831686187351,0.9999989608332583,0
2781,random_map,normalized_copy,1.6173325948291428,0.051074979700146815,0.15033777188322103,0
2781,random_map,ejar_absolute,0.9847632084863334,0.031098588530087925,0.3364142804890739,0
2782,zero_effect,normalized_copy,0.0,0.0,0.0,0
2782,zero_effect,ejar_absolute,0.0,0.0,0.0,0
2783,same_geometry_diff_limits,normalized_copy,1.0410072499621132,0.007595640768519341,0.2311812250964878,0
2783,same_geometry_diff_limits,ejar_absolute,0.039673078964584454,0.0002894720051248941,0.9996813819747246,0
2784,same_limits_diff_geometry,normalized_copy,0.6557713002211316,0.025783409149853054,0.8416725454586582,0
2784,same_limits_diff_geometry,ejar_absolute,0.7214690946325552,0.028366494309239352,0.9913235089498958,1
2785,matched_morphology,normalized_copy,0.0,0.0,0.999999897747426,0
2785,matched_morphology,ejar_absolute,0.0004904448907750674,4.8501265647505724e-05,0.9999998972084987,0
2786,random_map,normalized_copy,0.22597185362278208,0.0033086845052465504,0.9821296412190891,0
2786,random_map,ejar_absolute,1.0939772994185897,0.016018038006273317,-0.9991897266774635,0
2787,zero_effect,normalized_copy,0.0,0.0,0.0,0
2787,zero_effect,ejar_absolute,0.0,0.0,0.0,0
2788,same_geometry_diff_limits,normalized_copy,0.45807031815756066,0.014883512339558827,0.9530906489007228,0
2788,same_geometry_diff_limits,ejar_absolute,0.3052526602824906,0.009918197176082668,0.9522714674961392,0
2789,same_limits_diff_geometry,normalized_copy,0.5346109924680207,0.01769896548237445,0.8777202697286015,0
2789,same_limits_diff_geometry,ejar_absolute,0.6502197544466624,0.021526338126311283,0.9761380194308165,1
2790,matched_morphology,normalized_copy,0.0,0.0,0.999999635516963,0
2790,matched_morphology,ejar_absolute,0.007253443656523556,0.0003799316821341118,0.9999735036807125,0
2791,random_map,normalized_copy,0.27153239720373934,0.018212007128229964,0.9924524506625731,0
2791,random_map,ejar_absolute,1.4928378331920824,0.10012644361912322,-0.6071979820998632,0
2792,zero_effect,normalized_copy,0.0,0.0,0.0,0
2792,zero_effect,ejar_absolute,0.0,0.0,0.0,0
2793,same_geometry_diff_limits,normalized_copy,0.7744338155507222,0.014058298981512713,0.6593247704450304,0
2793,same_geometry_diff_limits,ejar_absolute,0.011013342083346984,0.00019992522625482818,0.9999391888124314,0
2794,same_limits_diff_geometry,normalized_copy,1.5258591295663695,0.042775732105338554,-0.30569265990597144,0
2794,same_limits_diff_geometry,ejar_absolute,0.8773885683067059,0.024596594549878285,0.9771335181454971,1
2795,matched_morphology,normalized_copy,0.0,0.0,0.999999554951251,0
2795,matched_morphology,ejar_absolute,0.007684806288564332,0.00036427472985151266,0.999971168165199,0
2796,random_map,normalized_copy,1.0968632798037932,0.06966534204206243,0.46241547787626835,0
2796,random_map,ejar_absolute,1.7478103829701939,0.11100910240706338,-0.45840565133580596,0
2797,zero_effect,normalized_copy,0.0,0.0,0.0,0
2797,zero_effect,ejar_absolute,0.0,0.0,0.0,0
2798,same_geometry_diff_limits,normalized_copy,0.5656699929336227,0.027089671139053764,0.8601349789438085,0
2798,same_geometry_diff_limits,ejar_absolute,0.7869445571732623,0.03768640642918721,0.9664355659341238,1
2799,same_limits_diff_geometry,normalized_copy,0.9442461496701036,0.018695831468090066,0.3849148893164546,0
2799,same_limits_diff_geometry,ejar_absolute,0.7673651406996214,0.015193632878481599,0.9962453750638748,1
2800,matched_morphology,normalized_copy,0.0,0.0,0.9999999436582131,0
2800,matched_morphology,ejar_absolute,0.0022357832699414944,0.00029786150896448955,0.9999976262544532,0
2801,random_map,normalized_copy,1.3309629278868653,0.07441066781427068,0.8163425861912836,0
2801,random_map,ejar_absolute,1.1606365965754215,0.06488816662833488,-0.7562978269037021,0
2802,zero_effect,normalized_copy,0.0,0.0,0.0,0
2802,zero_effect,ejar_absolute,0.0,0.0,0.0,0
2803,same_geometry_diff_limits,normalized_copy,0.6076380132005178,0.011205602897713973,0.8256514240393068,0
2803,same_geometry_diff_limits,ejar_absolute,0.11158819982493168,0.002057825593765658,0.9997981098899063,1
2804,same_limits_diff_geometry,normalized_copy,0.4178025626737165,0.028548976178441567,0.9085376726320762,0
2804,same_limits_diff_geometry,ejar_absolute,0.7686760300679144,0.05252460284329523,0.9940829631449137,1
2805,matched_morphology,normalized_copy,0.0,0.0,0.999999811773766,0
2805,matched_morphology,ejar_absolute,0.006282007915448547,0.0004578870570409587,0.9999806140147883,0
2806,random_map,normalized_copy,1.0755478990335121,0.024898355800475946,0.03087724184670406,0
2806,random_map,ejar_absolute,1.1196500115956565,0.025919296003242963,-0.8691719683173366,0
2807,zero_effect,normalized_copy,0.0,0.0,0.0,0
2807,zero_effect,ejar_absolute,0.0,0.0,0.0,0
2808,same_geometry_diff_limits,normalized_copy,0.6423569195149582,0.07814220585785511,0.8111760010757091,0
2808,same_geometry_diff_limits,ejar_absolute,0.8109447594197178,0.09865078183912789,0.9998027755429016,1
2809,same_limits_diff_geometry,normalized_copy,0.8416773924882215,0.034267343953344874,0.5578682495033269,0
2809,same_limits_diff_geometry,ejar_absolute,0.4655884013453505,0.018955573753054525,0.9997509617696183,1
2810,matched_morphology,normalized_copy,0.0,0.0,0.9999963340027118,0
2810,matched_morphology,ejar_absolute,0.023610723710294136,0.00038995317411084034,0.9998125743080207,0
2811,random_map,normalized_copy,1.0310072127008396,0.033537590774207406,0.6279987181511717,0
2811,random_map,ejar_absolute,0.761894500060149,0.024783634528802174,0.6859199040027287,0
2812,zero_effect,normalized_copy,0.0,0.0,0.0,0
2812,zero_effect,ejar_absolute,0.0,0.0,0.0,0
2813,same_geometry_diff_limits,normalized_copy,1.0431076885286552,0.029069550364099153,0.0758693567490537,0
2813,same_geometry_diff_limits,ejar_absolute,0.6257176516936251,0.017437634665765395,0.9969019384923282,1
2814,same_limits_diff_geometry,normalized_copy,1.5240943661563244,0.03675245759725747,0.022871816263337147,0
2814,same_limits_diff_geometry,ejar_absolute,0.2868254545758255,0.006916592955918644,0.9999573565934075,1
2815,matched_morphology,normalized_copy,0.0,0.0,0.9999998453616691,0
2815,matched_morphology,ejar_absolute,0.0008346285418127501,6.711732314634791e-05,0.9999996565879671,0
2816,random_map,normalized_copy,1.7362031670408233,0.09152789876516253,-0.8084492901420275,0
2816,random_map,ejar_absolute,2.387932610570113,0.1258852986720491,-0.9999794591238247,1
2817,zero_effect,normalized_copy,0.0,0.0,0.0,0
2817,zero_effect,ejar_absolute,0.0,0.0,0.0,0
2818,same_geometry_diff_limits,normalized_copy,0.8701654474190271,0.013380944559895929,0.5023270916029233,0
2818,same_geometry_diff_limits,ejar_absolute,0.7868070109262457,0.012099102560057952,0.6315959321862186,1
2819,same_limits_diff_geometry,normalized_copy,0.7801610243901851,0.04380269019428273,0.7070905227369529,0
2819,same_limits_diff_geometry,ejar_absolute,0.6669848801290857,0.03744833586297354,0.9991623094418699,1
2820,matched_morphology,normalized_copy,0.0,0.0,0.9999999381909696,0
2820,matched_morphology,ejar_absolute,0.002472644916312007,0.00031451095624964235,0.9999970752259203,0
2821,random_map,normalized_copy,0.04615311690051669,0.003694255789979815,0.9992737312350988,0
2821,random_map,ejar_absolute,1.0029375048906881,0.08027860160380317,0.19973828262104062,0
2822,zero_effect,normalized_copy,0.0,0.0,0.0,0
2822,zero_effect,ejar_absolute,0.0,0.0,0.0,0
2823,same_geometry_diff_limits,normalized_copy,0.3622255815802453,0.007394776278708339,0.9931056800617951,0
2823,same_geometry_diff_limits,ejar_absolute,0.08637150915294961,0.0017632602983314657,0.996268150415487,0
2824,same_limits_diff_geometry,normalized_copy,1.6285774472669658,0.05677202106644343,-0.1927722227738271,0
2824,same_limits_diff_geometry,ejar_absolute,0.477153702758256,0.016633522778043613,0.9999016148579457,1
2825,matched_morphology,normalized_copy,0.0,0.0,0.9999998003241092,0
2825,matched_morphology,ejar_absolute,0.0036022617171320255,0.00025492498969926337,0.9999935048832764,0
2826,random_map,normalized_copy,1.850933358036767,0.1286254319467528,-0.5410330712530107,0
2826,random_map,ejar_absolute,0.9976167860571638,0.0693265856746124,0.06903240087665528,0
2827,zero_effect,normalized_copy,0.0,0.0,0.0,0
2827,zero_effect,ejar_absolute,0.0,0.0,0.0,0
2828,same_geometry_diff_limits,normalized_copy,1.2874341289211484,0.048665659018034796,-0.17137789747895402,0
2828,same_geometry_diff_limits,ejar_absolute,0.5735829309870298,0.021681723911864247,0.9999715365980677,1
2829,same_limits_diff_geometry,normalized_copy,0.6144722270260572,0.01354784603149735,0.820993434369632,0
2829,same_limits_diff_geometry,ejar_absolute,0.008870828455301266,0.00019558348253736563,0.9999633560590844,0
2830,matched_morphology,normalized_copy,0.0,0.0,0.9999986159195817,0
2830,matched_morphology,ejar_absolute,0.0037524183570400694,0.00010086263396726188,0.9999942686842787,0
2831,random_map,normalized_copy,0.8099814791921238,0.020110197984866792,0.6371712291620786,0
2831,random_map,ejar_absolute,0.6175093409214524,0.01533150500653542,0.8917525561444172,0
2832,zero_effect,normalized_copy,0.0,0.0,0.0,0
2832,zero_effect,ejar_absolute,0.0,0.0,0.0,0
2833,same_geometry_diff_limits,normalized_copy,0.8025680112460218,0.0863266313827435,0.5967120571481319,0
2833,same_geometry_diff_limits,ejar_absolute,0.91506856619548,0.09842752975071854,0.9959240551407481,1
2834,same_limits_diff_geometry,normalized_copy,0.8192191904515267,0.008744396952449732,0.7523894006732678,0
2834,same_limits_diff_geometry,ejar_absolute,0.465430760463439,0.004968037090451525,0.8929166882819237,0
2835,matched_morphology,normalized_copy,0.0,0.0,0.9999997539622384,0
2835,matched_morphology,ejar_absolute,0.0012555108055494145,8.004229357491616e-05,0.9999994146683509,0
2836,random_map,normalized_copy,0.31415171030890654,0.009287572956050394,0.9997085192880614,0
2836,random_map,ejar_absolute,1.0598590094985982,0.031333644066958516,-0.7131253443047348,0
2837,zero_effect,normalized_copy,0.0,0.0,0.0,0
2837,zero_effect,ejar_absolute,0.0,0.0,0.0,0
2838,same_geometry_diff_limits,normalized_copy,1.3955270114396614,0.04097332537394594,-0.5336624544141457,0
2838,same_geometry_diff_limits,ejar_absolute,0.015166968039555986,0.00044530927121207907,0.9999088894200261,0
2839,same_limits_diff_geometry,normalized_copy,0.2231073914629643,0.007841888881382951,0.9778789471335294,0
2839,same_limits_diff_geometry,ejar_absolute,0.20754832498608775,0.007295011121710114,0.9782247963326507,0
2840,matched_morphology,normalized_copy,0.0,0.0,0.9999996024606105,0
2840,matched_morphology,ejar_absolute,0.0022336669577723255,0.00011202843237504236,0.9999974091916026,0
2841,random_map,normalized_copy,2.394086607811779,0.2276476724876367,-0.927024822802563,0
2841,random_map,ejar_absolute,0.3888273968633097,0.0369726189547768,0.9622919369880254,1
2842,zero_effect,normalized_copy,0.0,0.0,0.0,0
2842,zero_effect,ejar_absolute,0.0,0.0,0.0,0
2843,same_geometry_diff_limits,normalized_copy,0.8514731967585953,0.07097992878510165,0.5247562068449266,0
2843,same_geometry_diff_limits,ejar_absolute,0.7234495388001003,0.06030770779294926,0.9999871609603549,1
2844,same_limits_diff_geometry,normalized_copy,0.4595046210877385,0.00865156808598729,0.9250078750241533,0
2844,same_limits_diff_geometry,ejar_absolute,0.0014798252962381307,2.7862199242879677e-05,0.9999968821846201,0
2845,matched_morphology,normalized_copy,0.0,0.0,0.9999998403141426,0
2845,matched_morphology,ejar_absolute,0.00047801475372858364,3.782753525426896e-05,0.9999998393039139,0
2846,random_map,normalized_copy,1.4170828290573032,0.08534753170936832,0.01833964161516451,0
2846,random_map,ejar_absolute,1.39991324255821,0.08431344831062801,-0.13217439692411256,0
2847,zero_effect,normalized_copy,0.0,0.0,0.0,0
2847,zero_effect,ejar_absolute,0.0,0.0,0.0,0
2848,same_geometry_diff_limits,normalized_copy,0.7264352740702196,0.04367719667423467,0.6894324672945696,0
2848,same_geometry_diff_limits,ejar_absolute,0.8959131549264446,0.05386711860990091,0.8353232738920608,1
2849,same_limits_diff_geometry,normalized_copy,1.9200246125937375,0.09662463152768545,-0.655678080176284,0
2849,same_limits_diff_geometry,ejar_absolute,0.7927700678238864,0.039895902993754714,0.9950361268064127,1
2850,matched_morphology,normalized_copy,0.0,0.0,0.9999992839958723,0
2850,matched_morphology,ejar_absolute,0.03603798700252608,0.0013467984794923332,0.9993523719946282,0
2851,random_map,normalized_copy,0.731668901563579,0.038810837822546476,0.7087701856370857,0
2851,random_map,ejar_absolute,0.7997678850147096,0.04242309822742914,0.9530803533182087,0
2852,zero_effect,normalized_copy,0.0,0.0,0.0,0
2852,zero_effect,ejar_absolute,0.0,0.0,0.0,0
2853,same_geometry_diff_limits,normalized_copy,1.4821933698886833,0.041282522210774546,-0.7932711955388942,0
2853,same_geometry_diff_limits,ejar_absolute,0.06333936951720628,0.0017641483102214279,0.9999930978724462,1
2854,same_limits_diff_geometry,normalized_copy,0.5920982129790369,0.017667569169377874,0.8303725148399421,0
2854,same_limits_diff_geometry,ejar_absolute,0.37354965127426204,0.011146316873479011,0.9998484052907674,1
2855,matched_morphology,normalized_copy,0.0,0.0,0.9999999518688653,0
2855,matched_morphology,ejar_absolute,0.003243934378683356,0.0004675833106769442,0.9999948236554541,0
2856,random_map,normalized_copy,2.8445111627943294,0.10815500037231363,-0.6149056041783564,0
2856,random_map,ejar_absolute,0.865089972432846,0.03289275412744243,0.6309948519672113,0
2857,zero_effect,normalized_copy,0.0,0.0,0.0,0
2857,zero_effect,ejar_absolute,0.0,0.0,0.0,0
2858,same_geometry_diff_limits,normalized_copy,1.015863668554166,0.020510624917744576,0.20423552878266052,0
2858,same_geometry_diff_limits,ejar_absolute,0.0016621919500138997,3.356020761777221e-05,0.9999974544244552,0
2859,same_limits_diff_geometry,normalized_copy,0.7904967703838482,0.04048423010519991,0.640013299982624,0
2859,same_limits_diff_geometry,ejar_absolute,0.8350472649763913,0.042765823834557196,0.9876180950945762,1
2860,matched_morphology,normalized_copy,0.0,0.0,0.9999980675883198,0
2860,matched_morphology,ejar_absolute,0.007592863083124605,0.00017272505559294587,0.9999960715091075,0
2861,random_map,normalized_copy,1.2885183754215987,0.019871107116829573,0.5475286312444301,0
2861,random_map,ejar_absolute,1.0281718425708999,0.01585612840915013,-0.0761134290570643,0
2862,zero_effect,normalized_copy,0.0,0.0,0.0,0
2862,zero_effect,ejar_absolute,0.0,0.0,0.0,0
2863,same_geometry_diff_limits,normalized_copy,0.3599375165175086,0.02581339120730056,0.9934241735299222,0
2863,same_geometry_diff_limits,ejar_absolute,0.11621539648641395,0.008334539624655714,0.9932255358094596,0
2864,same_limits_diff_geometry,normalized_copy,0.5573416584871356,0.04744746644540463,0.8304289249802191,0
2864,same_limits_diff_geometry,ejar_absolute,0.7535903443849651,0.06415445900068469,0.999518933274386,1
2865,matched_morphology,normalized_copy,0.0,0.0,0.9999997068899708,0
2865,matched_morphology,ejar_absolute,0.002870252164389714,0.00016765042451691523,0.9999976422263123,0
2866,random_map,normalized_copy,0.38395432545137526,0.009269668451695832,0.937567859690376,0
2866,random_map,ejar_absolute,1.204513870406538,0.029080136578775277,-0.933744998214207,0
2867,zero_effect,normalized_copy,0.0,0.0,0.0,0
2867,zero_effect,ejar_absolute,0.0,0.0,0.0,0
2868,same_geometry_diff_limits,normalized_copy,0.42048015955652795,0.032707435810132406,0.977884734860097,0
2868,same_geometry_diff_limits,ejar_absolute,0.6382024988439254,0.04964316815047623,0.9957672021632207,1
2869,same_limits_diff_geometry,normalized_copy,1.475173357934751,0.022326473744222645,-0.6387375047728623,0
2869,same_limits_diff_geometry,ejar_absolute,0.02070788042244899,0.00031340990946147445,0.9998533648564445,0
2870,matched_morphology,normalized_copy,0.0,0.0,0.999999834331193,0
2870,matched_morphology,ejar_absolute,0.0005859920386039468,4.552723893290061e-05,0.999999832359541,0
2871,random_map,normalized_copy,1.2446283983067694,0.014718150491551398,-0.5843720638538092,0
2871,random_map,ejar_absolute,2.955063681588675,0.03494462446534993,-0.3077865874428152,0
2872,zero_effect,normalized_copy,0.0,0.0,0.0,0
2872,zero_effect,ejar_absolute,0.0,0.0,0.0,0
2873,same_geometry_diff_limits,normalized_copy,1.6662136245604633,0.06272891222888609,-0.773805062319572,0
2873,same_geometry_diff_limits,ejar_absolute,0.7052872747689843,0.026552359735267813,0.8022682243461372,1
2874,same_limits_diff_geometry,normalized_copy,1.0820578530464597,0.09572519160170569,0.33528039363340945,0
2874,same_limits_diff_geometry,ejar_absolute,0.9501093975828341,0.08405225642061202,0.9768026490948243,1
2875,matched_morphology,normalized_copy,0.0,0.0,0.9999993818325331,0
2875,matched_morphology,ejar_absolute,0.007394336995533462,0.0002974034782774866,0.9999793697291242,0
2876,random_map,normalized_copy,1.0308271109442304,0.08076214908412932,0.6142118961692513,0
2876,random_map,ejar_absolute,2.1578200865444344,0.16905859932864994,-0.6241067094722504,1
2877,zero_effect,normalized_copy,0.0,0.0,0.0,0
2877,zero_effect,ejar_absolute,0.0,0.0,0.0,0
2878,same_geometry_diff_limits,normalized_copy,0.9359723848874334,0.026859538320353933,0.9874716453114281,0
2878,same_geometry_diff_limits,ejar_absolute,0.8964298060410348,0.025724787521121548,0.9173343111079021,1
2879,same_limits_diff_geometry,normalized_copy,1.1492294861240473,0.03604604963365066,0.538475128600847,0
2879,same_limits_diff_geometry,ejar_absolute,0.6748990713940128,0.021168483509086917,0.9968416684572242,1
2880,matched_morphology,normalized_copy,0.0,0.0,0.9999997986303845,0
2880,matched_morphology,ejar_absolute,0.002506544040907766,0.0001766356380978806,0.9999974220716213,0
2881,random_map,normalized_copy,0.82297294978737,0.042160888539544125,0.5685266884676977,0
2881,random_map,ejar_absolute,1.887522559255274,0.09669774475236095,-0.8125031928679758,0
2882,zero_effect,normalized_copy,0.0,0.0,0.0,0
2882,zero_effect,ejar_absolute,0.0,0.0,0.0,0
2883,same_geometry_diff_limits,normalized_copy,0.38296915333725323,0.004742084924917246,0.9906428803697092,0
2883,same_geometry_diff_limits,ejar_absolute,0.10802138445413932,0.0013375661572867352,0.9954308593909275,0
2884,same_limits_diff_geometry,normalized_copy,1.0209099592662696,0.08872835745077957,0.40428342011313523,0
2884,same_limits_diff_geometry,ejar_absolute,0.9522775013772116,0.08276343840867074,0.9467223670063557,1
2885,matched_morphology,normalized_copy,0.0,0.0,0.9999998818663041,0
2885,matched_morphology,ejar_absolute,0.0009681717678940349,8.907698265462165e-05,0.9999998072483232,0
2886,random_map,normalized_copy,1.738868335071583,0.04665656417888776,-0.5305223757801382,0
2886,random_map,ejar_absolute,0.9004538715889862,0.02416058939171493,0.9649336795287037,0
2887,zero_effect,normalized_copy,0.0,0.0,0.0,0
2887,zero_effect,ejar_absolute,0.0,0.0,0.0,0
2888,same_geometry_diff_limits,normalized_copy,0.44722480661029096,0.04415154419431935,0.9730581260370653,0
2888,same_geometry_diff_limits,ejar_absolute,0.7212932179826083,0.07120850391148484,0.9988136021362419,1
2889,same_limits_diff_geometry,normalized_copy,1.5586466325646988,0.1270266476109579,-0.4585213525963519,0
2889,same_limits_diff_geometry,ejar_absolute,0.7923589886761406,0.06457570557241821,0.9998883815915006,1
2890,matched_morphology,normalized_copy,0.0,0.0,0.9999995622431952,0
2890,matched_morphology,ejar_absolute,0.0015240930740327396,7.284419539096584e-05,0.9999985191146811,0
2891,random_map,normalized_copy,1.2507176914138651,0.08229472042348199,0.09704005886398642,0
2891,random_map,ejar_absolute,1.0157013131171577,0.06683111318450277,-0.03807842874915327,0
2892,zero_effect,normalized_copy,0.0,0.0,0.0,0
2892,zero_effect,ejar_absolute,0.0,0.0,0.0,0
2893,same_geometry_diff_limits,normalized_copy,1.5841920308473627,0.0607348459427611,-0.9949151437303555,0
2893,same_geometry_diff_limits,ejar_absolute,0.10228291643269481,0.003921328381378891,0.999892031198538,1
2894,same_limits_diff_geometry,normalized_copy,1.2360121004041547,0.05376233226999005,0.07455090873053272,0
2894,same_limits_diff_geometry,ejar_absolute,0.8651806562006853,0.03763242277079646,0.9984918074003871,1
2895,matched_morphology,normalized_copy,0.0,0.0,0.9999990746117376,0
2895,matched_morphology,ejar_absolute,0.00932027818942463,0.000306384432007327,0.9999674441288833,0
2896,random_map,normalized_copy,0.20315237723397422,0.007157671956468665,0.9928331240419982,0
2896,random_map,ejar_absolute,2.7461873216981525,0.09675647534801,0.9354125877127107,1
2897,zero_effect,normalized_copy,0.0,0.0,0.0,0
2897,zero_effect,ejar_absolute,0.0,0.0,0.0,0
2898,same_geometry_diff_limits,normalized_copy,1.1642301343805923,0.007072910519491163,0.2822137494937674,0
2898,same_geometry_diff_limits,ejar_absolute,0.004798582611440986,2.915226502805261e-05,0.9999673494020161,0
2899,same_limits_diff_geometry,normalized_copy,0.21493512475451995,0.020525714228969743,0.9949663436265792,0
2899,same_limits_diff_geometry,ejar_absolute,0.36577268647268585,0.03493028719189376,0.9999029979815287,1
2900,matched_morphology,normalized_copy,0.0,0.0,0.9999996940591549,0
2900,matched_morphology,ejar_absolute,0.004153393488460781,0.0002374566233421598,0.9999913393350421,0
2901,random_map,normalized_copy,1.5040453721561418,0.027536641424313158,-0.9549200001722337,0
2901,random_map,ejar_absolute,0.6961335305806912,0.012745080547378322,0.8278314678331355,0
2902,zero_effect,normalized_copy,0.0,0.0,0.0,0
2902,zero_effect,ejar_absolute,0.0,0.0,0.0,0
2903,same_geometry_diff_limits,normalized_copy,0.7224261092098451,0.06406423722564573,0.7488408695383117,0
2903,same_geometry_diff_limits,ejar_absolute,0.6711900785961636,0.059520662210997576,0.9999721892960556,1
2904,same_limits_diff_geometry,normalized_copy,1.2945747372154122,0.0980689283007021,0.14404533392126456,0
2904,same_limits_diff_geometry,ejar_absolute,0.9477853276280127,0.07179832007191625,0.9943962668596017,1
2905,matched_morphology,normalized_copy,0.0,0.0,0.9999999369556636,0
2905,matched_morphology,ejar_absolute,0.000441152965516762,5.5560501080279886e-05,0.999999936610024,0
2906,random_map,normalized_copy,1.4709426089857847,0.10386410589663124,0.1633516413396647,0
2906,random_map,ejar_absolute,1.2620269301485896,0.08911244933460236,-0.13404986491114992,0
2907,zero_effect,normalized_copy,0.0,0.0,0.0,0
2907,zero_effect,ejar_absolute,0.0,0.0,0.0,0
2908,same_geometry_diff_limits,normalized_copy,0.6985200141987459,0.03330627389217145,0.7242657236501685,0
2908,same_geometry_diff_limits,ejar_absolute,0.0021947208831981715,0.00010464692974691,0.9999995355122984,0
2909,same_limits_diff_geometry,normalized_copy,0.7261182953663331,0.006691128239004061,0.7357252421682635,0
2909,same_limits_diff_geometry,ejar_absolute,0.0033537701043286883,3.090475201548234e-05,0.99998359360974,0
2910,matched_morphology,normalized_copy,0.0,0.0,0.9999998914035129,0
2910,matched_morphology,ejar_absolute,0.005691839236617095,0.0005461912232406254,0.9999839800304794,0
2911,random_map,normalized_copy,1.0256705780756026,0.04067410017140396,0.5599562775593281,0
2911,random_map,ejar_absolute,0.7806195851195763,0.030956332256781443,0.9220654252819231,0
2912,zero_effect,normalized_copy,0.0,0.0,0.0,0
2912,zero_effect,ejar_absolute,0.0,0.0,0.0,0
2913,same_geometry_diff_limits,normalized_copy,1.1360780386657334,0.06030824301755289,0.22057577585845728,0
2913,same_geometry_diff_limits,ejar_absolute,0.9023167515029994,0.04789911966994976,0.9942542411214096,1
2914,same_limits_diff_geometry,normalized_copy,0.2376098520267702,0.017010449371830504,0.9977461818675895,0
2914,same_limits_diff_geometry,ejar_absolute,0.007953971623908575,0.0005694234917423782,0.9999711769598836,0
2915,matched_morphology,normalized_copy,0.0,0.0,0.9999996685232359,0
2915,matched_morphology,ejar_absolute,0.0059493942256502825,0.0003267729796121911,0.999982836587316,0
2916,random_map,normalized_copy,0.42593670848650345,0.004064936828799832,0.9158757912867866,0
2916,random_map,ejar_absolute,0.8905609555254578,0.008499089076567136,0.46473218959284407,0
2917,zero_effect,normalized_copy,0.0,0.0,0.0,0
2917,zero_effect,ejar_absolute,0.0,0.0,0.0,0
2918,same_geometry_diff_limits,normalized_copy,2.6065712185186105,0.02534736858639042,-0.8061012745658803,0
2918,same_geometry_diff_limits,ejar_absolute,0.020996464034246026,0.00020417823580105035,0.9999546334644642,0
2919,same_limits_diff_geometry,normalized_copy,0.9868098937952499,0.04825589312414793,0.45896200364873924,0
2919,same_limits_diff_geometry,ejar_absolute,0.6716162604789282,0.03284264040104526,0.9997528536756219,1
2920,matched_morphology,normalized_copy,0.0,0.0,0.9999999307019257,0
2920,matched_morphology,ejar_absolute,0.0014189555404422682,0.00017045439121189882,0.9999992061162188,0
2921,random_map,normalized_copy,1.2410678789665226,0.045168185488015995,0.23309869589763238,0
2921,random_map,ejar_absolute,2.268052192244928,0.08254488239686655,-0.25870991751634065,0
2922,zero_effect,normalized_copy,0.0,0.0,0.0,0
2922,zero_effect,ejar_absolute,0.0,0.0,0.0,0
2923,same_geometry_diff_limits,normalized_copy,0.455121283843251,0.00668415903286439,0.9104683859006875,0
2923,same_geometry_diff_limits,ejar_absolute,0.01512703994735824,0.00022216394682930064,0.9998924823017391,0
2924,same_limits_diff_geometry,normalized_copy,1.3397827416071404,0.04122861064672878,-0.00593915513922906,0
2924,same_limits_diff_geometry,ejar_absolute,0.9997019058746978,0.030763436011020304,0.059450698127403376,0
2925,matched_morphology,normalized_copy,0.0,0.0,0.9999978779644842,0
2925,matched_morphology,ejar_absolute,0.0050522879952738875,0.00010967593203260074,0.9999899183996713,0
2926,random_map,normalized_copy,0.5324785957927266,0.03127491084873083,0.8790471093894734,0
2926,random_map,ejar_absolute,1.9316153787223818,0.1134526331028255,-0.9949122191909509,0
2927,zero_effect,normalized_copy,0.0,0.0,0.0,0
2927,zero_effect,ejar_absolute,0.0,0.0,0.0,0
2928,same_geometry_diff_limits,normalized_copy,0.6928800691152536,0.028897436439083435,0.7402490645823409,0
2928,same_geometry_diff_limits,ejar_absolute,0.010984965045338113,0.00045814181029705576,0.9999504391059217,0
2929,same_limits_diff_geometry,normalized_copy,0.6088320513750284,0.0074079768208130765,0.7977666031979754,0
2929,same_limits_diff_geometry,ejar_absolute,0.28966915189719306,0.003524555512661701,0.9605841720820884,0
2930,matched_morphology,normalized_copy,0.0,0.0,0.9999997986894439,0
2930,matched_morphology,ejar_absolute,0.00470774805699519,0.000331802688815601,0.9999898900631715,0
2931,random_map,normalized_copy,1.4776702975778297,0.012651359652159367,-0.23651591590614654,0
2931,random_map,ejar_absolute,0.6922237551134032,0.005926607376532645,0.9687759215684957,0
2932,zero_effect,normalized_copy,0.0,0.0,0.0,0
2932,zero_effect,ejar_absolute,0.0,0.0,0.0,0
2933,same_geometry_diff_limits,normalized_copy,0.5719150041165424,0.04525257597148832,0.8267355176266593,0
2933,same_geometry_diff_limits,ejar_absolute,0.838676295059655,0.06635997042305196,0.9929224291512289,1
2934,same_limits_diff_geometry,normalized_copy,0.9378611032666464,0.010134586123692701,0.6067607818012473,0
2934,same_limits_diff_geometry,ejar_absolute,0.048577784724396264,0.0005249345998813918,0.9991456743038171,0
2935,matched_morphology,normalized_copy,0.0,0.0,0.9999973746486202,0
2935,matched_morphology,ejar_absolute,0.009783018354210674,0.0001909319470949359,0.9999585171211577,0
2936,random_map,normalized_copy,1.4332299276519804,0.07100805174222194,0.22963203132529578,0
2936,random_map,ejar_absolute,1.2019127509393719,0.059547656075085095,-0.11215668732945626,0
2937,zero_effect,normalized_copy,0.0,0.0,0.0,0
2937,zero_effect,ejar_absolute,0.0,0.0,0.0,0
2938,same_geometry_diff_limits,normalized_copy,0.737440385060822,0.014076814715859642,0.6754436196278952,0
2938,same_geometry_diff_limits,ejar_absolute,0.7361983413868335,0.014053105655409556,0.6767701918602899,0
2939,same_limits_diff_geometry,normalized_copy,1.0385814697878955,0.046001762495091095,0.519827042610458,0
2939,same_limits_diff_geometry,ejar_absolute,0.8687457114549562,0.038479247944931516,0.979816973979353,1
2940,matched_morphology,normalized_copy,0.0,0.0,0.9999989155665872,0
2940,matched_morphology,ejar_absolute,0.002387125001761217,7.24892314207223e-05,0.9999971538335648,0
2941,random_map,normalized_copy,0.6968053874014697,0.0702375954877947,0.7320980387900942,0
2941,random_map,ejar_absolute,1.2897497891076053,0.13000606138484835,-0.7548817650504809,0
2942,zero_effect,normalized_copy,0.0,0.0,0.0,0
2942,zero_effect,ejar_absolute,0.0,0.0,0.0,0
2943,same_geometry_diff_limits,normalized_copy,0.62039664004379,0.02076214654888664,0.7942127702943826,0
2943,same_geometry_diff_limits,ejar_absolute,0.1795322260914074,0.006008211759648715,0.9999491916949285,1
2944,same_limits_diff_geometry,normalized_copy,0.6637593781370567,0.029822094279764042,0.7619827690889691,0
2944,same_limits_diff_geometry,ejar_absolute,0.7964200362653808,0.03578241481794185,0.8154398170324545,1
2945,matched_morphology,normalized_copy,0.0,0.0,0.9999998275459949,0
2945,matched_morphology,ejar_absolute,0.001595937441644092,0.00012152879433075243,0.9999990544240369,0
2946,random_map,normalized_copy,1.2634385915633697,0.056879309071749255,-0.6803468415828334,0
2946,random_map,ejar_absolute,1.1674402458381536,0.052557516454884004,-0.6505076507292246,0
2947,zero_effect,normalized_copy,0.0,0.0,0.0,0
2947,zero_effect,ejar_absolute,0.0,0.0,0.0,0
2948,same_geometry_diff_limits,normalized_copy,0.7623063198121011,0.030902699702568974,0.6498306006956315,0
2948,same_geometry_diff_limits,ejar_absolute,0.8647709313984954,0.035056453960798394,0.7531220106968878,1
2949,same_limits_diff_geometry,normalized_copy,1.841680324245847,0.092072036168163,-0.7844465699553983,0
2949,same_limits_diff_geometry,ejar_absolute,0.8475320448875966,0.042371089088179416,0.9025653054182272,1
2950,matched_morphology,normalized_copy,0.0,0.0,0.9999989835002625,0
2950,matched_morphology,ejar_absolute,0.013550803689214503,0.00042502180503250977,0.9999138304599798,0
2951,random_map,normalized_copy,2.887482457913174,0.19757964076171347,-0.8988850282444892,0
2951,random_map,ejar_absolute,3.1172586702282183,0.21330236882898776,-0.8990174852996244,0
2952,zero_effect,normalized_copy,0.0,0.0,0.0,0
2952,zero_effect,ejar_absolute,0.0,0.0,0.0,0
2953,same_geometry_diff_limits,normalized_copy,1.5063251613066335,0.09257259217696386,-0.5126766253395708,0
2953,same_geometry_diff_limits,ejar_absolute,0.933463982014414,0.05736688381673687,0.8332937221481358,1
2954,same_limits_diff_geometry,normalized_copy,1.749505179689461,0.09047982160558819,-0.33784245519219697,0
2954,same_limits_diff_geometry,ejar_absolute,0.8331852792951459,0.043090158468926706,0.9994367637921737,1
2955,matched_morphology,normalized_copy,0.0,0.0,0.9999998482223437,0
2955,matched_morphology,ejar_absolute,0.0007248168232573592,5.883344999816507e-05,0.9999996748989047,0
2956,random_map,normalized_copy,1.3356460927748681,0.11088189453847247,0.10877460516007892,0
2956,random_map,ejar_absolute,0.8044658429068137,0.06678467989052249,0.753326204913547,0
2957,zero_effect,normalized_copy,0.0,0.0,0.0,0
2957,zero_effect,ejar_absolute,0.0,0.0,0.0,0
2958,same_geometry_diff_limits,normalized_copy,0.9547696009529568,0.07061884695090524,0.4143369216878342,0
2958,same_geometry_diff_limits,ejar_absolute,0.909608996336088,0.06727857530582368,0.41547122884518956,0
2959,same_limits_diff_geometry,normalized_copy,0.9514133609421116,0.004512217452774191,0.6364708050443908,0
2959,same_limits_diff_geometry,ejar_absolute,0.05179928247156571,0.00024566569695629937,0.9996681685657447,0
2960,matched_morphology,normalized_copy,0.0,0.0,0.9999997434408735,0
2960,matched_morphology,ejar_absolute,0.004526482770541931,0.00028259670166997503,0.9999896212058355,0
2961,random_map,normalized_copy,0.7221438587312597,0.05394543124118018,0.7042683190073202,0
2961,random_map,ejar_absolute,2.028870143641649,0.15156020993295502,-0.9045551627126736,0
2962,zero_effect,normalized_copy,0.0,0.0,0.0,0
2962,zero_effect,ejar_absolute,0.0,0.0,0.0,0
2963,same_geometry_diff_limits,normalized_copy,0.46617838345345985,0.02811265430811304,0.8912462300725057,0
2963,same_geometry_diff_limits,ejar_absolute,0.5485070666765649,0.03307744438256393,0.9068717531315474,1
2964,same_limits_diff_geometry,normalized_copy,1.4959349534404482,0.09705591537351398,-0.3964738305643059,0
2964,same_limits_diff_geometry,ejar_absolute,0.8129567141670923,0.05274444444998545,0.9992458998795518,1
2965,matched_morphology,normalized_copy,0.0,0.0,0.9999998852978309,0
2965,matched_morphology,ejar_absolute,0.0006917511246958551,6.458981463225114e-05,0.9999998383530398,0
2966,random_map,normalized_copy,1.7633000274559751,0.04731473815045388,-0.5864919305574052,0
2966,random_map,ejar_absolute,0.6694248578344375,0.01796271840676985,0.9912625219551487,0
2967,zero_effect,normalized_copy,0.0,0.0,0.0,0
2967,zero_effect,ejar_absolute,0.0,0.0,0.0,0
2968,same_geometry_diff_limits,normalized_copy,1.0345506156714166,0.056636805785915734,0.24244114465965996,0
2968,same_geometry_diff_limits,ejar_absolute,0.9650205649477129,0.052830360823754495,0.6353853624150788,1
2969,same_limits_diff_geometry,normalized_copy,1.1428024843609594,0.04041091568076802,0.4796880674658482,0
2969,same_limits_diff_geometry,ejar_absolute,0.8158162990463996,0.028848277915842564,0.9913040287780728,1
2970,matched_morphology,normalized_copy,0.0,0.0,0.9999987609913887,0
2970,matched_morphology,ejar_absolute,0.0018487654405797554,5.252238006790988e-05,0.9999971805853823,0
2971,random_map,normalized_copy,3.1346416755424427,0.026982033478106873,-0.9874266152488643,0
2971,random_map,ejar_absolute,0.7533045231867191,0.006484214135995648,0.9948896043968903,0
2972,zero_effect,normalized_copy,0.0,0.0,0.0,0
2972,zero_effect,ejar_absolute,0.0,0.0,0.0,0
2973,same_geometry_diff_limits,normalized_copy,0.7763070637684131,0.012525342138586684,0.6487992788025605,0
2973,same_geometry_diff_limits,ejar_absolute,0.005142046468083058,8.296445351483372e-05,0.9999853284764164,0
2974,same_limits_diff_geometry,normalized_copy,1.685970951512123,0.03237470281752592,-0.9989239073147631,0
2974,same_limits_diff_geometry,ejar_absolute,0.008480274517310376,0.0001628416949074507,0.9999671270891173,0
2975,matched_morphology,normalized_copy,0.0,0.0,0.999999413997549,0
2975,matched_morphology,ejar_absolute,0.003264392761331833,0.00013485050376087904,0.9999942196901956,0
2976,random_map,normalized_copy,1.4004520538805063,0.0717119059111143,0.10077807500517143,0
2976,random_map,ejar_absolute,0.9495295712726238,0.04862185398368026,0.31528697866269695,1
2977,zero_effect,normalized_copy,0.0,0.0,0.0,0
2977,zero_effect,ejar_absolute,0.0,0.0,0.0,0
2978,same_geometry_diff_limits,normalized_copy,1.4930897422307252,0.13212275299761328,-0.3207636191721651,0
2978,same_geometry_diff_limits,ejar_absolute,0.9160425239888558,0.08106013771916143,0.9971677400414978,1
2979,same_limits_diff_geometry,normalized_copy,1.7702309875421616,0.052881156966455345,-0.27240058041814946,0
2979,same_limits_diff_geometry,ejar_absolute,0.8281211277253507,0.02473801647958063,0.9957171909196395,1
2980,matched_morphology,normalized_copy,0.0,0.0,0.999999791476908,0
2980,matched_morphology,ejar_absolute,0.0046566901072229595,0.00032247809551360377,0.99999029252692,0
2981,random_map,normalized_copy,1.3300527408581584,0.04734416931718778,0.10467895243133683,0
2981,random_map,ejar_absolute,1.1040421425793538,0.039299162000044296,-0.10610409934483399,0
2982,zero_effect,normalized_copy,0.0,0.0,0.0,0
2982,zero_effect,ejar_absolute,0.0,0.0,0.0,0
2983,same_geometry_diff_limits,normalized_copy,0.44360822076254364,0.05173060376573063,0.9990933065968386,0
2983,same_geometry_diff_limits,ejar_absolute,0.1966544242784921,0.02293251482950769,0.999997522996826,1
2984,same_limits_diff_geometry,normalized_copy,0.9256223145642649,0.0710844512734362,0.5500643422408122,0
2984,same_limits_diff_geometry,ejar_absolute,0.8950614142170481,0.06873748448425855,0.9935165802886003,1
2985,matched_morphology,normalized_copy,0.0,0.0,0.9999998149238396,0
2985,matched_morphology,ejar_absolute,0.002606691262027452,0.00019160830168916734,0.9999969293364886,0
2986,random_map,normalized_copy,0.3586058133564388,0.01687624329507617,0.9335656755436046,0
2986,random_map,ejar_absolute,0.9892285653661647,0.04655379617888396,0.150683353017402,0
2987,zero_effect,normalized_copy,0.0,0.0,0.0,0
2987,zero_effect,ejar_absolute,0.0,0.0,0.0,0
2988,same_geometry_diff_limits,normalized_copy,0.5138356290015799,0.032415072560970266,0.9158222730817813,0
2988,same_geometry_diff_limits,ejar_absolute,0.20759712494772856,0.013096164393475216,0.9999369225689477,1
2989,same_limits_diff_geometry,normalized_copy,1.150436373485845,0.007758749583939679,0.3427666966841459,0
2989,same_limits_diff_geometry,ejar_absolute,0.0354936501564563,0.00023937555325157168,0.9999498618545817,0
2990,matched_morphology,normalized_copy,0.0,0.0,0.9999990810123786,0
2990,matched_morphology,ejar_absolute,0.010227682429092366,0.0003373822400882873,0.9999607299124064,0
2991,random_map,normalized_copy,1.0308758918996075,0.08069988509807563,0.5666409588614494,0
2991,random_map,ejar_absolute,0.8329640556974113,0.06520678591264838,0.5578040947262606,0
2992,zero_effect,normalized_copy,0.0,0.0,0.0,0
2992,zero_effect,ejar_absolute,0.0,0.0,0.0,0
2993,same_geometry_diff_limits,normalized_copy,1.7703845084410241,0.008169476952807533,-0.8083295957996991,0
2993,same_geometry_diff_limits,ejar_absolute,0.013033958144492834,6.014547696141873e-05,0.9999098201490774,0
2994,same_limits_diff_geometry,normalized_copy,1.0646373661565018,0.034541614351187314,0.4890013873142552,0
2994,same_limits_diff_geometry,ejar_absolute,0.5953107235763256,0.019314551683579508,0.9996023672694954,1
2995,matched_morphology,normalized_copy,0.0,0.0,0.9999998340221283,0
2995,matched_morphology,ejar_absolute,0.0005847891225155807,4.5391460851549325e-05,0.9999997578985891,0
2996,random_map,normalized_copy,0.4500873564468619,0.016394618844875856,0.9909310272188625,0
2996,random_map,ejar_absolute,1.0213995929876123,0.037204904282442865,-0.19965162055957192,0
2997,zero_effect,normalized_copy,0.0,0.0,0.0,0
2997,zero_effect,ejar_absolute,0.0,0.0,0.0,0
2998,same_geometry_diff_limits,normalized_copy,0.6742630006206161,0.06935696157001055,0.7480632265357681,0
2998,same_geometry_diff_limits,ejar_absolute,0.9273417679342896,0.09538949534778551,0.9322150297312136,1
2999,same_limits_diff_geometry,normalized_copy,1.5052872085033022,0.0794840399524598,0.05268617622775084,0
2999,same_limits_diff_geometry,ejar_absolute,0.8423574388005993,0.04447920100673045,0.9997535351252713,1
3000,matched_morphology,normalized_copy,0.0,0.0,0.9999998785474549,0
3000,matched_morphology,ejar_absolute,0.0014589503046220636,0.0001323845085647961,0.9999990730589791,0
3001,random_map,normalized_copy,0.8531558430698424,0.059890385794561886,0.6476940334850164,0
3001,random_map,ejar_absolute,1.6690226317310195,0.11716313042474562,-0.5960412448110073,0
3002,zero_effect,normalized_copy,0.0,0.0,0.0,0
3002,zero_effect,ejar_absolute,0.0,0.0,0.0,0
3003,same_geometry_diff_limits,normalized_copy,0.870937200184395,0.08813715295892273,0.51308959764222,0
3003,same_geometry_diff_limits,ejar_absolute,0.8463620696564745,0.08565019748398581,0.9994025394802343,1
3004,same_limits_diff_geometry,normalized_copy,0.50843518437726,0.02247000152043505,0.870408109378593,0
3004,same_limits_diff_geometry,ejar_absolute,0.2247329326481795,0.009931943133482076,0.9998059619719851,1
3005,matched_morphology,normalized_copy,0.0,0.0,0.9999993252536067,0
3005,matched_morphology,ejar_absolute,0.0033061192975324645,0.00012727646345250882,0.9999965165906409,0
3006,random_map,normalized_copy,2.1433097991973913,0.14822304609732387,-0.9697859606605591,0
3006,random_map,ejar_absolute,2.732783113188672,0.18898874885554892,-0.9495938620195213,1
3007,zero_effect,normalized_copy,0.0,0.0,0.0,0
3007,zero_effect,ejar_absolute,0.0,0.0,0.0,0
3008,same_geometry_diff_limits,normalized_copy,0.6478858125451901,0.05292816658445964,0.8237710262902518,0
3008,same_geometry_diff_limits,ejar_absolute,0.5547961986680569,0.04532333484533544,0.9999378267203685,1
3009,same_limits_diff_geometry,normalized_copy,0.48624377679107267,0.029909681973781743,0.8757508659672647,0
3009,same_limits_diff_geometry,ejar_absolute,0.4806178585165459,0.02956362216914617,0.8769313523464143,0
3010,matched_morphology,normalized_copy,0.0,0.0,0.9999998385367692,0
3010,matched_morphology,ejar_absolute,0.00384708048672253,0.00030275716095844933,0.9999931871161599,0
3011,random_map,normalized_copy,0.91265815162023,0.08562609212266717,0.6088593557264141,0
3011,random_map,ejar_absolute,1.4827299397573883,0.1391105423090911,-0.711976647481261,0
3012,zero_effect,normalized_copy,0.0,0.0,0.0,0
3012,zero_effect,ejar_absolute,0.0,0.0,0.0,0
3013,same_geometry_diff_limits,normalized_copy,0.8982750514343526,0.0709564562795681,0.4515967639159762,0
3013,same_geometry_diff_limits,ejar_absolute,0.7223436950936419,0.05705930353725233,0.9998304714110198,1
3014,same_limits_diff_geometry,normalized_copy,0.4344978835473664,0.020450976656647316,0.9061875038341117,0
3014,same_limits_diff_geometry,ejar_absolute,0.5928651131234232,0.027905016452642713,0.926218205719468,1
3015,matched_morphology,normalized_copy,0.0,0.0,0.9999999418033434,0
3015,matched_morphology,ejar_absolute,0.0024030388246307644,0.00031500087582905984,0.9999971722072474,0
3016,random_map,normalized_copy,0.6859213777995902,0.04566702943367293,0.731840844623097,0
3016,random_map,ejar_absolute,0.813748962654909,0.05417748889587787,0.7156643130295165,0
3017,zero_effect,normalized_copy,0.0,0.0,0.0,0
3017,zero_effect,ejar_absolute,0.0,0.0,0.0,0
3018,same_geometry_diff_limits,normalized_copy,0.4944802067657236,0.01926396593175754,0.87777712734753,0
3018,same_geometry_diff_limits,ejar_absolute,0.5742713929112788,0.02237247193570109,0.9075228656358246,1
3019,same_limits_diff_geometry,normalized_copy,1.2088334533522047,0.057454095655881894,0.14586365480863894,0
3019,same_limits_diff_geometry,ejar_absolute,0.7847882958541246,0.037299846140576846,0.9997490150020588,1
3020,matched_morphology,normalized_copy,0.0,0.0,0.9999999306562581,0
3020,matched_morphology,ejar_absolute,0.0009321932411186801,0.00011194438165574489,0.9999995959916881,0
3021,random_map,normalized_copy,0.5436205867560052,0.0028950591793321474,0.8699531333009771,0
3021,random_map,ejar_absolute,0.661984228485498,0.00352540643960239,0.7535714374636149,0
3022,zero_effect,normalized_copy,0.0,0.0,0.0,0
3022,zero_effect,ejar_absolute,0.0,0.0,0.0,0
3023,same_geometry_diff_limits,normalized_copy,1.5519419992844743,0.02372889055564662,-0.8565713212539743,0
3023,same_geometry_diff_limits,ejar_absolute,0.05069853641292088,0.0007751707360380216,0.9995088668722006,0
3024,same_limits_diff_geometry,normalized_copy,0.740266544764447,0.03892256609880627,0.6751800705576088,0
3024,same_limits_diff_geometry,ejar_absolute,0.5154579300409566,0.02710232617571151,0.9998098152343505,1
3025,matched_morphology,normalized_copy,0.0,0.0,0.9999998887777022,0
3025,matched_morphology,ejar_absolute,0.00476082013604153,0.00045142522456571843,0.9999886460899372,0
3026,random_map,normalized_copy,1.9853283905932908,0.03221539017654616,0.21222596689496961,0
3026,random_map,ejar_absolute,1.2306978535721964,0.019970203282298322,-0.22099991314173226,0
3027,zero_effect,normalized_copy,0.0,0.0,0.0,0
3027,zero_effect,ejar_absolute,0.0,0.0,0.0,0
3028,same_geometry_diff_limits,normalized_copy,0.5076859106849625,0.022419063211168235,0.9149799156353217,0
3028,same_geometry_diff_limits,ejar_absolute,0.001801885988566063,7.957005508086372e-05,0.9999992000058128,0
3029,same_limits_diff_geometry,normalized_copy,1.6575377003645364,0.06428225901980793,-0.844457120298178,0
3029,same_limits_diff_geometry,ejar_absolute,0.391480887444336,0.015182324843933608,0.9997677170975333,1
3030,matched_morphology,normalized_copy,0.0,0.0,0.9999996925065741,0
3030,matched_morphology,ejar_absolute,0.0014990370842270172,8.548588263590631e-05,0.9999987189519152,0
3031,random_map,normalized_copy,1.9631916953764055,0.12028490925666344,-0.8166590783229015,0
3031,random_map,ejar_absolute,0.9110656159414222,0.05582106179364659,0.5798806289807246,1
3032,zero_effect,normalized_copy,0.0,0.0,0.0,0
3032,zero_effect,ejar_absolute,0.0,0.0,0.0,0
3033,same_geometry_diff_limits,normalized_copy,0.8755421700215713,0.0943158717712473,0.4945892418573412,0
3033,same_geometry_diff_limits,ejar_absolute,0.8797814446897684,0.09477253839416841,0.9993658490523999,1
3034,same_limits_diff_geometry,normalized_copy,1.2909419811943226,0.013051821173218275,0.13896954604446765,0
3034,same_limits_diff_geometry,ejar_absolute,0.02823261844021235,0.00028544047099037575,0.9996641975359917,0
3035,matched_morphology,normalized_copy,0.0,0.0,0.9999920390354768,0
3035,matched_morphology,ejar_absolute,0.00857527839220268,9.610891930527612e-05,0.9999861286255799,0
3036,random_map,normalized_copy,1.4889450798000605,0.09928478370943626,-0.24815802764449876,0
3036,random_map,ejar_absolute,1.9329024201211285,0.1288884333725338,-0.12310605711913761,1
3037,zero_effect,normalized_copy,0.0,0.0,0.0,0
3037,zero_effect,ejar_absolute,0.0,0.0,0.0,0
3038,same_geometry_diff_limits,normalized_copy,1.0378323283955204,0.02596226547235961,-0.9891399813310158,0
3038,same_geometry_diff_limits,ejar_absolute,0.38824246549393837,0.009712218131015537,0.9216032896081238,0
3039,same_limits_diff_geometry,normalized_copy,1.5292632309456273,0.09453166185681969,-0.4904825684173,0
3039,same_limits_diff_geometry,ejar_absolute,0.732545641849245,0.04528243111368045,0.9998598478306407,1
3040,matched_morphology,normalized_copy,0.0,0.0,0.9999998401842211,0
3040,matched_morphology,ejar_absolute,0.0005706367168290957,4.513878399620373e-05,0.9999998377359312,0
3041,random_map,normalized_copy,3.752352732509027,0.04549588515612126,-0.9407267658708166,0
3041,random_map,ejar_absolute,1.3749461241440324,0.01667071179581875,-0.7331174255977887,0
3042,zero_effect,normalized_copy,0.0,0.0,0.0,0
3042,zero_effect,ejar_absolute,0.0,0.0,0.0,0
3043,same_geometry_diff_limits,normalized_copy,1.0892008618820455,0.009459206483924395,0.1907185178809495,0
3043,same_geometry_diff_limits,ejar_absolute,0.9813429389206191,0.008522510232641195,0.19226031538072913,0
3044,same_limits_diff_geometry,normalized_copy,1.76524876522768,0.06987030291338439,-0.8287029549497924,0
3044,same_limits_diff_geometry,ejar_absolute,0.5618284493487435,0.022237729160111134,0.9995936833516726,1
3045,matched_morphology,normalized_copy,0.0,0.0,0.9999965054014411,0
3045,matched_morphology,ejar_absolute,0.01170391458408139,0.00019798476102878085,0.9999379057594397,0
3046,random_map,normalized_copy,2.3999042322264756,0.07379977305671892,-0.7552102119425402,0
3046,random_map,ejar_absolute,1.3535019646904292,0.04162171826886072,-0.5650187220217773,0
3047,zero_effect,normalized_copy,0.0,0.0,0.0,0
3047,zero_effect,ejar_absolute,0.0,0.0,0.0,0
3048,same_geometry_diff_limits,normalized_copy,0.15065554091487676,0.0133120590862791,0.999997680179773,0
3048,same_geometry_diff_limits,ejar_absolute,0.0018614324302187585,0.0001644778436007813,0.9999989510355513,0
3049,same_limits_diff_geometry,normalized_copy,0.16717192824393648,0.00806861002120886,0.9956383825025312,0
3049,same_limits_diff_geometry,ejar_absolute,0.003878904169201071,0.00018721663008669506,0.9999939772547815,0
3050,matched_morphology,normalized_copy,0.0,0.0,0.9999995535535936,0
3050,matched_morphology,ejar_absolute,0.004284873866712213,0.00020279315347587878,0.9999909246029723,0
3051,random_map,normalized_copy,1.525447906693437,0.05332978291939434,-0.7582130651213663,0
3051,random_map,ejar_absolute,1.2344365878416361,0.04315600353738094,-0.8964215047380997,0
3052,zero_effect,normalized_copy,0.0,0.0,0.0,0
3052,zero_effect,ejar_absolute,0.0,0.0,0.0,0
3053,same_geometry_diff_limits,normalized_copy,0.5507825909651581,0.0199215131514644,0.9124565883608228,0
3053,same_geometry_diff_limits,ejar_absolute,0.07200283163890539,0.002604304095602523,0.9999455077280428,1
3054,same_limits_diff_geometry,normalized_copy,1.7940132319648787,0.1327141454841041,-0.7129650953448401,0
3054,same_limits_diff_geometry,ejar_absolute,0.8420652729951125,0.062292725135024526,0.9949875004673219,1
3055,matched_morphology,normalized_copy,0.0,0.0,0.9999998270644481,0
3055,matched_morphology,ejar_absolute,0.0011629656272843982,8.843510682844192e-05,0.9999992563124122,0
3056,random_map,normalized_copy,1.0400262812328152,0.016971653283986667,0.6494430259190435,0
3056,random_map,ejar_absolute,0.9900839826930063,0.016156670633723,0.2621486350840537,0
3057,zero_effect,normalized_copy,0.0,0.0,0.0,0
3057,zero_effect,ejar_absolute,0.0,0.0,0.0,0
3058,same_geometry_diff_limits,normalized_copy,0.6167236288990177,0.008973466817487587,0.8140457347789979,0
3058,same_geometry_diff_limits,ejar_absolute,0.04911670578112538,0.0007146590609768858,0.9990410713464036,0
3059,same_limits_diff_geometry,normalized_copy,0.44621582844866137,0.008600338988714866,0.9512120011843744,0
3059,same_limits_diff_geometry,ejar_absolute,0.025838224091090815,0.0004980044899400671,0.999788131784084,0
3060,matched_morphology,normalized_copy,0.0,0.0,0.9999996066480328,0
3060,matched_morphology,ejar_absolute,0.005344043284268109,0.0002694506447212531,0.9999858039931576,0
3061,random_map,normalized_copy,2.052048806239356,0.1297922577351933,-0.3523360590410827,0
3061,random_map,ejar_absolute,0.6988058605081974,0.04419952882122828,0.8274466690366579,1
3062,zero_effect,normalized_copy,0.0,0.0,0.0,0
3062,zero_effect,ejar_absolute,0.0,0.0,0.0,0
3063,same_geometry_diff_limits,normalized_copy,1.5359796710513807,0.10374166864801539,-0.8258955221858529,0
3063,same_geometry_diff_limits,ejar_absolute,0.8459669440871935,0.05713748954801891,0.9896048019801807,1
3064,same_limits_diff_geometry,normalized_copy,0.5871894701074247,0.015754121768149998,0.8146985804742755,0
3064,same_limits_diff_geometry,ejar_absolute,0.015235224227462327,0.0004087566107079541,0.9998929141878456,0
3065,matched_morphology,normalized_copy,0.0,0.0,0.9999938072642812,0
3065,matched_morphology,ejar_absolute,0.048958220053073556,0.0006221327104252581,0.9994062796156981,0
3066,random_map,normalized_copy,1.5003188016928577,0.014417544199005025,0.7344029517376793,0
3066,random_map,ejar_absolute,1.3842422802088736,0.013302089019030084,-0.7620912469614349,0
3067,zero_effect,normalized_copy,0.0,0.0,0.0,0
3067,zero_effect,ejar_absolute,0.0,0.0,0.0,0
3068,same_geometry_diff_limits,normalized_copy,0.4379829586886707,0.014260922630643089,0.9731989518409188,0
3068,same_geometry_diff_limits,ejar_absolute,0.27623470510017506,0.008994326558107718,0.998746096273366,1
3069,same_limits_diff_geometry,normalized_copy,0.9015835262662446,0.012452393548910045,0.4376544305445134,0
3069,same_limits_diff_geometry,ejar_absolute,0.2319610734791855,0.003203774792727824,0.9975746008238896,1
3070,matched_morphology,normalized_copy,0.0,0.0,0.999999824756827,0
3070,matched_morphology,ejar_absolute,0.004670244403666843,0.0003527922388527692,0.999989058085023,0
3071,random_map,normalized_copy,2.3509012452309332,0.056557897783188336,-0.07444102195262028,0
3071,random_map,ejar_absolute,1.610805187981063,0.03875269340014882,0.012250560782866524,0
3072,zero_effect,normalized_copy,0.0,0.0,0.0,0
3072,zero_effect,ejar_absolute,0.0,0.0,0.0,0
3073,same_geometry_diff_limits,normalized_copy,2.2047233127162067,0.014519998374005519,-0.9987684438926695,0
3073,same_geometry_diff_limits,ejar_absolute,0.03997420241128211,0.00026326448795921837,0.9999015299256199,0
3074,same_limits_diff_geometry,normalized_copy,2.8669177638454637,0.0029488503768278326,-0.2668472562628292,0
3074,same_limits_diff_geometry,ejar_absolute,0.910651446346535,0.0009366766269276712,0.5234093661356252,0
3075,matched_morphology,normalized_copy,0.0,0.0,0.9999999302123732,0
3075,matched_morphology,ejar_absolute,0.001761981365067371,0.0002109172425434229,0.9999985172890973,0
3076,random_map,normalized_copy,1.1072008166460257,0.033813682950729416,0.5440620213634094,0
3076,random_map,ejar_absolute,0.7851037976600881,0.023976906897440493,0.6193653008824259,0
3077,zero_effect,normalized_copy,0.0,0.0,0.0,0
3077,zero_effect,ejar_absolute,0.0,0.0,0.0,0
3078,same_geometry_diff_limits,normalized_copy,0.5591958147685179,0.011382491801932775,0.8529185901952611,0
3078,same_geometry_diff_limits,ejar_absolute,0.015269433537187172,0.00031081098510928154,0.9999831446405786,0
3079,same_limits_diff_geometry,normalized_copy,1.4915571609658664,0.04458199971184156,0.10153943930121967,0
3079,same_limits_diff_geometry,ejar_absolute,0.8535952804041386,0.0255135944775753,0.9999299802676558,1
3080,matched_morphology,normalized_copy,0.0,0.0,0.9999998181364942,0
3080,matched_morphology,ejar_absolute,0.009308993460843483,0.0006902873461389972,0.9999568236166927,0
3081,random_map,normalized_copy,1.0159514464997086,0.057170795250204146,0.7580137131581088,0
3081,random_map,ejar_absolute,1.0100218764989313,0.05683711962662572,0.0037391559142398527,0
3082,zero_effect,normalized_copy,0.0,0.0,0.0,0
3082,zero_effect,ejar_absolute,0.0,0.0,0.0,0
3083,same_geometry_diff_limits,normalized_copy,0.8512025013480596,0.052027742285718555,0.532649188990526,0
3083,same_geometry_diff_limits,ejar_absolute,0.7886335248871917,0.048203361392533055,0.9991226641552525,1
3084,same_limits_diff_geometry,normalized_copy,1.4797953451621249,0.033799031932610996,-0.7441615123388989,0
3084,same_limits_diff_geometry,ejar_absolute,0.27270674443362825,0.006228715337890698,0.9998980473782588,1
3085,matched_morphology,normalized_copy,0.0,0.0,0.9999987897708041,0
3085,matched_morphology,ejar_absolute,0.040767766708526894,0.0011718792394937079,0.9991712911422725,0
3086,random_map,normalized_copy,0.24491713656120284,0.01098628288750322,0.9852792433259204,0
3086,random_map,ejar_absolute,0.5729444150316014,0.025700649251136715,0.9744086640789477,0
3087,zero_effect,normalized_copy,0.0,0.0,0.0,0
3087,zero_effect,ejar_absolute,0.0,0.0,0.0,0
3088,same_geometry_diff_limits,normalized_copy,0.46022620352984883,0.008878550565526255,0.948067616332947,0
3088,same_geometry_diff_limits,ejar_absolute,0.002835160765929345,5.469509999351276e-05,0.9999946826561358,0
3089,same_limits_diff_geometry,normalized_copy,0.8839066199150756,0.009086590724490463,0.5395139948762679,0
3089,same_limits_diff_geometry,ejar_absolute,0.6514759237955521,0.006697195102983022,0.9451313237946816,1
3090,matched_morphology,normalized_copy,0.0,0.0,0.9999987317413368,0
3090,matched_morphology,ejar_absolute,0.0009229876424987041,2.5917416483708584e-05,0.9999984100280248,0
3091,random_map,normalized_copy,0.35399153204040357,0.02095701430016111,0.9572837042782897,0
3091,random_map,ejar_absolute,0.41274938814617057,0.024435598162203385,0.9944472294956409,1
3092,zero_effect,normalized_copy,0.0,0.0,0.0,0
3092,zero_effect,ejar_absolute,0.0,0.0,0.0,0
3093,same_geometry_diff_limits,normalized_copy,1.6567843343443536,0.05197858096225735,-0.8066999921303956,0
3093,same_geometry_diff_limits,ejar_absolute,0.7075247821408155,0.02219729714300048,0.9338914937322889,1
3094,same_limits_diff_geometry,normalized_copy,0.3671489364561378,0.004074611851080973,0.9900652282730512,0
3094,same_limits_diff_geometry,ejar_absolute,0.15327123004300117,0.0017010011696917452,0.9881785129519418,0
3095,matched_morphology,normalized_copy,0.0,0.0,0.9999998876140803,0
3095,matched_morphology,ejar_absolute,0.00177331821540351,0.00016727487086208356,0.9999988259781443,0
3096,random_map,normalized_copy,2.0740285057213415,0.21111704324280475,-0.9661462342768238,0
3096,random_map,ejar_absolute,2.1426035699665005,0.2180973546337459,-0.9830576362570701,1
3097,zero_effect,normalized_copy,0.0,0.0,0.0,0
3097,zero_effect,ejar_absolute,0.0,0.0,0.0,0
3098,same_geometry_diff_limits,normalized_copy,0.41572956127091737,0.011561970215390913,0.9892217900259478,0
3098,same_geometry_diff_limits,ejar_absolute,0.03156741722374368,0.0008779302020331818,0.9995649117356886,0
3099,same_limits_diff_geometry,normalized_copy,0.22305586736204883,0.01516281171691698,0.9880398357473911,0
3099,same_limits_diff_geometry,ejar_absolute,0.004663369036200951,0.0003170048270805824,0.9999904081089811,0
3100,matched_morphology,normalized_copy,0.0,0.0,0.9999995399680967,0
3100,matched_morphology,ejar_absolute,0.0027971221642153882,0.0001304119438514203,0.9999975293613829,0
3101,random_map,normalized_copy,1.7789526537756302,0.04279233005370955,-0.5579145541059045,0
3101,random_map,ejar_absolute,1.0931368772313197,0.026295176515846636,-0.31505389519344773,0
3102,zero_effect,normalized_copy,0.0,0.0,0.0,0
3102,zero_effect,ejar_absolute,0.0,0.0,0.0,0
3103,same_geometry_diff_limits,normalized_copy,0.413918431669247,0.01727545857193713,0.9907296007412568,0
3103,same_geometry_diff_limits,ejar_absolute,0.011803924668426707,0.0004926531316165664,0.9999316875522571,0
3104,same_limits_diff_geometry,normalized_copy,0.29978134380786814,0.012604123059612157,0.972592759849902,0
3104,same_limits_diff_geometry,ejar_absolute,0.4677125042467657,0.019664685884602014,0.9967895055876879,1
3105,matched_morphology,normalized_copy,0.0,0.0,0.999997258847703,0
3105,matched_morphology,ejar_absolute,0.004779430072659244,9.128700457061062e-05,0.999988440276003,0
3106,random_map,normalized_copy,0.2809463258595328,0.005957705373706131,0.9666607616055746,0
3106,random_map,ejar_absolute,1.1136430406044082,0.02361574620027797,-0.9386631815784044,0
3107,zero_effect,normalized_copy,0.0,0.0,0.0,0
3107,zero_effect,ejar_absolute,0.0,0.0,0.0,0
3108,same_geometry_diff_limits,normalized_copy,0.5497504239173954,0.03236450323809857,0.8841869386105283,0
3108,same_geometry_diff_limits,ejar_absolute,0.5140706619202774,0.030263990491856792,0.9992215104410838,1
3109,same_limits_diff_geometry,normalized_copy,1.1396820139262949,0.0665446651826049,0.33102754044546984,0
3109,same_limits_diff_geometry,ejar_absolute,0.9607252630427929,0.05609559524538326,0.42797716849877987,1
3110,matched_morphology,normalized_copy,0.0,0.0,0.9999992321324946,0
3110,matched_morphology,ejar_absolute,0.005993528950877213,0.00021629142805001584,0.9999940020173959,0
3111,random_map,normalized_copy,0.7475040089116186,0.0439046665148683,0.7298587761106653,0
3111,random_map,ejar_absolute,0.7221923327604163,0.04241798458794598,0.747017066285186,0
3112,zero_effect,normalized_copy,0.0,0.0,0.0,0
3112,zero_effect,ejar_absolute,0.0,0.0,0.0,0
3113,same_geometry_diff_limits,normalized_copy,1.2063915289780869,0.11881766771375228,-0.05269693757299605,0
3113,same_geometry_diff_limits,ejar_absolute,0.8699972775265468,0.08568615159340696,0.9999937869019491,1
3114,same_limits_diff_geometry,normalized_copy,0.8656811011472456,0.06798067075910193,0.5896807000985828,0
3114,same_limits_diff_geometry,ejar_absolute,0.8166193036452779,0.06412791955728991,0.9993017222818493,1
3115,matched_morphology,normalized_copy,0.0,0.0,0.999999881471164,0
3115,matched_morphology,ejar_absolute,0.0036811661276994418,0.00033812196665089066,0.9999932009649711,0
3116,random_map,normalized_copy,1.2515895865127453,0.007213594821715705,-0.6014939529172897,0
3116,random_map,ejar_absolute,11.585015069052393,0.0667707734325766,0.5193732130858026,0
3117,zero_effect,normalized_copy,0.0,0.0,0.0,0
3117,zero_effect,ejar_absolute,0.0,0.0,0.0,0
3118,same_geometry_diff_limits,normalized_copy,0.9690453858002813,0.037822170519424755,0.35099758770133416,0
3118,same_geometry_diff_limits,ejar_absolute,0.12731716001096832,0.00496923199526609,0.9999491682060697,1
3119,same_limits_diff_geometry,normalized_copy,1.6323988466430948,0.05568221290757802,-0.7599789464187777,0
3119,same_limits_diff_geometry,ejar_absolute,0.4244798354078156,0.014479290167814851,0.9998192980482854,1
3120,matched_morphology,normalized_copy,0.0,0.0,0.9999963457831029,0
3120,matched_morphology,ejar_absolute,0.012077602745890962,0.00019979417066482615,0.9999349216906402,0
3121,random_map,normalized_copy,1.3213342989288406,0.07587561398143673,0.0011654909904478792,0
3121,random_map,ejar_absolute,1.0475563290454648,0.06015433014256837,-0.3102956500976238,0
3122,zero_effect,normalized_copy,0.0,0.0,0.0,0
3122,zero_effect,ejar_absolute,0.0,0.0,0.0,0
3123,same_geometry_diff_limits,normalized_copy,0.7235643893480378,0.047432962956852044,0.6983382948203584,0
3123,same_geometry_diff_limits,ejar_absolute,0.7414922063320609,0.048608213551573284,0.999852269010683,1
3124,same_limits_diff_geometry,normalized_copy,1.7355416897630243,0.08548292900183248,-0.7471329657921181,0
3124,same_limits_diff_geometry,ejar_absolute,0.7448303617450073,0.036686114373980484,0.9984026188745772,1
3125,matched_morphology,normalized_copy,0.0,0.0,0.9999926315843518,0
3125,matched_morphology,ejar_absolute,0.00085775341133784,9.992492548794633e-06,0.999992392283995,0
3126,random_map,normalized_copy,0.4345867322514488,0.026710398693774177,0.9123613960404329,0
3126,random_map,ejar_absolute,1.3521033475428679,0.0831024437882763,-0.8612782697600284,0
3127,zero_effect,normalized_copy,0.0,0.0,0.0,0
3127,zero_effect,ejar_absolute,0.0,0.0,0.0,0
3128,same_geometry_diff_limits,normalized_copy,0.4410488207539102,0.04700106432172474,0.909698832224098,0
3128,same_geometry_diff_limits,ejar_absolute,0.5408481462008123,0.0576363370939692,0.9130413612099197,1
3129,same_limits_diff_geometry,normalized_copy,0.6012706736478141,0.01935772295361077,0.8827498065596532,0
3129,same_limits_diff_geometry,ejar_absolute,0.01549461145112743,0.0004988442125824611,0.9998903245709305,0
3130,matched_morphology,normalized_copy,0.0,0.0,0.9963178645741729,0
3130,matched_morphology,ejar_absolute,0.12748099121796155,6.631249165425657e-05,0.9953107515581121,0
3131,random_map,normalized_copy,0.7444275275386364,0.011061043559350192,0.7518235706735341,0
3131,random_map,ejar_absolute,1.093666954110874,0.01625020216385587,-0.47907606822168,0
3132,zero_effect,normalized_copy,0.0,0.0,0.0,0
3132,zero_effect,ejar_absolute,0.0,0.0,0.0,0
3133,same_geometry_diff_limits,normalized_copy,0.7592703161982612,0.02708286286620304,0.6666053472776865,0
3133,same_geometry_diff_limits,ejar_absolute,0.839825208318029,0.029956223051552065,0.9180305496680795,1
3134,same_limits_diff_geometry,normalized_copy,1.5375003065855541,0.06491445023484335,-0.5288713774871395,0
3134,same_limits_diff_geometry,ejar_absolute,0.6099294850011968,0.025751693857415603,0.9992515316347697,1
3135,matched_morphology,normalized_copy,0.0,0.0,0.9999998926094137,0
3135,matched_morphology,ejar_absolute,0.0025838148716352083,0.00024933214219057177,0.9999966442241394,0
3136,random_map,normalized_copy,1.1539317536516998,0.04132772289006057,-0.20705103363423216,0
3136,random_map,ejar_absolute,1.0087231488749135,0.036127119855716205,0.07524799898359258,0
3137,zero_effect,normalized_copy,0.0,0.0,0.0,0
3137,zero_effect,ejar_absolute,0.0,0.0,0.0,0
3138,same_geometry_diff_limits,normalized_copy,0.5543883050396358,0.03259815996178622,0.8391910197472102,0
3138,same_geometry_diff_limits,ejar_absolute,0.7760445068225705,0.04563159565398662,0.9934074612164064,1
3139,same_limits_diff_geometry,normalized_copy,1.7685789036490362,0.1270263993787261,-0.638308160879909,0
3139,same_limits_diff_geometry,ejar_absolute,0.9085568680027248,0.06525618242707548,0.7224049540870502,1
3140,matched_morphology,normalized_copy,0.0,0.0,0.9999999061276766,0
3140,matched_morphology,ejar_absolute,0.0015692668286282506,0.0001619675431943066,0.9999988328224539,0
3141,random_map,normalized_copy,1.8798195614561044,0.021613385539221312,-0.8849211241565221,0
3141,random_map,ejar_absolute,1.489972163530024,0.01713108187263328,-0.905881531923412,0
3142,zero_effect,normalized_copy,0.0,0.0,0.0,0
3142,zero_effect,ejar_absolute,0.0,0.0,0.0,0
3143,same_geometry_diff_limits,normalized_copy,0.7908490366923598,0.012579918961019466,0.6163698713841672,0
3143,same_geometry_diff_limits,ejar_absolute,0.4791247170692863,0.007621366194187627,0.9814174384293992,1
3144,same_limits_diff_geometry,normalized_copy,1.3011530354929342,0.12959905512128905,-0.20558837688296766,0
3144,same_limits_diff_geometry,ejar_absolute,0.8303780960884131,0.08270834691301591,0.9999964218644604,1
3145,matched_morphology,normalized_copy,0.0,0.0,0.9999994378659509,0
3145,matched_morphology,ejar_absolute,0.00531647785611713,0.00022423528435918757,0.9999968329093871,0
3146,random_map,normalized_copy,0.9375345863647664,0.02925926738527745,0.5244509934992259,0
3146,random_map,ejar_absolute,0.6226773646750657,0.019432972151385966,0.8470036414311461,0
3147,zero_effect,normalized_copy,0.0,0.0,0.0,0
3147,zero_effect,ejar_absolute,0.0,0.0,0.0,0
3148,same_geometry_diff_limits,normalized_copy,1.6048806921876442,0.007547770146850965,-0.24914334368741373,0
3148,same_geometry_diff_limits,ejar_absolute,0.15905891431699204,0.0007480556847100194,0.99253910938443,0
3149,same_limits_diff_geometry,normalized_copy,0.8019845130026311,0.04559644025350055,0.6959560459913053,0
3149,same_limits_diff_geometry,ejar_absolute,0.6531699622200017,0.037135661194055765,0.9998261104199324,1
3150,matched_morphology,normalized_copy,0.0,0.0,0.999999686978246,0
3150,matched_morphology,ejar_absolute,0.00535334402717049,0.0003025783380622063,0.9999854487002394,0
3151,random_map,normalized_copy,0.6503376864860292,0.05071302517470189,0.845393831184009,0
3151,random_map,ejar_absolute,0.5767798921238767,0.04497702316405488,0.8630255829067618,1
3152,zero_effect,normalized_copy,0.0,0.0,0.0,0
3152,zero_effect,ejar_absolute,0.0,0.0,0.0,0
3153,same_geometry_diff_limits,normalized_copy,0.9708295522990196,0.03023665797605409,0.2667880298389578,0
3153,same_geometry_diff_limits,ejar_absolute,0.9188422732395156,0.02861750498230206,0.7068063799214941,1
3154,same_limits_diff_geometry,normalized_copy,0.3381018930277208,0.025538620963560698,0.9411734073076697,0
3154,same_limits_diff_geometry,ejar_absolute,0.7566924310968155,0.05715697422076369,0.9671228344138145,1
3155,matched_morphology,normalized_copy,0.0,0.0,0.9998930682812572,0
3155,matched_morphology,ejar_absolute,0.046311049492627744,0.0001416146783112872,0.9988205588607427,0
3156,random_map,normalized_copy,0.6264768131478454,0.0388275953993941,0.8646867622844592,0
3156,random_map,ejar_absolute,1.4849969165433436,0.09203670149446624,-0.5714246923108589,1
3157,zero_effect,normalized_copy,0.0,0.0,0.0,0
3157,zero_effect,ejar_absolute,0.0,0.0,0.0,0
3158,same_geometry_diff_limits,normalized_copy,1.1763100526809946,0.048184688787793355,-0.012209302580065785,0
3158,same_geometry_diff_limits,ejar_absolute,0.6326291573472683,0.02591411932201588,0.999758455313282,1
3159,same_limits_diff_geometry,normalized_copy,2.0208866865642463,0.09341643905877688,-0.6537093401366906,0
3159,same_limits_diff_geometry,ejar_absolute,0.8789358566826205,0.04062922401253376,0.8996112026650716,1
3160,matched_morphology,normalized_copy,0.0,0.0,0.9999994266896999,0
3160,matched_morphology,ejar_absolute,0.0034740777290928745,0.00014509236001736486,0.999993996159446,0
3161,random_map,normalized_copy,0.23651311568879563,0.003964259784741904,0.9986141820393355,0
3161,random_map,ejar_absolute,0.4746504014928969,0.007955742720525282,0.9217767069983427,0
3162,zero_effect,normalized_copy,0.0,0.0,0.0,0
3162,zero_effect,ejar_absolute,0.0,0.0,0.0,0
3163,same_geometry_diff_limits,normalized_copy,1.415423868189278,0.01453091730572597,-0.987456025549968,0
3163,same_geometry_diff_limits,ejar_absolute,0.11801078572715483,0.001211513389822052,0.9952230391744846,0
3164,same_limits_diff_geometry,normalized_copy,1.339813094781235,0.04028449135664415,0.16445882492138097,0
3164,same_limits_diff_geometry,ejar_absolute,0.43277154059226697,0.013012248838512342,0.9999421112625688,1
3165,matched_morphology,normalized_copy,0.0,0.0,0.9999989855172853,0
3165,matched_morphology,ejar_absolute,0.0012525215683110479,3.9324452135159375e-05,0.999998439154893,0
3166,random_map,normalized_copy,1.4727522412316407,0.016450730988115555,-0.8727090405816097,0
3166,random_map,ejar_absolute,0.9515056620307997,0.010628375392351902,0.9695465557510845,0
3167,zero_effect,normalized_copy,0.0,0.0,0.0,0
3167,zero_effect,ejar_absolute,0.0,0.0,0.0,0
3168,same_geometry_diff_limits,normalized_copy,1.1235176842833139,0.023476587920205634,0.002888787266383503,0
3168,same_geometry_diff_limits,ejar_absolute,0.8398294095722102,0.017548748228536627,0.9881395849949595,1
3169,same_limits_diff_geometry,normalized_copy,0.7846846564520005,0.02396598879493062,0.7603714893528178,0
3169,same_limits_diff_geometry,ejar_absolute,0.6727986088464825,0.020548743738365727,0.99380923556278,1
3170,matched_morphology,normalized_copy,0.0,0.0,0.9999964543186399,0
3170,matched_morphology,ejar_absolute,0.0013017454098379685,2.1861273558330352e-05,0.9999957527339561,0
3171,random_map,normalized_copy,1.9723544565300244,0.020122703426925004,-0.9182010597865385,0
3171,random_map,ejar_absolute,6.580056438143893,0.06713221540825132,0.8847614867515482,0
3172,zero_effect,normalized_copy,0.0,0.0,0.0,0
3172,zero_effect,ejar_absolute,0.0,0.0,0.0,0
3173,same_geometry_diff_limits,normalized_copy,1.366373686500092,0.10224966075332322,-0.5824617877434906,0
3173,same_geometry_diff_limits,ejar_absolute,0.6487629136227493,0.0485487890191884,0.9999960974836332,1
3174,same_limits_diff_geometry,normalized_copy,0.2449146741658035,0.010460358215944803,0.999505680229041,0
3174,same_limits_diff_geometry,ejar_absolute,0.009416532733580642,0.0004021821309030272,0.9999592085688962,0
3175,matched_morphology,normalized_copy,0.0,0.0,0.9999992147730609,0
3175,matched_morphology,ejar_absolute,0.030830014882391465,0.0011002109948313465,0.999527480842145,0
3176,random_map,normalized_copy,1.6369884261324117,0.10882901112316368,-0.08830178044341686,0
3176,random_map,ejar_absolute,1.072490623224327,0.07130050041962117,0.15390483479497516,0
3177,zero_effect,normalized_copy,0.0,0.0,0.0,0
3177,zero_effect,ejar_absolute,0.0,0.0,0.0,0
3178,same_geometry_diff_limits,normalized_copy,0.828206416173881,0.08697851778040568,0.5642178455203746,0
3178,same_geometry_diff_limits,ejar_absolute,0.7054301956631244,0.07408451760103031,0.9999282585703274,1
3179,same_limits_diff_geometry,normalized_copy,1.7460827364213898,0.014781260211821622,-0.9126688846028267,0
3179,same_limits_diff_geometry,ejar_absolute,0.33451893478695544,0.002831831114143764,0.9423906380099681,0
3180,matched_morphology,normalized_copy,0.0,0.0,0.9999981014701917,0
3180,matched_morphology,ejar_absolute,0.01241335635170066,0.00028489191169105827,0.9999465667309846,0
3181,random_map,normalized_copy,1.265860377170547,0.023761660690237146,-0.12362846980972428,0
3181,random_map,ejar_absolute,0.9593360906026295,0.018007845955136565,0.44596555636181234,0
3182,zero_effect,normalized_copy,0.0,0.0,0.0,0
3182,zero_effect,ejar_absolute,0.0,0.0,0.0,0
3183,same_geometry_diff_limits,normalized_copy,0.4561958390167699,0.04085997907725898,0.9328611070888796,0
3183,same_geometry_diff_limits,ejar_absolute,0.8062068380350077,0.07220932704044807,0.9850368851727006,1
3184,same_limits_diff_geometry,normalized_copy,0.49816210428233615,0.03706911364669523,0.8849893756873873,0
3184,same_limits_diff_geometry,ejar_absolute,0.3502142972230542,0.02606005850878854,0.9999052854390504,1
3185,matched_morphology,normalized_copy,0.0,0.0,0.9999990781852806,0
3185,matched_morphology,ejar_absolute,0.0010346226498326194,3.407689180953609e-05,0.9999989233126585,0
3186,random_map,normalized_copy,1.8431495692209294,0.0699903982976087,-0.7657911275320018,0
3186,random_map,ejar_absolute,1.1703147281821906,0.04444066576412005,-0.8968625234293759,0
3187,zero_effect,normalized_copy,0.0,0.0,0.0,0
3187,zero_effect,ejar_absolute,0.0,0.0,0.0,0
3188,same_geometry_diff_limits,normalized_copy,0.4202209852484561,0.01465738601502079,0.983137571323064,0
3188,same_geometry_diff_limits,ejar_absolute,0.016214764605344812,0.0005655740010763975,0.9998767181897319,0
3189,same_limits_diff_geometry,normalized_copy,1.7989817884517754,0.09925721088322534,-0.5794279730368148,0
3189,same_limits_diff_geometry,ejar_absolute,0.610873555582624,0.03370440196708838,0.9997938757358485,1
3190,matched_morphology,normalized_copy,0.0,0.0,0.9999970406416662,0
3190,matched_morphology,ejar_absolute,0.011847550656165447,0.00021778560855607523,0.9999969670847374,0
3191,random_map,normalized_copy,0.5722751736295283,0.027966400639964358,0.8466252580887025,0
3191,random_map,ejar_absolute,1.7791687565396976,0.0869458409945062,-0.9586822822062432,0
3192,zero_effect,normalized_copy,0.0,0.0,0.0,0
3192,zero_effect,ejar_absolute,0.0,0.0,0.0,0
3193,same_geometry_diff_limits,normalized_copy,0.890687650114235,0.08474293591388946,0.4877935927476475,0
3193,same_geometry_diff_limits,ejar_absolute,0.8449902014792751,0.0803951312029967,0.9997880421462427,1
3194,same_limits_diff_geometry,normalized_copy,0.5689458535082474,0.01697612256869517,0.8508381336389836,0
3194,same_limits_diff_geometry,ejar_absolute,0.6347528244199129,0.01893966127309456,0.9972348265968554,1
3195,matched_morphology,normalized_copy,0.0,0.0,0.9999995946685275,0
3195,matched_morphology,ejar_absolute,0.0007930899687075443,3.939283293307605e-05,0.9999995094763153,0
3196,random_map,normalized_copy,0.805015051256548,0.04981698180303777,0.6886278596852708,0
3196,random_map,ejar_absolute,1.048371217591872,0.06487666260162737,-0.779087857215892,0
3197,zero_effect,normalized_copy,0.0,0.0,0.0,0
3197,zero_effect,ejar_absolute,0.0,0.0,0.0,0
3198,same_geometry_diff_limits,normalized_copy,1.5168122252563978,0.08270865276473567,-0.6761434499513862,0
3198,same_geometry_diff_limits,ejar_absolute,0.5102876223892205,0.027824935128801683,0.999941882145157,1
3199,same_limits_diff_geometry,normalized_copy,0.4703282319149081,0.018553937740853055,0.8833678445543158,0
3199,same_limits_diff_geometry,ejar_absolute,0.4688507633453602,0.018495653211043205,0.88327791229629,0
3200,matched_morphology,normalized_copy,0.0,0.0,0.999999531920701,0
3200,matched_morphology,ejar_absolute,0.0025430553064244637,0.00011754279021492139,0.9999971936898575,0
3201,random_map,normalized_copy,1.1246264646262725,0.05132997695412117,0.08835189310459307,0
3201,random_map,ejar_absolute,1.6386881194528287,0.07479267654834881,0.4736379478299436,0
3202,zero_effect,normalized_copy,0.0,0.0,0.0,0
3202,zero_effect,ejar_absolute,0.0,0.0,0.0,0
3203,same_geometry_diff_limits,normalized_copy,0.38091864518964313,0.041497646539272945,0.9900662233683423,0
3203,same_geometry_diff_limits,ejar_absolute,0.3103632862147969,0.03381127732326353,0.9910033328986223,1
3204,same_limits_diff_geometry,normalized_copy,1.201422844722829,0.06437153634189167,0.1342351321042205,0
3204,same_limits_diff_geometry,ejar_absolute,0.7609022933498225,0.04076870174738247,0.9999777745902411,1
3205,matched_morphology,normalized_copy,0.0,0.0,0.9999997541197961,0
3205,matched_morphology,ejar_absolute,0.009291011806421032,0.0005925175019244445,0.9999572046319927,0
3206,random_map,normalized_copy,3.3231599050077554,0.013290869884803321,0.8425935093186383,0
3206,random_map,ejar_absolute,0.43341191887081754,0.0017334168637369637,0.9965047772785234,0
3207,zero_effect,normalized_copy,0.0,0.0,0.0,0
3207,zero_effect,ejar_absolute,0.0,0.0,0.0,0
3208,same_geometry_diff_limits,normalized_copy,0.5226393616651854,0.01638341474143952,0.9109805982025054,0
3208,same_geometry_diff_limits,ejar_absolute,0.0017285040776811435,5.4184206671102644e-05,0.9999989493463328,0
3209,same_limits_diff_geometry,normalized_copy,0.43464950640148703,0.018825744279247825,0.9098357732860645,0
3209,same_limits_diff_geometry,ejar_absolute,0.010133320120284362,0.00043889913706244475,0.9999517627843357,0
3210,matched_morphology,normalized_copy,0.0,0.0,0.9999995197342946,0
3210,matched_morphology,ejar_absolute,0.012999039483963654,0.0005931579836485025,0.9999155938986027,0
3211,random_map,normalized_copy,0.6294479947332183,0.035569384938969134,0.7886812992743443,0
3211,random_map,ejar_absolute,0.6986210411191197,0.039478274529353985,0.9588250889909979,0
3212,zero_effect,normalized_copy,0.0,0.0,0.0,0
3212,zero_effect,ejar_absolute,0.0,0.0,0.0,0
3213,same_geometry_diff_limits,normalized_copy,0.7731859333335973,0.044356310902634845,0.6350989074130677,0
3213,same_geometry_diff_limits,ejar_absolute,0.7926323434395034,0.045471917091793934,0.6404894585757491,1
3214,same_limits_diff_geometry,normalized_copy,0.19254509900363206,0.007052126676790853,0.9844295101568866,0
3214,same_limits_diff_geometry,ejar_absolute,0.08693690962754419,0.0031841376527095865,0.9962371116366392,0
3215,matched_morphology,normalized_copy,0.0,0.0,0.9999999058131422,0
3215,matched_morphology,ejar_absolute,0.001366661436583274,0.0001408204636059088,0.9999994751658903,0
3216,random_map,normalized_copy,0.7911945741260217,0.009597061551981735,0.6179480240494738,0
3216,random_map,ejar_absolute,0.9953123959523221,0.012072977545322999,0.09708465274468084,0
3217,zero_effect,normalized_copy,0.0,0.0,0.0,0
3217,zero_effect,ejar_absolute,0.0,0.0,0.0,0
3218,same_geometry_diff_limits,normalized_copy,0.06541457617807632,0.0007595929394105759,0.999451125866005,0
3218,same_geometry_diff_limits,ejar_absolute,0.05451800302007627,0.000633062118327894,0.9996686229726726,0
3219,same_limits_diff_geometry,normalized_copy,0.5474077475362804,0.014269498251791751,0.8713650580959453,0
3219,same_limits_diff_geometry,ejar_absolute,0.18724719527311162,0.004881048062670118,0.9993449524972156,1
3220,matched_morphology,normalized_copy,0.0,0.0,0.9999997925971434,0
3220,matched_morphology,ejar_absolute,0.0006071409337239951,4.2158204765020246e-05,0.9999997776176037,0
3221,random_map,normalized_copy,0.6736981006020261,0.016840329372214666,0.9370002549871294,0
3221,random_map,ejar_absolute,0.9535814892347374,0.023836532042482737,0.8388306741445029,0
3222,zero_effect,normalized_copy,0.0,0.0,0.0,0
3222,zero_effect,ejar_absolute,0.0,0.0,0.0,0
3223,same_geometry_diff_limits,normalized_copy,0.8890119254240911,0.042612188647646515,0.4589331640589854,0
3223,same_geometry_diff_limits,ejar_absolute,0.5150924393585304,0.024689450803994047,0.9999897046906318,1
3224,same_limits_diff_geometry,normalized_copy,1.9392993198711521,0.09571964971334967,-0.6808617946315991,0
3224,same_limits_diff_geometry,ejar_absolute,0.7102098284522627,0.0350544319310881,0.9984614314955389,1
3225,matched_morphology,normalized_copy,0.0,0.0,0.9999997909397425,0
3225,matched_morphology,ejar_absolute,0.0006336435275160057,4.382371829891548e-05,0.9999997242957411,0
3226,random_map,normalized_copy,1.5590476282095842,0.028247724159425825,-0.7280481897873232,0
3226,random_map,ejar_absolute,1.1636937031152592,0.021084473711307065,-0.11150564115314356,0
3227,zero_effect,normalized_copy,0.0,0.0,0.0,0
3227,zero_effect,ejar_absolute,0.0,0.0,0.0,0
3228,same_geometry_diff_limits,normalized_copy,0.8141240353713083,0.05471809449173772,0.5816630122538826,0
3228,same_geometry_diff_limits,ejar_absolute,0.5664927632255798,0.038074547857963055,0.9999181418118176,1
3229,same_limits_diff_geometry,normalized_copy,1.5005684473461496,0.08446968275717283,-0.311440315299351,0
3229,same_limits_diff_geometry,ejar_absolute,0.8151468876335052,0.04588607678688285,0.9998550197390914,1
3230,matched_morphology,normalized_copy,0.0,0.0,0.9999995239464359,0
3230,matched_morphology,ejar_absolute,0.0006394989232158509,2.9309729688530614e-05,0.9999994785620994,0
3231,random_map,normalized_copy,1.0412322868587531,0.05415085571677919,0.22667186587312338,0
3231,random_map,ejar_absolute,1.8139120282013672,0.0943352312080072,-0.9739788145495495,0
3232,zero_effect,normalized_copy,0.0,0.0,0.0,0
3232,zero_effect,ejar_absolute,0.0,0.0,0.0,0
3233,same_geometry_diff_limits,normalized_copy,1.1773495987849376,0.09999098283502872,-0.08577236252648363,0
3233,same_geometry_diff_limits,ejar_absolute,0.6911004450443546,0.05869438678964015,0.9999972414043927,1
3234,same_limits_diff_geometry,normalized_copy,0.862549411216667,0.013317000604023932,0.6575496353923672,0
3234,same_limits_diff_geometry,ejar_absolute,0.7153073325713865,0.011043713039557214,0.7004415862541437,0
3235,matched_morphology,normalized_copy,0.0,0.0,0.9999991233983484,0
3235,matched_morphology,ejar_absolute,0.008136571492913174,0.00027481480459785526,0.9999683019178567,0
3236,random_map,normalized_copy,1.534571735097022,0.036088831744372635,-0.8868190110304358,0
3236,random_map,ejar_absolute,0.5665591148073428,0.013323884507901602,0.9936465146516614,0
3237,zero_effect,normalized_copy,0.0,0.0,0.0,0
3237,zero_effect,ejar_absolute,0.0,0.0,0.0,0
3238,same_geometry_diff_limits,normalized_copy,0.8361486434559269,0.056089676401914666,0.5487248598618166,0
3238,same_geometry_diff_limits,ejar_absolute,0.6777056159969683,0.04546116171392654,0.9999867677792802,1
3239,same_limits_diff_geometry,normalized_copy,0.9941629411921847,0.08122368973569603,0.43827066521128333,0
3239,same_limits_diff_geometry,ejar_absolute,0.8263438987656511,0.0675127764950069,0.9997231159460204,1
3240,matched_morphology,normalized_copy,0.0,0.0,0.9999996992980796,0
3240,matched_morphology,ejar_absolute,0.0028795531263660253,0.00016605690414567671,0.9999972690924418,0
3241,random_map,normalized_copy,2.4375333514171036,0.058783060693205734,-0.12261777122704874,0
3241,random_map,ejar_absolute,1.0675806020191552,0.02574555760925158,0.04599237251517852,0
3242,zero_effect,normalized_copy,0.0,0.0,0.0,0
3242,zero_effect,ejar_absolute,0.0,0.0,0.0,0
3243,same_geometry_diff_limits,normalized_copy,0.9263538086879649,0.054705365331929184,0.4024470610341325,0
3243,same_geometry_diff_limits,ejar_absolute,0.7071737650041096,0.04176179641610002,0.9998883098752184,1
3244,same_limits_diff_geometry,normalized_copy,0.9035011556423431,0.0329694223562421,0.5094324989498024,0
3244,same_limits_diff_geometry,ejar_absolute,0.4597035791909177,0.016774922053360623,0.9995492150031524,1
3245,matched_morphology,normalized_copy,0.0,0.0,0.9999998772947277,0
3245,matched_morphology,ejar_absolute,0.0008197930242083367,7.400696338689068e-05,0.9999997329030551,0
3246,random_map,normalized_copy,2.6022142965826283,0.15139821898054406,-0.9286668048572829,0
3246,random_map,ejar_absolute,1.27687890541973,0.07428949736701106,-0.8197592232426725,0
3247,zero_effect,normalized_copy,0.0,0.0,0.0,0
3247,zero_effect,ejar_absolute,0.0,0.0,0.0,0
3248,same_geometry_diff_limits,normalized_copy,0.7619606558772565,0.04069978904136414,0.6626715336301178,0
3248,same_geometry_diff_limits,ejar_absolute,0.11283388118563191,0.006026971505092169,0.999939886693977,1
3249,same_limits_diff_geometry,normalized_copy,1.6898446417678263,0.08240183579568144,-0.23519353085671965,0
3249,same_limits_diff_geometry,ejar_absolute,0.8159323564569795,0.03978728126558098,0.9998004063915006,1
3250,matched_morphology,normalized_copy,0.0,0.0,0.999995388644739,0
3250,matched_morphology,ejar_absolute,0.00997839552353359,0.00014694183255809784,0.9999691482478525,0
3251,random_map,normalized_copy,0.3006051255263182,0.014612416569444437,0.9621796877036835,0
3251,random_map,ejar_absolute,2.7497302877063383,0.13366440225273377,-0.7323829174273504,1
3252,zero_effect,normalized_copy,0.0,0.0,0.0,0
3252,zero_effect,ejar_absolute,0.0,0.0,0.0,0
3253,same_geometry_diff_limits,normalized_copy,2.0902612886805296,0.02595959683007943,-0.9749028796360717,0
3253,same_geometry_diff_limits,ejar_absolute,0.016630835165246854,0.00020654344898184652,0.9999736362207705,0
3254,same_limits_diff_geometry,normalized_copy,1.2845289056055547,0.01772601541405634,0.3553682476029758,0
3254,same_limits_diff_geometry,ejar_absolute,0.24395768860843742,0.003366524279663527,0.9984652466551885,1
3255,matched_morphology,normalized_copy,0.0,0.0,0.9999996043111875,0
3255,matched_morphology,ejar_absolute,0.00884830859418573,0.0004448189675031413,0.9999606666644248,0
3256,random_map,normalized_copy,1.4698273159397874,0.0969986317147928,-0.2804749359222255,0
3256,random_map,ejar_absolute,1.0743559678420511,0.07090020557188365,-0.99907864259958,0
3257,zero_effect,normalized_copy,0.0,0.0,0.0,0
3257,zero_effect,ejar_absolute,0.0,0.0,0.0,0
3258,same_geometry_diff_limits,normalized_copy,1.2289391982012858,0.011032852620105416,-0.9692660008634512,0
3258,same_geometry_diff_limits,ejar_absolute,0.172674221219788,0.0015501899823829764,0.9953189106707294,0
3259,same_limits_diff_geometry,normalized_copy,0.6825652394091882,0.03395433410014786,0.758823469489684,0
3259,same_limits_diff_geometry,ejar_absolute,0.6708282596890802,0.0333704758727817,0.9987766652018216,1
3260,matched_morphology,normalized_copy,0.0,0.0,0.9999929461697642,0
3260,matched_morphology,ejar_absolute,0.002031321297648482,2.418603210590441e-05,0.9999913617688749,0
3261,random_map,normalized_copy,1.9747104507227888,0.11019339925829692,-0.9771959230002284,0
3261,random_map,ejar_absolute,2.143549460465738,0.11961500555210595,-0.9239068844174048,0
3262,zero_effect,normalized_copy,0.0,0.0,0.0,0
3262,zero_effect,ejar_absolute,0.0,0.0,0.0,0
3263,same_geometry_diff_limits,normalized_copy,0.9152359980788982,0.039697004278882723,0.4443654783108134,0
3263,same_geometry_diff_limits,ejar_absolute,0.4352413247394438,0.01887794707244333,0.9998843719832278,1
3264,same_limits_diff_geometry,normalized_copy,1.170316239141841,0.0644471834367445,0.24775700297528835,0
3264,same_limits_diff_geometry,ejar_absolute,0.9718484228992854,0.053517922326044104,0.3388729844134884,1
3265,matched_morphology,normalized_copy,0.0,0.0,0.9999998790797262,0
3265,matched_morphology,ejar_absolute,0.0010590805591913907,9.631178090727883e-05,0.9999994974215216,0
3266,random_map,normalized_copy,2.1540675223767702,0.13993188429351117,-0.8470809198320561,0
3266,random_map,ejar_absolute,1.267230022939302,0.08232141430160315,-0.8529238801368724,0
3267,zero_effect,normalized_copy,0.0,0.0,0.0,0
3267,zero_effect,ejar_absolute,0.0,0.0,0.0,0
3268,same_geometry_diff_limits,normalized_copy,0.8419724877822775,0.003851086950701693,0.5395542031723729,0
3268,same_geometry_diff_limits,ejar_absolute,0.035606544452278954,0.00016286030801425616,0.9997671839857543,0
3269,same_limits_diff_geometry,normalized_copy,1.1953797025566526,0.031207201229361863,-0.051139958180009146,0
3269,same_limits_diff_geometry,ejar_absolute,0.7659306165158632,0.019995781111405413,0.9980012069090999,1
3270,matched_morphology,normalized_copy,0.0,0.0,0.9999992727274254,0
3270,matched_morphology,ejar_absolute,0.0006614370517639234,2.452673662585304e-05,0.9999991768554229,0
3271,random_map,normalized_copy,0.5770282791849891,0.00973890731932201,0.9162923569615987,0
3271,random_map,ejar_absolute,1.10164554507827,0.018593237540133978,-0.3360185773932737,0
3272,zero_effect,normalized_copy,0.0,0.0,0.0,0
3272,zero_effect,ejar_absolute,0.0,0.0,0.0,0
3273,same_geometry_diff_limits,normalized_copy,0.38055159061176147,0.023683922228915015,0.9925672670046389,0
3273,same_geometry_diff_limits,ejar_absolute,0.015477647425963909,0.0009632633444884792,0.9998814391711143,0
3274,same_limits_diff_geometry,normalized_copy,0.19954433675186237,0.0031576331313607955,0.9827875028774634,0
3274,same_limits_diff_geometry,ejar_absolute,0.17410240867998306,0.002755034509354478,0.9847301393670645,0
3275,matched_morphology,normalized_copy,0.0,0.0,0.9999996444971965,0
3275,matched_morphology,ejar_absolute,0.004400228293474411,0.00023337462077176313,0.9999950624789443,0
3276,random_map,normalized_copy,0.2985754030485214,0.010512464161866174,0.9999987649242824,0
3276,random_map,ejar_absolute,0.8290625901598138,0.02919025036225986,0.8367545329897671,0
3277,zero_effect,normalized_copy,0.0,0.0,0.0,0
3277,zero_effect,ejar_absolute,0.0,0.0,0.0,0
3278,same_geometry_diff_limits,normalized_copy,1.3414349554851213,0.08437792809368991,-0.49191982051728134,0
3278,same_geometry_diff_limits,ejar_absolute,0.5958342831677672,0.03747871791718996,0.9999204210987056,1
3279,same_limits_diff_geometry,normalized_copy,0.5171547245453131,0.012763674562869391,0.8612094643497297,0
3279,same_limits_diff_geometry,ejar_absolute,0.5543077796152697,0.013680633224218216,0.9813699115049094,1
3280,matched_morphology,normalized_copy,0.0,0.0,0.9999972543798838,0
3280,matched_morphology,ejar_absolute,0.0060120090443399445,0.00011473576820598726,0.9999951429699668,0
3281,random_map,normalized_copy,0.8292408588846498,0.01775478763496563,0.998663001469578,0
3281,random_map,ejar_absolute,1.9382907283404704,0.0415005361684608,-0.9987289130713339,0
3282,zero_effect,normalized_copy,0.0,0.0,0.0,0
3282,zero_effect,ejar_absolute,0.0,0.0,0.0,0
3283,same_geometry_diff_limits,normalized_copy,1.2566358725966518,0.04116108741819283,-0.17985021553696393,0
3283,same_geometry_diff_limits,ejar_absolute,0.46774603417041694,0.015321013685705313,0.9999502473392189,1
3284,same_limits_diff_geometry,normalized_copy,2.060679068552254,0.12026043026474592,-0.997804022199248,0
3284,same_limits_diff_geometry,ejar_absolute,0.006087161186429682,0.0003552443631531612,0.9999819755454449,0
3285,matched_morphology,normalized_copy,0.0,0.0,0.9999997110039776,0
3285,matched_morphology,ejar_absolute,0.022957468819776852,0.0013504484636850435,0.999736336842155,0
3286,random_map,normalized_copy,1.145595706031302,0.08549943097315853,0.2658319599344619,0
3286,random_map,ejar_absolute,1.005749096412232,0.07506223617310294,0.34078513573123287,1
3287,zero_effect,normalized_copy,0.0,0.0,0.0,0
3287,zero_effect,ejar_absolute,0.0,0.0,0.0,0
3288,same_geometry_diff_limits,normalized_copy,1.0905042130907157,0.06842220255765977,0.16546463739570536,0
3288,same_geometry_diff_limits,ejar_absolute,0.9820726030535492,0.06161880877288123,0.3972031091696358,1
3289,same_limits_diff_geometry,normalized_copy,2.1917865752940533,0.016301279984678348,0.2844525941229395,0
3289,same_limits_diff_geometry,ejar_absolute,0.02029607917416447,0.00015095086033404815,0.9998543611976727,0
3290,matched_morphology,normalized_copy,0.0,0.0,0.9999977791342348,0
3290,matched_morphology,ejar_absolute,0.015880123338729277,0.00033697078890427206,0.9998893286475015,0
3291,random_map,normalized_copy,2.0810962734635203,0.037699211536590956,-0.2882505467124747,0
3291,random_map,ejar_absolute,0.7276280812865153,0.013181036027099002,0.9657376045229867,0
3292,zero_effect,normalized_copy,0.0,0.0,0.0,0
3292,zero_effect,ejar_absolute,0.0,0.0,0.0,0
3293,same_geometry_diff_limits,normalized_copy,1.2676417906420603,0.07525635307750814,-0.2119461503810516,0
3293,same_geometry_diff_limits,ejar_absolute,0.6668460474440984,0.03958878759383234,0.9999707625272973,1
3294,same_limits_diff_geometry,normalized_copy,0.4290921960245616,0.028676220890144172,0.9037397309164055,0
3294,same_limits_diff_geometry,ejar_absolute,0.6101123812750785,0.040773795411218665,0.9998132488355446,1
3295,matched_morphology,normalized_copy,0.0,0.0,0.99999948081103,0
3295,matched_morphology,ejar_absolute,0.001030049383421164,4.520590987545474e-05,0.9999992751795482,0
3296,random_map,normalized_copy,0.26520802486963324,0.009186457064360746,0.9986303358512039,0
3296,random_map,ejar_absolute,1.5148890322759172,0.052473763036071576,-0.6530098331288798,0
3297,zero_effect,normalized_copy,0.0,0.0,0.0,0
3297,zero_effect,ejar_absolute,0.0,0.0,0.0,0
3298,same_geometry_diff_limits,normalized_copy,0.8764799659004183,0.028376153189179472,0.5154251547795036,0
3298,same_geometry_diff_limits,ejar_absolute,0.8518542509545625,0.0275788924566095,0.523816893547215,0
3299,same_limits_diff_geometry,normalized_copy,0.6521398524736354,0.020010874237352802,0.7581093772643821,0
3299,same_limits_diff_geometry,ejar_absolute,0.2927010682168825,0.008981515610508797,0.9998186328960431,1
3300,matched_morphology,normalized_copy,0.0,0.0,0.9999832377229372,0
3300,matched_morphology,ejar_absolute,0.0826613116991363,0.0006384578064196205,0.9978396518866596,0
3301,random_map,normalized_copy,0.7820794776119016,0.017483165460044945,0.6509247938046338,0
3301,random_map,ejar_absolute,0.9333774139960207,0.020865388023465214,0.405281539645262,0
3302,zero_effect,normalized_copy,0.0,0.0,0.0,0
3302,zero_effect,ejar_absolute,0.0,0.0,0.0,0
3303,same_geometry_diff_limits,normalized_copy,0.6316342566990918,0.03262369510400046,0.7807627361326487,0
3303,same_geometry_diff_limits,ejar_absolute,0.8288207529352642,0.042808310747638134,0.9067575543748272,1
3304,same_limits_diff_geometry,normalized_copy,1.8823395705504231,0.09750249950138032,-0.377054218968324,0
3304,same_limits_diff_geometry,ejar_absolute,0.9485651047185629,0.049134316728412494,0.791519049794293,1
3305,matched_morphology,normalized_copy,0.0,0.0,0.9999991926516159,0
3305,matched_morphology,ejar_absolute,0.005465330770409478,0.00019234716871850297,0.9999989635123483,0
3306,random_map,normalized_copy,0.4380477622492125,0.010570203071198735,0.8994164812724506,0
3306,random_map,ejar_absolute,1.0382758534353245,0.025053858415762936,-0.23745512673887711,0
3307,zero_effect,normalized_copy,0.0,0.0,0.0,0
3307,zero_effect,ejar_absolute,0.0,0.0,0.0,0
3308,same_geometry_diff_limits,normalized_copy,1.4192770727071404,0.06762167055367115,-0.5364518622885024,0
3308,same_geometry_diff_limits,ejar_absolute,0.7234117488161727,0.03446706206547475,0.9987127853416267,1
3309,same_limits_diff_geometry,normalized_copy,1.998201081969457,0.13501582917142674,-0.9698010051527963,0
3309,same_limits_diff_geometry,ejar_absolute,0.6738953405005567,0.04553422525563139,0.9890392360242747,1
3310,matched_morphology,normalized_copy,0.0,0.0,0.9999997945688557,0
3310,matched_morphology,ejar_absolute,0.00709154227934257,0.0004947747357286629,0.9999747397589398,0
3311,random_map,normalized_copy,1.358890009253833,0.06755378895909898,0.0888836513030381,0
3311,random_map,ejar_absolute,1.11933000918365,0.05564466785468446,0.0944357218952823,0
3312,zero_effect,normalized_copy,0.0,0.0,0.0,0
3312,zero_effect,ejar_absolute,0.0,0.0,0.0,0
3313,same_geometry_diff_limits,normalized_copy,0.7929326539742813,0.07850649143144232,0.6134689659817902,0
3313,same_geometry_diff_limits,ejar_absolute,0.7077006377135097,0.07006785982669844,0.9998699845050504,1
3314,same_limits_diff_geometry,normalized_copy,0.08239848052589543,0.005058798665916851,0.999637747557276,0
3314,same_limits_diff_geometry,ejar_absolute,0.0015699827923579463,9.638802566264291e-05,0.9999995647632249,0
3315,matched_morphology,normalized_copy,0.0,0.0,0.9999999303465315,0
3315,matched_morphology,ejar_absolute,0.0007269819129745015,8.710683214928905e-05,0.9999997862842271,0
3316,random_map,normalized_copy,1.488820020320845,0.009465335236982043,0.9996558547540789,0
3316,random_map,ejar_absolute,1.2068217014395988,0.007672500248169134,-0.5279828632885145,0
3317,zero_effect,normalized_copy,0.0,0.0,0.0,0
3317,zero_effect,ejar_absolute,0.0,0.0,0.0,0
3318,same_geometry_diff_limits,normalized_copy,0.8142721134132701,0.027623636967355692,0.5806744322234452,0
3318,same_geometry_diff_limits,ejar_absolute,0.351970533443095,0.011940364994550643,0.9999984616524086,1
3319,same_limits_diff_geometry,normalized_copy,0.9878589136459768,0.06368493870826922,0.44701508841314325,0
3319,same_limits_diff_geometry,ejar_absolute,0.7483864128564385,0.04824671030902314,0.999908190540919,1
3320,matched_morphology,normalized_copy,0.0,0.0,0.9999998955674112,0
3320,matched_morphology,ejar_absolute,0.0009877873200499795,9.665969182615653e-05,0.9999996458103365,0
3321,random_map,normalized_copy,2.0097075295471716,0.01814381825829316,0.03697732023454908,0
3321,random_map,ejar_absolute,1.5380584177220713,0.013885728142778594,-0.6529961098713888,0
3322,zero_effect,normalized_copy,0.0,0.0,0.0,0
3322,zero_effect,ejar_absolute,0.0,0.0,0.0,0
3323,same_geometry_diff_limits,normalized_copy,0.39364580842060054,0.03371307861543472,0.986242931725535,0
3323,same_geometry_diff_limits,ejar_absolute,0.49162494578770183,0.04210432346059817,0.999051281040853,1
3324,same_limits_diff_geometry,normalized_copy,0.9094301708902011,0.044915613099828396,0.6025189897782606,0
3324,same_limits_diff_geometry,ejar_absolute,0.8846404510148081,0.043691279992772614,0.9626530451544596,1
3325,matched_morphology,normalized_copy,0.0,0.0,0.9999998456931508,0
3325,matched_morphology,ejar_absolute,0.0033299435152075933,0.0002680675448987339,0.9999943918596145,0
3326,random_map,normalized_copy,1.5688733993459127,0.04204309174967288,-0.5836715231796402,0
3326,random_map,ejar_absolute,0.09665753723605786,0.002590254706343581,0.9991948423912129,0
3327,zero_effect,normalized_copy,0.0,0.0,0.0,0
3327,zero_effect,ejar_absolute,0.0,0.0,0.0,0
3328,same_geometry_diff_limits,normalized_copy,0.6050508020372777,0.06841647002504309,0.8223713317417801,0
3328,same_geometry_diff_limits,ejar_absolute,0.7823328304476023,0.08846273811009313,0.999760334504209,1
3329,same_limits_diff_geometry,normalized_copy,1.3586073834241155,0.042247162525964575,-0.1710591379444469,0
3329,same_limits_diff_geometry,ejar_absolute,0.7792560521826268,0.024231693046543625,0.9977396035405357,1
3330,matched_morphology,normalized_copy,0.0,0.0,0.9999999150716699,0
3330,matched_morphology,ejar_absolute,0.0011654643066785358,0.00012646567612503056,0.9999993886478514,0
3331,random_map,normalized_copy,2.198344692109236,0.05868402532340638,-0.7803158583768642,0
3331,random_map,ejar_absolute,0.8837585711989405,0.02359161898412563,0.9973412894397481,0
3332,zero_effect,normalized_copy,0.0,0.0,0.0,0
3332,zero_effect,ejar_absolute,0.0,0.0,0.0,0
3333,same_geometry_diff_limits,normalized_copy,0.5487716118981811,0.04016403665805864,0.884527745462356,0
3333,same_geometry_diff_limits,ejar_absolute,0.538123357027933,0.03938470170398972,0.999915344796777,1
3334,same_limits_diff_geometry,normalized_copy,0.2642357538051613,0.006779201992162496,0.9779082567309489,0
3334,same_limits_diff_geometry,ejar_absolute,0.18868044543590756,0.004840763723914439,0.9820784756065242,0
3335,matched_morphology,normalized_copy,0.0,0.0,0.9999983617914969,0
3335,matched_morphology,ejar_absolute,0.032143932217088625,0.0007941710973715357,0.9995017398394289,0
3336,random_map,normalized_copy,2.2657868254408013,0.1426744349122165,-0.9426852201072944,0
3336,random_map,ejar_absolute,2.591353102673773,0.16317503281010196,-0.9495878174950587,1
3337,zero_effect,normalized_copy,0.0,0.0,0.0,0
3337,zero_effect,ejar_absolute,0.0,0.0,0.0,0
3338,same_geometry_diff_limits,normalized_copy,0.24989185933556646,0.006276285155502997,0.9849043631351725,0
3338,same_geometry_diff_limits,ejar_absolute,0.0140283636463446,0.0003523364496292703,0.9999589683175977,0
3339,same_limits_diff_geometry,normalized_copy,1.3205755167128959,0.08164726038495237,-0.005038039700743842,0
3339,same_limits_diff_geometry,ejar_absolute,0.8183944741088249,0.0505988986464729,0.9999404933660296,1
3340,matched_morphology,normalized_copy,0.0,0.0,0.9999999320292753,0
3340,matched_morphology,ejar_absolute,0.0009224837192785172,0.0001118916682236763,0.999999705531924,0
3341,random_map,normalized_copy,1.1628696416064688,0.02887280457319087,0.3559982129237496,0
3341,random_map,ejar_absolute,1.1529898095028404,0.028627498950498785,0.45632265157859025,0
3342,zero_effect,normalized_copy,0.0,0.0,0.0,0
3342,zero_effect,ejar_absolute,0.0,0.0,0.0,0
3343,same_geometry_diff_limits,normalized_copy,0.7540068920762795,0.02656365436870653,0.6571974853383249,0
3343,same_geometry_diff_limits,ejar_absolute,0.7863222261405254,0.027702123226104023,0.963591982289198,1
3344,same_limits_diff_geometry,normalized_copy,0.628891417858677,0.02515874837926181,0.8359337437268952,0
3344,same_limits_diff_geometry,ejar_absolute,0.47094268054098953,0.018840022401845468,0.9997788170449319,1
3345,matched_morphology,normalized_copy,0.0,0.0,0.999999862624268,0
3345,matched_morphology,ejar_absolute,0.002427521521752434,0.000207113331398946,0.999997235773658,0
3346,random_map,normalized_copy,1.4188526536261494,0.08448365497501406,0.5995364031868552,0
3346,random_map,ejar_absolute,1.3892247847389296,0.08271950374597999,-0.6714417005950154,0
3347,zero_effect,normalized_copy,0.0,0.0,0.0,0
3347,zero_effect,ejar_absolute,0.0,0.0,0.0,0
3348,same_geometry_diff_limits,normalized_copy,0.5249145961643309,0.008214468449598163,0.9856945357838232,0
3348,same_geometry_diff_limits,ejar_absolute,0.002661711230132763,4.165352436688908e-05,0.999995863678768,0
3349,same_limits_diff_geometry,normalized_copy,0.5592972180421371,0.034596988302936914,0.8787289597334329,0
3349,same_limits_diff_geometry,ejar_absolute,0.4741690357751514,0.029331132097803244,0.8804378078955817,0
3350,matched_morphology,normalized_copy,0.0,0.0,0.9999998296896194,0
3350,matched_morphology,ejar_absolute,0.0019186221095483008,0.00014701743920653414,0.9999982385958184,0
3351,random_map,normalized_copy,1.9006429349729559,0.1140921085112675,-0.6526546153191854,0
3351,random_map,ejar_absolute,1.263670961902855,0.07585584954178137,-0.6943425116499445,0
3352,zero_effect,normalized_copy,0.0,0.0,0.0,0
3352,zero_effect,ejar_absolute,0.0,0.0,0.0,0
3353,same_geometry_diff_limits,normalized_copy,1.0793789131885525,0.02504556595270073,0.21385014387709567,0
3353,same_geometry_diff_limits,ejar_absolute,0.6970386132502387,0.016173862900625603,0.9983086704883021,1
3354,same_limits_diff_geometry,normalized_copy,1.8789056291355657,0.05120801287909087,-0.4233842679536627,0
3354,same_limits_diff_geometry,ejar_absolute,0.5851939949862192,0.015948976450620243,0.9997970948195998,1
3355,matched_morphology,normalized_copy,0.0,0.0,0.9999998475981867,0
3355,matched_morphology,ejar_absolute,0.002398320927622397,0.00019427289070078458,0.9999971224255207,0
3356,random_map,normalized_copy,1.0564937776479324,0.09276258566354689,0.3622025792870335,0
3356,random_map,ejar_absolute,1.1636443281605535,0.10217065065277156,-0.6965689687057253,0
3357,zero_effect,normalized_copy,0.0,0.0,0.0,0
3357,zero_effect,ejar_absolute,0.0,0.0,0.0,0
3358,same_geometry_diff_limits,normalized_copy,0.7147188940409075,0.017890283371792798,0.7088156575373876,0
3358,same_geometry_diff_limits,ejar_absolute,0.5975138275409234,0.01495649797759484,0.996355282400941,1
3359,same_limits_diff_geometry,normalized_copy,0.6460665621743451,0.03438238417015851,0.7668448547281576,0
3359,same_limits_diff_geometry,ejar_absolute,0.7224132743202097,0.038445405135511077,0.9990706768069586,1
3360,matched_morphology,normalized_copy,0.0,0.0,0.9999985779827923,0
3360,matched_morphology,ejar_absolute,0.007344444882833525,0.00019476291129462398,0.9999788278638154,0
3361,random_map,normalized_copy,0.7916551822386649,0.04979293250202814,0.6528315603074735,0
3361,random_map,ejar_absolute,1.1651278995290115,0.0732833387048905,-0.06143040222753691,0
3362,zero_effect,normalized_copy,0.0,0.0,0.0,0
3362,zero_effect,ejar_absolute,0.0,0.0,0.0,0
3363,same_geometry_diff_limits,normalized_copy,1.3066014610682444,0.010341331219776251,-0.9127385618476725,0
3363,same_geometry_diff_limits,ejar_absolute,0.13125166817513856,0.0010388148293034704,0.9999297152309254,0
3364,same_limits_diff_geometry,normalized_copy,1.2800378989051377,0.07615230599680295,0.06637359626057175,0
3364,same_limits_diff_geometry,ejar_absolute,0.8950805046957745,0.05325033309065866,0.9999884015721299,1
3365,matched_morphology,normalized_copy,0.0,0.0,0.9999994002723771,0
3365,matched_morphology,ejar_absolute,0.0053365253720915745,0.00021791214354343165,0.9999867880657559,0
3366,random_map,normalized_copy,0.903353486765091,0.032462439363949866,0.6419665477275474,0
3366,random_map,ejar_absolute,1.400903401134917,0.05034213337344343,-0.6524128647360845,0
3367,zero_effect,normalized_copy,0.0,0.0,0.0,0
3367,zero_effect,ejar_absolute,0.0,0.0,0.0,0
3368,same_geometry_diff_limits,normalized_copy,1.3082862939046225,0.041438496401197566,-0.2966843080817798,0
3368,same_geometry_diff_limits,ejar_absolute,0.5011280678598017,0.01587266772823149,0.9999793996636358,1
3369,same_limits_diff_geometry,normalized_copy,1.1376290492103147,0.06456408368448932,0.37062107800833194,0
3369,same_limits_diff_geometry,ejar_absolute,0.9424910345142355,0.0534893778130031,0.894395424772788,1
3370,matched_morphology,normalized_copy,0.0,0.0,0.9999993527154426,0
3370,matched_morphology,ejar_absolute,0.0012672565544038666,4.9810028882555634e-05,0.9999988695059676,0
3371,random_map,normalized_copy,1.0559603527392987,0.05283227412324732,0.5261186941171428,0
3371,random_map,ejar_absolute,1.0827790497027632,0.05417407899871111,0.3187400922874477,0
3372,zero_effect,normalized_copy,0.0,0.0,0.0,0
3372,zero_effect,ejar_absolute,0.0,0.0,0.0,0
3373,same_geometry_diff_limits,normalized_copy,0.6518931026747526,0.014702754767065099,0.7770645611329127,0
3373,same_geometry_diff_limits,ejar_absolute,0.019731214362202463,0.0004450165292952886,0.9998198800346612,0
3374,same_limits_diff_geometry,normalized_copy,2.095285416385112,0.019102651886451206,-0.5762888686833172,0
3374,same_limits_diff_geometry,ejar_absolute,0.7915560102904167,0.007216591493913602,0.6113367669391998,0
3375,matched_morphology,normalized_copy,0.0,0.0,0.9999975185293597,0
3375,matched_morphology,ejar_absolute,0.004269373784344746,8.570557860517145e-05,0.9999897163967882,0
3376,random_map,normalized_copy,1.6715022515489522,0.11232249307146976,0.009499682364558134,0
3376,random_map,ejar_absolute,1.1683938765100979,0.0785143501765781,-0.5118186686760017,0
3377,zero_effect,normalized_copy,0.0,0.0,0.0,0
3377,zero_effect,ejar_absolute,0.0,0.0,0.0,0
3378,same_geometry_diff_limits,normalized_copy,1.034219715023293,0.03646129195668307,0.14143367449371116,0
3378,same_geometry_diff_limits,ejar_absolute,0.14190238717563408,0.005002751632949237,0.9999847723644091,1
3379,same_limits_diff_geometry,normalized_copy,1.5454839692093434,0.07366572723479947,-0.11533010433294073,0
3379,same_limits_diff_geometry,ejar_absolute,0.8434492273265013,0.04020313504023163,0.999984344634387,1
3380,matched_morphology,normalized_copy,0.0,0.0,0.9999999473026355,0
3380,matched_morphology,ejar_absolute,0.001962298303078495,0.0002703152653532754,0.9999981234945564,0
3381,random_map,normalized_copy,1.012123991138227,0.018011595137951777,0.0707953282770793,0
3381,random_map,ejar_absolute,1.2915464493489526,0.022984152091258397,-0.6553549669948182,0
3382,zero_effect,normalized_copy,0.0,0.0,0.0,0
3382,zero_effect,ejar_absolute,0.0,0.0,0.0,0
3383,same_geometry_diff_limits,normalized_copy,0.648217773016577,0.028304396288147498,0.7831117413548289,0
3383,same_geometry_diff_limits,ejar_absolute,0.6503826656764315,0.028398926216693994,0.793980647451259,1
3384,same_limits_diff_geometry,normalized_copy,1.6521874430073362,0.10147680214934345,-0.5042410509715326,0
3384,same_limits_diff_geometry,ejar_absolute,0.9126648681957921,0.05605557205421138,0.5557748221116061,1
3385,matched_morphology,normalized_copy,0.0,0.0,0.9999985474538864,0
3385,matched_morphology,ejar_absolute,0.005703866044436604,0.00014965941880077768,0.9999963394691853,0
3386,random_map,normalized_copy,1.4353557137585617,0.06383231736448337,-0.9565081665506314,0
3386,random_map,ejar_absolute,0.7809218847043805,0.03472871087180927,0.8966079596160828,0
3387,zero_effect,normalized_copy,0.0,0.0,0.0,0
3387,zero_effect,ejar_absolute,0.0,0.0,0.0,0
3388,same_geometry_diff_limits,normalized_copy,1.2682505242460926,0.09666910693650851,-0.3000857341671706,0
3388,same_geometry_diff_limits,ejar_absolute,0.776177606422169,0.059162124992261006,0.999979559189597,1
3389,same_limits_diff_geometry,normalized_copy,1.598192149549606,0.12405841192877395,-0.9922221177847884,0
3389,same_limits_diff_geometry,ejar_absolute,0.45139724910166157,0.03503935736910661,0.9999272162961705,1
3390,matched_morphology,normalized_copy,0.0,0.0,0.9999999094465495,0
3390,matched_morphology,ejar_absolute,0.004328883846199548,0.00045490783354967606,0.9999907900484735,0
3391,random_map,normalized_copy,2.190827073340704,0.03314063700166124,-0.9976548448037993,0
3391,random_map,ejar_absolute,1.163117528525038,0.01759447665777642,0.6356154983654928,0
3392,zero_effect,normalized_copy,0.0,0.0,0.0,0
3392,zero_effect,ejar_absolute,0.0,0.0,0.0,0
3393,same_geometry_diff_limits,normalized_copy,1.4669689142940656,0.0824076433018869,-0.6557945466615469,0
3393,same_geometry_diff_limits,ejar_absolute,0.9060350863066633,0.05089693140994996,0.8752362298415651,1
3394,same_limits_diff_geometry,normalized_copy,2.104486393512152,0.05476728485322539,-0.9849980052566314,0
3394,same_limits_diff_geometry,ejar_absolute,0.00997392049744355,0.00025956192763750474,0.9999526519619042,0
3395,matched_morphology,normalized_copy,0.0,0.0,0.999997787770923,0
3395,matched_morphology,ejar_absolute,0.00542858257230782,0.00011541730785187966,0.9999904610435328,0
3396,random_map,normalized_copy,0.8683733573604769,0.032743794938213916,0.5026952362726277,0
3396,random_map,ejar_absolute,0.8323784044828152,0.03138653156083514,0.5600945239078269,0
3397,zero_effect,normalized_copy,0.0,0.0,0.0,0
3397,zero_effect,ejar_absolute,0.0,0.0,0.0,0
3398,same_geometry_diff_limits,normalized_copy,1.5302042334172772,0.07553553391317766,-0.8817426419815435,0
3398,same_geometry_diff_limits,ejar_absolute,0.4345330806339771,0.02144987416178112,0.9999687122938391,1
3399,same_limits_diff_geometry,normalized_copy,1.6552300994313176,0.09530657107833111,-0.5433908520525512,0
3399,same_limits_diff_geometry,ejar_absolute,0.9218737984382183,0.05308061442713563,0.9306351172717207,1
3400,matched_morphology,normalized_copy,0.0,0.0,0.9999999066523282,0
3400,matched_morphology,ejar_absolute,0.002808044449183522,0.00029063787974151163,0.9999961300633076,0
3401,random_map,normalized_copy,0.8741282965935813,0.045984395532613895,0.5357938406150874,0
3401,random_map,ejar_absolute,1.336728768512361,0.07031995720838177,-0.020782753053836187,0
3402,zero_effect,normalized_copy,0.0,0.0,0.0,0
3402,zero_effect,ejar_absolute,0.0,0.0,0.0,0
3403,same_geometry_diff_limits,normalized_copy,0.726193936567887,0.038210250748172844,0.6992142111082741,0
3403,same_geometry_diff_limits,ejar_absolute,0.6817219686629455,0.03587026282023226,0.9995529363988385,1
3404,same_limits_diff_geometry,normalized_copy,1.355351724091491,0.05094253604748147,0.2249192121087728,0
3404,same_limits_diff_geometry,ejar_absolute,0.6082071398629479,0.022860201965340422,0.9997803422302397,1
3405,matched_morphology,normalized_copy,0.0,0.0,0.999999930650043,0
3405,matched_morphology,ejar_absolute,0.0009948506516993317,0.00011946337472902594,0.9999995393503723,0
3406,random_map,normalized_copy,0.6590884613442172,0.03390866920778475,0.9049488121301972,0
3406,random_map,ejar_absolute,1.0671579418029695,0.05490295728627354,-0.3541029297753736,0
3407,zero_effect,normalized_copy,0.0,0.0,0.0,0
3407,zero_effect,ejar_absolute,0.0,0.0,0.0,0
3408,same_geometry_diff_limits,normalized_copy,0.6458963591675577,0.019161904752101496,0.8242329604654693,0
3408,same_geometry_diff_limits,ejar_absolute,0.6207831298348458,0.01841686678794374,0.99856459002815,1
3409,same_limits_diff_geometry,normalized_copy,3.92316835782264,0.0069994070908127835,0.7931148717441532,0
3409,same_limits_diff_geometry,ejar_absolute,0.6027092508776132,0.0010753062370824572,0.7992862907944307,0
3410,matched_morphology,normalized_copy,0.0,0.0,0.999997171417138,0
3410,matched_morphology,ejar_absolute,0.028183749251879005,0.00052992416277145,0.9997329084119413,0
3411,random_map,normalized_copy,0.9461941598879053,0.05432289044114554,0.44413022943858754,0
3411,random_map,ejar_absolute,1.2229541769247916,0.07021223400437938,-0.9596003987551492,0
3412,zero_effect,normalized_copy,0.0,0.0,0.0,0
3412,zero_effect,ejar_absolute,0.0,0.0,0.0,0
3413,same_geometry_diff_limits,normalized_copy,1.372137622745829,0.13524976077505643,-0.5009056839152818,0
3413,same_geometry_diff_limits,ejar_absolute,0.8400009101898751,0.08279776042191873,0.9996038900043768,1
3414,same_limits_diff_geometry,normalized_copy,0.5619724046673108,0.04886673833742216,0.8334051944756831,0
3414,same_limits_diff_geometry,ejar_absolute,0.7417821575491849,0.06450223230762313,0.9997329907090876,1
3415,matched_morphology,normalized_copy,0.0,0.0,0.9999999215414541,0
3415,matched_morphology,ejar_absolute,0.0013099112158134639,0.00014788418081758116,0.9999993107695404,0
3416,random_map,normalized_copy,0.5363719772803263,0.015116062628974025,0.8441604302408072,0
3416,random_map,ejar_absolute,1.7751277879123915,0.0500267425464176,-0.6871592465859898,1
3417,zero_effect,normalized_copy,0.0,0.0,0.0,0
3417,zero_effect,ejar_absolute,0.0,0.0,0.0,0
3418,same_geometry_diff_limits,normalized_copy,1.6349628125418683,0.021946369731357968,-0.8008872893499577,0
3418,same_geometry_diff_limits,ejar_absolute,0.012432811791207704,0.00016688763944791183,0.9999503973939884,0
3419,same_limits_diff_geometry,normalized_copy,0.6524448135494788,0.022386503096674986,0.7978927935419213,0
3419,same_limits_diff_geometry,ejar_absolute,0.19364355188181004,0.006644243135706273,0.9998803473840141,1
3420,matched_morphology,normalized_copy,0.0,0.0,0.9999998068267727,0
3420,matched_morphology,ejar_absolute,0.000677354788871131,4.8735194317121266e-05,0.9999997687831869,0
3421,random_map,normalized_copy,0.9747895574411518,0.006062045266064928,0.22436783064275231,0
3421,random_map,ejar_absolute,6.745750127822501,0.04195063674642616,0.3345252432524315,0
3422,zero_effect,normalized_copy,0.0,0.0,0.0,0
3422,zero_effect,ejar_absolute,0.0,0.0,0.0,0
3423,same_geometry_diff_limits,normalized_copy,0.8757490337893618,0.0808018919156094,0.5191324162062332,0
3423,same_geometry_diff_limits,ejar_absolute,0.9501848811355981,0.08766979248969559,0.9100625067826328,1
3424,same_limits_diff_geometry,normalized_copy,1.0076700692972553,0.006580140162405086,-0.144778528513178,0
3424,same_limits_diff_geometry,ejar_absolute,0.8552932258623445,0.005585111116830853,0.5206099889219464,0
3425,matched_morphology,normalized_copy,0.0,0.0,0.9999939180128246,0
3425,matched_morphology,ejar_absolute,0.007660923424337913,9.823292694514151e-05,0.9999889575090429,0
3426,random_map,normalized_copy,1.1403023401002266,0.05670631432782853,0.23821963975468166,0
3426,random_map,ejar_absolute,0.8750629632748061,0.043516174357531134,0.6712127434630064,1
3427,zero_effect,normalized_copy,0.0,0.0,0.0,0
3427,zero_effect,ejar_absolute,0.0,0.0,0.0,0
3428,same_geometry_diff_limits,normalized_copy,1.4125802651980068,0.022693717728373326,-0.9665438267703514,0
3428,same_geometry_diff_limits,ejar_absolute,0.22854905467661762,0.0036717401918330583,0.9943051484346824,1
3429,same_limits_diff_geometry,normalized_copy,1.2843322688376182,0.012610997997103069,-0.24882065016454005,0
3429,same_limits_diff_geometry,ejar_absolute,0.056568444814381495,0.0005554517016839011,0.9999083267441435,0
3430,matched_morphology,normalized_copy,0.0,0.0,0.9999998582316241,0
3430,matched_morphology,ejar_absolute,0.0007483584538817718,6.285212437018784e-05,0.999999695338618,0
3431,random_map,normalized_copy,2.1720633241638,0.14076353611817335,-0.5400739589284237,0
3431,random_map,ejar_absolute,1.11804644494778,0.07245652987386558,-0.41104638859704884,0
3432,zero_effect,normalized_copy,0.0,0.0,0.0,0
3432,zero_effect,ejar_absolute,0.0,0.0,0.0,0
3433,same_geometry_diff_limits,normalized_copy,0.4595439806851097,0.006682147070070688,0.9286397903934017,0
3433,same_geometry_diff_limits,ejar_absolute,0.02159893223250097,0.00031406622173331893,0.9999948259527373,0
3434,same_limits_diff_geometry,normalized_copy,0.429483731872929,0.03672913160029472,0.903118958440538,0
3434,same_limits_diff_geometry,ejar_absolute,0.6398333391907947,0.05471807468681442,0.9124353907745514,1
3435,matched_morphology,normalized_copy,0.0,0.0,0.9999999058093227,0
3435,matched_morphology,ejar_absolute,0.0014605147266367067,0.00015048803255027747,0.9999989321464569,0
3436,random_map,normalized_copy,0.8712561727992881,0.01715972764510953,0.4934423002455986,0
3436,random_map,ejar_absolute,1.1522563154932075,0.022694134249509446,-0.8306700676044385,0
3437,zero_effect,normalized_copy,0.0,0.0,0.0,0
3437,zero_effect,ejar_absolute,0.0,0.0,0.0,0
3438,same_geometry_diff_limits,normalized_copy,0.41430384825861494,0.0272386495504448,0.9143152999785422,0
3438,same_geometry_diff_limits,ejar_absolute,0.766457961489645,0.05039122831205958,0.9812488697035435,1
3439,same_limits_diff_geometry,normalized_copy,1.8015888697495848,0.03357622939822566,0.007942729890920468,0
3439,same_limits_diff_geometry,ejar_absolute,0.43977721681239035,0.00819613229396698,0.9995602044116857,1
3440,matched_morphology,normalized_copy,0.0,0.0,0.9999998406666272,0
3440,matched_morphology,ejar_absolute,0.0017450547503856946,0.00013824698024853568,0.9999984695016773,0
3441,random_map,normalized_copy,2.1036859524448426,0.008676481782637526,-0.8129894057835887,0
3441,random_map,ejar_absolute,0.4063644700367023,0.0016760172388312054,0.9308688326959269,0
3442,zero_effect,normalized_copy,0.0,0.0,0.0,0
3442,zero_effect,ejar_absolute,0.0,0.0,0.0,0
3443,same_geometry_diff_limits,normalized_copy,0.6854887816927672,0.0072018240526433115,0.7284351404971036,0
3443,same_geometry_diff_limits,ejar_absolute,0.027909207355694677,0.00029321734533438004,0.9999744481113992,0
3444,same_limits_diff_geometry,normalized_copy,1.1271024586272758,0.0510093729065306,0.35991421719677896,0
3444,same_limits_diff_geometry,ejar_absolute,0.9302410517659715,0.04209999928514517,0.8830757861682671,1
3445,matched_morphology,normalized_copy,0.0,0.0,0.999999901947484,0
3445,matched_morphology,ejar_absolute,0.0011128531627103764,0.0001123850327252758,0.9999994528569836,0
3446,random_map,normalized_copy,1.7045894126309813,0.0445929561264448,0.013109710976378685,0
3446,random_map,ejar_absolute,2.081348523740192,0.05444917275400196,-0.3986226652580602,0
3447,zero_effect,normalized_copy,0.0,0.0,0.0,0
3447,zero_effect,ejar_absolute,0.0,0.0,0.0,0
3448,same_geometry_diff_limits,normalized_copy,0.4658109716135202,0.0441728284083489,0.9401966720501868,0
3448,same_geometry_diff_limits,ejar_absolute,0.6187479795778115,0.05867583632740249,0.9994771731320394,1
3449,same_limits_diff_geometry,normalized_copy,3.158085485504296,0.020084975126087073,-0.6616443731611126,0
3449,same_limits_diff_geometry,ejar_absolute,0.0035587080142151367,2.263287750588046e-05,0.9999705977806717,0
3450,matched_morphology,normalized_copy,0.0,0.0,0.9999992628577562,0
3450,matched_morphology,ejar_absolute,0.0047752058943825336,0.00017587993787930876,0.9999956375177469,0
3451,random_map,normalized_copy,1.2599084700423726,0.0998883649484912,0.418954255526413,0
3451,random_map,ejar_absolute,1.5209794739029563,0.12058665877789762,-0.43282168855772873,0
3452,zero_effect,normalized_copy,0.0,0.0,0.0,0
3452,zero_effect,ejar_absolute,0.0,0.0,0.0,0
3453,same_geometry_diff_limits,normalized_copy,2.0024446086873358,0.02096638421329197,-0.990051312292046,0
3453,same_geometry_diff_limits,ejar_absolute,0.036480173497747244,0.0003819617933015922,0.9999904764624249,0
3454,same_limits_diff_geometry,normalized_copy,0.2449044959501975,0.01581817548366649,0.9725391635038687,0
3454,same_limits_diff_geometry,ejar_absolute,0.21562383984105546,0.013926962524042068,0.9764839013830662,0
3455,matched_morphology,normalized_copy,0.0,0.0,0.9999999195713251,0
3455,matched_morphology,ejar_absolute,0.001296360635251092,0.00014455075492493592,0.9999994814124995,0
3456,random_map,normalized_copy,0.505431741560997,0.02273895854252245,0.8630926649739876,0
3456,random_map,ejar_absolute,1.0132355072549069,0.04558463250076768,0.5504653895761229,0
3457,zero_effect,normalized_copy,0.0,0.0,0.0,0
3457,zero_effect,ejar_absolute,0.0,0.0,0.0,0
3458,same_geometry_diff_limits,normalized_copy,0.5621583770468934,0.012595034181689203,0.8860275507711539,0
3458,same_geometry_diff_limits,ejar_absolute,0.02027358164282763,0.00045422511555917025,0.9999807371437607,0
3459,same_limits_diff_geometry,normalized_copy,0.35111567532574506,0.018868495830642328,0.9909003250236387,0
3459,same_limits_diff_geometry,ejar_absolute,0.009862940593360164,0.0005300214901856414,0.9999591449254461,0
3460,matched_morphology,normalized_copy,0.0,0.0,0.9999999151523411,0
3460,matched_morphology,ejar_absolute,0.0013818334953949471,0.00015001537410490694,0.9999993984324228,0
3461,random_map,normalized_copy,0.3085427746512173,0.018465875114099046,0.9862339916913361,0
3461,random_map,ejar_absolute,0.5449244669843205,0.032613005329080555,0.8757775130406511,0
3462,zero_effect,normalized_copy,0.0,0.0,0.0,0
3462,zero_effect,ejar_absolute,0.0,0.0,0.0,0
3463,same_geometry_diff_limits,normalized_copy,0.43365593261216473,0.02219541096910442,0.9606227576875134,0
3463,same_geometry_diff_limits,ejar_absolute,0.10653476235414766,0.005452670320230392,0.9998417478493118,1
3464,same_limits_diff_geometry,normalized_copy,0.6447816594949447,0.009340128567035607,0.7655683400319375,0
3464,same_limits_diff_geometry,ejar_absolute,0.0217707679125347,0.0003153653152377883,0.999838477987511,0
3465,matched_morphology,normalized_copy,0.0,0.0,0.9999990058617383,0
3465,matched_morphology,ejar_absolute,0.0046553122274828425,0.00014764720069106432,0.999988680088135,0
3466,random_map,normalized_copy,1.3509524005509241,0.08616592854315859,-0.9933575288481608,0
3466,random_map,ejar_absolute,0.8892084181097551,0.05671515072150173,0.9135141136055813,0
3467,zero_effect,normalized_copy,0.0,0.0,0.0,0
3467,zero_effect,ejar_absolute,0.0,0.0,0.0,0
3468,same_geometry_diff_limits,normalized_copy,1.2594725827470428,0.030694184208837374,-0.1349529268806719,0
3468,same_geometry_diff_limits,ejar_absolute,0.954841424073455,0.023270120336256323,0.6301388702794626,1
3469,same_limits_diff_geometry,normalized_copy,0.5422268080055477,0.0008761832621741954,0.9052623937887873,0
3469,same_limits_diff_geometry,ejar_absolute,0.051762471000451435,8.364287790600848e-05,0.9992595208813885,0
3470,matched_morphology,normalized_copy,0.0,0.0,0.9999997569512201,0
3470,matched_morphology,ejar_absolute,0.0008477064400610529,5.437493038495844e-05,0.9999996318633544,0
3471,random_map,normalized_copy,0.6815678993586805,0.03214742155251042,0.7538799230786374,0
3471,random_map,ejar_absolute,0.9598882529919525,0.04527492028493531,0.2829650702394534,0
3472,zero_effect,normalized_copy,0.0,0.0,0.0,0
3472,zero_effect,ejar_absolute,0.0,0.0,0.0,0
3473,same_geometry_diff_limits,normalized_copy,0.46161750367904336,0.04817303267131733,0.9579915441412087,0
3473,same_geometry_diff_limits,ejar_absolute,0.8090247060470238,0.08442741725713182,0.9941698571042046,1
3474,same_limits_diff_geometry,normalized_copy,0.19724313961016696,0.01249409448074581,0.9820738645967471,0
3474,same_limits_diff_geometry,ejar_absolute,0.35892716437469296,0.022735745903592595,0.9994290029046989,1
3475,matched_morphology,normalized_copy,0.0,0.0,0.9999985640182106,0
3475,matched_morphology,ejar_absolute,0.028927047294318376,0.0007633599031556619,0.9995922801774605,0
3476,random_map,normalized_copy,0.41647864986707905,0.027120781100944895,0.9114686898256817,0
3476,random_map,ejar_absolute,0.592307782198125,0.03857064392258364,0.9092611797323444,0
3477,zero_effect,normalized_copy,0.0,0.0,0.0,0
3477,zero_effect,ejar_absolute,0.0,0.0,0.0,0
3478,same_geometry_diff_limits,normalized_copy,0.9726745360959342,0.05668763328605095,0.31242095820631305,0
3478,same_geometry_diff_limits,ejar_absolute,0.605113464006619,0.03526611304305388,0.9999317714202308,1
3479,same_limits_diff_geometry,normalized_copy,1.5737777998829652,0.03400307832887647,-0.8780854813356199,0
3479,same_limits_diff_geometry,ejar_absolute,0.061222088122599036,0.0013227658047056722,0.9998217403335252,1
3480,matched_morphology,normalized_copy,0.0,0.0,0.9999990627572142,0
3480,matched_morphology,ejar_absolute,0.0072072870506970765,0.0002354212037550023,0.9999737922557872,0
3481,random_map,normalized_copy,1.4804025157041056,0.06956445306977198,-0.0478233884762477,0
3481,random_map,ejar_absolute,1.2740849193036825,0.059869541989835615,-0.9604244054663178,0
3482,zero_effect,normalized_copy,0.0,0.0,0.0,0
3482,zero_effect,ejar_absolute,0.0,0.0,0.0,0
3483,same_geometry_diff_limits,normalized_copy,0.9618219032828514,0.01699660048122257,0.27633788536343695,0
3483,same_geometry_diff_limits,ejar_absolute,0.8118213621157665,0.01434590261139628,0.7403281845987515,1
3484,same_limits_diff_geometry,normalized_copy,1.5733579743254062,0.011542677585314066,-0.905067281570151,0
3484,same_limits_diff_geometry,ejar_absolute,0.03439474206303806,0.000252331271549254,0.9998890163171341,0
3485,matched_morphology,normalized_copy,0.0,0.0,0.999999783904804,0
3485,matched_morphology,ejar_absolute,0.0018318668993327957,0.00012461528599745183,0.9999983750506456,0
3486,random_map,normalized_copy,0.8984718842795012,0.07740866171562376,0.5752740269428636,0
3486,random_map,ejar_absolute,1.4463564915228755,0.12461215796671658,-0.39707942415073444,1
3487,zero_effect,normalized_copy,0.0,0.0,0.0,0
3487,zero_effect,ejar_absolute,0.0,0.0,0.0,0
3488,same_geometry_diff_limits,normalized_copy,0.37690137326916673,0.022288850867599158,0.9721159612536445,0
3488,same_geometry_diff_limits,ejar_absolute,0.4130675875239604,0.024427615576729178,0.9986956798642844,1
3489,same_limits_diff_geometry,normalized_copy,0.6048886878723979,0.019817756237620776,0.8215300421315883,0
3489,same_limits_diff_geometry,ejar_absolute,0.3255030539453102,0.010664342559254598,0.9997593576916604,1
3490,matched_morphology,normalized_copy,0.0,0.0,0.9999998209058574,0
3490,matched_morphology,ejar_absolute,0.0031479703577421197,0.00023522848428498975,0.9999958713853518,0
3491,random_map,normalized_copy,0.2894318274456915,0.015799223289019587,0.9633300389425817,0
3491,random_map,ejar_absolute,1.7622611438498919,0.09619659852533598,-0.9584684496894282,0
3492,zero_effect,normalized_copy,0.0,0.0,0.0,0
3492,zero_effect,ejar_absolute,0.0,0.0,0.0,0
3493,same_geometry_diff_limits,normalized_copy,1.5048233505590187,0.04565717647547176,-0.7405335532970586,0
3493,same_geometry_diff_limits,ejar_absolute,0.5992228098876545,0.018180752956156166,0.999192818629333,1
3494,same_limits_diff_geometry,normalized_copy,1.02344925517236,0.028204344862622053,0.2664522597224283,0
3494,same_limits_diff_geometry,ejar_absolute,0.6815333662029439,0.018781783267343612,0.9998772030753749,1
3495,matched_morphology,normalized_copy,0.0,0.0,0.9999998948743587,0
3495,matched_morphology,ejar_absolute,0.0033151372637592173,0.0003233308675326962,0.9999945547706273,0
3496,random_map,normalized_copy,1.506266467747204,0.04383978069795961,0.4606082835583075,0
3496,random_map,ejar_absolute,1.0186461390311172,0.02964762497218537,-0.34130622872330596,0
3497,zero_effect,normalized_copy,0.0,0.0,0.0,0
3497,zero_effect,ejar_absolute,0.0,0.0,0.0,0
3498,same_geometry_diff_limits,normalized_copy,1.324896256117124,0.05727061517300397,-0.5071563072443008,0
3498,same_geometry_diff_limits,ejar_absolute,0.009642645154424019,0.0004168177073028351,0.9999748829289272,0
3499,same_limits_diff_geometry,normalized_copy,0.6479520050582054,0.037029520780319396,0.79185055375729,0
3499,same_limits_diff_geometry,ejar_absolute,0.7857464855942465,0.04490427622607853,0.8236147470675788,1
3500,matched_morphology,normalized_copy,0.0,0.0,0.9999906285236226,0
3500,matched_morphology,ejar_absolute,0.0021307784680376194,2.2010621171637484e-05,0.9999892875165727,0
3501,random_map,normalized_copy,1.613767011133298,0.031131497243535786,0.40791198685164887,0
3501,random_map,ejar_absolute,0.6323289961499855,0.012198383202062497,0.7749540291683753,0
3502,zero_effect,normalized_copy,0.0,0.0,0.0,0
3502,zero_effect,ejar_absolute,0.0,0.0,0.0,0
3503,same_geometry_diff_limits,normalized_copy,0.7944352337219176,0.05886560017508533,0.6117962446753726,0
3503,same_geometry_diff_limits,ejar_absolute,0.661940594741069,0.049048089429685804,0.9998139308293525,1
3504,same_limits_diff_geometry,normalized_copy,0.7194772252890579,0.00605757606499396,0.8379097817049818,0
3504,same_limits_diff_geometry,ejar_absolute,0.4045302684288437,0.003405907491534066,0.9158927862991507,0
3505,matched_morphology,normalized_copy,0.0,0.0,0.99999990718646,0
3505,matched_morphology,ejar_absolute,0.0006366385863103506,6.608262290380567e-05,0.9999998489020202,0
3506,random_map,normalized_copy,1.615068812609229,0.09623969064754934,-0.13863969406675855,0
3506,random_map,ejar_absolute,1.6667254918501442,0.09931783988256167,-0.5205148064118409,1
3507,zero_effect,normalized_copy,0.0,0.0,0.0,0
3507,zero_effect,ejar_absolute,0.0,0.0,0.0,0
3508,same_geometry_diff_limits,normalized_copy,0.6359138384547846,0.05426099696313798,0.8037511195789683,0
3508,same_geometry_diff_limits,ejar_absolute,0.7617981191724352,0.06500239958825624,0.9991473096180769,1
3509,same_limits_diff_geometry,normalized_copy,1.2381522963727272,0.04956836879274979,0.08153571967132733,0
3509,same_limits_diff_geometry,ejar_absolute,0.7892031197885474,0.031595072277191875,0.9999939682338157,1
3510,matched_morphology,normalized_copy,0.0,0.0,0.9999998164628101,0
3510,matched_morphology,ejar_absolute,0.003329304774399655,0.00024574884236818915,0.9999946599529331,0
3511,random_map,normalized_copy,2.3683901643023053,0.0875547223432392,-0.8248996177263006,0
3511,random_map,ejar_absolute,1.42041544910917,0.05250996315272941,-0.9824946745023008,0
3512,zero_effect,normalized_copy,0.0,0.0,0.0,0
3512,zero_effect,ejar_absolute,0.0,0.0,0.0,0
3513,same_geometry_diff_limits,normalized_copy,0.7839842639390471,0.0357409505142966,0.622703023212174,0
3513,same_geometry_diff_limits,ejar_absolute,0.8728836428295845,0.03979377204124173,0.9531153425985659,1
3514,same_limits_diff_geometry,normalized_copy,1.1210275390739892,0.06853313277921326,0.506607261289793,0
3514,same_limits_diff_geometry,ejar_absolute,0.9388355498997648,0.057394969486900066,0.6874085476904864,1
3515,matched_morphology,normalized_copy,0.0,0.0,0.999999901442185,0
3515,matched_morphology,ejar_absolute,0.0014075441740295472,0.00014178049339445007,0.9999990002410873,0
3516,random_map,normalized_copy,3.172828072394213,0.11098785497545972,-0.9319974393591087,0
3516,random_map,ejar_absolute,1.6266069631245312,0.05689990557512559,-0.9710645786038159,0
3517,zero_effect,normalized_copy,0.0,0.0,0.0,0
3517,zero_effect,ejar_absolute,0.0,0.0,0.0,0
3518,same_geometry_diff_limits,normalized_copy,0.8907063565920568,0.02848824584003742,0.4843710534060983,0
3518,same_geometry_diff_limits,ejar_absolute,0.40533787917206615,0.012964278367019551,0.9998632846974436,1
3519,same_limits_diff_geometry,normalized_copy,0.39530707598438036,0.01826531183839317,0.9702403536677601,0
3519,same_limits_diff_geometry,ejar_absolute,0.24210804504580824,0.011186693105185297,0.9702493498814369,0
3520,matched_morphology,normalized_copy,0.0,0.0,0.9999996042203013,0
3520,matched_morphology,ejar_absolute,0.0022006687603689508,0.00011061852018959118,0.9999979989773692,0
3521,random_map,normalized_copy,1.2136741337864372,0.07093200841494868,0.25377823113754666,0
3521,random_map,ejar_absolute,0.9133388785022138,0.05337920551499422,0.4072090578775361,0
3522,zero_effect,normalized_copy,0.0,0.0,0.0,0
3522,zero_effect,ejar_absolute,0.0,0.0,0.0,0
3523,same_geometry_diff_limits,normalized_copy,0.5027314380438382,0.013720677900285177,0.9659833970612228,0
3523,same_geometry_diff_limits,ejar_absolute,0.015306139611058004,0.00041773916570105203,0.9999179360134789,0
3524,same_limits_diff_geometry,normalized_copy,0.5334880503486764,0.0105415590504034,0.9568542240361934,0
3524,same_limits_diff_geometry,ejar_absolute,0.04024221913574629,0.0007951738170357984,0.9994505928358508,0
3525,matched_morphology,normalized_copy,0.0,0.0,0.9999999231030738,0
3525,matched_morphology,ejar_absolute,0.0006430364924750867,7.33299040127935e-05,0.9999998237872338,0
3526,random_map,normalized_copy,1.4122726879261862,0.026605260766287983,-0.0009605982656147091,0
3526,random_map,ejar_absolute,3.144690870271368,0.059241619092549984,-0.08596185397374116,0
3527,zero_effect,normalized_copy,0.0,0.0,0.0,0
3527,zero_effect,ejar_absolute,0.0,0.0,0.0,0
3528,same_geometry_diff_limits,normalized_copy,1.3992356075484633,0.09348459538508415,-0.6029014783437079,0
3528,same_geometry_diff_limits,ejar_absolute,0.5797606975156238,0.03873450184874962,0.9999492706014353,1
3529,same_limits_diff_geometry,normalized_copy,1.4370265533553137,0.076801357521864,0.039814065041066944,0
3529,same_limits_diff_geometry,ejar_absolute,0.7551364143256442,0.04035798893137257,0.9999902479949346,1
3530,matched_morphology,normalized_copy,0.0,0.0,0.9999999202373616,0
3530,matched_morphology,ejar_absolute,0.0014976700361878665,0.0001676935550950849,0.9999988996059124,0
3531,random_map,normalized_copy,0.2233698307849599,0.010427532293755476,0.9910614757060631,0
3531,random_map,ejar_absolute,0.1514637847136431,0.007070755709872193,0.9978823802448532,0
3532,zero_effect,normalized_copy,0.0,0.0,0.0,0
3532,zero_effect,ejar_absolute,0.0,0.0,0.0,0
3533,same_geometry_diff_limits,normalized_copy,0.6771537346217765,0.0626894827450807,0.7631357447615469,0
3533,same_geometry_diff_limits,ejar_absolute,0.7796955744784988,0.07218259276084002,0.9997594064469826,1
3534,same_limits_diff_geometry,normalized_copy,1.4872898862998316,0.10475096014327236,-0.0862716521746555,0
3534,same_limits_diff_geometry,ejar_absolute,0.9405378975272068,0.06624280089890153,0.9990091398363061,1
3535,matched_morphology,normalized_copy,0.0,0.0,0.9999972094576504,0
3535,matched_morphology,ejar_absolute,0.013040235482637505,0.0002468542121395641,0.9999841227304523,0
3536,random_map,normalized_copy,0.4436001747451634,0.045941770648770607,0.9445341773566351,0
3536,random_map,ejar_absolute,0.33161926153535304,0.03434438695819737,0.9450636700317292,1
3537,zero_effect,normalized_copy,0.0,0.0,0.0,0
3537,zero_effect,ejar_absolute,0.0,0.0,0.0,0
3538,same_geometry_diff_limits,normalized_copy,0.4864984415621662,0.019881437709143256,0.9941412980443064,0
3538,same_geometry_diff_limits,ejar_absolute,0.11522977628634304,0.004709025607809064,0.9999621712829122,1
3539,same_limits_diff_geometry,normalized_copy,0.6917267462555663,0.05260142749839471,0.733474091058422,0
3539,same_limits_diff_geometry,ejar_absolute,0.8401478474257333,0.06388790996375539,0.995785422466959,1
3540,matched_morphology,normalized_copy,0.0,0.0,0.9999979376418503,0
3540,matched_morphology,ejar_absolute,0.003235463081903926,7.124493211073865e-05,0.9999941924353273,0
3541,random_map,normalized_copy,11.414436159356423,0.02257369974171296,0.9389226633406237,0
3541,random_map,ejar_absolute,1.6702348964524911,0.003303131273789996,-0.9937979561873798,0
3542,zero_effect,normalized_copy,0.0,0.0,0.0,0
3542,zero_effect,ejar_absolute,0.0,0.0,0.0,0
3543,same_geometry_diff_limits,normalized_copy,0.9509072867118501,0.016969835877484872,0.32270365565275294,0
3543,same_geometry_diff_limits,ejar_absolute,0.01563908288089904,0.00027909415930646973,0.9999031452857939,0
3544,same_limits_diff_geometry,normalized_copy,0.9963214598443864,0.007707738347421272,0.21873650912333586,0
3544,same_limits_diff_geometry,ejar_absolute,0.18983429593353654,0.0014685953694615502,0.9855535877819033,0
3545,matched_morphology,normalized_copy,0.0,0.0,0.9999993524598924,0
3545,matched_morphology,ejar_absolute,0.007545566943889001,0.00029652301710184813,0.9999764563427943,0
3546,random_map,normalized_copy,1.3594498865650142,0.10149012905559625,-0.8491611725266601,0
3546,random_map,ejar_absolute,0.6484302613011785,0.04840875088768,0.9100251506834505,0
3547,zero_effect,normalized_copy,0.0,0.0,0.0,0
3547,zero_effect,ejar_absolute,0.0,0.0,0.0,0
3548,same_geometry_diff_limits,normalized_copy,1.3183253652673685,0.10250035886436681,-0.41475377625353754,0
3548,same_geometry_diff_limits,ejar_absolute,0.7606074206433783,0.05913755103622326,0.9998943806638916,1
3549,same_limits_diff_geometry,normalized_copy,1.451007258593352,0.045265158269607045,-0.8149953095243014,0
3549,same_limits_diff_geometry,ejar_absolute,0.007545907959341965,0.00023539973080398383,0.9999751109326978,0
3550,matched_morphology,normalized_copy,0.0,0.0,0.9999997214282933,0
3550,matched_morphology,ejar_absolute,0.01158724652597209,0.0006942432906641984,0.9999336557086698,0
3551,random_map,normalized_copy,0.8013421239681674,0.042180049438583944,0.5982416418752725,0
3551,random_map,ejar_absolute,0.7576178151828619,0.039878543688331686,0.6705694029792555,0
3552,zero_effect,normalized_copy,0.0,0.0,0.0,0
3552,zero_effect,ejar_absolute,0.0,0.0,0.0,0
3553,same_geometry_diff_limits,normalized_copy,0.6041179236210623,0.0023311017454348613,0.9313342498841141,0
3553,same_geometry_diff_limits,ejar_absolute,0.5427691992253277,0.0020943762437945503,0.8398798580714595,0
3554,same_limits_diff_geometry,normalized_copy,1.152831463861874,0.0365697002925209,0.489161216378857,0
3554,same_limits_diff_geometry,ejar_absolute,0.6811540368555756,0.021607320550919375,0.9967794527988835,1
3555,matched_morphology,normalized_copy,0.0,0.0,0.9999954726300133,0
3555,matched_morphology,ejar_absolute,0.010909741345395157,0.00016214012615336782,0.9999366131875852,0
3556,random_map,normalized_copy,2.246961248091995,0.2188769678544012,-0.8999220641479145,0
3556,random_map,ejar_absolute,0.31802661236904006,0.03097903921193596,0.9507605896431054,0
3557,zero_effect,normalized_copy,0.0,0.0,0.0,0
3557,zero_effect,ejar_absolute,0.0,0.0,0.0,0
3558,same_geometry_diff_limits,normalized_copy,0.4774104345474559,0.011138185249304022,0.9453226063950126,0
3558,same_geometry_diff_limits,ejar_absolute,0.20036234256676638,0.004674537310037203,0.9931392148032874,1
3559,same_limits_diff_geometry,normalized_copy,1.7656235303652377,0.09442175836741341,-0.9394069216404433,0
3559,same_limits_diff_geometry,ejar_absolute,0.14383877667296968,0.0076921891792357385,0.9999253036628083,1
3560,matched_morphology,normalized_copy,0.0,0.0,0.9999998525174731,0
3560,matched_morphology,ejar_absolute,0.002694750026186119,0.0002218953356417421,0.9999963473423792,0
3561,random_map,normalized_copy,1.2759281731514789,0.1033938497241599,-0.09514137126196913,0
3561,random_map,ejar_absolute,1.1292769852244264,0.09151008447352847,0.2664640288560702,0
3562,zero_effect,normalized_copy,0.0,0.0,0.0,0
3562,zero_effect,ejar_absolute,0.0,0.0,0.0,0
3563,same_geometry_diff_limits,normalized_copy,1.3047675131746754,0.06210279625646341,-0.38056505986587186,0
3563,same_geometry_diff_limits,ejar_absolute,0.5013008189263294,0.023860329374105343,0.9999060860941396,1
3564,same_limits_diff_geometry,normalized_copy,0.6564069999476754,0.012411173302049652,0.9603458328911404,0
3564,same_limits_diff_geometry,ejar_absolute,0.11271947929355286,0.0021312706783148255,0.9977072625742595,1
3565,matched_morphology,normalized_copy,0.0,0.0,0.9999998939569484,0
3565,matched_morphology,ejar_absolute,0.006356108325296242,0.0006172344577232579,0.9999798573469569,0
3566,random_map,normalized_copy,0.5155668650260232,0.027455688468876468,0.8959073123748603,0
3566,random_map,ejar_absolute,1.445686457523664,0.07698771913792378,-0.8212078141796806,0
3567,zero_effect,normalized_copy,0.0,0.0,0.0,0
3567,zero_effect,ejar_absolute,0.0,0.0,0.0,0
3568,same_geometry_diff_limits,normalized_copy,1.3247605434866814,0.019372053078120302,-0.31584670898018663,0
3568,same_geometry_diff_limits,ejar_absolute,0.02775032440666294,0.0004057946622761386,0.9999838414117544,0
3569,same_limits_diff_geometry,normalized_copy,0.43134138498695734,0.004140946711756439,0.9339676335100063,0
3569,same_limits_diff_geometry,ejar_absolute,0.022872017976377633,0.00021957505337304685,0.9997345174338573,0
3570,matched_morphology,normalized_copy,0.0,0.0,0.9999988455166288,0
3570,matched_morphology,ejar_absolute,0.005978744686144374,0.00017596080128953588,0.9999927917109662,0
3571,random_map,normalized_copy,1.053444804476127,0.04237398014019608,-0.12562116657201755,0
3571,random_map,ejar_absolute,0.9980756050572523,0.04014679809270313,0.06268646635856667,0
3572,zero_effect,normalized_copy,0.0,0.0,0.0,0
3572,zero_effect,ejar_absolute,0.0,0.0,0.0,0
3573,same_geometry_diff_limits,normalized_copy,1.0624659053553536,0.012085314584228398,0.23914964671057606,0
3573,same_geometry_diff_limits,ejar_absolute,0.006527657883225497,7.425066406306313e-05,0.9999790062691839,0
3574,same_limits_diff_geometry,normalized_copy,1.352148108659246,0.11999066952122336,-0.04273326050370177,0
3574,same_limits_diff_geometry,ejar_absolute,0.9843080686349953,0.0873482597167317,0.9829909194108699,1
3575,matched_morphology,normalized_copy,0.0,0.0,0.9999949118425201,0
3575,matched_morphology,ejar_absolute,0.0024150930419249957,3.3857315505413195e-05,0.9999922153367524,0
3576,random_map,normalized_copy,0.0876415540187597,0.004550552683842112,0.9977704830706828,0
3576,random_map,ejar_absolute,1.2637399849329856,0.06561631003124893,-0.9993385498798707,0
3577,zero_effect,normalized_copy,0.0,0.0,0.0,0
3577,zero_effect,ejar_absolute,0.0,0.0,0.0,0
3578,same_geometry_diff_limits,normalized_copy,1.4189218724708896,0.04588997239580804,-0.5641548051618491,0
3578,same_geometry_diff_limits,ejar_absolute,0.23971807246632182,0.007752826946771523,0.9999986669824749,1
3579,same_limits_diff_geometry,normalized_copy,0.3264866297085943,0.004418836743689492,0.9778473491552824,0
3579,same_limits_diff_geometry,ejar_absolute,0.20356617026669035,0.0027551684849988324,0.9790719492054368,0
3580,matched_morphology,normalized_copy,0.0,0.0,0.9999988346576747,0
3580,matched_morphology,ejar_absolute,0.004336562188019164,0.00012703359257083162,0.9999934318230568,0
3581,random_map,normalized_copy,1.5291182926106346,0.151174245099283,-0.1975080677423234,0
3581,random_map,ejar_absolute,1.3851592743798458,0.13694192833776023,0.1737224485415085,1
3582,zero_effect,normalized_copy,0.0,0.0,0.0,0
3582,zero_effect,ejar_absolute,0.0,0.0,0.0,0
3583,same_geometry_diff_limits,normalized_copy,0.6230587346399296,0.07905616157139879,0.8107789978065344,0
3583,same_geometry_diff_limits,ejar_absolute,0.919295343014889,0.11664383649355231,0.9864660628706338,1
3584,same_limits_diff_geometry,normalized_copy,1.5760290104771686,0.01398924957329885,-0.06334283010002344,0
3584,same_limits_diff_geometry,ejar_absolute,0.7980183139216682,0.007083421233555453,0.9745184389191245,1
3585,matched_morphology,normalized_copy,0.0,0.0,0.9999996562117418,0
3585,matched_morphology,ejar_absolute,0.0025881995773521685,0.00013958931481939418,0.999997261798492,0
3586,random_map,normalized_copy,0.8363128446034538,0.06952254876927967,0.5608499571454818,0
3586,random_map,ejar_absolute,0.5480232425030258,0.04555708171824251,0.9988938042764242,1
3587,zero_effect,normalized_copy,0.0,0.0,0.0,0
3587,zero_effect,ejar_absolute,0.0,0.0,0.0,0
3588,same_geometry_diff_limits,normalized_copy,0.40345711540551216,0.01816528600607879,0.9999858730616532,0
3588,same_geometry_diff_limits,ejar_absolute,0.04445844835510727,0.0020017007977298717,0.9990183920855646,0
3589,same_limits_diff_geometry,normalized_copy,1.6612183188841734,0.013042414226838106,-0.9989036642907008,0
3589,same_limits_diff_geometry,ejar_absolute,0.04253671639715803,0.00033396060517434803,0.9990990696161837,0
3590,matched_morphology,normalized_copy,0.0,0.0,0.9998227088312068,0
3590,matched_morphology,ejar_absolute,0.002648274973356251,6.288994371026426e-06,0.9998194938489966,0
3591,random_map,normalized_copy,1.5582886043140995,0.07216756384371766,-0.45846183489764564,0
3591,random_map,ejar_absolute,2.3510001694755016,0.10887967373790486,-0.07357395666677588,0
3592,zero_effect,normalized_copy,0.0,0.0,0.0,0
3592,zero_effect,ejar_absolute,0.0,0.0,0.0,0
3593,same_geometry_diff_limits,normalized_copy,1.1683736912364477,0.07719971634450133,0.0028592381384035044,0
3593,same_geometry_diff_limits,ejar_absolute,0.9090346829434596,0.060064019069346525,0.9999690659624431,1
3594,same_limits_diff_geometry,normalized_copy,0.4261957271453185,0.021426208960610846,0.9154795445058707,0
3594,same_limits_diff_geometry,ejar_absolute,0.40381988322596474,0.020301304422741986,0.914839357346035,0
3595,matched_morphology,normalized_copy,0.0,0.0,0.9999998282230873,0
3595,matched_morphology,ejar_absolute,0.010113655487041184,0.0007716595367128475,0.9999488048261296,0
3596,random_map,normalized_copy,2.6439497356344512,0.05978440841665998,-0.9818685639406655,0
3596,random_map,ejar_absolute,1.4016302870823845,0.03169335498429427,-0.9433260624784713,0
3597,zero_effect,normalized_copy,0.0,0.0,0.0,0
3597,zero_effect,ejar_absolute,0.0,0.0,0.0,0
3598,same_geometry_diff_limits,normalized_copy,1.3291720785994992,0.03156532459286144,-0.13747547550159975,0
3598,same_geometry_diff_limits,ejar_absolute,0.12632123613858026,0.002999890597978204,0.9998451171513746,1
3599,same_limits_diff_geometry,normalized_copy,0.8227373192359378,0.0370921207713362,0.5745088636752259,0
3599,same_limits_diff_geometry,ejar_absolute,0.4718682246778617,0.021273610384127967,0.9998618480164695,1
